Month_End,Ticker,In_Nifty200
2015-01-31,ABB,True
2015-01-31,ABIRLANUVO,True
2015-01-31,AIAENG,True
2015-01-31,ALBK,True
2015-01-31,AMBUJACEM,True
2015-01-31,AMTEKAUTO,True
2015-01-31,APOLLOHOSP,True
2015-01-31,APOLLOTYRE,True
2015-01-31,ASIANPAINT,True
2015-01-31,AUROPHARMA,True
2015-01-31,AXISBANK,True
2015-01-31,BAJAJ-AUTO,True
2015-01-31,BAJFINANCE,True
2015-01-31,BANKBARODA,True
2015-01-31,BANKINDIA,True
2015-01-31,BATAINDIA,True
2015-01-31,BEL,True
2015-01-31,BHARATFORG,True
2015-01-31,BHEL,True
2015-01-31,BIOCON,True
2015-01-31,BOSCHLTD,True
2015-01-31,BPCL,True
2015-01-31,CANBK,True
2015-01-31,CARERATING,True
2015-01-31,CASTROLIND,True
2015-01-31,CESC,True
2015-01-31,CIPLA,True
2015-01-31,CMC,True
2015-01-31,COALINDIA,True
2015-01-31,COLPAL,True
2015-01-31,CONCOR,True
2015-01-31,CUMMINSIND,True
2015-01-31,DABUR,True
2015-01-31,DCBBANK,True
2015-01-31,DELTACORP,True
2015-01-31,DIVISLAB,True
2015-01-31,DLF,True
2015-01-31,DRREDDY,True
2015-01-31,EDELWEISS,True
2015-01-31,EICHERMOT,True
2015-01-31,EMAMILTD,True
2015-01-31,ENGINERSIN,True
2015-01-31,EXIDEIND,True
2015-01-31,FEDERALBNK,True
2015-01-31,GLAXO,True
2015-01-31,GLENMARK,True
2015-01-31,GODREJCP,True
2015-01-31,GODREJIND,True
2015-01-31,GPPL,True
2015-01-31,GRASIM,True
2015-01-31,GSPL,True
2015-01-31,HAVELLS,True
2015-01-31,HCLTECH,True
2015-01-31,HDFC,True
2015-01-31,HDFCBANK,True
2015-01-31,HDIL,True
2015-01-31,HEROMOTOCO,True
2015-01-31,HEXAWARE,True
2015-01-31,HINDALCO,True
2015-01-31,HINDPETRO,True
2015-01-31,ICICIBANK,True
2015-01-31,IDBI,True
2015-01-31,IDEA,True
2015-01-31,IDFC,True
2015-01-31,IGL,True
2015-01-31,INDIACEM,True
2015-01-31,INDIANB,True
2015-01-31,INDUSINDBK,True
2015-01-31,INFY,True
2015-01-31,INGVYSYABK,True
2015-01-31,IOB,True
2015-01-31,IOC,True
2015-01-31,IPCALAB,True
2015-01-31,IRB,True
2015-01-31,ITC,True
2015-01-31,JINDALSTEL,True
2015-01-31,JISLJALEQS,True
2015-01-31,JPASSOCIAT,True
2015-01-31,JPPOWER,True
2015-01-31,JSWENERGY,True
2015-01-31,JSWSTEEL,True
2015-01-31,JUBLFOOD,True
2015-01-31,JUSTDIAL,True
2015-01-31,KARURVYSYA,True
2015-01-31,KOTAKBANK,True
2015-01-31,KSCL,True
2015-01-31,KTKBANK,True
2015-01-31,LICHSGFIN,True
2015-01-31,LT,True
2015-01-31,LUPIN,True
2015-01-31,MARICO,True
2015-01-31,MARUTI,True
2015-01-31,MCLEODRUSS,True
2015-01-31,MINDTREE,True
2015-01-31,MPHASIS,True
2015-01-31,MRF,True
2015-01-31,NATIONALUM,True
2015-01-31,NAUKRI,True
2015-01-31,NHPC,True
2015-01-31,NMDC,True
2015-01-31,NTPC,True
2015-01-31,OBEROIRLTY,True
2015-01-31,OIL,True
2015-01-31,ONGC,True
2015-01-31,PEL,True
2015-01-31,PERSISTENT,True
2015-01-31,PETRONET,True
2015-01-31,PFC,True
2015-01-31,PIDILITIND,True
2015-01-31,PNB,True
2015-01-31,POWERGRID,True
2015-01-31,PRESTIGE,True
2015-01-31,PTC,True
2015-01-31,RAMCOCEM,True
2015-01-31,RAYMOND,True
2015-01-31,RCOM,True
2015-01-31,RECLTD,True
2015-01-31,RELCAPITAL,True
2015-01-31,RELIANCE,True
2015-01-31,REPCOHOME,True
2015-01-31,RPOWER,True
2015-01-31,SAIL,True
2015-01-31,SBIN,True
2015-01-31,SHREECEM,True
2015-01-31,SIEMENS,True
2015-01-31,SOBHA,True
2015-01-31,SOUTHBANK,True
2015-01-31,STAR,True
2015-01-31,SUNPHARMA,True
2015-01-31,SUNTV,True
2015-01-31,SUZLON,True
2015-01-31,SYNDIBANK,True
2015-01-31,TATACHEM,True
2015-01-31,TATACOMM,True
2015-01-31,TCS,True
2015-01-31,TECHM,True
2015-01-31,THERMAX,True
2015-01-31,TITAN,True
2015-01-31,TORNTPHARM,True
2015-01-31,TORNTPOWER,True
2015-01-31,TV18BRDCST,True
2015-01-31,TVSMOTOR,True
2015-01-31,UBL,True
2015-01-31,UCOBANK,True
2015-01-31,ULTRACEMCO,True
2015-01-31,UNIONBANK,True
2015-01-31,UNITECH,True
2015-01-31,UPL,True
2015-01-31,VAKRANGEE,True
2015-01-31,VOLTAS,True
2015-01-31,WABAG,True
2015-01-31,WIPRO,True
2015-01-31,WOCKPHARMA,True
2015-01-31,YESBANK,True
2015-01-31,ZEEL,True
2015-02-28,ABB,True
2015-02-28,ABIRLANUVO,True
2015-02-28,AIAENG,True
2015-02-28,ALBK,True
2015-02-28,AMBUJACEM,True
2015-02-28,AMTEKAUTO,True
2015-02-28,APOLLOHOSP,True
2015-02-28,APOLLOTYRE,True
2015-02-28,ASIANPAINT,True
2015-02-28,AUROPHARMA,True
2015-02-28,AXISBANK,True
2015-02-28,BAJAJ-AUTO,True
2015-02-28,BAJAJFINSV,True
2015-02-28,BAJFINANCE,True
2015-02-28,BANKBARODA,True
2015-02-28,BANKINDIA,True
2015-02-28,BATAINDIA,True
2015-02-28,BEL,True
2015-02-28,BHARATFORG,True
2015-02-28,BHEL,True
2015-02-28,BIOCON,True
2015-02-28,BOSCHLTD,True
2015-02-28,BPCL,True
2015-02-28,CANBK,True
2015-02-28,CARERATING,True
2015-02-28,CASTROLIND,True
2015-02-28,CESC,True
2015-02-28,CIPLA,True
2015-02-28,CMC,True
2015-02-28,COALINDIA,True
2015-02-28,COLPAL,True
2015-02-28,CONCOR,True
2015-02-28,CRISIL,True
2015-02-28,CUMMINSIND,True
2015-02-28,DABUR,True
2015-02-28,DCBBANK,True
2015-02-28,DELTACORP,True
2015-02-28,DIVISLAB,True
2015-02-28,DLF,True
2015-02-28,DRREDDY,True
2015-02-28,EDELWEISS,True
2015-02-28,EICHERMOT,True
2015-02-28,EMAMILTD,True
2015-02-28,ENGINERSIN,True
2015-02-28,EXIDEIND,True
2015-02-28,FEDERALBNK,True
2015-02-28,GLAXO,True
2015-02-28,GLENMARK,True
2015-02-28,GODREJCP,True
2015-02-28,GODREJIND,True
2015-02-28,GPPL,True
2015-02-28,GRASIM,True
2015-02-28,GSPL,True
2015-02-28,HAVELLS,True
2015-02-28,HCLTECH,True
2015-02-28,HDFC,True
2015-02-28,HDFCBANK,True
2015-02-28,HDIL,True
2015-02-28,HEROMOTOCO,True
2015-02-28,HEXAWARE,True
2015-02-28,HINDALCO,True
2015-02-28,HINDPETRO,True
2015-02-28,ICICIBANK,True
2015-02-28,IDBI,True
2015-02-28,IDEA,True
2015-02-28,IDFC,True
2015-02-28,IGL,True
2015-02-28,INDIACEM,True
2015-02-28,INDIANB,True
2015-02-28,INDUSINDBK,True
2015-02-28,INFY,True
2015-02-28,IOB,True
2015-02-28,IOC,True
2015-02-28,IPCALAB,True
2015-02-28,IRB,True
2015-02-28,ITC,True
2015-02-28,JINDALSTEL,True
2015-02-28,JISLJALEQS,True
2015-02-28,JPASSOCIAT,True
2015-02-28,JPPOWER,True
2015-02-28,JSWENERGY,True
2015-02-28,JSWSTEEL,True
2015-02-28,JUBLFOOD,True
2015-02-28,JUSTDIAL,True
2015-02-28,KARURVYSYA,True
2015-02-28,KOTAKBANK,True
2015-02-28,KSCL,True
2015-02-28,KTKBANK,True
2015-02-28,LICHSGFIN,True
2015-02-28,LT,True
2015-02-28,LUPIN,True
2015-02-28,MARICO,True
2015-02-28,MARUTI,True
2015-02-28,MCLEODRUSS,True
2015-02-28,MINDTREE,True
2015-02-28,MPHASIS,True
2015-02-28,MRF,True
2015-02-28,NATIONALUM,True
2015-02-28,NAUKRI,True
2015-02-28,NHPC,True
2015-02-28,NMDC,True
2015-02-28,NTPC,True
2015-02-28,OBEROIRLTY,True
2015-02-28,OIL,True
2015-02-28,ONGC,True
2015-02-28,PEL,True
2015-02-28,PERSISTENT,True
2015-02-28,PETRONET,True
2015-02-28,PFC,True
2015-02-28,PIDILITIND,True
2015-02-28,PNB,True
2015-02-28,POWERGRID,True
2015-02-28,PRESTIGE,True
2015-02-28,PTC,True
2015-02-28,RAMCOCEM,True
2015-02-28,RAYMOND,True
2015-02-28,RCOM,True
2015-02-28,RECLTD,True
2015-02-28,RELCAPITAL,True
2015-02-28,RELIANCE,True
2015-02-28,REPCOHOME,True
2015-02-28,RPOWER,True
2015-02-28,SAIL,True
2015-02-28,SBIN,True
2015-02-28,SHREECEM,True
2015-02-28,SIEMENS,True
2015-02-28,SOBHA,True
2015-02-28,SOUTHBANK,True
2015-02-28,STAR,True
2015-02-28,SUNPHARMA,True
2015-02-28,SUNTV,True
2015-02-28,SUZLON,True
2015-02-28,SYNDIBANK,True
2015-02-28,TATACHEM,True
2015-02-28,TATACOMM,True
2015-02-28,TCS,True
2015-02-28,TECHM,True
2015-02-28,THERMAX,True
2015-02-28,TITAN,True
2015-02-28,TORNTPHARM,True
2015-02-28,TORNTPOWER,True
2015-02-28,TV18BRDCST,True
2015-02-28,TVSMOTOR,True
2015-02-28,UBL,True
2015-02-28,UCOBANK,True
2015-02-28,ULTRACEMCO,True
2015-02-28,UNIONBANK,True
2015-02-28,UNITECH,True
2015-02-28,UPL,True
2015-02-28,VAKRANGEE,True
2015-02-28,VOLTAS,True
2015-02-28,WABAG,True
2015-02-28,WIPRO,True
2015-02-28,WOCKPHARMA,True
2015-02-28,YESBANK,True
2015-02-28,ZEEL,True
2015-03-31,ABB,True
2015-03-31,ABIRLANUVO,True
2015-03-31,AIAENG,True
2015-03-31,ALBK,True
2015-03-31,AMBUJACEM,True
2015-03-31,AMTEKAUTO,True
2015-03-31,APOLLOHOSP,True
2015-03-31,APOLLOTYRE,True
2015-03-31,ASIANPAINT,True
2015-03-31,AUROPHARMA,True
2015-03-31,AXISBANK,True
2015-03-31,BAJAJ-AUTO,True
2015-03-31,BAJAJFINSV,True
2015-03-31,BAJFINANCE,True
2015-03-31,BANKBARODA,True
2015-03-31,BANKINDIA,True
2015-03-31,BATAINDIA,True
2015-03-31,BEL,True
2015-03-31,BERGEPAINT,True
2015-03-31,BHARATFORG,True
2015-03-31,BHEL,True
2015-03-31,BIOCON,True
2015-03-31,BOSCHLTD,True
2015-03-31,BPCL,True
2015-03-31,CANBK,True
2015-03-31,CARERATING,True
2015-03-31,CASTROLIND,True
2015-03-31,CESC,True
2015-03-31,CIPLA,True
2015-03-31,COALINDIA,True
2015-03-31,COLPAL,True
2015-03-31,CONCOR,True
2015-03-31,CRISIL,True
2015-03-31,CUMMINSIND,True
2015-03-31,DABUR,True
2015-03-31,DCBBANK,True
2015-03-31,DELTACORP,True
2015-03-31,DIVISLAB,True
2015-03-31,DLF,True
2015-03-31,DRREDDY,True
2015-03-31,EDELWEISS,True
2015-03-31,EICHERMOT,True
2015-03-31,EMAMILTD,True
2015-03-31,ENGINERSIN,True
2015-03-31,EXIDEIND,True
2015-03-31,FEDERALBNK,True
2015-03-31,GLENMARK,True
2015-03-31,GODREJCP,True
2015-03-31,GODREJIND,True
2015-03-31,GPPL,True
2015-03-31,GRASIM,True
2015-03-31,GRUH,True
2015-03-31,GSKCONS,True
2015-03-31,GSPL,True
2015-03-31,HAVELLS,True
2015-03-31,HCLTECH,True
2015-03-31,HDFC,True
2015-03-31,HDFCBANK,True
2015-03-31,HDIL,True
2015-03-31,HEROMOTOCO,True
2015-03-31,HEXAWARE,True
2015-03-31,HINDALCO,True
2015-03-31,HINDPETRO,True
2015-03-31,ICICIBANK,True
2015-03-31,IDBI,True
2015-03-31,IDEA,True
2015-03-31,IDFC,True
2015-03-31,IGL,True
2015-03-31,INDIACEM,True
2015-03-31,INDUSINDBK,True
2015-03-31,INFY,True
2015-03-31,IOB,True
2015-03-31,IOC,True
2015-03-31,IPCALAB,True
2015-03-31,IRB,True
2015-03-31,ITC,True
2015-03-31,JINDALSTEL,True
2015-03-31,JISLJALEQS,True
2015-03-31,JKLAKSHMI,True
2015-03-31,JPASSOCIAT,True
2015-03-31,JSWENERGY,True
2015-03-31,JSWSTEEL,True
2015-03-31,JUBLFOOD,True
2015-03-31,JUSTDIAL,True
2015-03-31,KARURVYSYA,True
2015-03-31,KOTAKBANK,True
2015-03-31,KSCL,True
2015-03-31,KTKBANK,True
2015-03-31,LICHSGFIN,True
2015-03-31,LT,True
2015-03-31,LUPIN,True
2015-03-31,MARICO,True
2015-03-31,MARUTI,True
2015-03-31,MCLEODRUSS,True
2015-03-31,MINDTREE,True
2015-03-31,MRF,True
2015-03-31,NATIONALUM,True
2015-03-31,NAUKRI,True
2015-03-31,NCC,True
2015-03-31,NHPC,True
2015-03-31,NMDC,True
2015-03-31,NTPC,True
2015-03-31,OBEROIRLTY,True
2015-03-31,OIL,True
2015-03-31,ONGC,True
2015-03-31,PEL,True
2015-03-31,PERSISTENT,True
2015-03-31,PETRONET,True
2015-03-31,PFC,True
2015-03-31,PIDILITIND,True
2015-03-31,PNB,True
2015-03-31,POWERGRID,True
2015-03-31,PRESTIGE,True
2015-03-31,PTC,True
2015-03-31,RAYMOND,True
2015-03-31,RCOM,True
2015-03-31,RECLTD,True
2015-03-31,REDINGTON,True
2015-03-31,RELCAPITAL,True
2015-03-31,RELIANCE,True
2015-03-31,REPCOHOME,True
2015-03-31,RPOWER,True
2015-03-31,SAIL,True
2015-03-31,SBIN,True
2015-03-31,SHREECEM,True
2015-03-31,SIEMENS,True
2015-03-31,SOBHA,True
2015-03-31,SOUTHBANK,True
2015-03-31,STAR,True
2015-03-31,SUNPHARMA,True
2015-03-31,SUNTV,True
2015-03-31,SUZLON,True
2015-03-31,SYNDIBANK,True
2015-03-31,TATACHEM,True
2015-03-31,TATACOMM,True
2015-03-31,TCS,True
2015-03-31,TECHM,True
2015-03-31,TITAN,True
2015-03-31,TORNTPHARM,True
2015-03-31,TORNTPOWER,True
2015-03-31,TV18BRDCST,True
2015-03-31,TVSMOTOR,True
2015-03-31,UBL,True
2015-03-31,UCOBANK,True
2015-03-31,ULTRACEMCO,True
2015-03-31,UNIONBANK,True
2015-03-31,UNITECH,True
2015-03-31,UPL,True
2015-03-31,VAKRANGEE,True
2015-03-31,VOLTAS,True
2015-03-31,WABAG,True
2015-03-31,WIPRO,True
2015-03-31,WOCKPHARMA,True
2015-03-31,YESBANK,True
2015-03-31,ZEEL,True
2015-04-30,ABB,True
2015-04-30,ABIRLANUVO,True
2015-04-30,AIAENG,True
2015-04-30,ALBK,True
2015-04-30,AMBUJACEM,True
2015-04-30,AMTEKAUTO,True
2015-04-30,APOLLOHOSP,True
2015-04-30,APOLLOTYRE,True
2015-04-30,ASIANPAINT,True
2015-04-30,AUROPHARMA,True
2015-04-30,AXISBANK,True
2015-04-30,BAJAJ-AUTO,True
2015-04-30,BAJAJFINSV,True
2015-04-30,BAJFINANCE,True
2015-04-30,BANKBARODA,True
2015-04-30,BANKINDIA,True
2015-04-30,BATAINDIA,True
2015-04-30,BEL,True
2015-04-30,BERGEPAINT,True
2015-04-30,BHARATFORG,True
2015-04-30,BHEL,True
2015-04-30,BIOCON,True
2015-04-30,BOSCHLTD,True
2015-04-30,BPCL,True
2015-04-30,CANBK,True
2015-04-30,CARERATING,True
2015-04-30,CASTROLIND,True
2015-04-30,CESC,True
2015-04-30,CIPLA,True
2015-04-30,COALINDIA,True
2015-04-30,COLPAL,True
2015-04-30,CONCOR,True
2015-04-30,CRISIL,True
2015-04-30,CUMMINSIND,True
2015-04-30,DABUR,True
2015-04-30,DCBBANK,True
2015-04-30,DELTACORP,True
2015-04-30,DIVISLAB,True
2015-04-30,DLF,True
2015-04-30,DRREDDY,True
2015-04-30,EDELWEISS,True
2015-04-30,EICHERMOT,True
2015-04-30,EMAMILTD,True
2015-04-30,ENGINERSIN,True
2015-04-30,EXIDEIND,True
2015-04-30,FEDERALBNK,True
2015-04-30,GLENMARK,True
2015-04-30,GODREJCP,True
2015-04-30,GODREJIND,True
2015-04-30,GPPL,True
2015-04-30,GRASIM,True
2015-04-30,GRUH,True
2015-04-30,GSKCONS,True
2015-04-30,GSPL,True
2015-04-30,HAVELLS,True
2015-04-30,HCLTECH,True
2015-04-30,HDFC,True
2015-04-30,HDFCBANK,True
2015-04-30,HDIL,True
2015-04-30,HEROMOTOCO,True
2015-04-30,HEXAWARE,True
2015-04-30,HINDALCO,True
2015-04-30,HINDPETRO,True
2015-04-30,ICICIBANK,True
2015-04-30,IDBI,True
2015-04-30,IDEA,True
2015-04-30,IDFC,True
2015-04-30,IGL,True
2015-04-30,INDIACEM,True
2015-04-30,INDUSINDBK,True
2015-04-30,INFY,True
2015-04-30,IOB,True
2015-04-30,IOC,True
2015-04-30,IPCALAB,True
2015-04-30,IRB,True
2015-04-30,ITC,True
2015-04-30,JINDALSTEL,True
2015-04-30,JISLJALEQS,True
2015-04-30,JKLAKSHMI,True
2015-04-30,JPASSOCIAT,True
2015-04-30,JSWENERGY,True
2015-04-30,JSWSTEEL,True
2015-04-30,JUBLFOOD,True
2015-04-30,JUSTDIAL,True
2015-04-30,KARURVYSYA,True
2015-04-30,KOTAKBANK,True
2015-04-30,KSCL,True
2015-04-30,KTKBANK,True
2015-04-30,LICHSGFIN,True
2015-04-30,LT,True
2015-04-30,LUPIN,True
2015-04-30,MARICO,True
2015-04-30,MARUTI,True
2015-04-30,MCLEODRUSS,True
2015-04-30,MINDTREE,True
2015-04-30,MRF,True
2015-04-30,NATIONALUM,True
2015-04-30,NAUKRI,True
2015-04-30,NCC,True
2015-04-30,NHPC,True
2015-04-30,NMDC,True
2015-04-30,NTPC,True
2015-04-30,OBEROIRLTY,True
2015-04-30,OIL,True
2015-04-30,ONGC,True
2015-04-30,PEL,True
2015-04-30,PERSISTENT,True
2015-04-30,PETRONET,True
2015-04-30,PFC,True
2015-04-30,PIDILITIND,True
2015-04-30,PNB,True
2015-04-30,POWERGRID,True
2015-04-30,PRESTIGE,True
2015-04-30,PTC,True
2015-04-30,RAYMOND,True
2015-04-30,RCOM,True
2015-04-30,RECLTD,True
2015-04-30,REDINGTON,True
2015-04-30,RELCAPITAL,True
2015-04-30,RELIANCE,True
2015-04-30,REPCOHOME,True
2015-04-30,RPOWER,True
2015-04-30,SAIL,True
2015-04-30,SBIN,True
2015-04-30,SHREECEM,True
2015-04-30,SIEMENS,True
2015-04-30,SOBHA,True
2015-04-30,SOUTHBANK,True
2015-04-30,STAR,True
2015-04-30,SUNPHARMA,True
2015-04-30,SUNTV,True
2015-04-30,SUZLON,True
2015-04-30,SYNDIBANK,True
2015-04-30,TATACHEM,True
2015-04-30,TATACOMM,True
2015-04-30,TCS,True
2015-04-30,TECHM,True
2015-04-30,TITAN,True
2015-04-30,TORNTPHARM,True
2015-04-30,TORNTPOWER,True
2015-04-30,TV18BRDCST,True
2015-04-30,TVSMOTOR,True
2015-04-30,UBL,True
2015-04-30,UCOBANK,True
2015-04-30,ULTRACEMCO,True
2015-04-30,UNIONBANK,True
2015-04-30,UNITECH,True
2015-04-30,UPL,True
2015-04-30,VAKRANGEE,True
2015-04-30,VOLTAS,True
2015-04-30,WABAG,True
2015-04-30,WIPRO,True
2015-04-30,WOCKPHARMA,True
2015-04-30,YESBANK,True
2015-04-30,ZEEL,True
2015-05-31,ABB,True
2015-05-31,ABIRLANUVO,True
2015-05-31,AIAENG,True
2015-05-31,ALBK,True
2015-05-31,AMBUJACEM,True
2015-05-31,AMTEKAUTO,True
2015-05-31,APOLLOHOSP,True
2015-05-31,APOLLOTYRE,True
2015-05-31,ASIANPAINT,True
2015-05-31,AUROPHARMA,True
2015-05-31,AXISBANK,True
2015-05-31,BAJAJ-AUTO,True
2015-05-31,BAJAJFINSV,True
2015-05-31,BAJFINANCE,True
2015-05-31,BANKBARODA,True
2015-05-31,BANKINDIA,True
2015-05-31,BATAINDIA,True
2015-05-31,BEL,True
2015-05-31,BERGEPAINT,True
2015-05-31,BHARATFORG,True
2015-05-31,BHEL,True
2015-05-31,BIOCON,True
2015-05-31,BOSCHLTD,True
2015-05-31,BPCL,True
2015-05-31,CANBK,True
2015-05-31,CARERATING,True
2015-05-31,CASTROLIND,True
2015-05-31,CESC,True
2015-05-31,CIPLA,True
2015-05-31,COALINDIA,True
2015-05-31,COLPAL,True
2015-05-31,CONCOR,True
2015-05-31,CRISIL,True
2015-05-31,CUMMINSIND,True
2015-05-31,DABUR,True
2015-05-31,DCBBANK,True
2015-05-31,DELTACORP,True
2015-05-31,DIVISLAB,True
2015-05-31,DLF,True
2015-05-31,DRREDDY,True
2015-05-31,EDELWEISS,True
2015-05-31,EICHERMOT,True
2015-05-31,EMAMILTD,True
2015-05-31,ENGINERSIN,True
2015-05-31,EXIDEIND,True
2015-05-31,FEDERALBNK,True
2015-05-31,GLENMARK,True
2015-05-31,GODREJCP,True
2015-05-31,GODREJIND,True
2015-05-31,GPPL,True
2015-05-31,GRASIM,True
2015-05-31,GRUH,True
2015-05-31,GSKCONS,True
2015-05-31,GSPL,True
2015-05-31,HAVELLS,True
2015-05-31,HCLTECH,True
2015-05-31,HDFC,True
2015-05-31,HDFCBANK,True
2015-05-31,HDIL,True
2015-05-31,HEROMOTOCO,True
2015-05-31,HEXAWARE,True
2015-05-31,HINDALCO,True
2015-05-31,HINDPETRO,True
2015-05-31,ICICIBANK,True
2015-05-31,IDBI,True
2015-05-31,IDEA,True
2015-05-31,IDFC,True
2015-05-31,IGL,True
2015-05-31,INDIACEM,True
2015-05-31,INDUSINDBK,True
2015-05-31,INFY,True
2015-05-31,IOB,True
2015-05-31,IOC,True
2015-05-31,IPCALAB,True
2015-05-31,IRB,True
2015-05-31,ITC,True
2015-05-31,JINDALSTEL,True
2015-05-31,JISLJALEQS,True
2015-05-31,JKLAKSHMI,True
2015-05-31,JPASSOCIAT,True
2015-05-31,JSWENERGY,True
2015-05-31,JSWSTEEL,True
2015-05-31,JUBLFOOD,True
2015-05-31,JUSTDIAL,True
2015-05-31,KARURVYSYA,True
2015-05-31,KOTAKBANK,True
2015-05-31,KSCL,True
2015-05-31,KTKBANK,True
2015-05-31,LICHSGFIN,True
2015-05-31,LT,True
2015-05-31,LUPIN,True
2015-05-31,MARICO,True
2015-05-31,MARUTI,True
2015-05-31,MCLEODRUSS,True
2015-05-31,MINDTREE,True
2015-05-31,MRF,True
2015-05-31,NATIONALUM,True
2015-05-31,NAUKRI,True
2015-05-31,NCC,True
2015-05-31,NHPC,True
2015-05-31,NMDC,True
2015-05-31,NTPC,True
2015-05-31,OBEROIRLTY,True
2015-05-31,OIL,True
2015-05-31,ONGC,True
2015-05-31,PEL,True
2015-05-31,PERSISTENT,True
2015-05-31,PETRONET,True
2015-05-31,PFC,True
2015-05-31,PIDILITIND,True
2015-05-31,PNB,True
2015-05-31,POWERGRID,True
2015-05-31,PRESTIGE,True
2015-05-31,PTC,True
2015-05-31,RAYMOND,True
2015-05-31,RCOM,True
2015-05-31,RECLTD,True
2015-05-31,REDINGTON,True
2015-05-31,RELCAPITAL,True
2015-05-31,RELIANCE,True
2015-05-31,REPCOHOME,True
2015-05-31,RPOWER,True
2015-05-31,SAIL,True
2015-05-31,SBIN,True
2015-05-31,SHREECEM,True
2015-05-31,SIEMENS,True
2015-05-31,SOBHA,True
2015-05-31,SOUTHBANK,True
2015-05-31,STAR,True
2015-05-31,SUNPHARMA,True
2015-05-31,SUNTV,True
2015-05-31,SUZLON,True
2015-05-31,SYNDIBANK,True
2015-05-31,TATACHEM,True
2015-05-31,TATACOMM,True
2015-05-31,TCS,True
2015-05-31,TECHM,True
2015-05-31,TITAN,True
2015-05-31,TORNTPHARM,True
2015-05-31,TORNTPOWER,True
2015-05-31,TV18BRDCST,True
2015-05-31,TVSMOTOR,True
2015-05-31,UBL,True
2015-05-31,UCOBANK,True
2015-05-31,ULTRACEMCO,True
2015-05-31,UNIONBANK,True
2015-05-31,UNITECH,True
2015-05-31,UPL,True
2015-05-31,VAKRANGEE,True
2015-05-31,VOLTAS,True
2015-05-31,WABAG,True
2015-05-31,WIPRO,True
2015-05-31,WOCKPHARMA,True
2015-05-31,YESBANK,True
2015-05-31,ZEEL,True
2015-06-30,ABB,True
2015-06-30,ABIRLANUVO,True
2015-06-30,AIAENG,True
2015-06-30,ALBK,True
2015-06-30,AMBUJACEM,True
2015-06-30,AMTEKAUTO,True
2015-06-30,APOLLOHOSP,True
2015-06-30,APOLLOTYRE,True
2015-06-30,ASIANPAINT,True
2015-06-30,AUROPHARMA,True
2015-06-30,AXISBANK,True
2015-06-30,BAJAJ-AUTO,True
2015-06-30,BAJAJFINSV,True
2015-06-30,BAJFINANCE,True
2015-06-30,BANKBARODA,True
2015-06-30,BANKINDIA,True
2015-06-30,BATAINDIA,True
2015-06-30,BEL,True
2015-06-30,BERGEPAINT,True
2015-06-30,BHARATFORG,True
2015-06-30,BHEL,True
2015-06-30,BIOCON,True
2015-06-30,BOSCHLTD,True
2015-06-30,BPCL,True
2015-06-30,CANBK,True
2015-06-30,CARERATING,True
2015-06-30,CASTROLIND,True
2015-06-30,CESC,True
2015-06-30,CIPLA,True
2015-06-30,COALINDIA,True
2015-06-30,COLPAL,True
2015-06-30,CONCOR,True
2015-06-30,CRISIL,True
2015-06-30,CUB,True
2015-06-30,CUMMINSIND,True
2015-06-30,DABUR,True
2015-06-30,DCBBANK,True
2015-06-30,DELTACORP,True
2015-06-30,DIVISLAB,True
2015-06-30,DLF,True
2015-06-30,DRREDDY,True
2015-06-30,EDELWEISS,True
2015-06-30,EICHERMOT,True
2015-06-30,EMAMILTD,True
2015-06-30,ENGINERSIN,True
2015-06-30,EXIDEIND,True
2015-06-30,FEDERALBNK,True
2015-06-30,GLENMARK,True
2015-06-30,GODREJCP,True
2015-06-30,GODREJIND,True
2015-06-30,GPPL,True
2015-06-30,GRASIM,True
2015-06-30,GRUH,True
2015-06-30,GSKCONS,True
2015-06-30,GSPL,True
2015-06-30,HAVELLS,True
2015-06-30,HCLTECH,True
2015-06-30,HDFC,True
2015-06-30,HDFCBANK,True
2015-06-30,HDIL,True
2015-06-30,HEROMOTOCO,True
2015-06-30,HEXAWARE,True
2015-06-30,HINDALCO,True
2015-06-30,HINDPETRO,True
2015-06-30,ICICIBANK,True
2015-06-30,IDBI,True
2015-06-30,IDEA,True
2015-06-30,IGL,True
2015-06-30,INDIACEM,True
2015-06-30,INDUSINDBK,True
2015-06-30,INFY,True
2015-06-30,IOB,True
2015-06-30,IOC,True
2015-06-30,IPCALAB,True
2015-06-30,IRB,True
2015-06-30,ITC,True
2015-06-30,JINDALSTEL,True
2015-06-30,JISLJALEQS,True
2015-06-30,JKLAKSHMI,True
2015-06-30,JPASSOCIAT,True
2015-06-30,JSWENERGY,True
2015-06-30,JSWSTEEL,True
2015-06-30,JUBLFOOD,True
2015-06-30,JUSTDIAL,True
2015-06-30,KARURVYSYA,True
2015-06-30,KOTAKBANK,True
2015-06-30,KSCL,True
2015-06-30,KTKBANK,True
2015-06-30,LICHSGFIN,True
2015-06-30,LT,True
2015-06-30,LUPIN,True
2015-06-30,MARICO,True
2015-06-30,MARUTI,True
2015-06-30,MCLEODRUSS,True
2015-06-30,MINDTREE,True
2015-06-30,MRF,True
2015-06-30,NATIONALUM,True
2015-06-30,NAUKRI,True
2015-06-30,NCC,True
2015-06-30,NHPC,True
2015-06-30,NMDC,True
2015-06-30,NTPC,True
2015-06-30,OBEROIRLTY,True
2015-06-30,OIL,True
2015-06-30,ONGC,True
2015-06-30,PEL,True
2015-06-30,PERSISTENT,True
2015-06-30,PETRONET,True
2015-06-30,PFC,True
2015-06-30,PIDILITIND,True
2015-06-30,PNB,True
2015-06-30,POWERGRID,True
2015-06-30,PRESTIGE,True
2015-06-30,PTC,True
2015-06-30,RAYMOND,True
2015-06-30,RCOM,True
2015-06-30,RECLTD,True
2015-06-30,REDINGTON,True
2015-06-30,RELCAPITAL,True
2015-06-30,RELIANCE,True
2015-06-30,REPCOHOME,True
2015-06-30,RPOWER,True
2015-06-30,SAIL,True
2015-06-30,SBIN,True
2015-06-30,SHREECEM,True
2015-06-30,SIEMENS,True
2015-06-30,SOBHA,True
2015-06-30,SOUTHBANK,True
2015-06-30,STAR,True
2015-06-30,SUNPHARMA,True
2015-06-30,SUNTV,True
2015-06-30,SUZLON,True
2015-06-30,SYNDIBANK,True
2015-06-30,TATACHEM,True
2015-06-30,TATACOMM,True
2015-06-30,TCS,True
2015-06-30,TECHM,True
2015-06-30,TITAN,True
2015-06-30,TORNTPHARM,True
2015-06-30,TORNTPOWER,True
2015-06-30,TV18BRDCST,True
2015-06-30,TVSMOTOR,True
2015-06-30,UBL,True
2015-06-30,UCOBANK,True
2015-06-30,ULTRACEMCO,True
2015-06-30,UNIONBANK,True
2015-06-30,UNITECH,True
2015-06-30,UPL,True
2015-06-30,VAKRANGEE,True
2015-06-30,VEDL,True
2015-06-30,VOLTAS,True
2015-06-30,WABAG,True
2015-06-30,WIPRO,True
2015-06-30,WOCKPHARMA,True
2015-06-30,YESBANK,True
2015-06-30,ZEEL,True
2015-07-31,ABB,True
2015-07-31,ABIRLANUVO,True
2015-07-31,AIAENG,True
2015-07-31,ALBK,True
2015-07-31,AMBUJACEM,True
2015-07-31,AMTEKAUTO,True
2015-07-31,APOLLOHOSP,True
2015-07-31,APOLLOTYRE,True
2015-07-31,ASIANPAINT,True
2015-07-31,AUROPHARMA,True
2015-07-31,AXISBANK,True
2015-07-31,BAJAJ-AUTO,True
2015-07-31,BAJAJFINSV,True
2015-07-31,BAJFINANCE,True
2015-07-31,BANKBARODA,True
2015-07-31,BANKINDIA,True
2015-07-31,BATAINDIA,True
2015-07-31,BEL,True
2015-07-31,BERGEPAINT,True
2015-07-31,BHARATFORG,True
2015-07-31,BHEL,True
2015-07-31,BIOCON,True
2015-07-31,BOSCHLTD,True
2015-07-31,BPCL,True
2015-07-31,CANBK,True
2015-07-31,CARERATING,True
2015-07-31,CASTROLIND,True
2015-07-31,CESC,True
2015-07-31,CIPLA,True
2015-07-31,COALINDIA,True
2015-07-31,COLPAL,True
2015-07-31,CONCOR,True
2015-07-31,CRISIL,True
2015-07-31,CUB,True
2015-07-31,CUMMINSIND,True
2015-07-31,DABUR,True
2015-07-31,DCBBANK,True
2015-07-31,DELTACORP,True
2015-07-31,DIVISLAB,True
2015-07-31,DLF,True
2015-07-31,DRREDDY,True
2015-07-31,EDELWEISS,True
2015-07-31,EICHERMOT,True
2015-07-31,EMAMILTD,True
2015-07-31,ENGINERSIN,True
2015-07-31,EXIDEIND,True
2015-07-31,FEDERALBNK,True
2015-07-31,GLENMARK,True
2015-07-31,GODREJCP,True
2015-07-31,GODREJIND,True
2015-07-31,GPPL,True
2015-07-31,GRASIM,True
2015-07-31,GRUH,True
2015-07-31,GSKCONS,True
2015-07-31,GSPL,True
2015-07-31,HAVELLS,True
2015-07-31,HCLTECH,True
2015-07-31,HDFC,True
2015-07-31,HDFCBANK,True
2015-07-31,HDIL,True
2015-07-31,HEROMOTOCO,True
2015-07-31,HEXAWARE,True
2015-07-31,HINDALCO,True
2015-07-31,HINDPETRO,True
2015-07-31,ICICIBANK,True
2015-07-31,IDBI,True
2015-07-31,IDEA,True
2015-07-31,IGL,True
2015-07-31,INDIACEM,True
2015-07-31,INDUSINDBK,True
2015-07-31,INFY,True
2015-07-31,IOB,True
2015-07-31,IOC,True
2015-07-31,IPCALAB,True
2015-07-31,IRB,True
2015-07-31,ITC,True
2015-07-31,JINDALSTEL,True
2015-07-31,JISLJALEQS,True
2015-07-31,JKLAKSHMI,True
2015-07-31,JPASSOCIAT,True
2015-07-31,JSWENERGY,True
2015-07-31,JSWSTEEL,True
2015-07-31,JUBLFOOD,True
2015-07-31,JUSTDIAL,True
2015-07-31,KARURVYSYA,True
2015-07-31,KOTAKBANK,True
2015-07-31,KSCL,True
2015-07-31,KTKBANK,True
2015-07-31,LICHSGFIN,True
2015-07-31,LT,True
2015-07-31,LUPIN,True
2015-07-31,MARICO,True
2015-07-31,MARUTI,True
2015-07-31,MCLEODRUSS,True
2015-07-31,MINDTREE,True
2015-07-31,MRF,True
2015-07-31,NATIONALUM,True
2015-07-31,NAUKRI,True
2015-07-31,NCC,True
2015-07-31,NHPC,True
2015-07-31,NMDC,True
2015-07-31,NTPC,True
2015-07-31,OBEROIRLTY,True
2015-07-31,OIL,True
2015-07-31,ONGC,True
2015-07-31,PEL,True
2015-07-31,PERSISTENT,True
2015-07-31,PETRONET,True
2015-07-31,PFC,True
2015-07-31,PIDILITIND,True
2015-07-31,PNB,True
2015-07-31,POWERGRID,True
2015-07-31,PRESTIGE,True
2015-07-31,PTC,True
2015-07-31,RAYMOND,True
2015-07-31,RCOM,True
2015-07-31,RECLTD,True
2015-07-31,REDINGTON,True
2015-07-31,RELCAPITAL,True
2015-07-31,RELIANCE,True
2015-07-31,REPCOHOME,True
2015-07-31,RPOWER,True
2015-07-31,SAIL,True
2015-07-31,SBIN,True
2015-07-31,SHREECEM,True
2015-07-31,SIEMENS,True
2015-07-31,SOBHA,True
2015-07-31,SOUTHBANK,True
2015-07-31,STAR,True
2015-07-31,SUNPHARMA,True
2015-07-31,SUNTV,True
2015-07-31,SUZLON,True
2015-07-31,SYNDIBANK,True
2015-07-31,TATACHEM,True
2015-07-31,TATACOMM,True
2015-07-31,TCS,True
2015-07-31,TECHM,True
2015-07-31,TITAN,True
2015-07-31,TORNTPHARM,True
2015-07-31,TORNTPOWER,True
2015-07-31,TV18BRDCST,True
2015-07-31,TVSMOTOR,True
2015-07-31,UBL,True
2015-07-31,UCOBANK,True
2015-07-31,ULTRACEMCO,True
2015-07-31,UNIONBANK,True
2015-07-31,UNITECH,True
2015-07-31,UPL,True
2015-07-31,VAKRANGEE,True
2015-07-31,VEDL,True
2015-07-31,VOLTAS,True
2015-07-31,WABAG,True
2015-07-31,WIPRO,True
2015-07-31,WOCKPHARMA,True
2015-07-31,YESBANK,True
2015-07-31,ZEEL,True
2015-08-31,ABB,True
2015-08-31,ABIRLANUVO,True
2015-08-31,AIAENG,True
2015-08-31,ALBK,True
2015-08-31,AMBUJACEM,True
2015-08-31,AMTEKAUTO,True
2015-08-31,APOLLOHOSP,True
2015-08-31,APOLLOTYRE,True
2015-08-31,ASIANPAINT,True
2015-08-31,AUROPHARMA,True
2015-08-31,AXISBANK,True
2015-08-31,BAJAJ-AUTO,True
2015-08-31,BAJAJFINSV,True
2015-08-31,BAJFINANCE,True
2015-08-31,BANKBARODA,True
2015-08-31,BANKINDIA,True
2015-08-31,BATAINDIA,True
2015-08-31,BEL,True
2015-08-31,BERGEPAINT,True
2015-08-31,BHARATFORG,True
2015-08-31,BHEL,True
2015-08-31,BIOCON,True
2015-08-31,BOSCHLTD,True
2015-08-31,BPCL,True
2015-08-31,CANBK,True
2015-08-31,CARERATING,True
2015-08-31,CASTROLIND,True
2015-08-31,CESC,True
2015-08-31,CIPLA,True
2015-08-31,COALINDIA,True
2015-08-31,COLPAL,True
2015-08-31,CONCOR,True
2015-08-31,CRISIL,True
2015-08-31,CUB,True
2015-08-31,CUMMINSIND,True
2015-08-31,DABUR,True
2015-08-31,DCBBANK,True
2015-08-31,DELTACORP,True
2015-08-31,DIVISLAB,True
2015-08-31,DLF,True
2015-08-31,DRREDDY,True
2015-08-31,EDELWEISS,True
2015-08-31,EICHERMOT,True
2015-08-31,EMAMILTD,True
2015-08-31,ENGINERSIN,True
2015-08-31,EXIDEIND,True
2015-08-31,FEDERALBNK,True
2015-08-31,GLENMARK,True
2015-08-31,GODREJCP,True
2015-08-31,GODREJIND,True
2015-08-31,GPPL,True
2015-08-31,GRASIM,True
2015-08-31,GRUH,True
2015-08-31,GSKCONS,True
2015-08-31,GSPL,True
2015-08-31,HAVELLS,True
2015-08-31,HCLTECH,True
2015-08-31,HDFC,True
2015-08-31,HDFCBANK,True
2015-08-31,HDIL,True
2015-08-31,HEROMOTOCO,True
2015-08-31,HEXAWARE,True
2015-08-31,HINDALCO,True
2015-08-31,HINDPETRO,True
2015-08-31,ICICIBANK,True
2015-08-31,IDBI,True
2015-08-31,IDEA,True
2015-08-31,IGL,True
2015-08-31,INDIACEM,True
2015-08-31,INDUSINDBK,True
2015-08-31,INFY,True
2015-08-31,IOB,True
2015-08-31,IOC,True
2015-08-31,IPCALAB,True
2015-08-31,IRB,True
2015-08-31,ITC,True
2015-08-31,JINDALSTEL,True
2015-08-31,JISLJALEQS,True
2015-08-31,JKLAKSHMI,True
2015-08-31,JPASSOCIAT,True
2015-08-31,JSWENERGY,True
2015-08-31,JSWSTEEL,True
2015-08-31,JUBLFOOD,True
2015-08-31,JUSTDIAL,True
2015-08-31,KARURVYSYA,True
2015-08-31,KOTAKBANK,True
2015-08-31,KSCL,True
2015-08-31,KTKBANK,True
2015-08-31,LICHSGFIN,True
2015-08-31,LT,True
2015-08-31,LUPIN,True
2015-08-31,MARICO,True
2015-08-31,MARUTI,True
2015-08-31,MCLEODRUSS,True
2015-08-31,MINDTREE,True
2015-08-31,MRF,True
2015-08-31,NATIONALUM,True
2015-08-31,NAUKRI,True
2015-08-31,NCC,True
2015-08-31,NHPC,True
2015-08-31,NMDC,True
2015-08-31,NTPC,True
2015-08-31,OBEROIRLTY,True
2015-08-31,OIL,True
2015-08-31,ONGC,True
2015-08-31,PEL,True
2015-08-31,PERSISTENT,True
2015-08-31,PETRONET,True
2015-08-31,PFC,True
2015-08-31,PIDILITIND,True
2015-08-31,PNB,True
2015-08-31,POWERGRID,True
2015-08-31,PRESTIGE,True
2015-08-31,PTC,True
2015-08-31,RAYMOND,True
2015-08-31,RCOM,True
2015-08-31,RECLTD,True
2015-08-31,REDINGTON,True
2015-08-31,RELCAPITAL,True
2015-08-31,RELIANCE,True
2015-08-31,REPCOHOME,True
2015-08-31,RPOWER,True
2015-08-31,SAIL,True
2015-08-31,SBIN,True
2015-08-31,SHREECEM,True
2015-08-31,SIEMENS,True
2015-08-31,SOBHA,True
2015-08-31,SOUTHBANK,True
2015-08-31,STAR,True
2015-08-31,SUNPHARMA,True
2015-08-31,SUNTV,True
2015-08-31,SUZLON,True
2015-08-31,SYNDIBANK,True
2015-08-31,TATACHEM,True
2015-08-31,TATACOMM,True
2015-08-31,TCS,True
2015-08-31,TECHM,True
2015-08-31,TITAN,True
2015-08-31,TORNTPHARM,True
2015-08-31,TORNTPOWER,True
2015-08-31,TV18BRDCST,True
2015-08-31,TVSMOTOR,True
2015-08-31,UBL,True
2015-08-31,UCOBANK,True
2015-08-31,ULTRACEMCO,True
2015-08-31,UNIONBANK,True
2015-08-31,UNITECH,True
2015-08-31,UPL,True
2015-08-31,VAKRANGEE,True
2015-08-31,VEDL,True
2015-08-31,VOLTAS,True
2015-08-31,WABAG,True
2015-08-31,WIPRO,True
2015-08-31,WOCKPHARMA,True
2015-08-31,YESBANK,True
2015-08-31,ZEEL,True
2015-09-30,ABB,True
2015-09-30,ABIRLANUVO,True
2015-09-30,ADANIPOWER,True
2015-09-30,AIAENG,True
2015-09-30,ALBK,True
2015-09-30,AMBUJACEM,True
2015-09-30,AMTEKAUTO,True
2015-09-30,APOLLOHOSP,True
2015-09-30,APOLLOTYRE,True
2015-09-30,ASIANPAINT,True
2015-09-30,AUROPHARMA,True
2015-09-30,AXISBANK,True
2015-09-30,BAJAJ-AUTO,True
2015-09-30,BAJAJFINSV,True
2015-09-30,BAJFINANCE,True
2015-09-30,BALKRISIND,True
2015-09-30,BANKBARODA,True
2015-09-30,BANKINDIA,True
2015-09-30,BATAINDIA,True
2015-09-30,BEL,True
2015-09-30,BERGEPAINT,True
2015-09-30,BHARATFORG,True
2015-09-30,BHEL,True
2015-09-30,BIOCON,True
2015-09-30,BOSCHLTD,True
2015-09-30,BPCL,True
2015-09-30,CANBK,True
2015-09-30,CARERATING,True
2015-09-30,CASTROLIND,True
2015-09-30,CESC,True
2015-09-30,CIPLA,True
2015-09-30,COALINDIA,True
2015-09-30,COLPAL,True
2015-09-30,CONCOR,True
2015-09-30,CRISIL,True
2015-09-30,CUB,True
2015-09-30,CUMMINSIND,True
2015-09-30,DABUR,True
2015-09-30,DCBBANK,True
2015-09-30,DIVISLAB,True
2015-09-30,DLF,True
2015-09-30,DRREDDY,True
2015-09-30,EICHERMOT,True
2015-09-30,EMAMILTD,True
2015-09-30,ENGINERSIN,True
2015-09-30,EXIDEIND,True
2015-09-30,FEDERALBNK,True
2015-09-30,GLENMARK,True
2015-09-30,GODREJCP,True
2015-09-30,GODREJIND,True
2015-09-30,GPPL,True
2015-09-30,GRASIM,True
2015-09-30,GRUH,True
2015-09-30,GSKCONS,True
2015-09-30,GSPL,True
2015-09-30,HAVELLS,True
2015-09-30,HCLTECH,True
2015-09-30,HDFC,True
2015-09-30,HDFCBANK,True
2015-09-30,HDIL,True
2015-09-30,HEROMOTOCO,True
2015-09-30,HEXAWARE,True
2015-09-30,HINDALCO,True
2015-09-30,HINDPETRO,True
2015-09-30,ICICIBANK,True
2015-09-30,IDBI,True
2015-09-30,IDEA,True
2015-09-30,IGL,True
2015-09-30,INDIACEM,True
2015-09-30,INDUSINDBK,True
2015-09-30,INFY,True
2015-09-30,IOC,True
2015-09-30,IPCALAB,True
2015-09-30,IRB,True
2015-09-30,ITC,True
2015-09-30,JINDALSTEL,True
2015-09-30,JISLJALEQS,True
2015-09-30,JKLAKSHMI,True
2015-09-30,JPASSOCIAT,True
2015-09-30,JSWENERGY,True
2015-09-30,JSWSTEEL,True
2015-09-30,JUBLFOOD,True
2015-09-30,JUSTDIAL,True
2015-09-30,KAJARIACER,True
2015-09-30,KARURVYSYA,True
2015-09-30,KOTAKBANK,True
2015-09-30,KSCL,True
2015-09-30,KTKBANK,True
2015-09-30,LICHSGFIN,True
2015-09-30,LT,True
2015-09-30,LUPIN,True
2015-09-30,MARICO,True
2015-09-30,MARUTI,True
2015-09-30,MINDTREE,True
2015-09-30,MRF,True
2015-09-30,NATCOPHARM,True
2015-09-30,NAUKRI,True
2015-09-30,NCC,True
2015-09-30,NHPC,True
2015-09-30,NMDC,True
2015-09-30,NTPC,True
2015-09-30,OBEROIRLTY,True
2015-09-30,OIL,True
2015-09-30,ONGC,True
2015-09-30,PEL,True
2015-09-30,PERSISTENT,True
2015-09-30,PETRONET,True
2015-09-30,PFC,True
2015-09-30,PIDILITIND,True
2015-09-30,PIIND,True
2015-09-30,PNB,True
2015-09-30,POWERGRID,True
2015-09-30,PRESTIGE,True
2015-09-30,PTC,True
2015-09-30,RAJESHEXPO,True
2015-09-30,RAYMOND,True
2015-09-30,RCOM,True
2015-09-30,RECLTD,True
2015-09-30,REDINGTON,True
2015-09-30,RELCAPITAL,True
2015-09-30,RELIANCE,True
2015-09-30,REPCOHOME,True
2015-09-30,RPOWER,True
2015-09-30,SADBHAV,True
2015-09-30,SAIL,True
2015-09-30,SBIN,True
2015-09-30,SHREECEM,True
2015-09-30,SIEMENS,True
2015-09-30,SINTEX,True
2015-09-30,SOBHA,True
2015-09-30,SOUTHBANK,True
2015-09-30,SPARC,True
2015-09-30,STAR,True
2015-09-30,SUNPHARMA,True
2015-09-30,SUNTV,True
2015-09-30,SUZLON,True
2015-09-30,SYNDIBANK,True
2015-09-30,TATACHEM,True
2015-09-30,TATACOMM,True
2015-09-30,TCS,True
2015-09-30,TECHM,True
2015-09-30,TITAN,True
2015-09-30,TORNTPHARM,True
2015-09-30,TV18BRDCST,True
2015-09-30,TVSMOTOR,True
2015-09-30,UBL,True
2015-09-30,ULTRACEMCO,True
2015-09-30,UNIONBANK,True
2015-09-30,UNITECH,True
2015-09-30,UPL,True
2015-09-30,VAKRANGEE,True
2015-09-30,VEDL,True
2015-09-30,VOLTAS,True
2015-09-30,WABAG,True
2015-09-30,WIPRO,True
2015-09-30,WOCKPHARMA,True
2015-09-30,YESBANK,True
2015-09-30,ZEEL,True
2015-10-31,ABB,True
2015-10-31,ABIRLANUVO,True
2015-10-31,ADANIPOWER,True
2015-10-31,AIAENG,True
2015-10-31,ALBK,True
2015-10-31,AMBUJACEM,True
2015-10-31,AMTEKAUTO,True
2015-10-31,APOLLOHOSP,True
2015-10-31,APOLLOTYRE,True
2015-10-31,ASIANPAINT,True
2015-10-31,AUROPHARMA,True
2015-10-31,AXISBANK,True
2015-10-31,BAJAJ-AUTO,True
2015-10-31,BAJAJFINSV,True
2015-10-31,BAJFINANCE,True
2015-10-31,BALKRISIND,True
2015-10-31,BANKBARODA,True
2015-10-31,BANKINDIA,True
2015-10-31,BATAINDIA,True
2015-10-31,BEL,True
2015-10-31,BERGEPAINT,True
2015-10-31,BHARATFORG,True
2015-10-31,BHEL,True
2015-10-31,BIOCON,True
2015-10-31,BOSCHLTD,True
2015-10-31,BPCL,True
2015-10-31,CANBK,True
2015-10-31,CARERATING,True
2015-10-31,CASTROLIND,True
2015-10-31,CESC,True
2015-10-31,CIPLA,True
2015-10-31,COALINDIA,True
2015-10-31,COLPAL,True
2015-10-31,CONCOR,True
2015-10-31,CRISIL,True
2015-10-31,CUB,True
2015-10-31,CUMMINSIND,True
2015-10-31,DABUR,True
2015-10-31,DCBBANK,True
2015-10-31,DIVISLAB,True
2015-10-31,DLF,True
2015-10-31,DRREDDY,True
2015-10-31,EICHERMOT,True
2015-10-31,EMAMILTD,True
2015-10-31,ENGINERSIN,True
2015-10-31,EXIDEIND,True
2015-10-31,FEDERALBNK,True
2015-10-31,GLENMARK,True
2015-10-31,GODREJCP,True
2015-10-31,GODREJIND,True
2015-10-31,GPPL,True
2015-10-31,GRASIM,True
2015-10-31,GRUH,True
2015-10-31,GSKCONS,True
2015-10-31,GSPL,True
2015-10-31,HAVELLS,True
2015-10-31,HCLTECH,True
2015-10-31,HDFC,True
2015-10-31,HDFCBANK,True
2015-10-31,HDIL,True
2015-10-31,HEROMOTOCO,True
2015-10-31,HEXAWARE,True
2015-10-31,HINDALCO,True
2015-10-31,HINDPETRO,True
2015-10-31,ICICIBANK,True
2015-10-31,IDBI,True
2015-10-31,IDEA,True
2015-10-31,IGL,True
2015-10-31,INDIACEM,True
2015-10-31,INDUSINDBK,True
2015-10-31,INFY,True
2015-10-31,IOC,True
2015-10-31,IPCALAB,True
2015-10-31,IRB,True
2015-10-31,ITC,True
2015-10-31,JINDALSTEL,True
2015-10-31,JISLJALEQS,True
2015-10-31,JKLAKSHMI,True
2015-10-31,JPASSOCIAT,True
2015-10-31,JSWENERGY,True
2015-10-31,JSWSTEEL,True
2015-10-31,JUBLFOOD,True
2015-10-31,JUSTDIAL,True
2015-10-31,KAJARIACER,True
2015-10-31,KARURVYSYA,True
2015-10-31,KOTAKBANK,True
2015-10-31,KSCL,True
2015-10-31,KTKBANK,True
2015-10-31,LICHSGFIN,True
2015-10-31,LT,True
2015-10-31,LUPIN,True
2015-10-31,MARICO,True
2015-10-31,MARUTI,True
2015-10-31,MINDTREE,True
2015-10-31,MRF,True
2015-10-31,NATCOPHARM,True
2015-10-31,NAUKRI,True
2015-10-31,NCC,True
2015-10-31,NHPC,True
2015-10-31,NMDC,True
2015-10-31,NTPC,True
2015-10-31,OBEROIRLTY,True
2015-10-31,OIL,True
2015-10-31,ONGC,True
2015-10-31,PEL,True
2015-10-31,PERSISTENT,True
2015-10-31,PETRONET,True
2015-10-31,PFC,True
2015-10-31,PIDILITIND,True
2015-10-31,PIIND,True
2015-10-31,PNB,True
2015-10-31,POWERGRID,True
2015-10-31,PRESTIGE,True
2015-10-31,PTC,True
2015-10-31,RAJESHEXPO,True
2015-10-31,RAYMOND,True
2015-10-31,RCOM,True
2015-10-31,RECLTD,True
2015-10-31,REDINGTON,True
2015-10-31,RELCAPITAL,True
2015-10-31,RELIANCE,True
2015-10-31,REPCOHOME,True
2015-10-31,RPOWER,True
2015-10-31,SADBHAV,True
2015-10-31,SAIL,True
2015-10-31,SBIN,True
2015-10-31,SHREECEM,True
2015-10-31,SIEMENS,True
2015-10-31,SINTEX,True
2015-10-31,SOBHA,True
2015-10-31,SOUTHBANK,True
2015-10-31,SPARC,True
2015-10-31,STAR,True
2015-10-31,SUNPHARMA,True
2015-10-31,SUNTV,True
2015-10-31,SUZLON,True
2015-10-31,SYNDIBANK,True
2015-10-31,TATACHEM,True
2015-10-31,TATACOMM,True
2015-10-31,TCS,True
2015-10-31,TECHM,True
2015-10-31,TITAN,True
2015-10-31,TORNTPHARM,True
2015-10-31,TV18BRDCST,True
2015-10-31,TVSMOTOR,True
2015-10-31,UBL,True
2015-10-31,ULTRACEMCO,True
2015-10-31,UNIONBANK,True
2015-10-31,UNITECH,True
2015-10-31,UPL,True
2015-10-31,VAKRANGEE,True
2015-10-31,VEDL,True
2015-10-31,VOLTAS,True
2015-10-31,WABAG,True
2015-10-31,WIPRO,True
2015-10-31,WOCKPHARMA,True
2015-10-31,YESBANK,True
2015-10-31,ZEEL,True
2015-11-30,ABB,True
2015-11-30,ADANIPOWER,True
2015-11-30,AIAENG,True
2015-11-30,ALBK,True
2015-11-30,AMBUJACEM,True
2015-11-30,AMTEKAUTO,True
2015-11-30,APOLLOHOSP,True
2015-11-30,APOLLOTYRE,True
2015-11-30,ASIANPAINT,True
2015-11-30,AUROPHARMA,True
2015-11-30,AXISBANK,True
2015-11-30,BAJAJ-AUTO,True
2015-11-30,BAJAJFINSV,True
2015-11-30,BAJFINANCE,True
2015-11-30,BALKRISIND,True
2015-11-30,BANKBARODA,True
2015-11-30,BANKINDIA,True
2015-11-30,BATAINDIA,True
2015-11-30,BEL,True
2015-11-30,BERGEPAINT,True
2015-11-30,BHARATFORG,True
2015-11-30,BHEL,True
2015-11-30,BIOCON,True
2015-11-30,BOSCHLTD,True
2015-11-30,BPCL,True
2015-11-30,CANBK,True
2015-11-30,CARERATING,True
2015-11-30,CASTROLIND,True
2015-11-30,CESC,True
2015-11-30,CIPLA,True
2015-11-30,COALINDIA,True
2015-11-30,COLPAL,True
2015-11-30,CONCOR,True
2015-11-30,CRISIL,True
2015-11-30,CUB,True
2015-11-30,CUMMINSIND,True
2015-11-30,DABUR,True
2015-11-30,DCBBANK,True
2015-11-30,DIVISLAB,True
2015-11-30,DLF,True
2015-11-30,DRREDDY,True
2015-11-30,EICHERMOT,True
2015-11-30,EMAMILTD,True
2015-11-30,ENGINERSIN,True
2015-11-30,EXIDEIND,True
2015-11-30,FEDERALBNK,True
2015-11-30,GDL,True
2015-11-30,GLENMARK,True
2015-11-30,GODREJCP,True
2015-11-30,GODREJIND,True
2015-11-30,GPPL,True
2015-11-30,GRASIM,True
2015-11-30,GRUH,True
2015-11-30,GSKCONS,True
2015-11-30,GSPL,True
2015-11-30,HAVELLS,True
2015-11-30,HCLTECH,True
2015-11-30,HDFC,True
2015-11-30,HDFCBANK,True
2015-11-30,HDIL,True
2015-11-30,HEROMOTOCO,True
2015-11-30,HEXAWARE,True
2015-11-30,HINDALCO,True
2015-11-30,HINDPETRO,True
2015-11-30,ICICIBANK,True
2015-11-30,IDBI,True
2015-11-30,IDEA,True
2015-11-30,IGL,True
2015-11-30,INDIACEM,True
2015-11-30,INDUSINDBK,True
2015-11-30,INFY,True
2015-11-30,IOC,True
2015-11-30,IPCALAB,True
2015-11-30,IRB,True
2015-11-30,ITC,True
2015-11-30,JINDALSTEL,True
2015-11-30,JISLJALEQS,True
2015-11-30,JKLAKSHMI,True
2015-11-30,JPASSOCIAT,True
2015-11-30,JSWENERGY,True
2015-11-30,JSWSTEEL,True
2015-11-30,JUBLFOOD,True
2015-11-30,JUSTDIAL,True
2015-11-30,KAJARIACER,True
2015-11-30,KARURVYSYA,True
2015-11-30,KOTAKBANK,True
2015-11-30,KSCL,True
2015-11-30,KTKBANK,True
2015-11-30,LICHSGFIN,True
2015-11-30,LT,True
2015-11-30,LUPIN,True
2015-11-30,MARICO,True
2015-11-30,MARUTI,True
2015-11-30,MINDTREE,True
2015-11-30,MRF,True
2015-11-30,NATCOPHARM,True
2015-11-30,NAUKRI,True
2015-11-30,NCC,True
2015-11-30,NHPC,True
2015-11-30,NMDC,True
2015-11-30,NTPC,True
2015-11-30,OBEROIRLTY,True
2015-11-30,OIL,True
2015-11-30,ONGC,True
2015-11-30,PEL,True
2015-11-30,PERSISTENT,True
2015-11-30,PETRONET,True
2015-11-30,PFC,True
2015-11-30,PIDILITIND,True
2015-11-30,PIIND,True
2015-11-30,PNB,True
2015-11-30,POWERGRID,True
2015-11-30,PRESTIGE,True
2015-11-30,PTC,True
2015-11-30,RAJESHEXPO,True
2015-11-30,RAYMOND,True
2015-11-30,RCOM,True
2015-11-30,RECLTD,True
2015-11-30,REDINGTON,True
2015-11-30,RELCAPITAL,True
2015-11-30,RELIANCE,True
2015-11-30,REPCOHOME,True
2015-11-30,RPOWER,True
2015-11-30,SADBHAV,True
2015-11-30,SAIL,True
2015-11-30,SBIN,True
2015-11-30,SHREECEM,True
2015-11-30,SIEMENS,True
2015-11-30,SINTEX,True
2015-11-30,SOBHA,True
2015-11-30,SOUTHBANK,True
2015-11-30,SPARC,True
2015-11-30,STAR,True
2015-11-30,SUNPHARMA,True
2015-11-30,SUNTV,True
2015-11-30,SUZLON,True
2015-11-30,SYNDIBANK,True
2015-11-30,TATACHEM,True
2015-11-30,TATACOMM,True
2015-11-30,TCS,True
2015-11-30,TECHM,True
2015-11-30,TITAN,True
2015-11-30,TORNTPHARM,True
2015-11-30,TV18BRDCST,True
2015-11-30,TVSMOTOR,True
2015-11-30,UBL,True
2015-11-30,ULTRACEMCO,True
2015-11-30,UNIONBANK,True
2015-11-30,UNITECH,True
2015-11-30,UPL,True
2015-11-30,VAKRANGEE,True
2015-11-30,VEDL,True
2015-11-30,VOLTAS,True
2015-11-30,WABAG,True
2015-11-30,WIPRO,True
2015-11-30,WOCKPHARMA,True
2015-11-30,YESBANK,True
2015-11-30,ZEEL,True
2015-12-31,ABB,True
2015-12-31,ADANIPOWER,True
2015-12-31,AIAENG,True
2015-12-31,ALBK,True
2015-12-31,AMBUJACEM,True
2015-12-31,AMTEKAUTO,True
2015-12-31,APOLLOHOSP,True
2015-12-31,APOLLOTYRE,True
2015-12-31,ASIANPAINT,True
2015-12-31,AUROPHARMA,True
2015-12-31,AXISBANK,True
2015-12-31,BAJAJ-AUTO,True
2015-12-31,BAJAJFINSV,True
2015-12-31,BAJFINANCE,True
2015-12-31,BALKRISIND,True
2015-12-31,BANKBARODA,True
2015-12-31,BANKINDIA,True
2015-12-31,BATAINDIA,True
2015-12-31,BEL,True
2015-12-31,BERGEPAINT,True
2015-12-31,BHARATFORG,True
2015-12-31,BHEL,True
2015-12-31,BIOCON,True
2015-12-31,BOSCHLTD,True
2015-12-31,BPCL,True
2015-12-31,CANBK,True
2015-12-31,CARERATING,True
2015-12-31,CASTROLIND,True
2015-12-31,CESC,True
2015-12-31,CIPLA,True
2015-12-31,COALINDIA,True
2015-12-31,COLPAL,True
2015-12-31,CONCOR,True
2015-12-31,CRISIL,True
2015-12-31,CUB,True
2015-12-31,CUMMINSIND,True
2015-12-31,DABUR,True
2015-12-31,DCBBANK,True
2015-12-31,DIVISLAB,True
2015-12-31,DLF,True
2015-12-31,DRREDDY,True
2015-12-31,EICHERMOT,True
2015-12-31,EMAMILTD,True
2015-12-31,ENGINERSIN,True
2015-12-31,EXIDEIND,True
2015-12-31,FEDERALBNK,True
2015-12-31,GDL,True
2015-12-31,GLENMARK,True
2015-12-31,GODREJCP,True
2015-12-31,GODREJIND,True
2015-12-31,GPPL,True
2015-12-31,GRASIM,True
2015-12-31,GRUH,True
2015-12-31,GSKCONS,True
2015-12-31,GSPL,True
2015-12-31,HAVELLS,True
2015-12-31,HCLTECH,True
2015-12-31,HDFC,True
2015-12-31,HDFCBANK,True
2015-12-31,HDIL,True
2015-12-31,HEROMOTOCO,True
2015-12-31,HEXAWARE,True
2015-12-31,HINDALCO,True
2015-12-31,HINDPETRO,True
2015-12-31,ICICIBANK,True
2015-12-31,IDBI,True
2015-12-31,IDEA,True
2015-12-31,IGL,True
2015-12-31,INDIACEM,True
2015-12-31,INDUSINDBK,True
2015-12-31,INFY,True
2015-12-31,IOC,True
2015-12-31,IPCALAB,True
2015-12-31,IRB,True
2015-12-31,ITC,True
2015-12-31,JINDALSTEL,True
2015-12-31,JISLJALEQS,True
2015-12-31,JKLAKSHMI,True
2015-12-31,JPASSOCIAT,True
2015-12-31,JSWENERGY,True
2015-12-31,JSWSTEEL,True
2015-12-31,JUBLFOOD,True
2015-12-31,JUSTDIAL,True
2015-12-31,KAJARIACER,True
2015-12-31,KARURVYSYA,True
2015-12-31,KOTAKBANK,True
2015-12-31,KSCL,True
2015-12-31,KTKBANK,True
2015-12-31,LICHSGFIN,True
2015-12-31,LT,True
2015-12-31,LUPIN,True
2015-12-31,MARICO,True
2015-12-31,MARUTI,True
2015-12-31,MINDTREE,True
2015-12-31,MRF,True
2015-12-31,NATCOPHARM,True
2015-12-31,NAUKRI,True
2015-12-31,NCC,True
2015-12-31,NHPC,True
2015-12-31,NMDC,True
2015-12-31,NTPC,True
2015-12-31,OBEROIRLTY,True
2015-12-31,OIL,True
2015-12-31,ONGC,True
2015-12-31,PEL,True
2015-12-31,PERSISTENT,True
2015-12-31,PETRONET,True
2015-12-31,PFC,True
2015-12-31,PIDILITIND,True
2015-12-31,PIIND,True
2015-12-31,PNB,True
2015-12-31,POWERGRID,True
2015-12-31,PRESTIGE,True
2015-12-31,PTC,True
2015-12-31,RAJESHEXPO,True
2015-12-31,RAYMOND,True
2015-12-31,RCOM,True
2015-12-31,RECLTD,True
2015-12-31,REDINGTON,True
2015-12-31,RELCAPITAL,True
2015-12-31,RELIANCE,True
2015-12-31,REPCOHOME,True
2015-12-31,RPOWER,True
2015-12-31,SADBHAV,True
2015-12-31,SAIL,True
2015-12-31,SBIN,True
2015-12-31,SHREECEM,True
2015-12-31,SIEMENS,True
2015-12-31,SINTEX,True
2015-12-31,SOBHA,True
2015-12-31,SOUTHBANK,True
2015-12-31,SPARC,True
2015-12-31,STAR,True
2015-12-31,SUNPHARMA,True
2015-12-31,SUNTV,True
2015-12-31,SUZLON,True
2015-12-31,SYNDIBANK,True
2015-12-31,TATACHEM,True
2015-12-31,TATACOMM,True
2015-12-31,TCS,True
2015-12-31,TECHM,True
2015-12-31,TITAN,True
2015-12-31,TORNTPHARM,True
2015-12-31,TV18BRDCST,True
2015-12-31,TVSMOTOR,True
2015-12-31,UBL,True
2015-12-31,ULTRACEMCO,True
2015-12-31,UNIONBANK,True
2015-12-31,UNITECH,True
2015-12-31,UPL,True
2015-12-31,VAKRANGEE,True
2015-12-31,VEDL,True
2015-12-31,VOLTAS,True
2015-12-31,WABAG,True
2015-12-31,WIPRO,True
2015-12-31,WOCKPHARMA,True
2015-12-31,YESBANK,True
2015-12-31,ZEEL,True
2016-01-31,ABB,True
2016-01-31,ADANIPOWER,True
2016-01-31,AIAENG,True
2016-01-31,ALBK,True
2016-01-31,AMBUJACEM,True
2016-01-31,AMTEKAUTO,True
2016-01-31,APOLLOHOSP,True
2016-01-31,APOLLOTYRE,True
2016-01-31,ASIANPAINT,True
2016-01-31,AUROPHARMA,True
2016-01-31,AXISBANK,True
2016-01-31,BAJAJ-AUTO,True
2016-01-31,BAJAJFINSV,True
2016-01-31,BAJFINANCE,True
2016-01-31,BALKRISIND,True
2016-01-31,BANKBARODA,True
2016-01-31,BANKINDIA,True
2016-01-31,BATAINDIA,True
2016-01-31,BEL,True
2016-01-31,BERGEPAINT,True
2016-01-31,BHARATFORG,True
2016-01-31,BHEL,True
2016-01-31,BIOCON,True
2016-01-31,BOSCHLTD,True
2016-01-31,BPCL,True
2016-01-31,CANBK,True
2016-01-31,CARERATING,True
2016-01-31,CASTROLIND,True
2016-01-31,CESC,True
2016-01-31,CIPLA,True
2016-01-31,COALINDIA,True
2016-01-31,COLPAL,True
2016-01-31,CONCOR,True
2016-01-31,CRISIL,True
2016-01-31,CUB,True
2016-01-31,CUMMINSIND,True
2016-01-31,DABUR,True
2016-01-31,DCBBANK,True
2016-01-31,DIVISLAB,True
2016-01-31,DLF,True
2016-01-31,DRREDDY,True
2016-01-31,EICHERMOT,True
2016-01-31,EMAMILTD,True
2016-01-31,ENGINERSIN,True
2016-01-31,EXIDEIND,True
2016-01-31,FEDERALBNK,True
2016-01-31,GDL,True
2016-01-31,GLENMARK,True
2016-01-31,GODREJCP,True
2016-01-31,GODREJIND,True
2016-01-31,GPPL,True
2016-01-31,GRASIM,True
2016-01-31,GRUH,True
2016-01-31,GSKCONS,True
2016-01-31,GSPL,True
2016-01-31,HAVELLS,True
2016-01-31,HCLTECH,True
2016-01-31,HDFC,True
2016-01-31,HDFCBANK,True
2016-01-31,HDIL,True
2016-01-31,HEROMOTOCO,True
2016-01-31,HEXAWARE,True
2016-01-31,HINDALCO,True
2016-01-31,HINDPETRO,True
2016-01-31,ICICIBANK,True
2016-01-31,IDBI,True
2016-01-31,IDEA,True
2016-01-31,IGL,True
2016-01-31,INDIACEM,True
2016-01-31,INDUSINDBK,True
2016-01-31,INFY,True
2016-01-31,IOC,True
2016-01-31,IPCALAB,True
2016-01-31,IRB,True
2016-01-31,ITC,True
2016-01-31,JINDALSTEL,True
2016-01-31,JISLJALEQS,True
2016-01-31,JKLAKSHMI,True
2016-01-31,JPASSOCIAT,True
2016-01-31,JSWENERGY,True
2016-01-31,JSWSTEEL,True
2016-01-31,JUBLFOOD,True
2016-01-31,JUSTDIAL,True
2016-01-31,KAJARIACER,True
2016-01-31,KARURVYSYA,True
2016-01-31,KOTAKBANK,True
2016-01-31,KSCL,True
2016-01-31,KTKBANK,True
2016-01-31,LICHSGFIN,True
2016-01-31,LT,True
2016-01-31,LUPIN,True
2016-01-31,MARICO,True
2016-01-31,MARUTI,True
2016-01-31,MINDTREE,True
2016-01-31,MRF,True
2016-01-31,NATCOPHARM,True
2016-01-31,NAUKRI,True
2016-01-31,NCC,True
2016-01-31,NHPC,True
2016-01-31,NMDC,True
2016-01-31,NTPC,True
2016-01-31,OBEROIRLTY,True
2016-01-31,OIL,True
2016-01-31,ONGC,True
2016-01-31,PEL,True
2016-01-31,PERSISTENT,True
2016-01-31,PETRONET,True
2016-01-31,PFC,True
2016-01-31,PIDILITIND,True
2016-01-31,PIIND,True
2016-01-31,PNB,True
2016-01-31,POWERGRID,True
2016-01-31,PRESTIGE,True
2016-01-31,PTC,True
2016-01-31,RAJESHEXPO,True
2016-01-31,RAYMOND,True
2016-01-31,RCOM,True
2016-01-31,RECLTD,True
2016-01-31,REDINGTON,True
2016-01-31,RELCAPITAL,True
2016-01-31,RELIANCE,True
2016-01-31,REPCOHOME,True
2016-01-31,RPOWER,True
2016-01-31,SADBHAV,True
2016-01-31,SAIL,True
2016-01-31,SBIN,True
2016-01-31,SHREECEM,True
2016-01-31,SIEMENS,True
2016-01-31,SINTEX,True
2016-01-31,SOBHA,True
2016-01-31,SOUTHBANK,True
2016-01-31,SPARC,True
2016-01-31,STAR,True
2016-01-31,SUNPHARMA,True
2016-01-31,SUNTV,True
2016-01-31,SUZLON,True
2016-01-31,SYNDIBANK,True
2016-01-31,TATACHEM,True
2016-01-31,TATACOMM,True
2016-01-31,TCS,True
2016-01-31,TECHM,True
2016-01-31,TITAN,True
2016-01-31,TORNTPHARM,True
2016-01-31,TV18BRDCST,True
2016-01-31,TVSMOTOR,True
2016-01-31,UBL,True
2016-01-31,ULTRACEMCO,True
2016-01-31,UNIONBANK,True
2016-01-31,UNITECH,True
2016-01-31,UPL,True
2016-01-31,VAKRANGEE,True
2016-01-31,VEDL,True
2016-01-31,VOLTAS,True
2016-01-31,WABAG,True
2016-01-31,WIPRO,True
2016-01-31,WOCKPHARMA,True
2016-01-31,YESBANK,True
2016-01-31,ZEEL,True
2016-02-29,ABB,True
2016-02-29,ADANIPOWER,True
2016-02-29,AIAENG,True
2016-02-29,ALBK,True
2016-02-29,AMBUJACEM,True
2016-02-29,AMTEKAUTO,True
2016-02-29,APOLLOHOSP,True
2016-02-29,APOLLOTYRE,True
2016-02-29,ASIANPAINT,True
2016-02-29,AUROPHARMA,True
2016-02-29,AXISBANK,True
2016-02-29,BAJAJ-AUTO,True
2016-02-29,BAJAJFINSV,True
2016-02-29,BAJFINANCE,True
2016-02-29,BALKRISIND,True
2016-02-29,BANKBARODA,True
2016-02-29,BANKINDIA,True
2016-02-29,BATAINDIA,True
2016-02-29,BEL,True
2016-02-29,BERGEPAINT,True
2016-02-29,BHARATFORG,True
2016-02-29,BHEL,True
2016-02-29,BIOCON,True
2016-02-29,BOSCHLTD,True
2016-02-29,BPCL,True
2016-02-29,CANBK,True
2016-02-29,CARERATING,True
2016-02-29,CASTROLIND,True
2016-02-29,CESC,True
2016-02-29,CIPLA,True
2016-02-29,COALINDIA,True
2016-02-29,COLPAL,True
2016-02-29,CONCOR,True
2016-02-29,CRISIL,True
2016-02-29,CUB,True
2016-02-29,CUMMINSIND,True
2016-02-29,DABUR,True
2016-02-29,DCBBANK,True
2016-02-29,DIVISLAB,True
2016-02-29,DLF,True
2016-02-29,DRREDDY,True
2016-02-29,EICHERMOT,True
2016-02-29,EMAMILTD,True
2016-02-29,ENGINERSIN,True
2016-02-29,EXIDEIND,True
2016-02-29,FEDERALBNK,True
2016-02-29,GDL,True
2016-02-29,GLENMARK,True
2016-02-29,GODREJCP,True
2016-02-29,GODREJIND,True
2016-02-29,GPPL,True
2016-02-29,GRASIM,True
2016-02-29,GRUH,True
2016-02-29,GSKCONS,True
2016-02-29,GSPL,True
2016-02-29,HAVELLS,True
2016-02-29,HCLTECH,True
2016-02-29,HDFC,True
2016-02-29,HDFCBANK,True
2016-02-29,HDIL,True
2016-02-29,HEROMOTOCO,True
2016-02-29,HEXAWARE,True
2016-02-29,HINDALCO,True
2016-02-29,HINDPETRO,True
2016-02-29,ICICIBANK,True
2016-02-29,IDBI,True
2016-02-29,IDEA,True
2016-02-29,IGL,True
2016-02-29,INDIACEM,True
2016-02-29,INDUSINDBK,True
2016-02-29,INFY,True
2016-02-29,IOC,True
2016-02-29,IPCALAB,True
2016-02-29,IRB,True
2016-02-29,ITC,True
2016-02-29,JINDALSTEL,True
2016-02-29,JISLJALEQS,True
2016-02-29,JKLAKSHMI,True
2016-02-29,JPASSOCIAT,True
2016-02-29,JSWENERGY,True
2016-02-29,JSWSTEEL,True
2016-02-29,JUBLFOOD,True
2016-02-29,JUSTDIAL,True
2016-02-29,KAJARIACER,True
2016-02-29,KARURVYSYA,True
2016-02-29,KOTAKBANK,True
2016-02-29,KSCL,True
2016-02-29,KTKBANK,True
2016-02-29,LICHSGFIN,True
2016-02-29,LT,True
2016-02-29,LUPIN,True
2016-02-29,MARICO,True
2016-02-29,MARUTI,True
2016-02-29,MINDTREE,True
2016-02-29,MRF,True
2016-02-29,NATCOPHARM,True
2016-02-29,NAUKRI,True
2016-02-29,NCC,True
2016-02-29,NHPC,True
2016-02-29,NMDC,True
2016-02-29,NTPC,True
2016-02-29,OBEROIRLTY,True
2016-02-29,OIL,True
2016-02-29,ONGC,True
2016-02-29,PEL,True
2016-02-29,PERSISTENT,True
2016-02-29,PETRONET,True
2016-02-29,PFC,True
2016-02-29,PIDILITIND,True
2016-02-29,PIIND,True
2016-02-29,PNB,True
2016-02-29,POWERGRID,True
2016-02-29,PRESTIGE,True
2016-02-29,PTC,True
2016-02-29,RAJESHEXPO,True
2016-02-29,RAYMOND,True
2016-02-29,RCOM,True
2016-02-29,RECLTD,True
2016-02-29,REDINGTON,True
2016-02-29,RELCAPITAL,True
2016-02-29,RELIANCE,True
2016-02-29,REPCOHOME,True
2016-02-29,RPOWER,True
2016-02-29,SADBHAV,True
2016-02-29,SAIL,True
2016-02-29,SBIN,True
2016-02-29,SHREECEM,True
2016-02-29,SIEMENS,True
2016-02-29,SINTEX,True
2016-02-29,SOBHA,True
2016-02-29,SOUTHBANK,True
2016-02-29,SPARC,True
2016-02-29,STAR,True
2016-02-29,SUNPHARMA,True
2016-02-29,SUNTV,True
2016-02-29,SUZLON,True
2016-02-29,SYNDIBANK,True
2016-02-29,TATACHEM,True
2016-02-29,TATACOMM,True
2016-02-29,TCS,True
2016-02-29,TECHM,True
2016-02-29,TITAN,True
2016-02-29,TORNTPHARM,True
2016-02-29,TV18BRDCST,True
2016-02-29,TVSMOTOR,True
2016-02-29,UBL,True
2016-02-29,ULTRACEMCO,True
2016-02-29,UNIONBANK,True
2016-02-29,UNITECH,True
2016-02-29,UPL,True
2016-02-29,VAKRANGEE,True
2016-02-29,VEDL,True
2016-02-29,VOLTAS,True
2016-02-29,WABAG,True
2016-02-29,WIPRO,True
2016-02-29,WOCKPHARMA,True
2016-02-29,YESBANK,True
2016-02-29,ZEEL,True
2016-03-31,ABB,True
2016-03-31,ADANIPOWER,True
2016-03-31,AIAENG,True
2016-03-31,ALBK,True
2016-03-31,AMBUJACEM,True
2016-03-31,AMTEKAUTO,True
2016-03-31,APOLLOHOSP,True
2016-03-31,APOLLOTYRE,True
2016-03-31,ASIANPAINT,True
2016-03-31,AUROPHARMA,True
2016-03-31,AXISBANK,True
2016-03-31,BAJAJ-AUTO,True
2016-03-31,BAJAJFINSV,True
2016-03-31,BAJFINANCE,True
2016-03-31,BALKRISIND,True
2016-03-31,BANKBARODA,True
2016-03-31,BANKINDIA,True
2016-03-31,BATAINDIA,True
2016-03-31,BEL,True
2016-03-31,BERGEPAINT,True
2016-03-31,BHARATFORG,True
2016-03-31,BHEL,True
2016-03-31,BIOCON,True
2016-03-31,BOSCHLTD,True
2016-03-31,BPCL,True
2016-03-31,CANBK,True
2016-03-31,CARERATING,True
2016-03-31,CASTROLIND,True
2016-03-31,CESC,True
2016-03-31,CIPLA,True
2016-03-31,COALINDIA,True
2016-03-31,COLPAL,True
2016-03-31,CONCOR,True
2016-03-31,CRISIL,True
2016-03-31,CUB,True
2016-03-31,CUMMINSIND,True
2016-03-31,DABUR,True
2016-03-31,DCBBANK,True
2016-03-31,DIVISLAB,True
2016-03-31,DLF,True
2016-03-31,DRREDDY,True
2016-03-31,EICHERMOT,True
2016-03-31,EMAMILTD,True
2016-03-31,ENGINERSIN,True
2016-03-31,EXIDEIND,True
2016-03-31,FEDERALBNK,True
2016-03-31,GDL,True
2016-03-31,GLENMARK,True
2016-03-31,GODREJCP,True
2016-03-31,GODREJIND,True
2016-03-31,GPPL,True
2016-03-31,GRASIM,True
2016-03-31,GRUH,True
2016-03-31,GSKCONS,True
2016-03-31,GSPL,True
2016-03-31,HAVELLS,True
2016-03-31,HCLTECH,True
2016-03-31,HDFC,True
2016-03-31,HDFCBANK,True
2016-03-31,HDIL,True
2016-03-31,HEROMOTOCO,True
2016-03-31,HEXAWARE,True
2016-03-31,HINDALCO,True
2016-03-31,HINDPETRO,True
2016-03-31,ICICIBANK,True
2016-03-31,IDBI,True
2016-03-31,IDEA,True
2016-03-31,IGL,True
2016-03-31,INDIACEM,True
2016-03-31,INDUSINDBK,True
2016-03-31,INFY,True
2016-03-31,IOC,True
2016-03-31,IPCALAB,True
2016-03-31,IRB,True
2016-03-31,ITC,True
2016-03-31,JINDALSTEL,True
2016-03-31,JISLJALEQS,True
2016-03-31,JKLAKSHMI,True
2016-03-31,JPASSOCIAT,True
2016-03-31,JSWENERGY,True
2016-03-31,JSWSTEEL,True
2016-03-31,JUBLFOOD,True
2016-03-31,JUSTDIAL,True
2016-03-31,KAJARIACER,True
2016-03-31,KARURVYSYA,True
2016-03-31,KOTAKBANK,True
2016-03-31,KSCL,True
2016-03-31,KTKBANK,True
2016-03-31,LICHSGFIN,True
2016-03-31,LT,True
2016-03-31,LUPIN,True
2016-03-31,MARICO,True
2016-03-31,MARUTI,True
2016-03-31,MINDTREE,True
2016-03-31,MRF,True
2016-03-31,NATCOPHARM,True
2016-03-31,NAUKRI,True
2016-03-31,NCC,True
2016-03-31,NHPC,True
2016-03-31,NMDC,True
2016-03-31,NTPC,True
2016-03-31,OBEROIRLTY,True
2016-03-31,OIL,True
2016-03-31,ONGC,True
2016-03-31,PEL,True
2016-03-31,PERSISTENT,True
2016-03-31,PETRONET,True
2016-03-31,PFC,True
2016-03-31,PIDILITIND,True
2016-03-31,PIIND,True
2016-03-31,PNB,True
2016-03-31,POWERGRID,True
2016-03-31,PRESTIGE,True
2016-03-31,PTC,True
2016-03-31,RAJESHEXPO,True
2016-03-31,RAYMOND,True
2016-03-31,RCOM,True
2016-03-31,RECLTD,True
2016-03-31,REDINGTON,True
2016-03-31,RELCAPITAL,True
2016-03-31,RELIANCE,True
2016-03-31,REPCOHOME,True
2016-03-31,RPOWER,True
2016-03-31,SADBHAV,True
2016-03-31,SAIL,True
2016-03-31,SBIN,True
2016-03-31,SHREECEM,True
2016-03-31,SIEMENS,True
2016-03-31,SINTEX,True
2016-03-31,SOBHA,True
2016-03-31,SOUTHBANK,True
2016-03-31,SPARC,True
2016-03-31,STAR,True
2016-03-31,SUNPHARMA,True
2016-03-31,SUNTV,True
2016-03-31,SUZLON,True
2016-03-31,SYNDIBANK,True
2016-03-31,TATACHEM,True
2016-03-31,TATACOMM,True
2016-03-31,TCS,True
2016-03-31,TECHM,True
2016-03-31,TITAN,True
2016-03-31,TORNTPHARM,True
2016-03-31,TV18BRDCST,True
2016-03-31,TVSMOTOR,True
2016-03-31,UBL,True
2016-03-31,ULTRACEMCO,True
2016-03-31,UNIONBANK,True
2016-03-31,UNITECH,True
2016-03-31,UPL,True
2016-03-31,VAKRANGEE,True
2016-03-31,VEDL,True
2016-03-31,VOLTAS,True
2016-03-31,WABAG,True
2016-03-31,WIPRO,True
2016-03-31,WOCKPHARMA,True
2016-03-31,YESBANK,True
2016-03-31,ZEEL,True
2016-04-30,ABB,True
2016-04-30,ADANIPOWER,True
2016-04-30,AIAENG,True
2016-04-30,ALBK,True
2016-04-30,AMBUJACEM,True
2016-04-30,AMTEKAUTO,True
2016-04-30,APOLLOHOSP,True
2016-04-30,APOLLOTYRE,True
2016-04-30,ASIANPAINT,True
2016-04-30,AUROPHARMA,True
2016-04-30,AXISBANK,True
2016-04-30,BAJAJ-AUTO,True
2016-04-30,BAJAJFINSV,True
2016-04-30,BAJFINANCE,True
2016-04-30,BALKRISIND,True
2016-04-30,BANKBARODA,True
2016-04-30,BANKINDIA,True
2016-04-30,BATAINDIA,True
2016-04-30,BEL,True
2016-04-30,BERGEPAINT,True
2016-04-30,BHARATFORG,True
2016-04-30,BHEL,True
2016-04-30,BIOCON,True
2016-04-30,BOSCHLTD,True
2016-04-30,BPCL,True
2016-04-30,CANBK,True
2016-04-30,CARERATING,True
2016-04-30,CASTROLIND,True
2016-04-30,CESC,True
2016-04-30,CIPLA,True
2016-04-30,COALINDIA,True
2016-04-30,COLPAL,True
2016-04-30,CONCOR,True
2016-04-30,CRISIL,True
2016-04-30,CUB,True
2016-04-30,CUMMINSIND,True
2016-04-30,DABUR,True
2016-04-30,DCBBANK,True
2016-04-30,DIVISLAB,True
2016-04-30,DLF,True
2016-04-30,DRREDDY,True
2016-04-30,EICHERMOT,True
2016-04-30,EMAMILTD,True
2016-04-30,ENGINERSIN,True
2016-04-30,EXIDEIND,True
2016-04-30,FEDERALBNK,True
2016-04-30,GDL,True
2016-04-30,GLENMARK,True
2016-04-30,GODREJCP,True
2016-04-30,GODREJIND,True
2016-04-30,GPPL,True
2016-04-30,GRASIM,True
2016-04-30,GRUH,True
2016-04-30,GSKCONS,True
2016-04-30,GSPL,True
2016-04-30,HAVELLS,True
2016-04-30,HCLTECH,True
2016-04-30,HDFC,True
2016-04-30,HDFCBANK,True
2016-04-30,HDIL,True
2016-04-30,HEROMOTOCO,True
2016-04-30,HEXAWARE,True
2016-04-30,HINDALCO,True
2016-04-30,HINDPETRO,True
2016-04-30,ICICIBANK,True
2016-04-30,IDBI,True
2016-04-30,IDEA,True
2016-04-30,IGL,True
2016-04-30,INDIACEM,True
2016-04-30,INDUSINDBK,True
2016-04-30,INFY,True
2016-04-30,IOC,True
2016-04-30,IPCALAB,True
2016-04-30,IRB,True
2016-04-30,ITC,True
2016-04-30,JINDALSTEL,True
2016-04-30,JISLJALEQS,True
2016-04-30,JKLAKSHMI,True
2016-04-30,JPASSOCIAT,True
2016-04-30,JSWENERGY,True
2016-04-30,JSWSTEEL,True
2016-04-30,JUBLFOOD,True
2016-04-30,JUSTDIAL,True
2016-04-30,KAJARIACER,True
2016-04-30,KARURVYSYA,True
2016-04-30,KOTAKBANK,True
2016-04-30,KSCL,True
2016-04-30,KTKBANK,True
2016-04-30,LICHSGFIN,True
2016-04-30,LT,True
2016-04-30,LUPIN,True
2016-04-30,MARICO,True
2016-04-30,MARUTI,True
2016-04-30,MINDTREE,True
2016-04-30,MRF,True
2016-04-30,NATCOPHARM,True
2016-04-30,NAUKRI,True
2016-04-30,NCC,True
2016-04-30,NHPC,True
2016-04-30,NMDC,True
2016-04-30,NTPC,True
2016-04-30,OBEROIRLTY,True
2016-04-30,OIL,True
2016-04-30,ONGC,True
2016-04-30,PEL,True
2016-04-30,PERSISTENT,True
2016-04-30,PETRONET,True
2016-04-30,PFC,True
2016-04-30,PIDILITIND,True
2016-04-30,PIIND,True
2016-04-30,PNB,True
2016-04-30,POWERGRID,True
2016-04-30,PRESTIGE,True
2016-04-30,PTC,True
2016-04-30,RAJESHEXPO,True
2016-04-30,RAYMOND,True
2016-04-30,RCOM,True
2016-04-30,RECLTD,True
2016-04-30,REDINGTON,True
2016-04-30,RELCAPITAL,True
2016-04-30,RELIANCE,True
2016-04-30,REPCOHOME,True
2016-04-30,RPOWER,True
2016-04-30,SADBHAV,True
2016-04-30,SAIL,True
2016-04-30,SBIN,True
2016-04-30,SHREECEM,True
2016-04-30,SIEMENS,True
2016-04-30,SINTEX,True
2016-04-30,SOBHA,True
2016-04-30,SOUTHBANK,True
2016-04-30,SPARC,True
2016-04-30,STAR,True
2016-04-30,SUNPHARMA,True
2016-04-30,SUNTV,True
2016-04-30,SUZLON,True
2016-04-30,SYNDIBANK,True
2016-04-30,TATACHEM,True
2016-04-30,TATACOMM,True
2016-04-30,TCS,True
2016-04-30,TECHM,True
2016-04-30,TITAN,True
2016-04-30,TORNTPHARM,True
2016-04-30,TV18BRDCST,True
2016-04-30,TVSMOTOR,True
2016-04-30,UBL,True
2016-04-30,ULTRACEMCO,True
2016-04-30,UNIONBANK,True
2016-04-30,UNITECH,True
2016-04-30,UPL,True
2016-04-30,VAKRANGEE,True
2016-04-30,VEDL,True
2016-04-30,VOLTAS,True
2016-04-30,WABAG,True
2016-04-30,WIPRO,True
2016-04-30,WOCKPHARMA,True
2016-04-30,YESBANK,True
2016-04-30,ZEEL,True
2016-05-31,ABB,True
2016-05-31,ADANIPOWER,True
2016-05-31,AIAENG,True
2016-05-31,ALBK,True
2016-05-31,AMBUJACEM,True
2016-05-31,APOLLOHOSP,True
2016-05-31,APOLLOTYRE,True
2016-05-31,ASIANPAINT,True
2016-05-31,AUROPHARMA,True
2016-05-31,AXISBANK,True
2016-05-31,BAJAJ-AUTO,True
2016-05-31,BAJAJFINSV,True
2016-05-31,BAJFINANCE,True
2016-05-31,BANKBARODA,True
2016-05-31,BANKINDIA,True
2016-05-31,BATAINDIA,True
2016-05-31,BEL,True
2016-05-31,BEML,True
2016-05-31,BERGEPAINT,True
2016-05-31,BHARATFORG,True
2016-05-31,BHEL,True
2016-05-31,BIOCON,True
2016-05-31,BOSCHLTD,True
2016-05-31,BPCL,True
2016-05-31,CANBK,True
2016-05-31,CASTROLIND,True
2016-05-31,CENTRALBK,True
2016-05-31,CESC,True
2016-05-31,CIPLA,True
2016-05-31,COALINDIA,True
2016-05-31,COLPAL,True
2016-05-31,CONCOR,True
2016-05-31,CRISIL,True
2016-05-31,CUMMINSIND,True
2016-05-31,DABUR,True
2016-05-31,DISHTV,True
2016-05-31,DIVISLAB,True
2016-05-31,DLF,True
2016-05-31,DRREDDY,True
2016-05-31,EICHERMOT,True
2016-05-31,EMAMILTD,True
2016-05-31,ENGINERSIN,True
2016-05-31,EXIDEIND,True
2016-05-31,FEDERALBNK,True
2016-05-31,FORTIS,True
2016-05-31,GESHIP,True
2016-05-31,GLAXO,True
2016-05-31,GLENMARK,True
2016-05-31,GODREJCP,True
2016-05-31,GODREJIND,True
2016-05-31,GPPL,True
2016-05-31,GRASIM,True
2016-05-31,GRUH,True
2016-05-31,GSKCONS,True
2016-05-31,GSPL,True
2016-05-31,HAVELLS,True
2016-05-31,HCLTECH,True
2016-05-31,HDFC,True
2016-05-31,HDFCBANK,True
2016-05-31,HEROMOTOCO,True
2016-05-31,HEXAWARE,True
2016-05-31,HINDALCO,True
2016-05-31,HINDCOPPER,True
2016-05-31,HINDPETRO,True
2016-05-31,HINDZINC,True
2016-05-31,ICICIBANK,True
2016-05-31,IDBI,True
2016-05-31,IDEA,True
2016-05-31,IDFC,True
2016-05-31,IGL,True
2016-05-31,INDIANB,True
2016-05-31,INDUSINDBK,True
2016-05-31,INFY,True
2016-05-31,INOXWIND,True
2016-05-31,IOB,True
2016-05-31,IOC,True
2016-05-31,IPCALAB,True
2016-05-31,IRB,True
2016-05-31,ITC,True
2016-05-31,JETAIRWAYS,True
2016-05-31,JINDALSTEL,True
2016-05-31,JSWENERGY,True
2016-05-31,JSWSTEEL,True
2016-05-31,JUBLFOOD,True
2016-05-31,JUSTDIAL,True
2016-05-31,KARURVYSYA,True
2016-05-31,KOTAKBANK,True
2016-05-31,LICHSGFIN,True
2016-05-31,LT,True
2016-05-31,LUPIN,True
2016-05-31,MARICO,True
2016-05-31,MARUTI,True
2016-05-31,MINDTREE,True
2016-05-31,MPHASIS,True
2016-05-31,MRF,True
2016-05-31,NATCOPHARM,True
2016-05-31,NATIONALUM,True
2016-05-31,NAUKRI,True
2016-05-31,NBCC,True
2016-05-31,NHPC,True
2016-05-31,NMDC,True
2016-05-31,NTPC,True
2016-05-31,OBEROIRLTY,True
2016-05-31,OIL,True
2016-05-31,ONGC,True
2016-05-31,PCJEWELLER,True
2016-05-31,PEL,True
2016-05-31,PERSISTENT,True
2016-05-31,PETRONET,True
2016-05-31,PFC,True
2016-05-31,PFIZER,True
2016-05-31,PGHH,True
2016-05-31,PIDILITIND,True
2016-05-31,PNB,True
2016-05-31,POWERGRID,True
2016-05-31,PRESTIGE,True
2016-05-31,RAJESHEXPO,True
2016-05-31,RAMCOCEM,True
2016-05-31,RCOM,True
2016-05-31,RECLTD,True
2016-05-31,REDINGTON,True
2016-05-31,RELCAPITAL,True
2016-05-31,RELIANCE,True
2016-05-31,RPOWER,True
2016-05-31,SAIL,True
2016-05-31,SBIN,True
2016-05-31,SHREECEM,True
2016-05-31,SIEMENS,True
2016-05-31,SPARC,True
2016-05-31,STAR,True
2016-05-31,SUNPHARMA,True
2016-05-31,SUNTV,True
2016-05-31,SUZLON,True
2016-05-31,SYNDIBANK,True
2016-05-31,SYNGENE,True
2016-05-31,TATACHEM,True
2016-05-31,TATACOMM,True
2016-05-31,TATAELXSI,True
2016-05-31,TCS,True
2016-05-31,TECHM,True
2016-05-31,THERMAX,True
2016-05-31,TITAN,True
2016-05-31,TORNTPHARM,True
2016-05-31,TORNTPOWER,True
2016-05-31,TTKPRESTIG,True
2016-05-31,TV18BRDCST,True
2016-05-31,TVSMOTOR,True
2016-05-31,UBL,True
2016-05-31,UCOBANK,True
2016-05-31,ULTRACEMCO,True
2016-05-31,UNIONBANK,True
2016-05-31,UPL,True
2016-05-31,VAKRANGEE,True
2016-05-31,VEDL,True
2016-05-31,VIDEOIND,True
2016-05-31,VOLTAS,True
2016-05-31,WIPRO,True
2016-05-31,WOCKPHARMA,True
2016-05-31,YESBANK,True
2016-05-31,ZEEL,True
2016-06-30,ABB,True
2016-06-30,ADANIPOWER,True
2016-06-30,AIAENG,True
2016-06-30,ALBK,True
2016-06-30,AMBUJACEM,True
2016-06-30,APOLLOHOSP,True
2016-06-30,APOLLOTYRE,True
2016-06-30,ASIANPAINT,True
2016-06-30,AUROPHARMA,True
2016-06-30,AXISBANK,True
2016-06-30,BAJAJ-AUTO,True
2016-06-30,BAJAJFINSV,True
2016-06-30,BAJFINANCE,True
2016-06-30,BANKBARODA,True
2016-06-30,BANKINDIA,True
2016-06-30,BATAINDIA,True
2016-06-30,BEL,True
2016-06-30,BEML,True
2016-06-30,BERGEPAINT,True
2016-06-30,BHARATFORG,True
2016-06-30,BHEL,True
2016-06-30,BIOCON,True
2016-06-30,BOSCHLTD,True
2016-06-30,BPCL,True
2016-06-30,CANBK,True
2016-06-30,CASTROLIND,True
2016-06-30,CENTRALBK,True
2016-06-30,CESC,True
2016-06-30,CIPLA,True
2016-06-30,COALINDIA,True
2016-06-30,COLPAL,True
2016-06-30,CONCOR,True
2016-06-30,CRISIL,True
2016-06-30,CUMMINSIND,True
2016-06-30,DABUR,True
2016-06-30,DISHTV,True
2016-06-30,DIVISLAB,True
2016-06-30,DLF,True
2016-06-30,DRREDDY,True
2016-06-30,EICHERMOT,True
2016-06-30,EMAMILTD,True
2016-06-30,ENGINERSIN,True
2016-06-30,EXIDEIND,True
2016-06-30,FEDERALBNK,True
2016-06-30,FORTIS,True
2016-06-30,GESHIP,True
2016-06-30,GLAXO,True
2016-06-30,GLENMARK,True
2016-06-30,GODREJCP,True
2016-06-30,GODREJIND,True
2016-06-30,GPPL,True
2016-06-30,GRASIM,True
2016-06-30,GRUH,True
2016-06-30,GSKCONS,True
2016-06-30,GSPL,True
2016-06-30,HAVELLS,True
2016-06-30,HCLTECH,True
2016-06-30,HDFC,True
2016-06-30,HDFCBANK,True
2016-06-30,HEROMOTOCO,True
2016-06-30,HEXAWARE,True
2016-06-30,HINDALCO,True
2016-06-30,HINDCOPPER,True
2016-06-30,HINDPETRO,True
2016-06-30,HINDZINC,True
2016-06-30,ICICIBANK,True
2016-06-30,IDBI,True
2016-06-30,IDEA,True
2016-06-30,IDFC,True
2016-06-30,IGL,True
2016-06-30,INDIANB,True
2016-06-30,INDUSINDBK,True
2016-06-30,INFY,True
2016-06-30,INOXWIND,True
2016-06-30,IOB,True
2016-06-30,IOC,True
2016-06-30,IPCALAB,True
2016-06-30,IRB,True
2016-06-30,ITC,True
2016-06-30,JETAIRWAYS,True
2016-06-30,JINDALSTEL,True
2016-06-30,JSWENERGY,True
2016-06-30,JSWSTEEL,True
2016-06-30,JUBLFOOD,True
2016-06-30,JUSTDIAL,True
2016-06-30,KARURVYSYA,True
2016-06-30,KOTAKBANK,True
2016-06-30,LICHSGFIN,True
2016-06-30,LT,True
2016-06-30,LUPIN,True
2016-06-30,MARICO,True
2016-06-30,MARUTI,True
2016-06-30,MINDTREE,True
2016-06-30,MPHASIS,True
2016-06-30,MRF,True
2016-06-30,NATCOPHARM,True
2016-06-30,NATIONALUM,True
2016-06-30,NAUKRI,True
2016-06-30,NBCC,True
2016-06-30,NHPC,True
2016-06-30,NMDC,True
2016-06-30,NTPC,True
2016-06-30,OBEROIRLTY,True
2016-06-30,OIL,True
2016-06-30,ONGC,True
2016-06-30,PCJEWELLER,True
2016-06-30,PEL,True
2016-06-30,PERSISTENT,True
2016-06-30,PETRONET,True
2016-06-30,PFC,True
2016-06-30,PFIZER,True
2016-06-30,PGHH,True
2016-06-30,PIDILITIND,True
2016-06-30,PNB,True
2016-06-30,POWERGRID,True
2016-06-30,PRESTIGE,True
2016-06-30,RAJESHEXPO,True
2016-06-30,RAMCOCEM,True
2016-06-30,RCOM,True
2016-06-30,RECLTD,True
2016-06-30,REDINGTON,True
2016-06-30,RELCAPITAL,True
2016-06-30,RELIANCE,True
2016-06-30,RPOWER,True
2016-06-30,SAIL,True
2016-06-30,SBIN,True
2016-06-30,SHREECEM,True
2016-06-30,SIEMENS,True
2016-06-30,SPARC,True
2016-06-30,STAR,True
2016-06-30,SUNPHARMA,True
2016-06-30,SUNTV,True
2016-06-30,SUZLON,True
2016-06-30,SYNDIBANK,True
2016-06-30,SYNGENE,True
2016-06-30,TATACHEM,True
2016-06-30,TATACOMM,True
2016-06-30,TATAELXSI,True
2016-06-30,TCS,True
2016-06-30,TECHM,True
2016-06-30,THERMAX,True
2016-06-30,TITAN,True
2016-06-30,TORNTPHARM,True
2016-06-30,TORNTPOWER,True
2016-06-30,TTKPRESTIG,True
2016-06-30,TV18BRDCST,True
2016-06-30,TVSMOTOR,True
2016-06-30,UBL,True
2016-06-30,UCOBANK,True
2016-06-30,ULTRACEMCO,True
2016-06-30,UNIONBANK,True
2016-06-30,UPL,True
2016-06-30,VAKRANGEE,True
2016-06-30,VEDL,True
2016-06-30,VIDEOIND,True
2016-06-30,VOLTAS,True
2016-06-30,WIPRO,True
2016-06-30,WOCKPHARMA,True
2016-06-30,YESBANK,True
2016-06-30,ZEEL,True
2016-07-31,ABB,True
2016-07-31,ADANIPOWER,True
2016-07-31,AIAENG,True
2016-07-31,ALBK,True
2016-07-31,AMBUJACEM,True
2016-07-31,APOLLOHOSP,True
2016-07-31,APOLLOTYRE,True
2016-07-31,ASIANPAINT,True
2016-07-31,AUROPHARMA,True
2016-07-31,AXISBANK,True
2016-07-31,BAJAJ-AUTO,True
2016-07-31,BAJAJFINSV,True
2016-07-31,BAJFINANCE,True
2016-07-31,BANKBARODA,True
2016-07-31,BANKINDIA,True
2016-07-31,BATAINDIA,True
2016-07-31,BEL,True
2016-07-31,BEML,True
2016-07-31,BERGEPAINT,True
2016-07-31,BHARATFORG,True
2016-07-31,BHEL,True
2016-07-31,BIOCON,True
2016-07-31,BOSCHLTD,True
2016-07-31,BPCL,True
2016-07-31,CANBK,True
2016-07-31,CASTROLIND,True
2016-07-31,CENTRALBK,True
2016-07-31,CESC,True
2016-07-31,CIPLA,True
2016-07-31,COALINDIA,True
2016-07-31,COLPAL,True
2016-07-31,CONCOR,True
2016-07-31,CRISIL,True
2016-07-31,CUMMINSIND,True
2016-07-31,DABUR,True
2016-07-31,DISHTV,True
2016-07-31,DIVISLAB,True
2016-07-31,DLF,True
2016-07-31,DRREDDY,True
2016-07-31,EICHERMOT,True
2016-07-31,EMAMILTD,True
2016-07-31,ENGINERSIN,True
2016-07-31,EXIDEIND,True
2016-07-31,FEDERALBNK,True
2016-07-31,FORTIS,True
2016-07-31,GESHIP,True
2016-07-31,GLAXO,True
2016-07-31,GLENMARK,True
2016-07-31,GODREJCP,True
2016-07-31,GODREJIND,True
2016-07-31,GPPL,True
2016-07-31,GRASIM,True
2016-07-31,GRUH,True
2016-07-31,GSKCONS,True
2016-07-31,GSPL,True
2016-07-31,HAVELLS,True
2016-07-31,HCLTECH,True
2016-07-31,HDFC,True
2016-07-31,HDFCBANK,True
2016-07-31,HEROMOTOCO,True
2016-07-31,HEXAWARE,True
2016-07-31,HINDALCO,True
2016-07-31,HINDCOPPER,True
2016-07-31,HINDPETRO,True
2016-07-31,HINDZINC,True
2016-07-31,ICICIBANK,True
2016-07-31,IDBI,True
2016-07-31,IDEA,True
2016-07-31,IDFC,True
2016-07-31,IGL,True
2016-07-31,INDIANB,True
2016-07-31,INDUSINDBK,True
2016-07-31,INFY,True
2016-07-31,INOXWIND,True
2016-07-31,IOB,True
2016-07-31,IOC,True
2016-07-31,IPCALAB,True
2016-07-31,IRB,True
2016-07-31,ITC,True
2016-07-31,JETAIRWAYS,True
2016-07-31,JINDALSTEL,True
2016-07-31,JSWENERGY,True
2016-07-31,JSWSTEEL,True
2016-07-31,JUBLFOOD,True
2016-07-31,JUSTDIAL,True
2016-07-31,KARURVYSYA,True
2016-07-31,KOTAKBANK,True
2016-07-31,LICHSGFIN,True
2016-07-31,LT,True
2016-07-31,LUPIN,True
2016-07-31,MARICO,True
2016-07-31,MARUTI,True
2016-07-31,MINDTREE,True
2016-07-31,MPHASIS,True
2016-07-31,MRF,True
2016-07-31,NATCOPHARM,True
2016-07-31,NATIONALUM,True
2016-07-31,NAUKRI,True
2016-07-31,NBCC,True
2016-07-31,NHPC,True
2016-07-31,NMDC,True
2016-07-31,NTPC,True
2016-07-31,OBEROIRLTY,True
2016-07-31,OIL,True
2016-07-31,ONGC,True
2016-07-31,PCJEWELLER,True
2016-07-31,PEL,True
2016-07-31,PERSISTENT,True
2016-07-31,PETRONET,True
2016-07-31,PFC,True
2016-07-31,PFIZER,True
2016-07-31,PGHH,True
2016-07-31,PIDILITIND,True
2016-07-31,PNB,True
2016-07-31,POWERGRID,True
2016-07-31,PRESTIGE,True
2016-07-31,RAJESHEXPO,True
2016-07-31,RAMCOCEM,True
2016-07-31,RCOM,True
2016-07-31,RECLTD,True
2016-07-31,REDINGTON,True
2016-07-31,RELCAPITAL,True
2016-07-31,RELIANCE,True
2016-07-31,RPOWER,True
2016-07-31,SAIL,True
2016-07-31,SBIN,True
2016-07-31,SHREECEM,True
2016-07-31,SIEMENS,True
2016-07-31,SPARC,True
2016-07-31,STAR,True
2016-07-31,SUNPHARMA,True
2016-07-31,SUNTV,True
2016-07-31,SUZLON,True
2016-07-31,SYNDIBANK,True
2016-07-31,SYNGENE,True
2016-07-31,TATACHEM,True
2016-07-31,TATACOMM,True
2016-07-31,TATAELXSI,True
2016-07-31,TCS,True
2016-07-31,TECHM,True
2016-07-31,THERMAX,True
2016-07-31,TITAN,True
2016-07-31,TORNTPHARM,True
2016-07-31,TORNTPOWER,True
2016-07-31,TTKPRESTIG,True
2016-07-31,TV18BRDCST,True
2016-07-31,TVSMOTOR,True
2016-07-31,UBL,True
2016-07-31,UCOBANK,True
2016-07-31,ULTRACEMCO,True
2016-07-31,UNIONBANK,True
2016-07-31,UPL,True
2016-07-31,VAKRANGEE,True
2016-07-31,VEDL,True
2016-07-31,VIDEOIND,True
2016-07-31,VOLTAS,True
2016-07-31,WIPRO,True
2016-07-31,WOCKPHARMA,True
2016-07-31,YESBANK,True
2016-07-31,ZEEL,True
2016-08-31,ABB,True
2016-08-31,ADANIPOWER,True
2016-08-31,AIAENG,True
2016-08-31,ALBK,True
2016-08-31,AMBUJACEM,True
2016-08-31,APOLLOHOSP,True
2016-08-31,APOLLOTYRE,True
2016-08-31,ASIANPAINT,True
2016-08-31,AUROPHARMA,True
2016-08-31,AXISBANK,True
2016-08-31,BAJAJ-AUTO,True
2016-08-31,BAJAJFINSV,True
2016-08-31,BAJFINANCE,True
2016-08-31,BANKBARODA,True
2016-08-31,BANKINDIA,True
2016-08-31,BATAINDIA,True
2016-08-31,BEL,True
2016-08-31,BEML,True
2016-08-31,BERGEPAINT,True
2016-08-31,BHARATFIN,True
2016-08-31,BHARATFORG,True
2016-08-31,BHEL,True
2016-08-31,BIOCON,True
2016-08-31,BOSCHLTD,True
2016-08-31,BPCL,True
2016-08-31,CANBK,True
2016-08-31,CASTROLIND,True
2016-08-31,CENTRALBK,True
2016-08-31,CESC,True
2016-08-31,CIPLA,True
2016-08-31,COALINDIA,True
2016-08-31,COLPAL,True
2016-08-31,CONCOR,True
2016-08-31,CRISIL,True
2016-08-31,CUMMINSIND,True
2016-08-31,DABUR,True
2016-08-31,DISHTV,True
2016-08-31,DIVISLAB,True
2016-08-31,DLF,True
2016-08-31,DRREDDY,True
2016-08-31,EICHERMOT,True
2016-08-31,EMAMILTD,True
2016-08-31,ENGINERSIN,True
2016-08-31,EXIDEIND,True
2016-08-31,FEDERALBNK,True
2016-08-31,FORTIS,True
2016-08-31,GESHIP,True
2016-08-31,GLAXO,True
2016-08-31,GLENMARK,True
2016-08-31,GODREJCP,True
2016-08-31,GODREJIND,True
2016-08-31,GPPL,True
2016-08-31,GRASIM,True
2016-08-31,GRUH,True
2016-08-31,GSKCONS,True
2016-08-31,GSPL,True
2016-08-31,HAVELLS,True
2016-08-31,HCLTECH,True
2016-08-31,HDFC,True
2016-08-31,HDFCBANK,True
2016-08-31,HEROMOTOCO,True
2016-08-31,HEXAWARE,True
2016-08-31,HINDALCO,True
2016-08-31,HINDCOPPER,True
2016-08-31,HINDPETRO,True
2016-08-31,HINDZINC,True
2016-08-31,ICICIBANK,True
2016-08-31,IDBI,True
2016-08-31,IDEA,True
2016-08-31,IDFC,True
2016-08-31,IGL,True
2016-08-31,INDIANB,True
2016-08-31,INDUSINDBK,True
2016-08-31,INFY,True
2016-08-31,INOXWIND,True
2016-08-31,IOB,True
2016-08-31,IOC,True
2016-08-31,IPCALAB,True
2016-08-31,IRB,True
2016-08-31,ITC,True
2016-08-31,JETAIRWAYS,True
2016-08-31,JINDALSTEL,True
2016-08-31,JSWENERGY,True
2016-08-31,JSWSTEEL,True
2016-08-31,JUBLFOOD,True
2016-08-31,JUSTDIAL,True
2016-08-31,KARURVYSYA,True
2016-08-31,KOTAKBANK,True
2016-08-31,LICHSGFIN,True
2016-08-31,LT,True
2016-08-31,LUPIN,True
2016-08-31,MARICO,True
2016-08-31,MARUTI,True
2016-08-31,MINDTREE,True
2016-08-31,MPHASIS,True
2016-08-31,MRF,True
2016-08-31,NATCOPHARM,True
2016-08-31,NATIONALUM,True
2016-08-31,NAUKRI,True
2016-08-31,NBCC,True
2016-08-31,NHPC,True
2016-08-31,NMDC,True
2016-08-31,NTPC,True
2016-08-31,OBEROIRLTY,True
2016-08-31,OIL,True
2016-08-31,ONGC,True
2016-08-31,PCJEWELLER,True
2016-08-31,PEL,True
2016-08-31,PERSISTENT,True
2016-08-31,PETRONET,True
2016-08-31,PFC,True
2016-08-31,PFIZER,True
2016-08-31,PGHH,True
2016-08-31,PIDILITIND,True
2016-08-31,PNB,True
2016-08-31,POWERGRID,True
2016-08-31,PRESTIGE,True
2016-08-31,RAJESHEXPO,True
2016-08-31,RAMCOCEM,True
2016-08-31,RCOM,True
2016-08-31,RECLTD,True
2016-08-31,REDINGTON,True
2016-08-31,RELCAPITAL,True
2016-08-31,RELIANCE,True
2016-08-31,RPOWER,True
2016-08-31,SAIL,True
2016-08-31,SBIN,True
2016-08-31,SHREECEM,True
2016-08-31,SIEMENS,True
2016-08-31,SPARC,True
2016-08-31,STAR,True
2016-08-31,SUNPHARMA,True
2016-08-31,SUNTV,True
2016-08-31,SUZLON,True
2016-08-31,SYNDIBANK,True
2016-08-31,SYNGENE,True
2016-08-31,TATACHEM,True
2016-08-31,TATACOMM,True
2016-08-31,TATAELXSI,True
2016-08-31,TCS,True
2016-08-31,TECHM,True
2016-08-31,THERMAX,True
2016-08-31,TITAN,True
2016-08-31,TORNTPHARM,True
2016-08-31,TORNTPOWER,True
2016-08-31,TTKPRESTIG,True
2016-08-31,TV18BRDCST,True
2016-08-31,TVSMOTOR,True
2016-08-31,UBL,True
2016-08-31,UCOBANK,True
2016-08-31,ULTRACEMCO,True
2016-08-31,UNIONBANK,True
2016-08-31,UPL,True
2016-08-31,VAKRANGEE,True
2016-08-31,VEDL,True
2016-08-31,VIDEOIND,True
2016-08-31,VOLTAS,True
2016-08-31,WIPRO,True
2016-08-31,WOCKPHARMA,True
2016-08-31,YESBANK,True
2016-08-31,ZEEL,True
2016-09-30,ABB,True
2016-09-30,ABFRL,True
2016-09-30,ABIRLANUVO,True
2016-09-30,ADANIPOWER,True
2016-09-30,AIAENG,True
2016-09-30,AMBUJACEM,True
2016-09-30,APOLLOHOSP,True
2016-09-30,APOLLOTYRE,True
2016-09-30,ASIANPAINT,True
2016-09-30,AUROPHARMA,True
2016-09-30,AXISBANK,True
2016-09-30,BAJAJ-AUTO,True
2016-09-30,BAJAJFINSV,True
2016-09-30,BAJFINANCE,True
2016-09-30,BANKBARODA,True
2016-09-30,BANKINDIA,True
2016-09-30,BATAINDIA,True
2016-09-30,BEL,True
2016-09-30,BERGEPAINT,True
2016-09-30,BHARATFIN,True
2016-09-30,BHARATFORG,True
2016-09-30,BHEL,True
2016-09-30,BIOCON,True
2016-09-30,BOSCHLTD,True
2016-09-30,BPCL,True
2016-09-30,CANBK,True
2016-09-30,CASTROLIND,True
2016-09-30,CENTRALBK,True
2016-09-30,CESC,True
2016-09-30,CHOLAFIN,True
2016-09-30,CIPLA,True
2016-09-30,COALINDIA,True
2016-09-30,COLPAL,True
2016-09-30,CONCOR,True
2016-09-30,COROMANDEL,True
2016-09-30,CRISIL,True
2016-09-30,CUMMINSIND,True
2016-09-30,DABUR,True
2016-09-30,DISHTV,True
2016-09-30,DIVISLAB,True
2016-09-30,DLF,True
2016-09-30,DRREDDY,True
2016-09-30,EICHERMOT,True
2016-09-30,EMAMILTD,True
2016-09-30,ENGINERSIN,True
2016-09-30,EXIDEIND,True
2016-09-30,FEDERALBNK,True
2016-09-30,FORTIS,True
2016-09-30,GLAXO,True
2016-09-30,GLENMARK,True
2016-09-30,GODREJCP,True
2016-09-30,GODREJIND,True
2016-09-30,GPPL,True
2016-09-30,GRASIM,True
2016-09-30,GRUH,True
2016-09-30,GSKCONS,True
2016-09-30,GSPL,True
2016-09-30,HAVELLS,True
2016-09-30,HCLTECH,True
2016-09-30,HDFC,True
2016-09-30,HDFCBANK,True
2016-09-30,HEROMOTOCO,True
2016-09-30,HEXAWARE,True
2016-09-30,HINDALCO,True
2016-09-30,HINDPETRO,True
2016-09-30,HINDZINC,True
2016-09-30,ICICIBANK,True
2016-09-30,IDBI,True
2016-09-30,IDEA,True
2016-09-30,IDFC,True
2016-09-30,IGL,True
2016-09-30,INDIANB,True
2016-09-30,INDIGO,True
2016-09-30,INDUSINDBK,True
2016-09-30,INFY,True
2016-09-30,INOXWIND,True
2016-09-30,IOB,True
2016-09-30,IOC,True
2016-09-30,IPCALAB,True
2016-09-30,IRB,True
2016-09-30,ITC,True
2016-09-30,JETAIRWAYS,True
2016-09-30,JINDALSTEL,True
2016-09-30,JSWENERGY,True
2016-09-30,JSWSTEEL,True
2016-09-30,JUBLFOOD,True
2016-09-30,JUSTDIAL,True
2016-09-30,KARURVYSYA,True
2016-09-30,KOTAKBANK,True
2016-09-30,LICHSGFIN,True
2016-09-30,LT,True
2016-09-30,LUPIN,True
2016-09-30,MARICO,True
2016-09-30,MARUTI,True
2016-09-30,MFSL,True
2016-09-30,MINDTREE,True
2016-09-30,MPHASIS,True
2016-09-30,MRF,True
2016-09-30,NATCOPHARM,True
2016-09-30,NATIONALUM,True
2016-09-30,NAUKRI,True
2016-09-30,NBCC,True
2016-09-30,NHPC,True
2016-09-30,NMDC,True
2016-09-30,NTPC,True
2016-09-30,OBEROIRLTY,True
2016-09-30,OIL,True
2016-09-30,ONGC,True
2016-09-30,PCJEWELLER,True
2016-09-30,PEL,True
2016-09-30,PERSISTENT,True
2016-09-30,PETRONET,True
2016-09-30,PFC,True
2016-09-30,PFIZER,True
2016-09-30,PGHH,True
2016-09-30,PIDILITIND,True
2016-09-30,PIIND,True
2016-09-30,PNB,True
2016-09-30,POWERGRID,True
2016-09-30,PRESTIGE,True
2016-09-30,RAJESHEXPO,True
2016-09-30,RAMCOCEM,True
2016-09-30,RCOM,True
2016-09-30,RECLTD,True
2016-09-30,RELCAPITAL,True
2016-09-30,RELIANCE,True
2016-09-30,RPOWER,True
2016-09-30,SAIL,True
2016-09-30,SBIN,True
2016-09-30,SHREECEM,True
2016-09-30,SIEMENS,True
2016-09-30,SPARC,True
2016-09-30,STAR,True
2016-09-30,SUNPHARMA,True
2016-09-30,SUNTV,True
2016-09-30,SUZLON,True
2016-09-30,SYNDIBANK,True
2016-09-30,SYNGENE,True
2016-09-30,TATACHEM,True
2016-09-30,TATACOMM,True
2016-09-30,TATAELXSI,True
2016-09-30,TCS,True
2016-09-30,TECHM,True
2016-09-30,THERMAX,True
2016-09-30,TITAN,True
2016-09-30,TORNTPHARM,True
2016-09-30,TORNTPOWER,True
2016-09-30,TV18BRDCST,True
2016-09-30,TVSMOTOR,True
2016-09-30,UBL,True
2016-09-30,ULTRACEMCO,True
2016-09-30,UNIONBANK,True
2016-09-30,UPL,True
2016-09-30,VAKRANGEE,True
2016-09-30,VEDL,True
2016-09-30,VOLTAS,True
2016-09-30,WIPRO,True
2016-09-30,WOCKPHARMA,True
2016-09-30,YESBANK,True
2016-09-30,ZEEL,True
2016-10-31,ABB,True
2016-10-31,ABFRL,True
2016-10-31,ABIRLANUVO,True
2016-10-31,ADANIPOWER,True
2016-10-31,AIAENG,True
2016-10-31,AMBUJACEM,True
2016-10-31,APOLLOHOSP,True
2016-10-31,APOLLOTYRE,True
2016-10-31,ASIANPAINT,True
2016-10-31,AUROPHARMA,True
2016-10-31,AXISBANK,True
2016-10-31,BAJAJ-AUTO,True
2016-10-31,BAJAJFINSV,True
2016-10-31,BAJFINANCE,True
2016-10-31,BANKBARODA,True
2016-10-31,BANKINDIA,True
2016-10-31,BATAINDIA,True
2016-10-31,BEL,True
2016-10-31,BERGEPAINT,True
2016-10-31,BHARATFIN,True
2016-10-31,BHARATFORG,True
2016-10-31,BHEL,True
2016-10-31,BIOCON,True
2016-10-31,BOSCHLTD,True
2016-10-31,BPCL,True
2016-10-31,CANBK,True
2016-10-31,CASTROLIND,True
2016-10-31,CENTRALBK,True
2016-10-31,CESC,True
2016-10-31,CHOLAFIN,True
2016-10-31,CIPLA,True
2016-10-31,COALINDIA,True
2016-10-31,COLPAL,True
2016-10-31,CONCOR,True
2016-10-31,COROMANDEL,True
2016-10-31,CRISIL,True
2016-10-31,CUMMINSIND,True
2016-10-31,DABUR,True
2016-10-31,DISHTV,True
2016-10-31,DIVISLAB,True
2016-10-31,DLF,True
2016-10-31,DRREDDY,True
2016-10-31,EICHERMOT,True
2016-10-31,EMAMILTD,True
2016-10-31,ENGINERSIN,True
2016-10-31,EXIDEIND,True
2016-10-31,FEDERALBNK,True
2016-10-31,FORTIS,True
2016-10-31,GLAXO,True
2016-10-31,GLENMARK,True
2016-10-31,GODREJCP,True
2016-10-31,GODREJIND,True
2016-10-31,GPPL,True
2016-10-31,GRASIM,True
2016-10-31,GRUH,True
2016-10-31,GSKCONS,True
2016-10-31,GSPL,True
2016-10-31,HAVELLS,True
2016-10-31,HCLTECH,True
2016-10-31,HDFC,True
2016-10-31,HDFCBANK,True
2016-10-31,HEROMOTOCO,True
2016-10-31,HEXAWARE,True
2016-10-31,HINDALCO,True
2016-10-31,HINDPETRO,True
2016-10-31,HINDZINC,True
2016-10-31,ICICIBANK,True
2016-10-31,IDBI,True
2016-10-31,IDEA,True
2016-10-31,IDFC,True
2016-10-31,IGL,True
2016-10-31,INDIANB,True
2016-10-31,INDIGO,True
2016-10-31,INDUSINDBK,True
2016-10-31,INFY,True
2016-10-31,INOXWIND,True
2016-10-31,IOB,True
2016-10-31,IOC,True
2016-10-31,IPCALAB,True
2016-10-31,IRB,True
2016-10-31,ITC,True
2016-10-31,JETAIRWAYS,True
2016-10-31,JINDALSTEL,True
2016-10-31,JSWENERGY,True
2016-10-31,JSWSTEEL,True
2016-10-31,JUBLFOOD,True
2016-10-31,JUSTDIAL,True
2016-10-31,KARURVYSYA,True
2016-10-31,KOTAKBANK,True
2016-10-31,LICHSGFIN,True
2016-10-31,LT,True
2016-10-31,LUPIN,True
2016-10-31,MARICO,True
2016-10-31,MARUTI,True
2016-10-31,MFSL,True
2016-10-31,MINDTREE,True
2016-10-31,MPHASIS,True
2016-10-31,MRF,True
2016-10-31,NATCOPHARM,True
2016-10-31,NATIONALUM,True
2016-10-31,NAUKRI,True
2016-10-31,NBCC,True
2016-10-31,NHPC,True
2016-10-31,NMDC,True
2016-10-31,NTPC,True
2016-10-31,OBEROIRLTY,True
2016-10-31,OIL,True
2016-10-31,ONGC,True
2016-10-31,PCJEWELLER,True
2016-10-31,PEL,True
2016-10-31,PERSISTENT,True
2016-10-31,PETRONET,True
2016-10-31,PFC,True
2016-10-31,PFIZER,True
2016-10-31,PGHH,True
2016-10-31,PIDILITIND,True
2016-10-31,PIIND,True
2016-10-31,PNB,True
2016-10-31,POWERGRID,True
2016-10-31,PRESTIGE,True
2016-10-31,RAJESHEXPO,True
2016-10-31,RAMCOCEM,True
2016-10-31,RCOM,True
2016-10-31,RECLTD,True
2016-10-31,RELCAPITAL,True
2016-10-31,RELIANCE,True
2016-10-31,RPOWER,True
2016-10-31,SAIL,True
2016-10-31,SBIN,True
2016-10-31,SHREECEM,True
2016-10-31,SIEMENS,True
2016-10-31,SPARC,True
2016-10-31,STAR,True
2016-10-31,SUNPHARMA,True
2016-10-31,SUNTV,True
2016-10-31,SUZLON,True
2016-10-31,SYNDIBANK,True
2016-10-31,SYNGENE,True
2016-10-31,TATACHEM,True
2016-10-31,TATACOMM,True
2016-10-31,TATAELXSI,True
2016-10-31,TCS,True
2016-10-31,TECHM,True
2016-10-31,THERMAX,True
2016-10-31,TITAN,True
2016-10-31,TORNTPHARM,True
2016-10-31,TORNTPOWER,True
2016-10-31,TV18BRDCST,True
2016-10-31,TVSMOTOR,True
2016-10-31,UBL,True
2016-10-31,ULTRACEMCO,True
2016-10-31,UNIONBANK,True
2016-10-31,UPL,True
2016-10-31,VAKRANGEE,True
2016-10-31,VEDL,True
2016-10-31,VOLTAS,True
2016-10-31,WIPRO,True
2016-10-31,WOCKPHARMA,True
2016-10-31,YESBANK,True
2016-10-31,ZEEL,True
2016-11-30,ABB,True
2016-11-30,ABFRL,True
2016-11-30,ABIRLANUVO,True
2016-11-30,ADANIPOWER,True
2016-11-30,AIAENG,True
2016-11-30,AMBUJACEM,True
2016-11-30,APOLLOHOSP,True
2016-11-30,APOLLOTYRE,True
2016-11-30,ASIANPAINT,True
2016-11-30,AUROPHARMA,True
2016-11-30,AXISBANK,True
2016-11-30,BAJAJ-AUTO,True
2016-11-30,BAJAJFINSV,True
2016-11-30,BAJFINANCE,True
2016-11-30,BANKBARODA,True
2016-11-30,BANKINDIA,True
2016-11-30,BATAINDIA,True
2016-11-30,BEL,True
2016-11-30,BERGEPAINT,True
2016-11-30,BHARATFIN,True
2016-11-30,BHARATFORG,True
2016-11-30,BHEL,True
2016-11-30,BIOCON,True
2016-11-30,BOSCHLTD,True
2016-11-30,BPCL,True
2016-11-30,CANBK,True
2016-11-30,CASTROLIND,True
2016-11-30,CENTRALBK,True
2016-11-30,CESC,True
2016-11-30,CHOLAFIN,True
2016-11-30,CIPLA,True
2016-11-30,COALINDIA,True
2016-11-30,COLPAL,True
2016-11-30,CONCOR,True
2016-11-30,COROMANDEL,True
2016-11-30,CRISIL,True
2016-11-30,CROMPTON,True
2016-11-30,CUMMINSIND,True
2016-11-30,DABUR,True
2016-11-30,DISHTV,True
2016-11-30,DIVISLAB,True
2016-11-30,DLF,True
2016-11-30,DRREDDY,True
2016-11-30,EICHERMOT,True
2016-11-30,EMAMILTD,True
2016-11-30,ENGINERSIN,True
2016-11-30,EXIDEIND,True
2016-11-30,FEDERALBNK,True
2016-11-30,FORTIS,True
2016-11-30,GLAXO,True
2016-11-30,GLENMARK,True
2016-11-30,GODREJCP,True
2016-11-30,GODREJIND,True
2016-11-30,GPPL,True
2016-11-30,GRASIM,True
2016-11-30,GRUH,True
2016-11-30,GSKCONS,True
2016-11-30,GSPL,True
2016-11-30,HAVELLS,True
2016-11-30,HCLTECH,True
2016-11-30,HDFC,True
2016-11-30,HDFCBANK,True
2016-11-30,HEROMOTOCO,True
2016-11-30,HEXAWARE,True
2016-11-30,HINDALCO,True
2016-11-30,HINDPETRO,True
2016-11-30,HINDZINC,True
2016-11-30,ICICIBANK,True
2016-11-30,IDBI,True
2016-11-30,IDEA,True
2016-11-30,IDFC,True
2016-11-30,IGL,True
2016-11-30,INDIANB,True
2016-11-30,INDIGO,True
2016-11-30,INDUSINDBK,True
2016-11-30,INFY,True
2016-11-30,INOXWIND,True
2016-11-30,IOB,True
2016-11-30,IOC,True
2016-11-30,IPCALAB,True
2016-11-30,IRB,True
2016-11-30,ITC,True
2016-11-30,JETAIRWAYS,True
2016-11-30,JINDALSTEL,True
2016-11-30,JSWENERGY,True
2016-11-30,JSWSTEEL,True
2016-11-30,JUBLFOOD,True
2016-11-30,JUSTDIAL,True
2016-11-30,KARURVYSYA,True
2016-11-30,KOTAKBANK,True
2016-11-30,LICHSGFIN,True
2016-11-30,LT,True
2016-11-30,LUPIN,True
2016-11-30,MARICO,True
2016-11-30,MARUTI,True
2016-11-30,MFSL,True
2016-11-30,MINDTREE,True
2016-11-30,MPHASIS,True
2016-11-30,MRF,True
2016-11-30,NATCOPHARM,True
2016-11-30,NATIONALUM,True
2016-11-30,NAUKRI,True
2016-11-30,NBCC,True
2016-11-30,NHPC,True
2016-11-30,NMDC,True
2016-11-30,NTPC,True
2016-11-30,OBEROIRLTY,True
2016-11-30,OIL,True
2016-11-30,ONGC,True
2016-11-30,PCJEWELLER,True
2016-11-30,PEL,True
2016-11-30,PERSISTENT,True
2016-11-30,PETRONET,True
2016-11-30,PFC,True
2016-11-30,PFIZER,True
2016-11-30,PGHH,True
2016-11-30,PIDILITIND,True
2016-11-30,PIIND,True
2016-11-30,PNB,True
2016-11-30,POWERGRID,True
2016-11-30,PRESTIGE,True
2016-11-30,RAJESHEXPO,True
2016-11-30,RAMCOCEM,True
2016-11-30,RCOM,True
2016-11-30,RECLTD,True
2016-11-30,RELCAPITAL,True
2016-11-30,RELIANCE,True
2016-11-30,RPOWER,True
2016-11-30,SAIL,True
2016-11-30,SBIN,True
2016-11-30,SHREECEM,True
2016-11-30,SIEMENS,True
2016-11-30,SPARC,True
2016-11-30,STAR,True
2016-11-30,SUNPHARMA,True
2016-11-30,SUNTV,True
2016-11-30,SUZLON,True
2016-11-30,SYNDIBANK,True
2016-11-30,SYNGENE,True
2016-11-30,TATACHEM,True
2016-11-30,TATACOMM,True
2016-11-30,TATAELXSI,True
2016-11-30,TCS,True
2016-11-30,TECHM,True
2016-11-30,THERMAX,True
2016-11-30,TITAN,True
2016-11-30,TORNTPHARM,True
2016-11-30,TORNTPOWER,True
2016-11-30,TV18BRDCST,True
2016-11-30,TVSMOTOR,True
2016-11-30,UBL,True
2016-11-30,ULTRACEMCO,True
2016-11-30,UNIONBANK,True
2016-11-30,UPL,True
2016-11-30,VAKRANGEE,True
2016-11-30,VEDL,True
2016-11-30,VOLTAS,True
2016-11-30,WIPRO,True
2016-11-30,WOCKPHARMA,True
2016-11-30,YESBANK,True
2016-11-30,ZEEL,True
2016-12-31,ABB,True
2016-12-31,ABFRL,True
2016-12-31,ABIRLANUVO,True
2016-12-31,ADANIPOWER,True
2016-12-31,AIAENG,True
2016-12-31,AMBUJACEM,True
2016-12-31,APOLLOHOSP,True
2016-12-31,APOLLOTYRE,True
2016-12-31,ASIANPAINT,True
2016-12-31,AUROPHARMA,True
2016-12-31,AXISBANK,True
2016-12-31,BAJAJ-AUTO,True
2016-12-31,BAJAJFINSV,True
2016-12-31,BAJFINANCE,True
2016-12-31,BANKBARODA,True
2016-12-31,BANKINDIA,True
2016-12-31,BATAINDIA,True
2016-12-31,BEL,True
2016-12-31,BERGEPAINT,True
2016-12-31,BHARATFIN,True
2016-12-31,BHARATFORG,True
2016-12-31,BHEL,True
2016-12-31,BIOCON,True
2016-12-31,BOSCHLTD,True
2016-12-31,BPCL,True
2016-12-31,CANBK,True
2016-12-31,CASTROLIND,True
2016-12-31,CENTRALBK,True
2016-12-31,CESC,True
2016-12-31,CHOLAFIN,True
2016-12-31,CIPLA,True
2016-12-31,COALINDIA,True
2016-12-31,COLPAL,True
2016-12-31,CONCOR,True
2016-12-31,COROMANDEL,True
2016-12-31,CRISIL,True
2016-12-31,CROMPTON,True
2016-12-31,CUMMINSIND,True
2016-12-31,DABUR,True
2016-12-31,DISHTV,True
2016-12-31,DIVISLAB,True
2016-12-31,DLF,True
2016-12-31,DRREDDY,True
2016-12-31,EICHERMOT,True
2016-12-31,EMAMILTD,True
2016-12-31,ENGINERSIN,True
2016-12-31,EXIDEIND,True
2016-12-31,FEDERALBNK,True
2016-12-31,FORTIS,True
2016-12-31,GLAXO,True
2016-12-31,GLENMARK,True
2016-12-31,GODREJCP,True
2016-12-31,GODREJIND,True
2016-12-31,GPPL,True
2016-12-31,GRASIM,True
2016-12-31,GRUH,True
2016-12-31,GSKCONS,True
2016-12-31,GSPL,True
2016-12-31,HAVELLS,True
2016-12-31,HCLTECH,True
2016-12-31,HDFC,True
2016-12-31,HDFCBANK,True
2016-12-31,HEROMOTOCO,True
2016-12-31,HEXAWARE,True
2016-12-31,HINDALCO,True
2016-12-31,HINDPETRO,True
2016-12-31,HINDZINC,True
2016-12-31,ICICIBANK,True
2016-12-31,IDBI,True
2016-12-31,IDEA,True
2016-12-31,IDFC,True
2016-12-31,IGL,True
2016-12-31,INDIANB,True
2016-12-31,INDIGO,True
2016-12-31,INDUSINDBK,True
2016-12-31,INFY,True
2016-12-31,INOXWIND,True
2016-12-31,IOB,True
2016-12-31,IOC,True
2016-12-31,IPCALAB,True
2016-12-31,IRB,True
2016-12-31,ITC,True
2016-12-31,JETAIRWAYS,True
2016-12-31,JINDALSTEL,True
2016-12-31,JSWENERGY,True
2016-12-31,JSWSTEEL,True
2016-12-31,JUBLFOOD,True
2016-12-31,JUSTDIAL,True
2016-12-31,KARURVYSYA,True
2016-12-31,KOTAKBANK,True
2016-12-31,LICHSGFIN,True
2016-12-31,LT,True
2016-12-31,LUPIN,True
2016-12-31,MARICO,True
2016-12-31,MARUTI,True
2016-12-31,MFSL,True
2016-12-31,MINDTREE,True
2016-12-31,MPHASIS,True
2016-12-31,MRF,True
2016-12-31,NATCOPHARM,True
2016-12-31,NATIONALUM,True
2016-12-31,NAUKRI,True
2016-12-31,NBCC,True
2016-12-31,NHPC,True
2016-12-31,NMDC,True
2016-12-31,NTPC,True
2016-12-31,OBEROIRLTY,True
2016-12-31,OIL,True
2016-12-31,ONGC,True
2016-12-31,PCJEWELLER,True
2016-12-31,PEL,True
2016-12-31,PERSISTENT,True
2016-12-31,PETRONET,True
2016-12-31,PFC,True
2016-12-31,PFIZER,True
2016-12-31,PGHH,True
2016-12-31,PIDILITIND,True
2016-12-31,PIIND,True
2016-12-31,PNB,True
2016-12-31,POWERGRID,True
2016-12-31,PRESTIGE,True
2016-12-31,RAJESHEXPO,True
2016-12-31,RAMCOCEM,True
2016-12-31,RCOM,True
2016-12-31,RECLTD,True
2016-12-31,RELCAPITAL,True
2016-12-31,RELIANCE,True
2016-12-31,RPOWER,True
2016-12-31,SAIL,True
2016-12-31,SBIN,True
2016-12-31,SHREECEM,True
2016-12-31,SIEMENS,True
2016-12-31,SPARC,True
2016-12-31,STAR,True
2016-12-31,SUNPHARMA,True
2016-12-31,SUNTV,True
2016-12-31,SUZLON,True
2016-12-31,SYNDIBANK,True
2016-12-31,SYNGENE,True
2016-12-31,TATACHEM,True
2016-12-31,TATACOMM,True
2016-12-31,TATAELXSI,True
2016-12-31,TCS,True
2016-12-31,TECHM,True
2016-12-31,THERMAX,True
2016-12-31,TITAN,True
2016-12-31,TORNTPHARM,True
2016-12-31,TORNTPOWER,True
2016-12-31,TV18BRDCST,True
2016-12-31,TVSMOTOR,True
2016-12-31,UBL,True
2016-12-31,ULTRACEMCO,True
2016-12-31,UNIONBANK,True
2016-12-31,UPL,True
2016-12-31,VAKRANGEE,True
2016-12-31,VEDL,True
2016-12-31,VOLTAS,True
2016-12-31,WIPRO,True
2016-12-31,WOCKPHARMA,True
2016-12-31,YESBANK,True
2016-12-31,ZEEL,True
2017-01-31,ABB,True
2017-01-31,ABFRL,True
2017-01-31,ABIRLANUVO,True
2017-01-31,ADANIPOWER,True
2017-01-31,AIAENG,True
2017-01-31,AMBUJACEM,True
2017-01-31,APOLLOHOSP,True
2017-01-31,APOLLOTYRE,True
2017-01-31,ASIANPAINT,True
2017-01-31,AUROPHARMA,True
2017-01-31,AXISBANK,True
2017-01-31,BAJAJ-AUTO,True
2017-01-31,BAJAJFINSV,True
2017-01-31,BAJFINANCE,True
2017-01-31,BANKBARODA,True
2017-01-31,BANKINDIA,True
2017-01-31,BATAINDIA,True
2017-01-31,BEL,True
2017-01-31,BERGEPAINT,True
2017-01-31,BHARATFIN,True
2017-01-31,BHARATFORG,True
2017-01-31,BHEL,True
2017-01-31,BIOCON,True
2017-01-31,BOSCHLTD,True
2017-01-31,BPCL,True
2017-01-31,CANBK,True
2017-01-31,CASTROLIND,True
2017-01-31,CENTRALBK,True
2017-01-31,CESC,True
2017-01-31,CHOLAFIN,True
2017-01-31,CIPLA,True
2017-01-31,COALINDIA,True
2017-01-31,COLPAL,True
2017-01-31,CONCOR,True
2017-01-31,COROMANDEL,True
2017-01-31,CRISIL,True
2017-01-31,CROMPTON,True
2017-01-31,CUMMINSIND,True
2017-01-31,DABUR,True
2017-01-31,DISHTV,True
2017-01-31,DIVISLAB,True
2017-01-31,DLF,True
2017-01-31,DRREDDY,True
2017-01-31,EICHERMOT,True
2017-01-31,EMAMILTD,True
2017-01-31,ENGINERSIN,True
2017-01-31,EXIDEIND,True
2017-01-31,FEDERALBNK,True
2017-01-31,FORTIS,True
2017-01-31,GLAXO,True
2017-01-31,GLENMARK,True
2017-01-31,GODREJCP,True
2017-01-31,GODREJIND,True
2017-01-31,GPPL,True
2017-01-31,GRASIM,True
2017-01-31,GRUH,True
2017-01-31,GSKCONS,True
2017-01-31,GSPL,True
2017-01-31,HAVELLS,True
2017-01-31,HCLTECH,True
2017-01-31,HDFC,True
2017-01-31,HDFCBANK,True
2017-01-31,HEROMOTOCO,True
2017-01-31,HEXAWARE,True
2017-01-31,HINDALCO,True
2017-01-31,HINDPETRO,True
2017-01-31,HINDZINC,True
2017-01-31,ICICIBANK,True
2017-01-31,IDBI,True
2017-01-31,IDEA,True
2017-01-31,IDFC,True
2017-01-31,IGL,True
2017-01-31,INDIANB,True
2017-01-31,INDIGO,True
2017-01-31,INDUSINDBK,True
2017-01-31,INFY,True
2017-01-31,INOXWIND,True
2017-01-31,IOB,True
2017-01-31,IOC,True
2017-01-31,IPCALAB,True
2017-01-31,IRB,True
2017-01-31,ITC,True
2017-01-31,JETAIRWAYS,True
2017-01-31,JINDALSTEL,True
2017-01-31,JSWENERGY,True
2017-01-31,JSWSTEEL,True
2017-01-31,JUBLFOOD,True
2017-01-31,JUSTDIAL,True
2017-01-31,KARURVYSYA,True
2017-01-31,KOTAKBANK,True
2017-01-31,LICHSGFIN,True
2017-01-31,LT,True
2017-01-31,LUPIN,True
2017-01-31,MARICO,True
2017-01-31,MARUTI,True
2017-01-31,MINDTREE,True
2017-01-31,MPHASIS,True
2017-01-31,MRF,True
2017-01-31,NATCOPHARM,True
2017-01-31,NATIONALUM,True
2017-01-31,NAUKRI,True
2017-01-31,NBCC,True
2017-01-31,NHPC,True
2017-01-31,NMDC,True
2017-01-31,NTPC,True
2017-01-31,OBEROIRLTY,True
2017-01-31,OIL,True
2017-01-31,ONGC,True
2017-01-31,PCJEWELLER,True
2017-01-31,PEL,True
2017-01-31,PERSISTENT,True
2017-01-31,PETRONET,True
2017-01-31,PFC,True
2017-01-31,PFIZER,True
2017-01-31,PGHH,True
2017-01-31,PIDILITIND,True
2017-01-31,PIIND,True
2017-01-31,PNB,True
2017-01-31,POWERGRID,True
2017-01-31,PRESTIGE,True
2017-01-31,RAJESHEXPO,True
2017-01-31,RAMCOCEM,True
2017-01-31,RBLBANK,True
2017-01-31,RCOM,True
2017-01-31,RECLTD,True
2017-01-31,RELCAPITAL,True
2017-01-31,RELIANCE,True
2017-01-31,RPOWER,True
2017-01-31,SAIL,True
2017-01-31,SBIN,True
2017-01-31,SHREECEM,True
2017-01-31,SIEMENS,True
2017-01-31,SPARC,True
2017-01-31,STAR,True
2017-01-31,SUNPHARMA,True
2017-01-31,SUNTV,True
2017-01-31,SUZLON,True
2017-01-31,SYNDIBANK,True
2017-01-31,SYNGENE,True
2017-01-31,TATACHEM,True
2017-01-31,TATACOMM,True
2017-01-31,TATAELXSI,True
2017-01-31,TCS,True
2017-01-31,TECHM,True
2017-01-31,THERMAX,True
2017-01-31,TITAN,True
2017-01-31,TORNTPHARM,True
2017-01-31,TORNTPOWER,True
2017-01-31,TV18BRDCST,True
2017-01-31,TVSMOTOR,True
2017-01-31,UBL,True
2017-01-31,ULTRACEMCO,True
2017-01-31,UNIONBANK,True
2017-01-31,UPL,True
2017-01-31,VAKRANGEE,True
2017-01-31,VEDL,True
2017-01-31,VOLTAS,True
2017-01-31,WIPRO,True
2017-01-31,WOCKPHARMA,True
2017-01-31,YESBANK,True
2017-01-31,ZEEL,True
2017-02-28,ABB,True
2017-02-28,ABFRL,True
2017-02-28,ABIRLANUVO,True
2017-02-28,ADANIPOWER,True
2017-02-28,AIAENG,True
2017-02-28,AMBUJACEM,True
2017-02-28,APOLLOHOSP,True
2017-02-28,APOLLOTYRE,True
2017-02-28,ASIANPAINT,True
2017-02-28,AUROPHARMA,True
2017-02-28,AXISBANK,True
2017-02-28,BAJAJ-AUTO,True
2017-02-28,BAJAJFINSV,True
2017-02-28,BAJFINANCE,True
2017-02-28,BANKBARODA,True
2017-02-28,BANKINDIA,True
2017-02-28,BATAINDIA,True
2017-02-28,BEL,True
2017-02-28,BERGEPAINT,True
2017-02-28,BHARATFIN,True
2017-02-28,BHARATFORG,True
2017-02-28,BHEL,True
2017-02-28,BIOCON,True
2017-02-28,BOSCHLTD,True
2017-02-28,BPCL,True
2017-02-28,CANBK,True
2017-02-28,CASTROLIND,True
2017-02-28,CENTRALBK,True
2017-02-28,CESC,True
2017-02-28,CHOLAFIN,True
2017-02-28,CIPLA,True
2017-02-28,COALINDIA,True
2017-02-28,COLPAL,True
2017-02-28,CONCOR,True
2017-02-28,COROMANDEL,True
2017-02-28,CRISIL,True
2017-02-28,CROMPTON,True
2017-02-28,CUMMINSIND,True
2017-02-28,DABUR,True
2017-02-28,DISHTV,True
2017-02-28,DIVISLAB,True
2017-02-28,DLF,True
2017-02-28,DRREDDY,True
2017-02-28,EICHERMOT,True
2017-02-28,EMAMILTD,True
2017-02-28,ENGINERSIN,True
2017-02-28,EXIDEIND,True
2017-02-28,FEDERALBNK,True
2017-02-28,FORTIS,True
2017-02-28,GLAXO,True
2017-02-28,GLENMARK,True
2017-02-28,GODREJCP,True
2017-02-28,GODREJIND,True
2017-02-28,GPPL,True
2017-02-28,GRASIM,True
2017-02-28,GRUH,True
2017-02-28,GSKCONS,True
2017-02-28,GSPL,True
2017-02-28,HAVELLS,True
2017-02-28,HCLTECH,True
2017-02-28,HDFC,True
2017-02-28,HDFCBANK,True
2017-02-28,HEROMOTOCO,True
2017-02-28,HEXAWARE,True
2017-02-28,HINDALCO,True
2017-02-28,HINDPETRO,True
2017-02-28,HINDZINC,True
2017-02-28,ICICIBANK,True
2017-02-28,IDBI,True
2017-02-28,IDEA,True
2017-02-28,IDFC,True
2017-02-28,IGL,True
2017-02-28,INDIANB,True
2017-02-28,INDIGO,True
2017-02-28,INDUSINDBK,True
2017-02-28,INFY,True
2017-02-28,INOXWIND,True
2017-02-28,IOB,True
2017-02-28,IOC,True
2017-02-28,IPCALAB,True
2017-02-28,IRB,True
2017-02-28,ITC,True
2017-02-28,JETAIRWAYS,True
2017-02-28,JINDALSTEL,True
2017-02-28,JSWENERGY,True
2017-02-28,JSWSTEEL,True
2017-02-28,JUBLFOOD,True
2017-02-28,JUSTDIAL,True
2017-02-28,KARURVYSYA,True
2017-02-28,KOTAKBANK,True
2017-02-28,LICHSGFIN,True
2017-02-28,LT,True
2017-02-28,LUPIN,True
2017-02-28,MARICO,True
2017-02-28,MARUTI,True
2017-02-28,MINDTREE,True
2017-02-28,MPHASIS,True
2017-02-28,MRF,True
2017-02-28,NATCOPHARM,True
2017-02-28,NATIONALUM,True
2017-02-28,NAUKRI,True
2017-02-28,NBCC,True
2017-02-28,NHPC,True
2017-02-28,NMDC,True
2017-02-28,NTPC,True
2017-02-28,OBEROIRLTY,True
2017-02-28,OIL,True
2017-02-28,ONGC,True
2017-02-28,PCJEWELLER,True
2017-02-28,PEL,True
2017-02-28,PERSISTENT,True
2017-02-28,PETRONET,True
2017-02-28,PFC,True
2017-02-28,PFIZER,True
2017-02-28,PGHH,True
2017-02-28,PIDILITIND,True
2017-02-28,PIIND,True
2017-02-28,PNB,True
2017-02-28,POWERGRID,True
2017-02-28,PRESTIGE,True
2017-02-28,RAJESHEXPO,True
2017-02-28,RAMCOCEM,True
2017-02-28,RBLBANK,True
2017-02-28,RCOM,True
2017-02-28,RECLTD,True
2017-02-28,RELCAPITAL,True
2017-02-28,RELIANCE,True
2017-02-28,RPOWER,True
2017-02-28,SAIL,True
2017-02-28,SBIN,True
2017-02-28,SHREECEM,True
2017-02-28,SIEMENS,True
2017-02-28,SPARC,True
2017-02-28,STAR,True
2017-02-28,SUNPHARMA,True
2017-02-28,SUNTV,True
2017-02-28,SUZLON,True
2017-02-28,SYNDIBANK,True
2017-02-28,SYNGENE,True
2017-02-28,TATACHEM,True
2017-02-28,TATACOMM,True
2017-02-28,TATAELXSI,True
2017-02-28,TCS,True
2017-02-28,TECHM,True
2017-02-28,THERMAX,True
2017-02-28,TITAN,True
2017-02-28,TORNTPHARM,True
2017-02-28,TORNTPOWER,True
2017-02-28,TV18BRDCST,True
2017-02-28,TVSMOTOR,True
2017-02-28,UBL,True
2017-02-28,ULTRACEMCO,True
2017-02-28,UNIONBANK,True
2017-02-28,UPL,True
2017-02-28,VAKRANGEE,True
2017-02-28,VEDL,True
2017-02-28,VOLTAS,True
2017-02-28,WIPRO,True
2017-02-28,WOCKPHARMA,True
2017-02-28,YESBANK,True
2017-02-28,ZEEL,True
2017-03-31,ABB,True
2017-03-31,ABFRL,True
2017-03-31,ABIRLANUVO,True
2017-03-31,ADANIPOWER,True
2017-03-31,AIAENG,True
2017-03-31,AMBUJACEM,True
2017-03-31,APOLLOHOSP,True
2017-03-31,APOLLOTYRE,True
2017-03-31,ASIANPAINT,True
2017-03-31,AUROPHARMA,True
2017-03-31,AXISBANK,True
2017-03-31,BAJAJ-AUTO,True
2017-03-31,BAJAJFINSV,True
2017-03-31,BAJFINANCE,True
2017-03-31,BANKBARODA,True
2017-03-31,BANKINDIA,True
2017-03-31,BATAINDIA,True
2017-03-31,BEL,True
2017-03-31,BERGEPAINT,True
2017-03-31,BHARATFIN,True
2017-03-31,BHARATFORG,True
2017-03-31,BHEL,True
2017-03-31,BIOCON,True
2017-03-31,BOSCHLTD,True
2017-03-31,BPCL,True
2017-03-31,CANBK,True
2017-03-31,CASTROLIND,True
2017-03-31,CENTRALBK,True
2017-03-31,CESC,True
2017-03-31,CHOLAFIN,True
2017-03-31,CIPLA,True
2017-03-31,COALINDIA,True
2017-03-31,COLPAL,True
2017-03-31,CONCOR,True
2017-03-31,COROMANDEL,True
2017-03-31,CRISIL,True
2017-03-31,CROMPTON,True
2017-03-31,CUMMINSIND,True
2017-03-31,DABUR,True
2017-03-31,DALMIABHA,True
2017-03-31,DISHTV,True
2017-03-31,DIVISLAB,True
2017-03-31,DLF,True
2017-03-31,DRREDDY,True
2017-03-31,EDELWEISS,True
2017-03-31,EICHERMOT,True
2017-03-31,EMAMILTD,True
2017-03-31,ENDURANCE,True
2017-03-31,ENGINERSIN,True
2017-03-31,EXIDEIND,True
2017-03-31,FEDERALBNK,True
2017-03-31,FORTIS,True
2017-03-31,GLAXO,True
2017-03-31,GLENMARK,True
2017-03-31,GODREJCP,True
2017-03-31,GODREJIND,True
2017-03-31,GPPL,True
2017-03-31,GRASIM,True
2017-03-31,GRUH,True
2017-03-31,GSKCONS,True
2017-03-31,GSPL,True
2017-03-31,HAVELLS,True
2017-03-31,HCLTECH,True
2017-03-31,HDFC,True
2017-03-31,HDFCBANK,True
2017-03-31,HEROMOTOCO,True
2017-03-31,HEXAWARE,True
2017-03-31,HINDALCO,True
2017-03-31,HINDPETRO,True
2017-03-31,HINDZINC,True
2017-03-31,ICICIBANK,True
2017-03-31,ICICIPRULI,True
2017-03-31,IDEA,True
2017-03-31,IDFC,True
2017-03-31,IGL,True
2017-03-31,INDIANB,True
2017-03-31,INDIGO,True
2017-03-31,INDUSINDBK,True
2017-03-31,INFY,True
2017-03-31,IOC,True
2017-03-31,IPCALAB,True
2017-03-31,IRB,True
2017-03-31,ITC,True
2017-03-31,JINDALSTEL,True
2017-03-31,JSWENERGY,True
2017-03-31,JSWSTEEL,True
2017-03-31,JUBLFOOD,True
2017-03-31,KARURVYSYA,True
2017-03-31,KOTAKBANK,True
2017-03-31,LALPATHLAB,True
2017-03-31,LICHSGFIN,True
2017-03-31,LT,True
2017-03-31,LTTS,True
2017-03-31,LUPIN,True
2017-03-31,MARICO,True
2017-03-31,MARUTI,True
2017-03-31,MINDTREE,True
2017-03-31,MPHASIS,True
2017-03-31,MRF,True
2017-03-31,NATCOPHARM,True
2017-03-31,NATIONALUM,True
2017-03-31,NAUKRI,True
2017-03-31,NBCC,True
2017-03-31,NHPC,True
2017-03-31,NMDC,True
2017-03-31,NTPC,True
2017-03-31,OBEROIRLTY,True
2017-03-31,OIL,True
2017-03-31,ONGC,True
2017-03-31,PCJEWELLER,True
2017-03-31,PEL,True
2017-03-31,PETRONET,True
2017-03-31,PFC,True
2017-03-31,PGHH,True
2017-03-31,PIDILITIND,True
2017-03-31,PIIND,True
2017-03-31,PNB,True
2017-03-31,POWERGRID,True
2017-03-31,PRESTIGE,True
2017-03-31,QUESS,True
2017-03-31,RAJESHEXPO,True
2017-03-31,RAMCOCEM,True
2017-03-31,RBLBANK,True
2017-03-31,RCOM,True
2017-03-31,RECLTD,True
2017-03-31,RELCAPITAL,True
2017-03-31,RELIANCE,True
2017-03-31,RPOWER,True
2017-03-31,SAIL,True
2017-03-31,SBIN,True
2017-03-31,SHREECEM,True
2017-03-31,SIEMENS,True
2017-03-31,SPARC,True
2017-03-31,STAR,True
2017-03-31,SUNPHARMA,True
2017-03-31,SUNTV,True
2017-03-31,SUZLON,True
2017-03-31,SYNDIBANK,True
2017-03-31,SYNGENE,True
2017-03-31,TATACHEM,True
2017-03-31,TATACOMM,True
2017-03-31,TCS,True
2017-03-31,TECHM,True
2017-03-31,THERMAX,True
2017-03-31,TITAN,True
2017-03-31,TORNTPHARM,True
2017-03-31,TORNTPOWER,True
2017-03-31,TV18BRDCST,True
2017-03-31,TVSMOTOR,True
2017-03-31,UBL,True
2017-03-31,ULTRACEMCO,True
2017-03-31,UNIONBANK,True
2017-03-31,UPL,True
2017-03-31,VAKRANGEE,True
2017-03-31,VEDL,True
2017-03-31,VOLTAS,True
2017-03-31,WIPRO,True
2017-03-31,WOCKPHARMA,True
2017-03-31,YESBANK,True
2017-03-31,ZEEL,True
2017-04-30,ABB,True
2017-04-30,ABFRL,True
2017-04-30,ABIRLANUVO,True
2017-04-30,ADANIPOWER,True
2017-04-30,AIAENG,True
2017-04-30,AMBUJACEM,True
2017-04-30,APOLLOHOSP,True
2017-04-30,APOLLOTYRE,True
2017-04-30,ASIANPAINT,True
2017-04-30,AUROPHARMA,True
2017-04-30,AXISBANK,True
2017-04-30,BAJAJ-AUTO,True
2017-04-30,BAJAJFINSV,True
2017-04-30,BAJFINANCE,True
2017-04-30,BANKBARODA,True
2017-04-30,BANKINDIA,True
2017-04-30,BATAINDIA,True
2017-04-30,BEL,True
2017-04-30,BERGEPAINT,True
2017-04-30,BHARATFIN,True
2017-04-30,BHARATFORG,True
2017-04-30,BHEL,True
2017-04-30,BIOCON,True
2017-04-30,BOSCHLTD,True
2017-04-30,BPCL,True
2017-04-30,CANBK,True
2017-04-30,CASTROLIND,True
2017-04-30,CENTRALBK,True
2017-04-30,CESC,True
2017-04-30,CHOLAFIN,True
2017-04-30,CIPLA,True
2017-04-30,COALINDIA,True
2017-04-30,COLPAL,True
2017-04-30,CONCOR,True
2017-04-30,COROMANDEL,True
2017-04-30,CRISIL,True
2017-04-30,CROMPTON,True
2017-04-30,CUMMINSIND,True
2017-04-30,DABUR,True
2017-04-30,DALMIABHA,True
2017-04-30,DISHTV,True
2017-04-30,DIVISLAB,True
2017-04-30,DLF,True
2017-04-30,DRREDDY,True
2017-04-30,EDELWEISS,True
2017-04-30,EICHERMOT,True
2017-04-30,EMAMILTD,True
2017-04-30,ENDURANCE,True
2017-04-30,ENGINERSIN,True
2017-04-30,EXIDEIND,True
2017-04-30,FEDERALBNK,True
2017-04-30,FORTIS,True
2017-04-30,GLAXO,True
2017-04-30,GLENMARK,True
2017-04-30,GODREJCP,True
2017-04-30,GODREJIND,True
2017-04-30,GPPL,True
2017-04-30,GRASIM,True
2017-04-30,GRUH,True
2017-04-30,GSKCONS,True
2017-04-30,GSPL,True
2017-04-30,HAVELLS,True
2017-04-30,HCLTECH,True
2017-04-30,HDFC,True
2017-04-30,HDFCBANK,True
2017-04-30,HEROMOTOCO,True
2017-04-30,HEXAWARE,True
2017-04-30,HINDALCO,True
2017-04-30,HINDPETRO,True
2017-04-30,HINDZINC,True
2017-04-30,ICICIBANK,True
2017-04-30,ICICIPRULI,True
2017-04-30,IDEA,True
2017-04-30,IDFC,True
2017-04-30,IGL,True
2017-04-30,INDIANB,True
2017-04-30,INDIGO,True
2017-04-30,INDUSINDBK,True
2017-04-30,INFY,True
2017-04-30,IOC,True
2017-04-30,IPCALAB,True
2017-04-30,IRB,True
2017-04-30,ITC,True
2017-04-30,JINDALSTEL,True
2017-04-30,JSWENERGY,True
2017-04-30,JSWSTEEL,True
2017-04-30,JUBLFOOD,True
2017-04-30,KARURVYSYA,True
2017-04-30,KOTAKBANK,True
2017-04-30,LALPATHLAB,True
2017-04-30,LICHSGFIN,True
2017-04-30,LT,True
2017-04-30,LTTS,True
2017-04-30,LUPIN,True
2017-04-30,MARICO,True
2017-04-30,MARUTI,True
2017-04-30,MINDTREE,True
2017-04-30,MPHASIS,True
2017-04-30,MRF,True
2017-04-30,NATCOPHARM,True
2017-04-30,NATIONALUM,True
2017-04-30,NAUKRI,True
2017-04-30,NBCC,True
2017-04-30,NHPC,True
2017-04-30,NMDC,True
2017-04-30,NTPC,True
2017-04-30,OBEROIRLTY,True
2017-04-30,OIL,True
2017-04-30,ONGC,True
2017-04-30,PCJEWELLER,True
2017-04-30,PEL,True
2017-04-30,PETRONET,True
2017-04-30,PFC,True
2017-04-30,PGHH,True
2017-04-30,PIDILITIND,True
2017-04-30,PIIND,True
2017-04-30,PNB,True
2017-04-30,POWERGRID,True
2017-04-30,PRESTIGE,True
2017-04-30,QUESS,True
2017-04-30,RAJESHEXPO,True
2017-04-30,RAMCOCEM,True
2017-04-30,RBLBANK,True
2017-04-30,RCOM,True
2017-04-30,RECLTD,True
2017-04-30,RELCAPITAL,True
2017-04-30,RELIANCE,True
2017-04-30,RPOWER,True
2017-04-30,SAIL,True
2017-04-30,SBIN,True
2017-04-30,SHREECEM,True
2017-04-30,SIEMENS,True
2017-04-30,SPARC,True
2017-04-30,STAR,True
2017-04-30,SUNPHARMA,True
2017-04-30,SUNTV,True
2017-04-30,SUZLON,True
2017-04-30,SYNDIBANK,True
2017-04-30,SYNGENE,True
2017-04-30,TATACHEM,True
2017-04-30,TATACOMM,True
2017-04-30,TCS,True
2017-04-30,TECHM,True
2017-04-30,THERMAX,True
2017-04-30,TITAN,True
2017-04-30,TORNTPHARM,True
2017-04-30,TORNTPOWER,True
2017-04-30,TV18BRDCST,True
2017-04-30,TVSMOTOR,True
2017-04-30,UBL,True
2017-04-30,ULTRACEMCO,True
2017-04-30,UNIONBANK,True
2017-04-30,UPL,True
2017-04-30,VAKRANGEE,True
2017-04-30,VEDL,True
2017-04-30,VOLTAS,True
2017-04-30,WIPRO,True
2017-04-30,WOCKPHARMA,True
2017-04-30,YESBANK,True
2017-04-30,ZEEL,True
2017-05-31,ABB,True
2017-05-31,ABFRL,True
2017-05-31,ADANIPOWER,True
2017-05-31,AIAENG,True
2017-05-31,AMBUJACEM,True
2017-05-31,APOLLOHOSP,True
2017-05-31,APOLLOTYRE,True
2017-05-31,ASIANPAINT,True
2017-05-31,AUROPHARMA,True
2017-05-31,AXISBANK,True
2017-05-31,BAJAJ-AUTO,True
2017-05-31,BAJAJFINSV,True
2017-05-31,BAJFINANCE,True
2017-05-31,BANKBARODA,True
2017-05-31,BANKINDIA,True
2017-05-31,BATAINDIA,True
2017-05-31,BEL,True
2017-05-31,BERGEPAINT,True
2017-05-31,BHARATFIN,True
2017-05-31,BHARATFORG,True
2017-05-31,BHEL,True
2017-05-31,BIOCON,True
2017-05-31,BOSCHLTD,True
2017-05-31,BPCL,True
2017-05-31,CANBK,True
2017-05-31,CASTROLIND,True
2017-05-31,CENTRALBK,True
2017-05-31,CESC,True
2017-05-31,CHOLAFIN,True
2017-05-31,CIPLA,True
2017-05-31,COALINDIA,True
2017-05-31,COLPAL,True
2017-05-31,CONCOR,True
2017-05-31,COROMANDEL,True
2017-05-31,CRISIL,True
2017-05-31,CROMPTON,True
2017-05-31,CUMMINSIND,True
2017-05-31,DABUR,True
2017-05-31,DALMIABHA,True
2017-05-31,DISHTV,True
2017-05-31,DIVISLAB,True
2017-05-31,DLF,True
2017-05-31,DRREDDY,True
2017-05-31,EDELWEISS,True
2017-05-31,EICHERMOT,True
2017-05-31,EMAMILTD,True
2017-05-31,ENDURANCE,True
2017-05-31,ENGINERSIN,True
2017-05-31,EXIDEIND,True
2017-05-31,FEDERALBNK,True
2017-05-31,FORTIS,True
2017-05-31,GLAXO,True
2017-05-31,GLENMARK,True
2017-05-31,GODREJCP,True
2017-05-31,GODREJIND,True
2017-05-31,GPPL,True
2017-05-31,GRUH,True
2017-05-31,GSKCONS,True
2017-05-31,GSPL,True
2017-05-31,HAVELLS,True
2017-05-31,HCLTECH,True
2017-05-31,HDFC,True
2017-05-31,HDFCBANK,True
2017-05-31,HEROMOTOCO,True
2017-05-31,HEXAWARE,True
2017-05-31,HINDALCO,True
2017-05-31,HINDPETRO,True
2017-05-31,HINDZINC,True
2017-05-31,ICICIBANK,True
2017-05-31,ICICIPRULI,True
2017-05-31,IDEA,True
2017-05-31,IDFC,True
2017-05-31,IGL,True
2017-05-31,INDIANB,True
2017-05-31,INDIGO,True
2017-05-31,INDUSINDBK,True
2017-05-31,INFY,True
2017-05-31,IOC,True
2017-05-31,IPCALAB,True
2017-05-31,IRB,True
2017-05-31,ITC,True
2017-05-31,JINDALSTEL,True
2017-05-31,JSWENERGY,True
2017-05-31,JSWSTEEL,True
2017-05-31,JUBLFOOD,True
2017-05-31,KARURVYSYA,True
2017-05-31,KOTAKBANK,True
2017-05-31,LALPATHLAB,True
2017-05-31,LICHSGFIN,True
2017-05-31,LT,True
2017-05-31,LTTS,True
2017-05-31,LUPIN,True
2017-05-31,MARICO,True
2017-05-31,MARUTI,True
2017-05-31,MGL,True
2017-05-31,MINDTREE,True
2017-05-31,MPHASIS,True
2017-05-31,MRF,True
2017-05-31,NATCOPHARM,True
2017-05-31,NATIONALUM,True
2017-05-31,NAUKRI,True
2017-05-31,NBCC,True
2017-05-31,NHPC,True
2017-05-31,NMDC,True
2017-05-31,NTPC,True
2017-05-31,OBEROIRLTY,True
2017-05-31,OIL,True
2017-05-31,ONGC,True
2017-05-31,PCJEWELLER,True
2017-05-31,PEL,True
2017-05-31,PETRONET,True
2017-05-31,PFC,True
2017-05-31,PGHH,True
2017-05-31,PIDILITIND,True
2017-05-31,PIIND,True
2017-05-31,PNB,True
2017-05-31,PNBHOUSING,True
2017-05-31,POWERGRID,True
2017-05-31,PRESTIGE,True
2017-05-31,QUESS,True
2017-05-31,RAJESHEXPO,True
2017-05-31,RAMCOCEM,True
2017-05-31,RBLBANK,True
2017-05-31,RCOM,True
2017-05-31,RECLTD,True
2017-05-31,RELCAPITAL,True
2017-05-31,RELIANCE,True
2017-05-31,RPOWER,True
2017-05-31,SAIL,True
2017-05-31,SBIN,True
2017-05-31,SHREECEM,True
2017-05-31,SIEMENS,True
2017-05-31,SPARC,True
2017-05-31,STAR,True
2017-05-31,SUNPHARMA,True
2017-05-31,SUNTV,True
2017-05-31,SUZLON,True
2017-05-31,SYNDIBANK,True
2017-05-31,SYNGENE,True
2017-05-31,TATACHEM,True
2017-05-31,TATACOMM,True
2017-05-31,TCS,True
2017-05-31,TECHM,True
2017-05-31,THERMAX,True
2017-05-31,TITAN,True
2017-05-31,TORNTPHARM,True
2017-05-31,TORNTPOWER,True
2017-05-31,TV18BRDCST,True
2017-05-31,TVSMOTOR,True
2017-05-31,UBL,True
2017-05-31,ULTRACEMCO,True
2017-05-31,UNIONBANK,True
2017-05-31,UPL,True
2017-05-31,VAKRANGEE,True
2017-05-31,VEDL,True
2017-05-31,VOLTAS,True
2017-05-31,WIPRO,True
2017-05-31,WOCKPHARMA,True
2017-05-31,YESBANK,True
2017-05-31,ZEEL,True
2017-06-30,ABB,True
2017-06-30,ABFRL,True
2017-06-30,ADANIPOWER,True
2017-06-30,AIAENG,True
2017-06-30,AMBUJACEM,True
2017-06-30,APOLLOHOSP,True
2017-06-30,APOLLOTYRE,True
2017-06-30,ASIANPAINT,True
2017-06-30,AUROPHARMA,True
2017-06-30,AXISBANK,True
2017-06-30,BAJAJ-AUTO,True
2017-06-30,BAJAJFINSV,True
2017-06-30,BAJFINANCE,True
2017-06-30,BANKBARODA,True
2017-06-30,BANKINDIA,True
2017-06-30,BATAINDIA,True
2017-06-30,BEL,True
2017-06-30,BERGEPAINT,True
2017-06-30,BHARATFIN,True
2017-06-30,BHARATFORG,True
2017-06-30,BHEL,True
2017-06-30,BIOCON,True
2017-06-30,BOSCHLTD,True
2017-06-30,BPCL,True
2017-06-30,CANBK,True
2017-06-30,CASTROLIND,True
2017-06-30,CENTRALBK,True
2017-06-30,CESC,True
2017-06-30,CHOLAFIN,True
2017-06-30,CIPLA,True
2017-06-30,COALINDIA,True
2017-06-30,COLPAL,True
2017-06-30,CONCOR,True
2017-06-30,COROMANDEL,True
2017-06-30,CRISIL,True
2017-06-30,CROMPTON,True
2017-06-30,CUMMINSIND,True
2017-06-30,DABUR,True
2017-06-30,DALMIABHA,True
2017-06-30,DISHTV,True
2017-06-30,DIVISLAB,True
2017-06-30,DLF,True
2017-06-30,DRREDDY,True
2017-06-30,EDELWEISS,True
2017-06-30,EICHERMOT,True
2017-06-30,EMAMILTD,True
2017-06-30,ENDURANCE,True
2017-06-30,ENGINERSIN,True
2017-06-30,EXIDEIND,True
2017-06-30,FEDERALBNK,True
2017-06-30,FORTIS,True
2017-06-30,GLAXO,True
2017-06-30,GLENMARK,True
2017-06-30,GODREJCP,True
2017-06-30,GODREJIND,True
2017-06-30,GPPL,True
2017-06-30,GRUH,True
2017-06-30,GSKCONS,True
2017-06-30,GSPL,True
2017-06-30,HAVELLS,True
2017-06-30,HCLTECH,True
2017-06-30,HDFC,True
2017-06-30,HDFCBANK,True
2017-06-30,HEROMOTOCO,True
2017-06-30,HEXAWARE,True
2017-06-30,HINDALCO,True
2017-06-30,HINDPETRO,True
2017-06-30,HINDZINC,True
2017-06-30,ICICIBANK,True
2017-06-30,ICICIPRULI,True
2017-06-30,IDEA,True
2017-06-30,IDFC,True
2017-06-30,IGL,True
2017-06-30,INDIANB,True
2017-06-30,INDIGO,True
2017-06-30,INDUSINDBK,True
2017-06-30,INFY,True
2017-06-30,IOC,True
2017-06-30,IPCALAB,True
2017-06-30,IRB,True
2017-06-30,ITC,True
2017-06-30,JINDALSTEL,True
2017-06-30,JSWENERGY,True
2017-06-30,JSWSTEEL,True
2017-06-30,JUBLFOOD,True
2017-06-30,KARURVYSYA,True
2017-06-30,KOTAKBANK,True
2017-06-30,LALPATHLAB,True
2017-06-30,LICHSGFIN,True
2017-06-30,LT,True
2017-06-30,LTTS,True
2017-06-30,LUPIN,True
2017-06-30,MARICO,True
2017-06-30,MARUTI,True
2017-06-30,MGL,True
2017-06-30,MINDTREE,True
2017-06-30,MPHASIS,True
2017-06-30,MRF,True
2017-06-30,NATCOPHARM,True
2017-06-30,NATIONALUM,True
2017-06-30,NAUKRI,True
2017-06-30,NBCC,True
2017-06-30,NHPC,True
2017-06-30,NMDC,True
2017-06-30,NTPC,True
2017-06-30,OBEROIRLTY,True
2017-06-30,OIL,True
2017-06-30,ONGC,True
2017-06-30,PCJEWELLER,True
2017-06-30,PEL,True
2017-06-30,PETRONET,True
2017-06-30,PFC,True
2017-06-30,PGHH,True
2017-06-30,PIDILITIND,True
2017-06-30,PIIND,True
2017-06-30,PNB,True
2017-06-30,PNBHOUSING,True
2017-06-30,POWERGRID,True
2017-06-30,PRESTIGE,True
2017-06-30,QUESS,True
2017-06-30,RAJESHEXPO,True
2017-06-30,RAMCOCEM,True
2017-06-30,RBLBANK,True
2017-06-30,RCOM,True
2017-06-30,RECLTD,True
2017-06-30,RELCAPITAL,True
2017-06-30,RELIANCE,True
2017-06-30,RPOWER,True
2017-06-30,SAIL,True
2017-06-30,SBIN,True
2017-06-30,SHREECEM,True
2017-06-30,SIEMENS,True
2017-06-30,SPARC,True
2017-06-30,STAR,True
2017-06-30,SUNPHARMA,True
2017-06-30,SUNTV,True
2017-06-30,SUZLON,True
2017-06-30,SYNDIBANK,True
2017-06-30,SYNGENE,True
2017-06-30,TATACHEM,True
2017-06-30,TATACOMM,True
2017-06-30,TCS,True
2017-06-30,TECHM,True
2017-06-30,THERMAX,True
2017-06-30,TITAN,True
2017-06-30,TORNTPHARM,True
2017-06-30,TORNTPOWER,True
2017-06-30,TV18BRDCST,True
2017-06-30,TVSMOTOR,True
2017-06-30,UBL,True
2017-06-30,ULTRACEMCO,True
2017-06-30,UNIONBANK,True
2017-06-30,UPL,True
2017-06-30,VAKRANGEE,True
2017-06-30,VEDL,True
2017-06-30,VOLTAS,True
2017-06-30,WIPRO,True
2017-06-30,WOCKPHARMA,True
2017-06-30,YESBANK,True
2017-06-30,ZEEL,True
2017-07-31,ABB,True
2017-07-31,ABFRL,True
2017-07-31,ADANIPOWER,True
2017-07-31,AIAENG,True
2017-07-31,AMBUJACEM,True
2017-07-31,APOLLOHOSP,True
2017-07-31,APOLLOTYRE,True
2017-07-31,ASIANPAINT,True
2017-07-31,AUROPHARMA,True
2017-07-31,AXISBANK,True
2017-07-31,BAJAJ-AUTO,True
2017-07-31,BAJAJFINSV,True
2017-07-31,BAJFINANCE,True
2017-07-31,BANKBARODA,True
2017-07-31,BANKINDIA,True
2017-07-31,BATAINDIA,True
2017-07-31,BEL,True
2017-07-31,BERGEPAINT,True
2017-07-31,BHARATFIN,True
2017-07-31,BHARATFORG,True
2017-07-31,BHEL,True
2017-07-31,BIOCON,True
2017-07-31,BOSCHLTD,True
2017-07-31,BPCL,True
2017-07-31,CANBK,True
2017-07-31,CASTROLIND,True
2017-07-31,CENTRALBK,True
2017-07-31,CESC,True
2017-07-31,CHOLAFIN,True
2017-07-31,CIPLA,True
2017-07-31,COALINDIA,True
2017-07-31,COLPAL,True
2017-07-31,CONCOR,True
2017-07-31,COROMANDEL,True
2017-07-31,CRISIL,True
2017-07-31,CROMPTON,True
2017-07-31,CUMMINSIND,True
2017-07-31,DABUR,True
2017-07-31,DALMIABHA,True
2017-07-31,DISHTV,True
2017-07-31,DIVISLAB,True
2017-07-31,DLF,True
2017-07-31,DRREDDY,True
2017-07-31,EDELWEISS,True
2017-07-31,EICHERMOT,True
2017-07-31,EMAMILTD,True
2017-07-31,ENDURANCE,True
2017-07-31,ENGINERSIN,True
2017-07-31,EXIDEIND,True
2017-07-31,FEDERALBNK,True
2017-07-31,FORTIS,True
2017-07-31,GLAXO,True
2017-07-31,GLENMARK,True
2017-07-31,GODREJCP,True
2017-07-31,GODREJIND,True
2017-07-31,GPPL,True
2017-07-31,GRUH,True
2017-07-31,GSKCONS,True
2017-07-31,GSPL,True
2017-07-31,HAVELLS,True
2017-07-31,HCLTECH,True
2017-07-31,HDFC,True
2017-07-31,HDFCBANK,True
2017-07-31,HEROMOTOCO,True
2017-07-31,HEXAWARE,True
2017-07-31,HINDALCO,True
2017-07-31,HINDPETRO,True
2017-07-31,HINDZINC,True
2017-07-31,ICICIBANK,True
2017-07-31,ICICIPRULI,True
2017-07-31,IDEA,True
2017-07-31,IDFC,True
2017-07-31,IGL,True
2017-07-31,INDIANB,True
2017-07-31,INDIGO,True
2017-07-31,INDUSINDBK,True
2017-07-31,INFY,True
2017-07-31,IOC,True
2017-07-31,IPCALAB,True
2017-07-31,IRB,True
2017-07-31,ITC,True
2017-07-31,JINDALSTEL,True
2017-07-31,JSWENERGY,True
2017-07-31,JSWSTEEL,True
2017-07-31,JUBLFOOD,True
2017-07-31,KARURVYSYA,True
2017-07-31,KOTAKBANK,True
2017-07-31,LALPATHLAB,True
2017-07-31,LICHSGFIN,True
2017-07-31,LT,True
2017-07-31,LTTS,True
2017-07-31,LUPIN,True
2017-07-31,MARICO,True
2017-07-31,MARUTI,True
2017-07-31,MGL,True
2017-07-31,MINDTREE,True
2017-07-31,MPHASIS,True
2017-07-31,MRF,True
2017-07-31,NATCOPHARM,True
2017-07-31,NATIONALUM,True
2017-07-31,NAUKRI,True
2017-07-31,NBCC,True
2017-07-31,NHPC,True
2017-07-31,NMDC,True
2017-07-31,NTPC,True
2017-07-31,OBEROIRLTY,True
2017-07-31,OIL,True
2017-07-31,ONGC,True
2017-07-31,PCJEWELLER,True
2017-07-31,PEL,True
2017-07-31,PETRONET,True
2017-07-31,PFC,True
2017-07-31,PGHH,True
2017-07-31,PIDILITIND,True
2017-07-31,PIIND,True
2017-07-31,PNB,True
2017-07-31,PNBHOUSING,True
2017-07-31,POWERGRID,True
2017-07-31,PRESTIGE,True
2017-07-31,QUESS,True
2017-07-31,RAJESHEXPO,True
2017-07-31,RAMCOCEM,True
2017-07-31,RBLBANK,True
2017-07-31,RCOM,True
2017-07-31,RECLTD,True
2017-07-31,RELCAPITAL,True
2017-07-31,RELIANCE,True
2017-07-31,RPOWER,True
2017-07-31,SAIL,True
2017-07-31,SBIN,True
2017-07-31,SHREECEM,True
2017-07-31,SIEMENS,True
2017-07-31,SPARC,True
2017-07-31,SRF,True
2017-07-31,STAR,True
2017-07-31,SUNTV,True
2017-07-31,SUZLON,True
2017-07-31,SYNDIBANK,True
2017-07-31,SYNGENE,True
2017-07-31,TATACHEM,True
2017-07-31,TATACOMM,True
2017-07-31,TCS,True
2017-07-31,TECHM,True
2017-07-31,THERMAX,True
2017-07-31,TITAN,True
2017-07-31,TORNTPHARM,True
2017-07-31,TORNTPOWER,True
2017-07-31,TV18BRDCST,True
2017-07-31,TVSMOTOR,True
2017-07-31,UBL,True
2017-07-31,ULTRACEMCO,True
2017-07-31,UNIONBANK,True
2017-07-31,UPL,True
2017-07-31,VAKRANGEE,True
2017-07-31,VEDL,True
2017-07-31,VOLTAS,True
2017-07-31,WIPRO,True
2017-07-31,WOCKPHARMA,True
2017-07-31,YESBANK,True
2017-07-31,ZEEL,True
2017-08-31,ABB,True
2017-08-31,ABFRL,True
2017-08-31,ADANIPOWER,True
2017-08-31,AIAENG,True
2017-08-31,AMBUJACEM,True
2017-08-31,APOLLOHOSP,True
2017-08-31,APOLLOTYRE,True
2017-08-31,ASIANPAINT,True
2017-08-31,AUROPHARMA,True
2017-08-31,AXISBANK,True
2017-08-31,BAJAJ-AUTO,True
2017-08-31,BAJAJFINSV,True
2017-08-31,BAJFINANCE,True
2017-08-31,BANKBARODA,True
2017-08-31,BANKINDIA,True
2017-08-31,BATAINDIA,True
2017-08-31,BEL,True
2017-08-31,BERGEPAINT,True
2017-08-31,BHARATFIN,True
2017-08-31,BHARATFORG,True
2017-08-31,BHEL,True
2017-08-31,BIOCON,True
2017-08-31,BOSCHLTD,True
2017-08-31,BPCL,True
2017-08-31,CANBK,True
2017-08-31,CASTROLIND,True
2017-08-31,CENTRALBK,True
2017-08-31,CESC,True
2017-08-31,CHOLAFIN,True
2017-08-31,CIPLA,True
2017-08-31,COALINDIA,True
2017-08-31,COLPAL,True
2017-08-31,CONCOR,True
2017-08-31,COROMANDEL,True
2017-08-31,CRISIL,True
2017-08-31,CROMPTON,True
2017-08-31,CUMMINSIND,True
2017-08-31,DABUR,True
2017-08-31,DALMIABHA,True
2017-08-31,DISHTV,True
2017-08-31,DIVISLAB,True
2017-08-31,DLF,True
2017-08-31,DRREDDY,True
2017-08-31,EDELWEISS,True
2017-08-31,EICHERMOT,True
2017-08-31,EMAMILTD,True
2017-08-31,ENDURANCE,True
2017-08-31,ENGINERSIN,True
2017-08-31,EXIDEIND,True
2017-08-31,FEDERALBNK,True
2017-08-31,FORTIS,True
2017-08-31,GLAXO,True
2017-08-31,GLENMARK,True
2017-08-31,GODREJCP,True
2017-08-31,GODREJIND,True
2017-08-31,GPPL,True
2017-08-31,GRUH,True
2017-08-31,GSKCONS,True
2017-08-31,GSPL,True
2017-08-31,HAVELLS,True
2017-08-31,HCLTECH,True
2017-08-31,HDFC,True
2017-08-31,HDFCBANK,True
2017-08-31,HEROMOTOCO,True
2017-08-31,HEXAWARE,True
2017-08-31,HINDALCO,True
2017-08-31,HINDPETRO,True
2017-08-31,HINDZINC,True
2017-08-31,ICICIBANK,True
2017-08-31,ICICIPRULI,True
2017-08-31,IDEA,True
2017-08-31,IDFC,True
2017-08-31,IGL,True
2017-08-31,INDIANB,True
2017-08-31,INDIGO,True
2017-08-31,INDUSINDBK,True
2017-08-31,INFY,True
2017-08-31,IOC,True
2017-08-31,IPCALAB,True
2017-08-31,IRB,True
2017-08-31,ITC,True
2017-08-31,JINDALSTEL,True
2017-08-31,JSWENERGY,True
2017-08-31,JSWSTEEL,True
2017-08-31,JUBLFOOD,True
2017-08-31,KARURVYSYA,True
2017-08-31,KOTAKBANK,True
2017-08-31,LALPATHLAB,True
2017-08-31,LICHSGFIN,True
2017-08-31,LT,True
2017-08-31,LTTS,True
2017-08-31,LUPIN,True
2017-08-31,MARICO,True
2017-08-31,MARUTI,True
2017-08-31,MGL,True
2017-08-31,MINDTREE,True
2017-08-31,MPHASIS,True
2017-08-31,MRF,True
2017-08-31,NATCOPHARM,True
2017-08-31,NATIONALUM,True
2017-08-31,NAUKRI,True
2017-08-31,NBCC,True
2017-08-31,NHPC,True
2017-08-31,NMDC,True
2017-08-31,NTPC,True
2017-08-31,OBEROIRLTY,True
2017-08-31,OIL,True
2017-08-31,ONGC,True
2017-08-31,PCJEWELLER,True
2017-08-31,PEL,True
2017-08-31,PETRONET,True
2017-08-31,PFC,True
2017-08-31,PGHH,True
2017-08-31,PIDILITIND,True
2017-08-31,PIIND,True
2017-08-31,PNB,True
2017-08-31,PNBHOUSING,True
2017-08-31,POWERGRID,True
2017-08-31,PRESTIGE,True
2017-08-31,QUESS,True
2017-08-31,RAJESHEXPO,True
2017-08-31,RAMCOCEM,True
2017-08-31,RBLBANK,True
2017-08-31,RCOM,True
2017-08-31,RECLTD,True
2017-08-31,RELCAPITAL,True
2017-08-31,RELIANCE,True
2017-08-31,RPOWER,True
2017-08-31,SAIL,True
2017-08-31,SBIN,True
2017-08-31,SHREECEM,True
2017-08-31,SIEMENS,True
2017-08-31,SPARC,True
2017-08-31,SRF,True
2017-08-31,STAR,True
2017-08-31,SUNTV,True
2017-08-31,SUZLON,True
2017-08-31,SYNDIBANK,True
2017-08-31,SYNGENE,True
2017-08-31,TATACHEM,True
2017-08-31,TATACOMM,True
2017-08-31,TCS,True
2017-08-31,TECHM,True
2017-08-31,THERMAX,True
2017-08-31,TITAN,True
2017-08-31,TORNTPHARM,True
2017-08-31,TORNTPOWER,True
2017-08-31,TV18BRDCST,True
2017-08-31,TVSMOTOR,True
2017-08-31,UBL,True
2017-08-31,ULTRACEMCO,True
2017-08-31,UNIONBANK,True
2017-08-31,UPL,True
2017-08-31,VAKRANGEE,True
2017-08-31,VEDL,True
2017-08-31,VOLTAS,True
2017-08-31,WIPRO,True
2017-08-31,WOCKPHARMA,True
2017-08-31,YESBANK,True
2017-08-31,ZEEL,True
2017-09-30,ABB,True
2017-09-30,ABFRL,True
2017-09-30,ADANIPOWER,True
2017-09-30,AIAENG,True
2017-09-30,AMBUJACEM,True
2017-09-30,APOLLOHOSP,True
2017-09-30,APOLLOTYRE,True
2017-09-30,ASIANPAINT,True
2017-09-30,AUROPHARMA,True
2017-09-30,AXISBANK,True
2017-09-30,BAJAJ-AUTO,True
2017-09-30,BAJAJFINSV,True
2017-09-30,BAJFINANCE,True
2017-09-30,BANKBARODA,True
2017-09-30,BANKINDIA,True
2017-09-30,BATAINDIA,True
2017-09-30,BEL,True
2017-09-30,BERGEPAINT,True
2017-09-30,BHARATFIN,True
2017-09-30,BHARATFORG,True
2017-09-30,BHEL,True
2017-09-30,BIOCON,True
2017-09-30,BOSCHLTD,True
2017-09-30,BPCL,True
2017-09-30,CANBK,True
2017-09-30,CASTROLIND,True
2017-09-30,CENTRALBK,True
2017-09-30,CESC,True
2017-09-30,CHOLAFIN,True
2017-09-30,CIPLA,True
2017-09-30,COALINDIA,True
2017-09-30,COLPAL,True
2017-09-30,CONCOR,True
2017-09-30,COROMANDEL,True
2017-09-30,CRISIL,True
2017-09-30,CROMPTON,True
2017-09-30,CUMMINSIND,True
2017-09-30,DABUR,True
2017-09-30,DALMIABHA,True
2017-09-30,DISHTV,True
2017-09-30,DIVISLAB,True
2017-09-30,DLF,True
2017-09-30,DRREDDY,True
2017-09-30,EDELWEISS,True
2017-09-30,EICHERMOT,True
2017-09-30,EMAMILTD,True
2017-09-30,ENDURANCE,True
2017-09-30,ENGINERSIN,True
2017-09-30,EXIDEIND,True
2017-09-30,FEDERALBNK,True
2017-09-30,FORTIS,True
2017-09-30,GLAXO,True
2017-09-30,GLENMARK,True
2017-09-30,GODREJCP,True
2017-09-30,GODREJIND,True
2017-09-30,GPPL,True
2017-09-30,GRUH,True
2017-09-30,GSKCONS,True
2017-09-30,GSPL,True
2017-09-30,HAVELLS,True
2017-09-30,HCLTECH,True
2017-09-30,HDFC,True
2017-09-30,HDFCBANK,True
2017-09-30,HEROMOTOCO,True
2017-09-30,HEXAWARE,True
2017-09-30,HINDALCO,True
2017-09-30,HINDPETRO,True
2017-09-30,HINDZINC,True
2017-09-30,ICICIBANK,True
2017-09-30,ICICIPRULI,True
2017-09-30,IDEA,True
2017-09-30,IDFC,True
2017-09-30,IGL,True
2017-09-30,INDIANB,True
2017-09-30,INDIGO,True
2017-09-30,INDUSINDBK,True
2017-09-30,INFY,True
2017-09-30,IOC,True
2017-09-30,IPCALAB,True
2017-09-30,IRB,True
2017-09-30,ITC,True
2017-09-30,JINDALSTEL,True
2017-09-30,JSWENERGY,True
2017-09-30,JSWSTEEL,True
2017-09-30,JUBLFOOD,True
2017-09-30,KARURVYSYA,True
2017-09-30,KOTAKBANK,True
2017-09-30,LALPATHLAB,True
2017-09-30,LICHSGFIN,True
2017-09-30,LT,True
2017-09-30,LTTS,True
2017-09-30,LUPIN,True
2017-09-30,MARICO,True
2017-09-30,MARUTI,True
2017-09-30,MGL,True
2017-09-30,MINDTREE,True
2017-09-30,MPHASIS,True
2017-09-30,MRF,True
2017-09-30,NATCOPHARM,True
2017-09-30,NATIONALUM,True
2017-09-30,NAUKRI,True
2017-09-30,NBCC,True
2017-09-30,NHPC,True
2017-09-30,NMDC,True
2017-09-30,NTPC,True
2017-09-30,OBEROIRLTY,True
2017-09-30,OIL,True
2017-09-30,ONGC,True
2017-09-30,PCJEWELLER,True
2017-09-30,PEL,True
2017-09-30,PETRONET,True
2017-09-30,PFC,True
2017-09-30,PGHH,True
2017-09-30,PIDILITIND,True
2017-09-30,PIIND,True
2017-09-30,PNB,True
2017-09-30,PNBHOUSING,True
2017-09-30,POWERGRID,True
2017-09-30,PRESTIGE,True
2017-09-30,QUESS,True
2017-09-30,RAJESHEXPO,True
2017-09-30,RAMCOCEM,True
2017-09-30,RBLBANK,True
2017-09-30,RCOM,True
2017-09-30,RECLTD,True
2017-09-30,RELCAPITAL,True
2017-09-30,RELIANCE,True
2017-09-30,RPOWER,True
2017-09-30,SAIL,True
2017-09-30,SBIN,True
2017-09-30,SHREECEM,True
2017-09-30,SIEMENS,True
2017-09-30,SPARC,True
2017-09-30,SRF,True
2017-09-30,STAR,True
2017-09-30,SUNTV,True
2017-09-30,SUZLON,True
2017-09-30,SYNDIBANK,True
2017-09-30,SYNGENE,True
2017-09-30,TATACHEM,True
2017-09-30,TATACOMM,True
2017-09-30,TCS,True
2017-09-30,TECHM,True
2017-09-30,THERMAX,True
2017-09-30,TITAN,True
2017-09-30,TORNTPHARM,True
2017-09-30,TORNTPOWER,True
2017-09-30,TV18BRDCST,True
2017-09-30,TVSMOTOR,True
2017-09-30,UBL,True
2017-09-30,ULTRACEMCO,True
2017-09-30,UNIONBANK,True
2017-09-30,UPL,True
2017-09-30,VAKRANGEE,True
2017-09-30,VEDL,True
2017-09-30,VOLTAS,True
2017-09-30,WIPRO,True
2017-09-30,WOCKPHARMA,True
2017-09-30,YESBANK,True
2017-09-30,ZEEL,True
2017-10-31,ABB,True
2017-10-31,ABFRL,True
2017-10-31,ADANIPOWER,True
2017-10-31,AIAENG,True
2017-10-31,AMBUJACEM,True
2017-10-31,APOLLOHOSP,True
2017-10-31,APOLLOTYRE,True
2017-10-31,ASIANPAINT,True
2017-10-31,AUROPHARMA,True
2017-10-31,AXISBANK,True
2017-10-31,BAJAJ-AUTO,True
2017-10-31,BAJAJFINSV,True
2017-10-31,BAJFINANCE,True
2017-10-31,BALKRISIND,True
2017-10-31,BANKBARODA,True
2017-10-31,BANKINDIA,True
2017-10-31,BATAINDIA,True
2017-10-31,BEL,True
2017-10-31,BERGEPAINT,True
2017-10-31,BHARATFIN,True
2017-10-31,BHARATFORG,True
2017-10-31,BHEL,True
2017-10-31,BIOCON,True
2017-10-31,BOSCHLTD,True
2017-10-31,BPCL,True
2017-10-31,CANBK,True
2017-10-31,CASTROLIND,True
2017-10-31,CENTRALBK,True
2017-10-31,CESC,True
2017-10-31,CHOLAFIN,True
2017-10-31,CIPLA,True
2017-10-31,COALINDIA,True
2017-10-31,COLPAL,True
2017-10-31,CONCOR,True
2017-10-31,COROMANDEL,True
2017-10-31,CRISIL,True
2017-10-31,CROMPTON,True
2017-10-31,CUMMINSIND,True
2017-10-31,DABUR,True
2017-10-31,DALMIABHA,True
2017-10-31,DISHTV,True
2017-10-31,DIVISLAB,True
2017-10-31,DLF,True
2017-10-31,DMART,True
2017-10-31,DRREDDY,True
2017-10-31,EDELWEISS,True
2017-10-31,EICHERMOT,True
2017-10-31,EMAMILTD,True
2017-10-31,ENDURANCE,True
2017-10-31,ENGINERSIN,True
2017-10-31,EXIDEIND,True
2017-10-31,FEDERALBNK,True
2017-10-31,FORTIS,True
2017-10-31,GLAXO,True
2017-10-31,GLENMARK,True
2017-10-31,GODREJCP,True
2017-10-31,GODREJIND,True
2017-10-31,GPPL,True
2017-10-31,GRUH,True
2017-10-31,GSKCONS,True
2017-10-31,GSPL,True
2017-10-31,HAVELLS,True
2017-10-31,HCLTECH,True
2017-10-31,HDFC,True
2017-10-31,HDFCBANK,True
2017-10-31,HEROMOTOCO,True
2017-10-31,HEXAWARE,True
2017-10-31,HINDALCO,True
2017-10-31,HINDPETRO,True
2017-10-31,HINDZINC,True
2017-10-31,HUDCO,True
2017-10-31,ICICIBANK,True
2017-10-31,ICICIPRULI,True
2017-10-31,IDEA,True
2017-10-31,IDFC,True
2017-10-31,IGL,True
2017-10-31,INDIANB,True
2017-10-31,INDIGO,True
2017-10-31,INDUSINDBK,True
2017-10-31,INFY,True
2017-10-31,IOC,True
2017-10-31,IPCALAB,True
2017-10-31,IRB,True
2017-10-31,ITC,True
2017-10-31,JINDALSTEL,True
2017-10-31,JSWENERGY,True
2017-10-31,JSWSTEEL,True
2017-10-31,JUBLFOOD,True
2017-10-31,KARURVYSYA,True
2017-10-31,KOTAKBANK,True
2017-10-31,LALPATHLAB,True
2017-10-31,LICHSGFIN,True
2017-10-31,LT,True
2017-10-31,LUPIN,True
2017-10-31,MARICO,True
2017-10-31,MARUTI,True
2017-10-31,MFSL,True
2017-10-31,MGL,True
2017-10-31,MINDTREE,True
2017-10-31,MPHASIS,True
2017-10-31,MRF,True
2017-10-31,MRPL,True
2017-10-31,NATCOPHARM,True
2017-10-31,NATIONALUM,True
2017-10-31,NAUKRI,True
2017-10-31,NBCC,True
2017-10-31,NHPC,True
2017-10-31,NMDC,True
2017-10-31,NTPC,True
2017-10-31,OBEROIRLTY,True
2017-10-31,OIL,True
2017-10-31,ONGC,True
2017-10-31,PCJEWELLER,True
2017-10-31,PEL,True
2017-10-31,PETRONET,True
2017-10-31,PFC,True
2017-10-31,PGHH,True
2017-10-31,PIDILITIND,True
2017-10-31,PIIND,True
2017-10-31,PNB,True
2017-10-31,PNBHOUSING,True
2017-10-31,POWERGRID,True
2017-10-31,PRESTIGE,True
2017-10-31,RAJESHEXPO,True
2017-10-31,RAMCOCEM,True
2017-10-31,RBLBANK,True
2017-10-31,RCOM,True
2017-10-31,RECLTD,True
2017-10-31,RELIANCE,True
2017-10-31,RPOWER,True
2017-10-31,SAIL,True
2017-10-31,SBIN,True
2017-10-31,SHREECEM,True
2017-10-31,SIEMENS,True
2017-10-31,SPARC,True
2017-10-31,SRF,True
2017-10-31,STAR,True
2017-10-31,SUNTV,True
2017-10-31,SUZLON,True
2017-10-31,SYNDIBANK,True
2017-10-31,SYNGENE,True
2017-10-31,TATACHEM,True
2017-10-31,TATACOMM,True
2017-10-31,TCS,True
2017-10-31,TECHM,True
2017-10-31,TITAN,True
2017-10-31,TORNTPHARM,True
2017-10-31,TORNTPOWER,True
2017-10-31,TV18BRDCST,True
2017-10-31,TVSMOTOR,True
2017-10-31,UBL,True
2017-10-31,ULTRACEMCO,True
2017-10-31,UNIONBANK,True
2017-10-31,UPL,True
2017-10-31,VAKRANGEE,True
2017-10-31,VEDL,True
2017-10-31,VOLTAS,True
2017-10-31,WIPRO,True
2017-10-31,WOCKPHARMA,True
2017-10-31,YESBANK,True
2017-10-31,ZEEL,True
2017-11-30,ABB,True
2017-11-30,ABFRL,True
2017-11-30,ADANIPOWER,True
2017-11-30,AIAENG,True
2017-11-30,AMBUJACEM,True
2017-11-30,APOLLOHOSP,True
2017-11-30,APOLLOTYRE,True
2017-11-30,ASIANPAINT,True
2017-11-30,AUROPHARMA,True
2017-11-30,AXISBANK,True
2017-11-30,BAJAJ-AUTO,True
2017-11-30,BAJAJFINSV,True
2017-11-30,BAJFINANCE,True
2017-11-30,BALKRISIND,True
2017-11-30,BANKBARODA,True
2017-11-30,BANKINDIA,True
2017-11-30,BATAINDIA,True
2017-11-30,BEL,True
2017-11-30,BERGEPAINT,True
2017-11-30,BHARATFIN,True
2017-11-30,BHARATFORG,True
2017-11-30,BHEL,True
2017-11-30,BIOCON,True
2017-11-30,BOSCHLTD,True
2017-11-30,BPCL,True
2017-11-30,CANBK,True
2017-11-30,CASTROLIND,True
2017-11-30,CENTRALBK,True
2017-11-30,CESC,True
2017-11-30,CHOLAFIN,True
2017-11-30,CIPLA,True
2017-11-30,COALINDIA,True
2017-11-30,COLPAL,True
2017-11-30,CONCOR,True
2017-11-30,COROMANDEL,True
2017-11-30,CRISIL,True
2017-11-30,CROMPTON,True
2017-11-30,CUMMINSIND,True
2017-11-30,DABUR,True
2017-11-30,DALMIABHA,True
2017-11-30,DISHTV,True
2017-11-30,DIVISLAB,True
2017-11-30,DLF,True
2017-11-30,DMART,True
2017-11-30,DRREDDY,True
2017-11-30,EDELWEISS,True
2017-11-30,EICHERMOT,True
2017-11-30,EMAMILTD,True
2017-11-30,ENDURANCE,True
2017-11-30,ENGINERSIN,True
2017-11-30,EXIDEIND,True
2017-11-30,FEDERALBNK,True
2017-11-30,FORTIS,True
2017-11-30,GLAXO,True
2017-11-30,GLENMARK,True
2017-11-30,GODREJCP,True
2017-11-30,GODREJIND,True
2017-11-30,GPPL,True
2017-11-30,GRUH,True
2017-11-30,GSKCONS,True
2017-11-30,GSPL,True
2017-11-30,HAVELLS,True
2017-11-30,HCLTECH,True
2017-11-30,HDFC,True
2017-11-30,HDFCBANK,True
2017-11-30,HEROMOTOCO,True
2017-11-30,HEXAWARE,True
2017-11-30,HINDALCO,True
2017-11-30,HINDPETRO,True
2017-11-30,HINDZINC,True
2017-11-30,HUDCO,True
2017-11-30,ICICIBANK,True
2017-11-30,ICICIPRULI,True
2017-11-30,IDEA,True
2017-11-30,IDFC,True
2017-11-30,IGL,True
2017-11-30,INDIANB,True
2017-11-30,INDIGO,True
2017-11-30,INDUSINDBK,True
2017-11-30,INFY,True
2017-11-30,IOC,True
2017-11-30,IPCALAB,True
2017-11-30,IRB,True
2017-11-30,ITC,True
2017-11-30,JINDALSTEL,True
2017-11-30,JSWENERGY,True
2017-11-30,JSWSTEEL,True
2017-11-30,JUBLFOOD,True
2017-11-30,KARURVYSYA,True
2017-11-30,KOTAKBANK,True
2017-11-30,LALPATHLAB,True
2017-11-30,LICHSGFIN,True
2017-11-30,LT,True
2017-11-30,LUPIN,True
2017-11-30,MARICO,True
2017-11-30,MARUTI,True
2017-11-30,MFSL,True
2017-11-30,MGL,True
2017-11-30,MINDTREE,True
2017-11-30,MPHASIS,True
2017-11-30,MRF,True
2017-11-30,MRPL,True
2017-11-30,NATCOPHARM,True
2017-11-30,NATIONALUM,True
2017-11-30,NAUKRI,True
2017-11-30,NBCC,True
2017-11-30,NHPC,True
2017-11-30,NMDC,True
2017-11-30,NTPC,True
2017-11-30,OBEROIRLTY,True
2017-11-30,OIL,True
2017-11-30,ONGC,True
2017-11-30,PCJEWELLER,True
2017-11-30,PEL,True
2017-11-30,PETRONET,True
2017-11-30,PFC,True
2017-11-30,PGHH,True
2017-11-30,PIDILITIND,True
2017-11-30,PIIND,True
2017-11-30,PNB,True
2017-11-30,PNBHOUSING,True
2017-11-30,POWERGRID,True
2017-11-30,PRESTIGE,True
2017-11-30,RAJESHEXPO,True
2017-11-30,RAMCOCEM,True
2017-11-30,RBLBANK,True
2017-11-30,RCOM,True
2017-11-30,RECLTD,True
2017-11-30,RELIANCE,True
2017-11-30,RPOWER,True
2017-11-30,SAIL,True
2017-11-30,SBIN,True
2017-11-30,SHREECEM,True
2017-11-30,SIEMENS,True
2017-11-30,SPARC,True
2017-11-30,SRF,True
2017-11-30,STAR,True
2017-11-30,SUNTV,True
2017-11-30,SUZLON,True
2017-11-30,SYNDIBANK,True
2017-11-30,SYNGENE,True
2017-11-30,TATACHEM,True
2017-11-30,TATACOMM,True
2017-11-30,TCS,True
2017-11-30,TECHM,True
2017-11-30,TITAN,True
2017-11-30,TORNTPHARM,True
2017-11-30,TORNTPOWER,True
2017-11-30,TV18BRDCST,True
2017-11-30,TVSMOTOR,True
2017-11-30,UBL,True
2017-11-30,ULTRACEMCO,True
2017-11-30,UNIONBANK,True
2017-11-30,UPL,True
2017-11-30,VAKRANGEE,True
2017-11-30,VEDL,True
2017-11-30,VOLTAS,True
2017-11-30,WIPRO,True
2017-11-30,WOCKPHARMA,True
2017-11-30,YESBANK,True
2017-11-30,ZEEL,True
2017-12-31,ABB,True
2017-12-31,ABFRL,True
2017-12-31,ADANIPOWER,True
2017-12-31,AIAENG,True
2017-12-31,AMBUJACEM,True
2017-12-31,APOLLOHOSP,True
2017-12-31,APOLLOTYRE,True
2017-12-31,ASIANPAINT,True
2017-12-31,AUROPHARMA,True
2017-12-31,AXISBANK,True
2017-12-31,BAJAJ-AUTO,True
2017-12-31,BAJAJFINSV,True
2017-12-31,BAJFINANCE,True
2017-12-31,BALKRISIND,True
2017-12-31,BANKBARODA,True
2017-12-31,BANKINDIA,True
2017-12-31,BATAINDIA,True
2017-12-31,BEL,True
2017-12-31,BERGEPAINT,True
2017-12-31,BHARATFIN,True
2017-12-31,BHARATFORG,True
2017-12-31,BHEL,True
2017-12-31,BIOCON,True
2017-12-31,BOSCHLTD,True
2017-12-31,BPCL,True
2017-12-31,CANBK,True
2017-12-31,CASTROLIND,True
2017-12-31,CENTRALBK,True
2017-12-31,CESC,True
2017-12-31,CHOLAFIN,True
2017-12-31,CIPLA,True
2017-12-31,COALINDIA,True
2017-12-31,COLPAL,True
2017-12-31,CONCOR,True
2017-12-31,COROMANDEL,True
2017-12-31,CRISIL,True
2017-12-31,CROMPTON,True
2017-12-31,CUMMINSIND,True
2017-12-31,DABUR,True
2017-12-31,DALMIABHA,True
2017-12-31,DISHTV,True
2017-12-31,DIVISLAB,True
2017-12-31,DLF,True
2017-12-31,DMART,True
2017-12-31,DRREDDY,True
2017-12-31,EDELWEISS,True
2017-12-31,EICHERMOT,True
2017-12-31,EMAMILTD,True
2017-12-31,ENDURANCE,True
2017-12-31,ENGINERSIN,True
2017-12-31,EXIDEIND,True
2017-12-31,FEDERALBNK,True
2017-12-31,FORTIS,True
2017-12-31,GLAXO,True
2017-12-31,GLENMARK,True
2017-12-31,GODREJCP,True
2017-12-31,GODREJIND,True
2017-12-31,GPPL,True
2017-12-31,GRUH,True
2017-12-31,GSKCONS,True
2017-12-31,GSPL,True
2017-12-31,HAVELLS,True
2017-12-31,HCLTECH,True
2017-12-31,HDFC,True
2017-12-31,HDFCBANK,True
2017-12-31,HEROMOTOCO,True
2017-12-31,HEXAWARE,True
2017-12-31,HINDALCO,True
2017-12-31,HINDPETRO,True
2017-12-31,HINDZINC,True
2017-12-31,HUDCO,True
2017-12-31,ICICIBANK,True
2017-12-31,ICICIPRULI,True
2017-12-31,IDEA,True
2017-12-31,IDFC,True
2017-12-31,IGL,True
2017-12-31,INDIANB,True
2017-12-31,INDIGO,True
2017-12-31,INDUSINDBK,True
2017-12-31,INFY,True
2017-12-31,IOC,True
2017-12-31,IPCALAB,True
2017-12-31,IRB,True
2017-12-31,ITC,True
2017-12-31,JINDALSTEL,True
2017-12-31,JSWENERGY,True
2017-12-31,JSWSTEEL,True
2017-12-31,JUBLFOOD,True
2017-12-31,KARURVYSYA,True
2017-12-31,KOTAKBANK,True
2017-12-31,LALPATHLAB,True
2017-12-31,LICHSGFIN,True
2017-12-31,LT,True
2017-12-31,LUPIN,True
2017-12-31,MARICO,True
2017-12-31,MARUTI,True
2017-12-31,MFSL,True
2017-12-31,MGL,True
2017-12-31,MINDTREE,True
2017-12-31,MPHASIS,True
2017-12-31,MRF,True
2017-12-31,MRPL,True
2017-12-31,NATCOPHARM,True
2017-12-31,NATIONALUM,True
2017-12-31,NAUKRI,True
2017-12-31,NBCC,True
2017-12-31,NHPC,True
2017-12-31,NMDC,True
2017-12-31,NTPC,True
2017-12-31,OBEROIRLTY,True
2017-12-31,OIL,True
2017-12-31,ONGC,True
2017-12-31,PCJEWELLER,True
2017-12-31,PEL,True
2017-12-31,PETRONET,True
2017-12-31,PFC,True
2017-12-31,PGHH,True
2017-12-31,PIDILITIND,True
2017-12-31,PIIND,True
2017-12-31,PNB,True
2017-12-31,PNBHOUSING,True
2017-12-31,POWERGRID,True
2017-12-31,PRESTIGE,True
2017-12-31,RAJESHEXPO,True
2017-12-31,RAMCOCEM,True
2017-12-31,RBLBANK,True
2017-12-31,RCOM,True
2017-12-31,RECLTD,True
2017-12-31,RELIANCE,True
2017-12-31,RPOWER,True
2017-12-31,SAIL,True
2017-12-31,SBIN,True
2017-12-31,SHREECEM,True
2017-12-31,SIEMENS,True
2017-12-31,SPARC,True
2017-12-31,SRF,True
2017-12-31,STAR,True
2017-12-31,SUNTV,True
2017-12-31,SUZLON,True
2017-12-31,SYNDIBANK,True
2017-12-31,SYNGENE,True
2017-12-31,TATACHEM,True
2017-12-31,TATACOMM,True
2017-12-31,TCS,True
2017-12-31,TECHM,True
2017-12-31,TITAN,True
2017-12-31,TORNTPHARM,True
2017-12-31,TORNTPOWER,True
2017-12-31,TV18BRDCST,True
2017-12-31,TVSMOTOR,True
2017-12-31,UBL,True
2017-12-31,ULTRACEMCO,True
2017-12-31,UNIONBANK,True
2017-12-31,UPL,True
2017-12-31,VAKRANGEE,True
2017-12-31,VEDL,True
2017-12-31,VOLTAS,True
2017-12-31,WIPRO,True
2017-12-31,WOCKPHARMA,True
2017-12-31,YESBANK,True
2017-12-31,ZEEL,True
2018-01-31,ABB,True
2018-01-31,ABFRL,True
2018-01-31,ADANIPOWER,True
2018-01-31,AIAENG,True
2018-01-31,AMBUJACEM,True
2018-01-31,APOLLOHOSP,True
2018-01-31,APOLLOTYRE,True
2018-01-31,ASIANPAINT,True
2018-01-31,AUROPHARMA,True
2018-01-31,AXISBANK,True
2018-01-31,BAJAJ-AUTO,True
2018-01-31,BAJAJFINSV,True
2018-01-31,BAJFINANCE,True
2018-01-31,BALKRISIND,True
2018-01-31,BANKBARODA,True
2018-01-31,BANKINDIA,True
2018-01-31,BATAINDIA,True
2018-01-31,BEL,True
2018-01-31,BERGEPAINT,True
2018-01-31,BHARATFIN,True
2018-01-31,BHARATFORG,True
2018-01-31,BHEL,True
2018-01-31,BIOCON,True
2018-01-31,BOSCHLTD,True
2018-01-31,BPCL,True
2018-01-31,CANBK,True
2018-01-31,CASTROLIND,True
2018-01-31,CENTRALBK,True
2018-01-31,CESC,True
2018-01-31,CHOLAFIN,True
2018-01-31,CIPLA,True
2018-01-31,COALINDIA,True
2018-01-31,COLPAL,True
2018-01-31,CONCOR,True
2018-01-31,COROMANDEL,True
2018-01-31,CRISIL,True
2018-01-31,CROMPTON,True
2018-01-31,CUMMINSIND,True
2018-01-31,DABUR,True
2018-01-31,DALMIABHA,True
2018-01-31,DISHTV,True
2018-01-31,DIVISLAB,True
2018-01-31,DLF,True
2018-01-31,DMART,True
2018-01-31,DRREDDY,True
2018-01-31,EDELWEISS,True
2018-01-31,EICHERMOT,True
2018-01-31,EMAMILTD,True
2018-01-31,ENDURANCE,True
2018-01-31,ENGINERSIN,True
2018-01-31,EXIDEIND,True
2018-01-31,FEDERALBNK,True
2018-01-31,FORTIS,True
2018-01-31,GLAXO,True
2018-01-31,GLENMARK,True
2018-01-31,GODREJCP,True
2018-01-31,GODREJIND,True
2018-01-31,GPPL,True
2018-01-31,GRUH,True
2018-01-31,GSKCONS,True
2018-01-31,GSPL,True
2018-01-31,HAVELLS,True
2018-01-31,HCLTECH,True
2018-01-31,HDFC,True
2018-01-31,HDFCBANK,True
2018-01-31,HEROMOTOCO,True
2018-01-31,HEXAWARE,True
2018-01-31,HINDALCO,True
2018-01-31,HINDPETRO,True
2018-01-31,HINDZINC,True
2018-01-31,HUDCO,True
2018-01-31,ICICIBANK,True
2018-01-31,ICICIPRULI,True
2018-01-31,IDEA,True
2018-01-31,IDFC,True
2018-01-31,IGL,True
2018-01-31,INDIANB,True
2018-01-31,INDIGO,True
2018-01-31,INDUSINDBK,True
2018-01-31,INFY,True
2018-01-31,IOC,True
2018-01-31,IPCALAB,True
2018-01-31,IRB,True
2018-01-31,ITC,True
2018-01-31,JINDALSTEL,True
2018-01-31,JSWENERGY,True
2018-01-31,JSWSTEEL,True
2018-01-31,JUBLFOOD,True
2018-01-31,KARURVYSYA,True
2018-01-31,KOTAKBANK,True
2018-01-31,LALPATHLAB,True
2018-01-31,LICHSGFIN,True
2018-01-31,LT,True
2018-01-31,LUPIN,True
2018-01-31,MARICO,True
2018-01-31,MARUTI,True
2018-01-31,MFSL,True
2018-01-31,MGL,True
2018-01-31,MINDTREE,True
2018-01-31,MPHASIS,True
2018-01-31,MRF,True
2018-01-31,MRPL,True
2018-01-31,NATCOPHARM,True
2018-01-31,NATIONALUM,True
2018-01-31,NAUKRI,True
2018-01-31,NBCC,True
2018-01-31,NHPC,True
2018-01-31,NMDC,True
2018-01-31,NTPC,True
2018-01-31,OBEROIRLTY,True
2018-01-31,OIL,True
2018-01-31,ONGC,True
2018-01-31,PCJEWELLER,True
2018-01-31,PEL,True
2018-01-31,PETRONET,True
2018-01-31,PFC,True
2018-01-31,PGHH,True
2018-01-31,PIDILITIND,True
2018-01-31,PIIND,True
2018-01-31,PNB,True
2018-01-31,PNBHOUSING,True
2018-01-31,POWERGRID,True
2018-01-31,PRESTIGE,True
2018-01-31,RAJESHEXPO,True
2018-01-31,RAMCOCEM,True
2018-01-31,RBLBANK,True
2018-01-31,RCOM,True
2018-01-31,RECLTD,True
2018-01-31,RELIANCE,True
2018-01-31,RPOWER,True
2018-01-31,SAIL,True
2018-01-31,SBIN,True
2018-01-31,SHREECEM,True
2018-01-31,SIEMENS,True
2018-01-31,SPARC,True
2018-01-31,SRF,True
2018-01-31,STAR,True
2018-01-31,SUNTV,True
2018-01-31,SUZLON,True
2018-01-31,SYNDIBANK,True
2018-01-31,SYNGENE,True
2018-01-31,TATACHEM,True
2018-01-31,TATACOMM,True
2018-01-31,TCS,True
2018-01-31,TECHM,True
2018-01-31,TITAN,True
2018-01-31,TORNTPHARM,True
2018-01-31,TORNTPOWER,True
2018-01-31,TV18BRDCST,True
2018-01-31,TVSMOTOR,True
2018-01-31,UBL,True
2018-01-31,ULTRACEMCO,True
2018-01-31,UNIONBANK,True
2018-01-31,UPL,True
2018-01-31,VAKRANGEE,True
2018-01-31,VEDL,True
2018-01-31,VOLTAS,True
2018-01-31,WIPRO,True
2018-01-31,WOCKPHARMA,True
2018-01-31,YESBANK,True
2018-01-31,ZEEL,True
2018-02-28,ABB,True
2018-02-28,ABFRL,True
2018-02-28,ADANIPOWER,True
2018-02-28,AIAENG,True
2018-02-28,AMBUJACEM,True
2018-02-28,APOLLOHOSP,True
2018-02-28,APOLLOTYRE,True
2018-02-28,ASIANPAINT,True
2018-02-28,AUBANK,True
2018-02-28,AUROPHARMA,True
2018-02-28,AXISBANK,True
2018-02-28,BAJAJ-AUTO,True
2018-02-28,BAJAJFINSV,True
2018-02-28,BAJFINANCE,True
2018-02-28,BALKRISIND,True
2018-02-28,BANKBARODA,True
2018-02-28,BANKINDIA,True
2018-02-28,BATAINDIA,True
2018-02-28,BEL,True
2018-02-28,BERGEPAINT,True
2018-02-28,BHARATFIN,True
2018-02-28,BHARATFORG,True
2018-02-28,BHEL,True
2018-02-28,BIOCON,True
2018-02-28,BOSCHLTD,True
2018-02-28,BPCL,True
2018-02-28,CANBK,True
2018-02-28,CASTROLIND,True
2018-02-28,CENTRALBK,True
2018-02-28,CHOLAFIN,True
2018-02-28,CIPLA,True
2018-02-28,COALINDIA,True
2018-02-28,COLPAL,True
2018-02-28,CONCOR,True
2018-02-28,COROMANDEL,True
2018-02-28,CRISIL,True
2018-02-28,CROMPTON,True
2018-02-28,CUMMINSIND,True
2018-02-28,DABUR,True
2018-02-28,DALMIABHA,True
2018-02-28,DISHTV,True
2018-02-28,DIVISLAB,True
2018-02-28,DLF,True
2018-02-28,DMART,True
2018-02-28,DRREDDY,True
2018-02-28,EDELWEISS,True
2018-02-28,EICHERMOT,True
2018-02-28,EMAMILTD,True
2018-02-28,ENDURANCE,True
2018-02-28,ENGINERSIN,True
2018-02-28,EXIDEIND,True
2018-02-28,FEDERALBNK,True
2018-02-28,GLAXO,True
2018-02-28,GLENMARK,True
2018-02-28,GODREJCP,True
2018-02-28,GODREJIND,True
2018-02-28,GPPL,True
2018-02-28,GRUH,True
2018-02-28,GSKCONS,True
2018-02-28,GSPL,True
2018-02-28,HAVELLS,True
2018-02-28,HCLTECH,True
2018-02-28,HDFC,True
2018-02-28,HDFCBANK,True
2018-02-28,HEROMOTOCO,True
2018-02-28,HEXAWARE,True
2018-02-28,HINDALCO,True
2018-02-28,HINDPETRO,True
2018-02-28,HINDZINC,True
2018-02-28,HUDCO,True
2018-02-28,ICICIBANK,True
2018-02-28,ICICIPRULI,True
2018-02-28,IDEA,True
2018-02-28,IDFC,True
2018-02-28,IGL,True
2018-02-28,INDIANB,True
2018-02-28,INDIGO,True
2018-02-28,INDUSINDBK,True
2018-02-28,INFY,True
2018-02-28,IOC,True
2018-02-28,IPCALAB,True
2018-02-28,IRB,True
2018-02-28,ITC,True
2018-02-28,JINDALSTEL,True
2018-02-28,JSWENERGY,True
2018-02-28,JSWSTEEL,True
2018-02-28,JUBLFOOD,True
2018-02-28,KARURVYSYA,True
2018-02-28,KOTAKBANK,True
2018-02-28,LALPATHLAB,True
2018-02-28,LICHSGFIN,True
2018-02-28,LT,True
2018-02-28,LUPIN,True
2018-02-28,MARICO,True
2018-02-28,MARUTI,True
2018-02-28,MFSL,True
2018-02-28,MGL,True
2018-02-28,MINDTREE,True
2018-02-28,MPHASIS,True
2018-02-28,MRF,True
2018-02-28,MRPL,True
2018-02-28,NATCOPHARM,True
2018-02-28,NATIONALUM,True
2018-02-28,NAUKRI,True
2018-02-28,NBCC,True
2018-02-28,NHPC,True
2018-02-28,NMDC,True
2018-02-28,NTPC,True
2018-02-28,OBEROIRLTY,True
2018-02-28,OIL,True
2018-02-28,ONGC,True
2018-02-28,PCJEWELLER,True
2018-02-28,PEL,True
2018-02-28,PETRONET,True
2018-02-28,PFC,True
2018-02-28,PGHH,True
2018-02-28,PIDILITIND,True
2018-02-28,PIIND,True
2018-02-28,PNB,True
2018-02-28,PNBHOUSING,True
2018-02-28,POWERGRID,True
2018-02-28,PRESTIGE,True
2018-02-28,RAJESHEXPO,True
2018-02-28,RAMCOCEM,True
2018-02-28,RBLBANK,True
2018-02-28,RCOM,True
2018-02-28,RECLTD,True
2018-02-28,RELCAPITAL,True
2018-02-28,RELIANCE,True
2018-02-28,RPOWER,True
2018-02-28,SAIL,True
2018-02-28,SBIN,True
2018-02-28,SHREECEM,True
2018-02-28,SIEMENS,True
2018-02-28,SPARC,True
2018-02-28,SRF,True
2018-02-28,SUNTV,True
2018-02-28,SUZLON,True
2018-02-28,SYNDIBANK,True
2018-02-28,SYNGENE,True
2018-02-28,TATACHEM,True
2018-02-28,TATACOMM,True
2018-02-28,TCS,True
2018-02-28,TECHM,True
2018-02-28,TITAN,True
2018-02-28,TORNTPHARM,True
2018-02-28,TORNTPOWER,True
2018-02-28,TV18BRDCST,True
2018-02-28,TVSMOTOR,True
2018-02-28,UBL,True
2018-02-28,ULTRACEMCO,True
2018-02-28,UNIONBANK,True
2018-02-28,UPL,True
2018-02-28,VAKRANGEE,True
2018-02-28,VEDL,True
2018-02-28,VGUARD,True
2018-02-28,VOLTAS,True
2018-02-28,WIPRO,True
2018-02-28,WOCKPHARMA,True
2018-02-28,YESBANK,True
2018-02-28,ZEEL,True
2018-03-31,ABB,True
2018-03-31,ABFRL,True
2018-03-31,ADANIPOWER,True
2018-03-31,AIAENG,True
2018-03-31,AMBUJACEM,True
2018-03-31,APOLLOHOSP,True
2018-03-31,APOLLOTYRE,True
2018-03-31,ASIANPAINT,True
2018-03-31,AUBANK,True
2018-03-31,AUROPHARMA,True
2018-03-31,AXISBANK,True
2018-03-31,BAJAJ-AUTO,True
2018-03-31,BAJAJFINSV,True
2018-03-31,BAJFINANCE,True
2018-03-31,BALKRISIND,True
2018-03-31,BANKBARODA,True
2018-03-31,BANKINDIA,True
2018-03-31,BATAINDIA,True
2018-03-31,BEL,True
2018-03-31,BERGEPAINT,True
2018-03-31,BHARATFIN,True
2018-03-31,BHARATFORG,True
2018-03-31,BHEL,True
2018-03-31,BIOCON,True
2018-03-31,BOSCHLTD,True
2018-03-31,BPCL,True
2018-03-31,CANBK,True
2018-03-31,CASTROLIND,True
2018-03-31,CENTRALBK,True
2018-03-31,CHOLAFIN,True
2018-03-31,CIPLA,True
2018-03-31,COALINDIA,True
2018-03-31,COLPAL,True
2018-03-31,CONCOR,True
2018-03-31,COROMANDEL,True
2018-03-31,CRISIL,True
2018-03-31,CROMPTON,True
2018-03-31,CUMMINSIND,True
2018-03-31,DABUR,True
2018-03-31,DALMIABHA,True
2018-03-31,DISHTV,True
2018-03-31,DIVISLAB,True
2018-03-31,DLF,True
2018-03-31,DMART,True
2018-03-31,DRREDDY,True
2018-03-31,EDELWEISS,True
2018-03-31,EICHERMOT,True
2018-03-31,EMAMILTD,True
2018-03-31,ENDURANCE,True
2018-03-31,ENGINERSIN,True
2018-03-31,EXIDEIND,True
2018-03-31,FEDERALBNK,True
2018-03-31,GLAXO,True
2018-03-31,GLENMARK,True
2018-03-31,GODREJCP,True
2018-03-31,GODREJIND,True
2018-03-31,GPPL,True
2018-03-31,GRUH,True
2018-03-31,GSKCONS,True
2018-03-31,GSPL,True
2018-03-31,HAVELLS,True
2018-03-31,HCLTECH,True
2018-03-31,HDFC,True
2018-03-31,HDFCBANK,True
2018-03-31,HEROMOTOCO,True
2018-03-31,HEXAWARE,True
2018-03-31,HINDALCO,True
2018-03-31,HINDPETRO,True
2018-03-31,HINDZINC,True
2018-03-31,HUDCO,True
2018-03-31,ICICIBANK,True
2018-03-31,ICICIPRULI,True
2018-03-31,IDEA,True
2018-03-31,IDFC,True
2018-03-31,IGL,True
2018-03-31,INDIANB,True
2018-03-31,INDIGO,True
2018-03-31,INDUSINDBK,True
2018-03-31,INFY,True
2018-03-31,IOC,True
2018-03-31,IPCALAB,True
2018-03-31,IRB,True
2018-03-31,ITC,True
2018-03-31,JINDALSTEL,True
2018-03-31,JSWENERGY,True
2018-03-31,JSWSTEEL,True
2018-03-31,JUBLFOOD,True
2018-03-31,KARURVYSYA,True
2018-03-31,KOTAKBANK,True
2018-03-31,LALPATHLAB,True
2018-03-31,LICHSGFIN,True
2018-03-31,LT,True
2018-03-31,LUPIN,True
2018-03-31,MARICO,True
2018-03-31,MARUTI,True
2018-03-31,MFSL,True
2018-03-31,MGL,True
2018-03-31,MINDTREE,True
2018-03-31,MPHASIS,True
2018-03-31,MRF,True
2018-03-31,MRPL,True
2018-03-31,NATCOPHARM,True
2018-03-31,NATIONALUM,True
2018-03-31,NAUKRI,True
2018-03-31,NBCC,True
2018-03-31,NHPC,True
2018-03-31,NMDC,True
2018-03-31,NTPC,True
2018-03-31,OBEROIRLTY,True
2018-03-31,OIL,True
2018-03-31,ONGC,True
2018-03-31,PCJEWELLER,True
2018-03-31,PEL,True
2018-03-31,PETRONET,True
2018-03-31,PFC,True
2018-03-31,PGHH,True
2018-03-31,PIDILITIND,True
2018-03-31,PIIND,True
2018-03-31,PNB,True
2018-03-31,PNBHOUSING,True
2018-03-31,POWERGRID,True
2018-03-31,PRESTIGE,True
2018-03-31,RAJESHEXPO,True
2018-03-31,RAMCOCEM,True
2018-03-31,RBLBANK,True
2018-03-31,RCOM,True
2018-03-31,RECLTD,True
2018-03-31,RELCAPITAL,True
2018-03-31,RELIANCE,True
2018-03-31,RPOWER,True
2018-03-31,SAIL,True
2018-03-31,SBIN,True
2018-03-31,SHREECEM,True
2018-03-31,SIEMENS,True
2018-03-31,SPARC,True
2018-03-31,SRF,True
2018-03-31,SUNTV,True
2018-03-31,SUZLON,True
2018-03-31,SYNDIBANK,True
2018-03-31,SYNGENE,True
2018-03-31,TATACHEM,True
2018-03-31,TATACOMM,True
2018-03-31,TCS,True
2018-03-31,TECHM,True
2018-03-31,TITAN,True
2018-03-31,TORNTPHARM,True
2018-03-31,TORNTPOWER,True
2018-03-31,TV18BRDCST,True
2018-03-31,TVSMOTOR,True
2018-03-31,UBL,True
2018-03-31,ULTRACEMCO,True
2018-03-31,UNIONBANK,True
2018-03-31,UPL,True
2018-03-31,VAKRANGEE,True
2018-03-31,VEDL,True
2018-03-31,VGUARD,True
2018-03-31,VOLTAS,True
2018-03-31,WIPRO,True
2018-03-31,WOCKPHARMA,True
2018-03-31,YESBANK,True
2018-03-31,ZEEL,True
2018-04-30,ABB,True
2018-04-30,ABCAPITAL,True
2018-04-30,ABFRL,True
2018-04-30,ADANIPOWER,True
2018-04-30,AIAENG,True
2018-04-30,AMBUJACEM,True
2018-04-30,APOLLOHOSP,True
2018-04-30,APOLLOTYRE,True
2018-04-30,ASIANPAINT,True
2018-04-30,AUBANK,True
2018-04-30,AUROPHARMA,True
2018-04-30,AXISBANK,True
2018-04-30,BAJAJ-AUTO,True
2018-04-30,BAJAJFINSV,True
2018-04-30,BAJFINANCE,True
2018-04-30,BALKRISIND,True
2018-04-30,BANKBARODA,True
2018-04-30,BANKINDIA,True
2018-04-30,BATAINDIA,True
2018-04-30,BEL,True
2018-04-30,BERGEPAINT,True
2018-04-30,BHARATFIN,True
2018-04-30,BHARATFORG,True
2018-04-30,BHEL,True
2018-04-30,BIOCON,True
2018-04-30,BOSCHLTD,True
2018-04-30,BPCL,True
2018-04-30,CANBK,True
2018-04-30,CASTROLIND,True
2018-04-30,CENTRALBK,True
2018-04-30,CHOLAFIN,True
2018-04-30,CIPLA,True
2018-04-30,COALINDIA,True
2018-04-30,COLPAL,True
2018-04-30,CONCOR,True
2018-04-30,COROMANDEL,True
2018-04-30,CROMPTON,True
2018-04-30,CUMMINSIND,True
2018-04-30,DABUR,True
2018-04-30,DBL,True
2018-04-30,DISHTV,True
2018-04-30,DIVISLAB,True
2018-04-30,DLF,True
2018-04-30,DMART,True
2018-04-30,DRREDDY,True
2018-04-30,EDELWEISS,True
2018-04-30,EICHERMOT,True
2018-04-30,EMAMILTD,True
2018-04-30,ENDURANCE,True
2018-04-30,ENGINERSIN,True
2018-04-30,EXIDEIND,True
2018-04-30,FCONSUMER,True
2018-04-30,FEDERALBNK,True
2018-04-30,GICRE,True
2018-04-30,GLENMARK,True
2018-04-30,GODREJAGRO,True
2018-04-30,GODREJCP,True
2018-04-30,GODREJIND,True
2018-04-30,GRASIM,True
2018-04-30,GRUH,True
2018-04-30,GSPL,True
2018-04-30,HAVELLS,True
2018-04-30,HCLTECH,True
2018-04-30,HDFC,True
2018-04-30,HDFCBANK,True
2018-04-30,HEROMOTOCO,True
2018-04-30,HEXAWARE,True
2018-04-30,HINDALCO,True
2018-04-30,HINDPETRO,True
2018-04-30,HINDZINC,True
2018-04-30,HUDCO,True
2018-04-30,ICICIBANK,True
2018-04-30,ICICIGI,True
2018-04-30,IDEA,True
2018-04-30,IDFC,True
2018-04-30,IGL,True
2018-04-30,INDIANB,True
2018-04-30,INDIGO,True
2018-04-30,INDUSINDBK,True
2018-04-30,INFY,True
2018-04-30,IOC,True
2018-04-30,IRB,True
2018-04-30,ITC,True
2018-04-30,JINDALSTEL,True
2018-04-30,JSWENERGY,True
2018-04-30,JSWSTEEL,True
2018-04-30,JUBLFOOD,True
2018-04-30,KARURVYSYA,True
2018-04-30,KOTAKBANK,True
2018-04-30,LICHSGFIN,True
2018-04-30,LT,True
2018-04-30,LUPIN,True
2018-04-30,MARICO,True
2018-04-30,MARUTI,True
2018-04-30,MFSL,True
2018-04-30,MGL,True
2018-04-30,MINDTREE,True
2018-04-30,MPHASIS,True
2018-04-30,MRF,True
2018-04-30,MRPL,True
2018-04-30,NATCOPHARM,True
2018-04-30,NATIONALUM,True
2018-04-30,NAUKRI,True
2018-04-30,NBCC,True
2018-04-30,NHPC,True
2018-04-30,NMDC,True
2018-04-30,NTPC,True
2018-04-30,OBEROIRLTY,True
2018-04-30,OIL,True
2018-04-30,ONGC,True
2018-04-30,PCJEWELLER,True
2018-04-30,PEL,True
2018-04-30,PETRONET,True
2018-04-30,PFC,True
2018-04-30,PGHH,True
2018-04-30,PIDILITIND,True
2018-04-30,PIIND,True
2018-04-30,PNB,True
2018-04-30,PNBHOUSING,True
2018-04-30,POWERGRID,True
2018-04-30,PRESTIGE,True
2018-04-30,RAJESHEXPO,True
2018-04-30,RAMCOCEM,True
2018-04-30,RBLBANK,True
2018-04-30,RECLTD,True
2018-04-30,RELCAPITAL,True
2018-04-30,RELIANCE,True
2018-04-30,RPOWER,True
2018-04-30,SAIL,True
2018-04-30,SBILIFE,True
2018-04-30,SBIN,True
2018-04-30,SHREECEM,True
2018-04-30,SIEMENS,True
2018-04-30,SPARC,True
2018-04-30,SRF,True
2018-04-30,SUNTV,True
2018-04-30,SUZLON,True
2018-04-30,SYNGENE,True
2018-04-30,TATACHEM,True
2018-04-30,TATACOMM,True
2018-04-30,TCS,True
2018-04-30,TECHM,True
2018-04-30,TITAN,True
2018-04-30,TORNTPHARM,True
2018-04-30,TORNTPOWER,True
2018-04-30,TV18BRDCST,True
2018-04-30,TVSMOTOR,True
2018-04-30,UBL,True
2018-04-30,ULTRACEMCO,True
2018-04-30,UNIONBANK,True
2018-04-30,UPL,True
2018-04-30,VAKRANGEE,True
2018-04-30,VEDL,True
2018-04-30,VGUARD,True
2018-04-30,VOLTAS,True
2018-04-30,WIPRO,True
2018-04-30,WOCKPHARMA,True
2018-04-30,YESBANK,True
2018-04-30,ZEEL,True
2018-05-31,ABB,True
2018-05-31,ABCAPITAL,True
2018-05-31,ABFRL,True
2018-05-31,ADANIPOWER,True
2018-05-31,AIAENG,True
2018-05-31,AMBUJACEM,True
2018-05-31,APOLLOHOSP,True
2018-05-31,APOLLOTYRE,True
2018-05-31,ASIANPAINT,True
2018-05-31,AUBANK,True
2018-05-31,AUROPHARMA,True
2018-05-31,AXISBANK,True
2018-05-31,BAJAJ-AUTO,True
2018-05-31,BAJAJFINSV,True
2018-05-31,BAJFINANCE,True
2018-05-31,BALKRISIND,True
2018-05-31,BANKBARODA,True
2018-05-31,BANKINDIA,True
2018-05-31,BATAINDIA,True
2018-05-31,BEL,True
2018-05-31,BERGEPAINT,True
2018-05-31,BHARATFIN,True
2018-05-31,BHARATFORG,True
2018-05-31,BHEL,True
2018-05-31,BIOCON,True
2018-05-31,BOSCHLTD,True
2018-05-31,BPCL,True
2018-05-31,CANBK,True
2018-05-31,CASTROLIND,True
2018-05-31,CENTRALBK,True
2018-05-31,CHOLAFIN,True
2018-05-31,CIPLA,True
2018-05-31,COALINDIA,True
2018-05-31,COLPAL,True
2018-05-31,CONCOR,True
2018-05-31,COROMANDEL,True
2018-05-31,CROMPTON,True
2018-05-31,CUMMINSIND,True
2018-05-31,DABUR,True
2018-05-31,DBL,True
2018-05-31,DISHTV,True
2018-05-31,DIVISLAB,True
2018-05-31,DLF,True
2018-05-31,DMART,True
2018-05-31,DRREDDY,True
2018-05-31,EDELWEISS,True
2018-05-31,EICHERMOT,True
2018-05-31,EMAMILTD,True
2018-05-31,ENDURANCE,True
2018-05-31,ENGINERSIN,True
2018-05-31,EXIDEIND,True
2018-05-31,FCONSUMER,True
2018-05-31,FEDERALBNK,True
2018-05-31,GICRE,True
2018-05-31,GLENMARK,True
2018-05-31,GODREJAGRO,True
2018-05-31,GODREJCP,True
2018-05-31,GODREJIND,True
2018-05-31,GRASIM,True
2018-05-31,GRUH,True
2018-05-31,GSPL,True
2018-05-31,HAVELLS,True
2018-05-31,HCLTECH,True
2018-05-31,HDFC,True
2018-05-31,HDFCBANK,True
2018-05-31,HEROMOTOCO,True
2018-05-31,HEXAWARE,True
2018-05-31,HINDALCO,True
2018-05-31,HINDPETRO,True
2018-05-31,HINDZINC,True
2018-05-31,HUDCO,True
2018-05-31,ICICIBANK,True
2018-05-31,ICICIGI,True
2018-05-31,IDEA,True
2018-05-31,IDFC,True
2018-05-31,IGL,True
2018-05-31,INDIANB,True
2018-05-31,INDIGO,True
2018-05-31,INDUSINDBK,True
2018-05-31,INFY,True
2018-05-31,IOC,True
2018-05-31,IRB,True
2018-05-31,ITC,True
2018-05-31,JINDALSTEL,True
2018-05-31,JSWENERGY,True
2018-05-31,JSWSTEEL,True
2018-05-31,JUBLFOOD,True
2018-05-31,KARURVYSYA,True
2018-05-31,KOTAKBANK,True
2018-05-31,LICHSGFIN,True
2018-05-31,LT,True
2018-05-31,LUPIN,True
2018-05-31,MARICO,True
2018-05-31,MARUTI,True
2018-05-31,MFSL,True
2018-05-31,MGL,True
2018-05-31,MINDTREE,True
2018-05-31,MPHASIS,True
2018-05-31,MRF,True
2018-05-31,MRPL,True
2018-05-31,NATCOPHARM,True
2018-05-31,NATIONALUM,True
2018-05-31,NAUKRI,True
2018-05-31,NBCC,True
2018-05-31,NHPC,True
2018-05-31,NMDC,True
2018-05-31,NTPC,True
2018-05-31,OBEROIRLTY,True
2018-05-31,OIL,True
2018-05-31,ONGC,True
2018-05-31,PCJEWELLER,True
2018-05-31,PEL,True
2018-05-31,PETRONET,True
2018-05-31,PFC,True
2018-05-31,PGHH,True
2018-05-31,PIDILITIND,True
2018-05-31,PIIND,True
2018-05-31,PNB,True
2018-05-31,PNBHOUSING,True
2018-05-31,POWERGRID,True
2018-05-31,PRESTIGE,True
2018-05-31,RAJESHEXPO,True
2018-05-31,RAMCOCEM,True
2018-05-31,RBLBANK,True
2018-05-31,RECLTD,True
2018-05-31,RELCAPITAL,True
2018-05-31,RELIANCE,True
2018-05-31,RPOWER,True
2018-05-31,SAIL,True
2018-05-31,SBILIFE,True
2018-05-31,SBIN,True
2018-05-31,SHREECEM,True
2018-05-31,SIEMENS,True
2018-05-31,SPARC,True
2018-05-31,SRF,True
2018-05-31,SUNTV,True
2018-05-31,SUZLON,True
2018-05-31,SYNGENE,True
2018-05-31,TATACHEM,True
2018-05-31,TATACOMM,True
2018-05-31,TCS,True
2018-05-31,TECHM,True
2018-05-31,TITAN,True
2018-05-31,TORNTPHARM,True
2018-05-31,TORNTPOWER,True
2018-05-31,TV18BRDCST,True
2018-05-31,TVSMOTOR,True
2018-05-31,UBL,True
2018-05-31,ULTRACEMCO,True
2018-05-31,UNIONBANK,True
2018-05-31,UPL,True
2018-05-31,VAKRANGEE,True
2018-05-31,VEDL,True
2018-05-31,VGUARD,True
2018-05-31,VOLTAS,True
2018-05-31,WIPRO,True
2018-05-31,WOCKPHARMA,True
2018-05-31,YESBANK,True
2018-05-31,ZEEL,True
2018-06-30,ABB,True
2018-06-30,ABCAPITAL,True
2018-06-30,ABFRL,True
2018-06-30,ADANIPOWER,True
2018-06-30,AIAENG,True
2018-06-30,AMBUJACEM,True
2018-06-30,APOLLOHOSP,True
2018-06-30,APOLLOTYRE,True
2018-06-30,ASIANPAINT,True
2018-06-30,AUBANK,True
2018-06-30,AUROPHARMA,True
2018-06-30,AXISBANK,True
2018-06-30,BAJAJ-AUTO,True
2018-06-30,BAJAJFINSV,True
2018-06-30,BAJFINANCE,True
2018-06-30,BALKRISIND,True
2018-06-30,BANKBARODA,True
2018-06-30,BANKINDIA,True
2018-06-30,BATAINDIA,True
2018-06-30,BEL,True
2018-06-30,BERGEPAINT,True
2018-06-30,BHARATFIN,True
2018-06-30,BHARATFORG,True
2018-06-30,BHEL,True
2018-06-30,BIOCON,True
2018-06-30,BOSCHLTD,True
2018-06-30,BPCL,True
2018-06-30,CANBK,True
2018-06-30,CASTROLIND,True
2018-06-30,CENTRALBK,True
2018-06-30,CHOLAFIN,True
2018-06-30,CIPLA,True
2018-06-30,COALINDIA,True
2018-06-30,COLPAL,True
2018-06-30,CONCOR,True
2018-06-30,COROMANDEL,True
2018-06-30,CROMPTON,True
2018-06-30,CUMMINSIND,True
2018-06-30,DABUR,True
2018-06-30,DBL,True
2018-06-30,DISHTV,True
2018-06-30,DIVISLAB,True
2018-06-30,DLF,True
2018-06-30,DMART,True
2018-06-30,DRREDDY,True
2018-06-30,EDELWEISS,True
2018-06-30,EICHERMOT,True
2018-06-30,EMAMILTD,True
2018-06-30,ENDURANCE,True
2018-06-30,ENGINERSIN,True
2018-06-30,EXIDEIND,True
2018-06-30,FCONSUMER,True
2018-06-30,FEDERALBNK,True
2018-06-30,GICRE,True
2018-06-30,GLENMARK,True
2018-06-30,GODREJAGRO,True
2018-06-30,GODREJCP,True
2018-06-30,GODREJIND,True
2018-06-30,GRASIM,True
2018-06-30,GRUH,True
2018-06-30,GSPL,True
2018-06-30,HAVELLS,True
2018-06-30,HCLTECH,True
2018-06-30,HDFC,True
2018-06-30,HDFCBANK,True
2018-06-30,HEROMOTOCO,True
2018-06-30,HEXAWARE,True
2018-06-30,HINDALCO,True
2018-06-30,HINDPETRO,True
2018-06-30,HINDZINC,True
2018-06-30,HUDCO,True
2018-06-30,ICICIBANK,True
2018-06-30,ICICIGI,True
2018-06-30,IDEA,True
2018-06-30,IDFC,True
2018-06-30,IGL,True
2018-06-30,INDIANB,True
2018-06-30,INDIGO,True
2018-06-30,INDUSINDBK,True
2018-06-30,INFY,True
2018-06-30,IOC,True
2018-06-30,IRB,True
2018-06-30,ITC,True
2018-06-30,JINDALSTEL,True
2018-06-30,JSWENERGY,True
2018-06-30,JSWSTEEL,True
2018-06-30,JUBLFOOD,True
2018-06-30,KARURVYSYA,True
2018-06-30,KOTAKBANK,True
2018-06-30,LICHSGFIN,True
2018-06-30,LT,True
2018-06-30,LUPIN,True
2018-06-30,MARICO,True
2018-06-30,MARUTI,True
2018-06-30,MFSL,True
2018-06-30,MGL,True
2018-06-30,MINDTREE,True
2018-06-30,MPHASIS,True
2018-06-30,MRF,True
2018-06-30,MRPL,True
2018-06-30,NATCOPHARM,True
2018-06-30,NATIONALUM,True
2018-06-30,NAUKRI,True
2018-06-30,NBCC,True
2018-06-30,NHPC,True
2018-06-30,NMDC,True
2018-06-30,NTPC,True
2018-06-30,OBEROIRLTY,True
2018-06-30,OIL,True
2018-06-30,ONGC,True
2018-06-30,PCJEWELLER,True
2018-06-30,PEL,True
2018-06-30,PETRONET,True
2018-06-30,PFC,True
2018-06-30,PGHH,True
2018-06-30,PIDILITIND,True
2018-06-30,PIIND,True
2018-06-30,PNB,True
2018-06-30,PNBHOUSING,True
2018-06-30,POWERGRID,True
2018-06-30,PRESTIGE,True
2018-06-30,RAJESHEXPO,True
2018-06-30,RAMCOCEM,True
2018-06-30,RBLBANK,True
2018-06-30,RECLTD,True
2018-06-30,RELCAPITAL,True
2018-06-30,RELIANCE,True
2018-06-30,RPOWER,True
2018-06-30,SAIL,True
2018-06-30,SBILIFE,True
2018-06-30,SBIN,True
2018-06-30,SHREECEM,True
2018-06-30,SIEMENS,True
2018-06-30,SPARC,True
2018-06-30,SRF,True
2018-06-30,SUNTV,True
2018-06-30,SUZLON,True
2018-06-30,SYNGENE,True
2018-06-30,TATACHEM,True
2018-06-30,TATACOMM,True
2018-06-30,TCS,True
2018-06-30,TECHM,True
2018-06-30,TITAN,True
2018-06-30,TORNTPHARM,True
2018-06-30,TORNTPOWER,True
2018-06-30,TV18BRDCST,True
2018-06-30,TVSMOTOR,True
2018-06-30,UBL,True
2018-06-30,ULTRACEMCO,True
2018-06-30,UNIONBANK,True
2018-06-30,UPL,True
2018-06-30,VAKRANGEE,True
2018-06-30,VEDL,True
2018-06-30,VGUARD,True
2018-06-30,VOLTAS,True
2018-06-30,WIPRO,True
2018-06-30,WOCKPHARMA,True
2018-06-30,YESBANK,True
2018-06-30,ZEEL,True
2018-07-31,ABB,True
2018-07-31,ABCAPITAL,True
2018-07-31,ABFRL,True
2018-07-31,ADANIPOWER,True
2018-07-31,AIAENG,True
2018-07-31,AMBUJACEM,True
2018-07-31,APOLLOHOSP,True
2018-07-31,APOLLOTYRE,True
2018-07-31,ASIANPAINT,True
2018-07-31,AUBANK,True
2018-07-31,AUROPHARMA,True
2018-07-31,AXISBANK,True
2018-07-31,BAJAJ-AUTO,True
2018-07-31,BAJAJFINSV,True
2018-07-31,BAJFINANCE,True
2018-07-31,BALKRISIND,True
2018-07-31,BANKBARODA,True
2018-07-31,BANKINDIA,True
2018-07-31,BATAINDIA,True
2018-07-31,BEL,True
2018-07-31,BERGEPAINT,True
2018-07-31,BHARATFIN,True
2018-07-31,BHARATFORG,True
2018-07-31,BHEL,True
2018-07-31,BIOCON,True
2018-07-31,BOSCHLTD,True
2018-07-31,BPCL,True
2018-07-31,CANBK,True
2018-07-31,CASTROLIND,True
2018-07-31,CENTRALBK,True
2018-07-31,CHOLAFIN,True
2018-07-31,CIPLA,True
2018-07-31,COALINDIA,True
2018-07-31,COLPAL,True
2018-07-31,CONCOR,True
2018-07-31,COROMANDEL,True
2018-07-31,CROMPTON,True
2018-07-31,CUMMINSIND,True
2018-07-31,DABUR,True
2018-07-31,DBL,True
2018-07-31,DISHTV,True
2018-07-31,DIVISLAB,True
2018-07-31,DLF,True
2018-07-31,DMART,True
2018-07-31,DRREDDY,True
2018-07-31,EDELWEISS,True
2018-07-31,EICHERMOT,True
2018-07-31,EMAMILTD,True
2018-07-31,ENDURANCE,True
2018-07-31,ENGINERSIN,True
2018-07-31,EXIDEIND,True
2018-07-31,FCONSUMER,True
2018-07-31,FEDERALBNK,True
2018-07-31,FRETAIL,True
2018-07-31,GICRE,True
2018-07-31,GLENMARK,True
2018-07-31,GODREJAGRO,True
2018-07-31,GODREJCP,True
2018-07-31,GODREJIND,True
2018-07-31,GRASIM,True
2018-07-31,GRUH,True
2018-07-31,GSPL,True
2018-07-31,HAVELLS,True
2018-07-31,HCLTECH,True
2018-07-31,HDFC,True
2018-07-31,HDFCBANK,True
2018-07-31,HEROMOTOCO,True
2018-07-31,HEXAWARE,True
2018-07-31,HINDALCO,True
2018-07-31,HINDPETRO,True
2018-07-31,HINDZINC,True
2018-07-31,HUDCO,True
2018-07-31,ICICIBANK,True
2018-07-31,ICICIGI,True
2018-07-31,IDEA,True
2018-07-31,IDFC,True
2018-07-31,IGL,True
2018-07-31,INDIANB,True
2018-07-31,INDIGO,True
2018-07-31,INDUSINDBK,True
2018-07-31,INFY,True
2018-07-31,IOC,True
2018-07-31,IRB,True
2018-07-31,ITC,True
2018-07-31,JINDALSTEL,True
2018-07-31,JSWENERGY,True
2018-07-31,JSWSTEEL,True
2018-07-31,JUBLFOOD,True
2018-07-31,KARURVYSYA,True
2018-07-31,KOTAKBANK,True
2018-07-31,LICHSGFIN,True
2018-07-31,LT,True
2018-07-31,LUPIN,True
2018-07-31,MARICO,True
2018-07-31,MARUTI,True
2018-07-31,MFSL,True
2018-07-31,MGL,True
2018-07-31,MINDTREE,True
2018-07-31,MPHASIS,True
2018-07-31,MRF,True
2018-07-31,MRPL,True
2018-07-31,NATCOPHARM,True
2018-07-31,NATIONALUM,True
2018-07-31,NAUKRI,True
2018-07-31,NBCC,True
2018-07-31,NHPC,True
2018-07-31,NMDC,True
2018-07-31,NTPC,True
2018-07-31,OBEROIRLTY,True
2018-07-31,OIL,True
2018-07-31,ONGC,True
2018-07-31,PCJEWELLER,True
2018-07-31,PEL,True
2018-07-31,PETRONET,True
2018-07-31,PFC,True
2018-07-31,PGHH,True
2018-07-31,PIDILITIND,True
2018-07-31,PIIND,True
2018-07-31,PNB,True
2018-07-31,PNBHOUSING,True
2018-07-31,POWERGRID,True
2018-07-31,PRESTIGE,True
2018-07-31,QUESS,True
2018-07-31,RAJESHEXPO,True
2018-07-31,RAMCOCEM,True
2018-07-31,RBLBANK,True
2018-07-31,RECLTD,True
2018-07-31,RELCAPITAL,True
2018-07-31,RELIANCE,True
2018-07-31,RPOWER,True
2018-07-31,SAIL,True
2018-07-31,SBILIFE,True
2018-07-31,SBIN,True
2018-07-31,SHREECEM,True
2018-07-31,SIEMENS,True
2018-07-31,SPARC,True
2018-07-31,SRF,True
2018-07-31,SUNTV,True
2018-07-31,SUZLON,True
2018-07-31,SYNGENE,True
2018-07-31,TATACHEM,True
2018-07-31,TCS,True
2018-07-31,TECHM,True
2018-07-31,TITAN,True
2018-07-31,TORNTPHARM,True
2018-07-31,TORNTPOWER,True
2018-07-31,TV18BRDCST,True
2018-07-31,TVSMOTOR,True
2018-07-31,UBL,True
2018-07-31,ULTRACEMCO,True
2018-07-31,UNIONBANK,True
2018-07-31,UPL,True
2018-07-31,VAKRANGEE,True
2018-07-31,VEDL,True
2018-07-31,VGUARD,True
2018-07-31,VOLTAS,True
2018-07-31,WIPRO,True
2018-07-31,WOCKPHARMA,True
2018-07-31,YESBANK,True
2018-07-31,ZEEL,True
2018-08-31,ABB,True
2018-08-31,ABCAPITAL,True
2018-08-31,ABFRL,True
2018-08-31,ADANIPOWER,True
2018-08-31,AIAENG,True
2018-08-31,AMBUJACEM,True
2018-08-31,APOLLOHOSP,True
2018-08-31,APOLLOTYRE,True
2018-08-31,ASIANPAINT,True
2018-08-31,AUBANK,True
2018-08-31,AUROPHARMA,True
2018-08-31,AXISBANK,True
2018-08-31,BAJAJ-AUTO,True
2018-08-31,BAJAJFINSV,True
2018-08-31,BAJFINANCE,True
2018-08-31,BALKRISIND,True
2018-08-31,BANKBARODA,True
2018-08-31,BANKINDIA,True
2018-08-31,BATAINDIA,True
2018-08-31,BEL,True
2018-08-31,BERGEPAINT,True
2018-08-31,BHARATFIN,True
2018-08-31,BHARATFORG,True
2018-08-31,BHEL,True
2018-08-31,BIOCON,True
2018-08-31,BOSCHLTD,True
2018-08-31,BPCL,True
2018-08-31,CANBK,True
2018-08-31,CASTROLIND,True
2018-08-31,CENTRALBK,True
2018-08-31,CHOLAFIN,True
2018-08-31,CIPLA,True
2018-08-31,COALINDIA,True
2018-08-31,COLPAL,True
2018-08-31,CONCOR,True
2018-08-31,COROMANDEL,True
2018-08-31,CROMPTON,True
2018-08-31,CUMMINSIND,True
2018-08-31,DABUR,True
2018-08-31,DBL,True
2018-08-31,DISHTV,True
2018-08-31,DIVISLAB,True
2018-08-31,DLF,True
2018-08-31,DMART,True
2018-08-31,DRREDDY,True
2018-08-31,EDELWEISS,True
2018-08-31,EICHERMOT,True
2018-08-31,EMAMILTD,True
2018-08-31,ENDURANCE,True
2018-08-31,ENGINERSIN,True
2018-08-31,EXIDEIND,True
2018-08-31,FCONSUMER,True
2018-08-31,FEDERALBNK,True
2018-08-31,FRETAIL,True
2018-08-31,GICRE,True
2018-08-31,GLENMARK,True
2018-08-31,GODREJAGRO,True
2018-08-31,GODREJCP,True
2018-08-31,GODREJIND,True
2018-08-31,GRASIM,True
2018-08-31,GRUH,True
2018-08-31,GSPL,True
2018-08-31,HAVELLS,True
2018-08-31,HCLTECH,True
2018-08-31,HDFC,True
2018-08-31,HDFCBANK,True
2018-08-31,HEROMOTOCO,True
2018-08-31,HEXAWARE,True
2018-08-31,HINDALCO,True
2018-08-31,HINDPETRO,True
2018-08-31,HINDZINC,True
2018-08-31,HUDCO,True
2018-08-31,ICICIBANK,True
2018-08-31,ICICIGI,True
2018-08-31,IDEA,True
2018-08-31,IDFC,True
2018-08-31,IGL,True
2018-08-31,INDIANB,True
2018-08-31,INDIGO,True
2018-08-31,INDUSINDBK,True
2018-08-31,INFY,True
2018-08-31,IOC,True
2018-08-31,IRB,True
2018-08-31,ITC,True
2018-08-31,JINDALSTEL,True
2018-08-31,JSWENERGY,True
2018-08-31,JSWSTEEL,True
2018-08-31,JUBLFOOD,True
2018-08-31,KARURVYSYA,True
2018-08-31,KOTAKBANK,True
2018-08-31,LICHSGFIN,True
2018-08-31,LT,True
2018-08-31,LUPIN,True
2018-08-31,MARICO,True
2018-08-31,MARUTI,True
2018-08-31,MFSL,True
2018-08-31,MGL,True
2018-08-31,MINDTREE,True
2018-08-31,MPHASIS,True
2018-08-31,MRF,True
2018-08-31,MRPL,True
2018-08-31,NATCOPHARM,True
2018-08-31,NATIONALUM,True
2018-08-31,NAUKRI,True
2018-08-31,NBCC,True
2018-08-31,NHPC,True
2018-08-31,NMDC,True
2018-08-31,NTPC,True
2018-08-31,OBEROIRLTY,True
2018-08-31,OIL,True
2018-08-31,ONGC,True
2018-08-31,PCJEWELLER,True
2018-08-31,PEL,True
2018-08-31,PETRONET,True
2018-08-31,PFC,True
2018-08-31,PGHH,True
2018-08-31,PIDILITIND,True
2018-08-31,PIIND,True
2018-08-31,PNB,True
2018-08-31,PNBHOUSING,True
2018-08-31,POWERGRID,True
2018-08-31,PRESTIGE,True
2018-08-31,QUESS,True
2018-08-31,RAJESHEXPO,True
2018-08-31,RAMCOCEM,True
2018-08-31,RBLBANK,True
2018-08-31,RECLTD,True
2018-08-31,RELCAPITAL,True
2018-08-31,RELIANCE,True
2018-08-31,RPOWER,True
2018-08-31,SAIL,True
2018-08-31,SBILIFE,True
2018-08-31,SBIN,True
2018-08-31,SHREECEM,True
2018-08-31,SIEMENS,True
2018-08-31,SPARC,True
2018-08-31,SRF,True
2018-08-31,SUNTV,True
2018-08-31,SUZLON,True
2018-08-31,SYNGENE,True
2018-08-31,TATACHEM,True
2018-08-31,TCS,True
2018-08-31,TECHM,True
2018-08-31,TITAN,True
2018-08-31,TORNTPHARM,True
2018-08-31,TORNTPOWER,True
2018-08-31,TV18BRDCST,True
2018-08-31,TVSMOTOR,True
2018-08-31,UBL,True
2018-08-31,ULTRACEMCO,True
2018-08-31,UNIONBANK,True
2018-08-31,UPL,True
2018-08-31,VAKRANGEE,True
2018-08-31,VEDL,True
2018-08-31,VGUARD,True
2018-08-31,VOLTAS,True
2018-08-31,WIPRO,True
2018-08-31,WOCKPHARMA,True
2018-08-31,YESBANK,True
2018-08-31,ZEEL,True
2018-09-30,ABB,True
2018-09-30,ABCAPITAL,True
2018-09-30,ABFRL,True
2018-09-30,ADANIPOWER,True
2018-09-30,AIAENG,True
2018-09-30,AMBUJACEM,True
2018-09-30,APOLLOHOSP,True
2018-09-30,APOLLOTYRE,True
2018-09-30,ASIANPAINT,True
2018-09-30,AUBANK,True
2018-09-30,AUROPHARMA,True
2018-09-30,AXISBANK,True
2018-09-30,BAJAJ-AUTO,True
2018-09-30,BAJAJFINSV,True
2018-09-30,BAJFINANCE,True
2018-09-30,BALKRISIND,True
2018-09-30,BANKBARODA,True
2018-09-30,BANKINDIA,True
2018-09-30,BATAINDIA,True
2018-09-30,BEL,True
2018-09-30,BERGEPAINT,True
2018-09-30,BHARATFIN,True
2018-09-30,BHARATFORG,True
2018-09-30,BHEL,True
2018-09-30,BIOCON,True
2018-09-30,BOSCHLTD,True
2018-09-30,BPCL,True
2018-09-30,CANBK,True
2018-09-30,CASTROLIND,True
2018-09-30,CENTRALBK,True
2018-09-30,CHOLAFIN,True
2018-09-30,CIPLA,True
2018-09-30,COALINDIA,True
2018-09-30,COLPAL,True
2018-09-30,CONCOR,True
2018-09-30,COROMANDEL,True
2018-09-30,CROMPTON,True
2018-09-30,CUMMINSIND,True
2018-09-30,DABUR,True
2018-09-30,DBL,True
2018-09-30,DISHTV,True
2018-09-30,DIVISLAB,True
2018-09-30,DLF,True
2018-09-30,DMART,True
2018-09-30,DRREDDY,True
2018-09-30,EDELWEISS,True
2018-09-30,EICHERMOT,True
2018-09-30,EMAMILTD,True
2018-09-30,ENDURANCE,True
2018-09-30,ENGINERSIN,True
2018-09-30,EXIDEIND,True
2018-09-30,FCONSUMER,True
2018-09-30,FEDERALBNK,True
2018-09-30,FRETAIL,True
2018-09-30,GICRE,True
2018-09-30,GLENMARK,True
2018-09-30,GODREJAGRO,True
2018-09-30,GODREJCP,True
2018-09-30,GODREJIND,True
2018-09-30,GRASIM,True
2018-09-30,GRUH,True
2018-09-30,GSPL,True
2018-09-30,HAVELLS,True
2018-09-30,HCLTECH,True
2018-09-30,HDFC,True
2018-09-30,HDFCBANK,True
2018-09-30,HEROMOTOCO,True
2018-09-30,HEXAWARE,True
2018-09-30,HINDALCO,True
2018-09-30,HINDPETRO,True
2018-09-30,HINDZINC,True
2018-09-30,HUDCO,True
2018-09-30,ICICIBANK,True
2018-09-30,ICICIGI,True
2018-09-30,IDEA,True
2018-09-30,IDFC,True
2018-09-30,IGL,True
2018-09-30,INDIANB,True
2018-09-30,INDIGO,True
2018-09-30,INDUSINDBK,True
2018-09-30,INFY,True
2018-09-30,IOC,True
2018-09-30,IRB,True
2018-09-30,ITC,True
2018-09-30,JINDALSTEL,True
2018-09-30,JSWENERGY,True
2018-09-30,JSWSTEEL,True
2018-09-30,JUBLFOOD,True
2018-09-30,KARURVYSYA,True
2018-09-30,KOTAKBANK,True
2018-09-30,LICHSGFIN,True
2018-09-30,LT,True
2018-09-30,LUPIN,True
2018-09-30,MARICO,True
2018-09-30,MARUTI,True
2018-09-30,MFSL,True
2018-09-30,MGL,True
2018-09-30,MINDTREE,True
2018-09-30,MPHASIS,True
2018-09-30,MRF,True
2018-09-30,MRPL,True
2018-09-30,NATCOPHARM,True
2018-09-30,NATIONALUM,True
2018-09-30,NAUKRI,True
2018-09-30,NBCC,True
2018-09-30,NHPC,True
2018-09-30,NMDC,True
2018-09-30,NTPC,True
2018-09-30,OBEROIRLTY,True
2018-09-30,OIL,True
2018-09-30,ONGC,True
2018-09-30,PCJEWELLER,True
2018-09-30,PEL,True
2018-09-30,PETRONET,True
2018-09-30,PFC,True
2018-09-30,PGHH,True
2018-09-30,PIDILITIND,True
2018-09-30,PIIND,True
2018-09-30,PNB,True
2018-09-30,PNBHOUSING,True
2018-09-30,POWERGRID,True
2018-09-30,PRESTIGE,True
2018-09-30,QUESS,True
2018-09-30,RAJESHEXPO,True
2018-09-30,RAMCOCEM,True
2018-09-30,RBLBANK,True
2018-09-30,RECLTD,True
2018-09-30,RELCAPITAL,True
2018-09-30,RELIANCE,True
2018-09-30,RPOWER,True
2018-09-30,SAIL,True
2018-09-30,SBILIFE,True
2018-09-30,SBIN,True
2018-09-30,SHREECEM,True
2018-09-30,SIEMENS,True
2018-09-30,SPARC,True
2018-09-30,SRF,True
2018-09-30,SUNTV,True
2018-09-30,SUZLON,True
2018-09-30,SYNGENE,True
2018-09-30,TATACHEM,True
2018-09-30,TCS,True
2018-09-30,TECHM,True
2018-09-30,TITAN,True
2018-09-30,TORNTPHARM,True
2018-09-30,TORNTPOWER,True
2018-09-30,TV18BRDCST,True
2018-09-30,TVSMOTOR,True
2018-09-30,UBL,True
2018-09-30,ULTRACEMCO,True
2018-09-30,UNIONBANK,True
2018-09-30,UPL,True
2018-09-30,VAKRANGEE,True
2018-09-30,VEDL,True
2018-09-30,VGUARD,True
2018-09-30,VOLTAS,True
2018-09-30,WIPRO,True
2018-09-30,WOCKPHARMA,True
2018-09-30,YESBANK,True
2018-09-30,ZEEL,True
2018-10-31,ABB,True
2018-10-31,ABCAPITAL,True
2018-10-31,ABFRL,True
2018-10-31,ADANIPOWER,True
2018-10-31,AMBUJACEM,True
2018-10-31,APOLLOHOSP,True
2018-10-31,APOLLOTYRE,True
2018-10-31,ASIANPAINT,True
2018-10-31,AUBANK,True
2018-10-31,AUROPHARMA,True
2018-10-31,AVANTIFEED,True
2018-10-31,AXISBANK,True
2018-10-31,BAJAJ-AUTO,True
2018-10-31,BAJAJFINSV,True
2018-10-31,BAJFINANCE,True
2018-10-31,BALKRISIND,True
2018-10-31,BANDHANBNK,True
2018-10-31,BANKBARODA,True
2018-10-31,BANKINDIA,True
2018-10-31,BATAINDIA,True
2018-10-31,BEL,True
2018-10-31,BERGEPAINT,True
2018-10-31,BHARATFIN,True
2018-10-31,BHARATFORG,True
2018-10-31,BHEL,True
2018-10-31,BIOCON,True
2018-10-31,BOSCHLTD,True
2018-10-31,BPCL,True
2018-10-31,CANBK,True
2018-10-31,CASTROLIND,True
2018-10-31,CENTRALBK,True
2018-10-31,CHOLAFIN,True
2018-10-31,CIPLA,True
2018-10-31,COALINDIA,True
2018-10-31,COLPAL,True
2018-10-31,CONCOR,True
2018-10-31,COROMANDEL,True
2018-10-31,CROMPTON,True
2018-10-31,CUMMINSIND,True
2018-10-31,DABUR,True
2018-10-31,DBL,True
2018-10-31,DISHTV,True
2018-10-31,DIVISLAB,True
2018-10-31,DLF,True
2018-10-31,DMART,True
2018-10-31,DRREDDY,True
2018-10-31,EDELWEISS,True
2018-10-31,EICHERMOT,True
2018-10-31,ENDURANCE,True
2018-10-31,ENGINERSIN,True
2018-10-31,ESCORTS,True
2018-10-31,EXIDEIND,True
2018-10-31,FCONSUMER,True
2018-10-31,FEDERALBNK,True
2018-10-31,FRETAIL,True
2018-10-31,GICRE,True
2018-10-31,GLENMARK,True
2018-10-31,GODREJAGRO,True
2018-10-31,GODREJCP,True
2018-10-31,GODREJIND,True
2018-10-31,GRAPHITE,True
2018-10-31,GRASIM,True
2018-10-31,GRUH,True
2018-10-31,GSPL,True
2018-10-31,HCLTECH,True
2018-10-31,HDFC,True
2018-10-31,HDFCBANK,True
2018-10-31,HDFCLIFE,True
2018-10-31,HEG,True
2018-10-31,HEROMOTOCO,True
2018-10-31,HEXAWARE,True
2018-10-31,HINDALCO,True
2018-10-31,HINDPETRO,True
2018-10-31,HINDZINC,True
2018-10-31,HUDCO,True
2018-10-31,ICICIBANK,True
2018-10-31,ICICIGI,True
2018-10-31,IDEA,True
2018-10-31,IGL,True
2018-10-31,INDIANB,True
2018-10-31,INDIGO,True
2018-10-31,INDUSINDBK,True
2018-10-31,INFY,True
2018-10-31,IOC,True
2018-10-31,ITC,True
2018-10-31,JINDALSTEL,True
2018-10-31,JSWENERGY,True
2018-10-31,JSWSTEEL,True
2018-10-31,JUBLFOOD,True
2018-10-31,KOTAKBANK,True
2018-10-31,LICHSGFIN,True
2018-10-31,LT,True
2018-10-31,LUPIN,True
2018-10-31,MARICO,True
2018-10-31,MARUTI,True
2018-10-31,MFSL,True
2018-10-31,MGL,True
2018-10-31,MINDTREE,True
2018-10-31,MPHASIS,True
2018-10-31,MRF,True
2018-10-31,MRPL,True
2018-10-31,NATCOPHARM,True
2018-10-31,NATIONALUM,True
2018-10-31,NAUKRI,True
2018-10-31,NBCC,True
2018-10-31,NHPC,True
2018-10-31,NIACL,True
2018-10-31,NMDC,True
2018-10-31,NTPC,True
2018-10-31,OBEROIRLTY,True
2018-10-31,OIL,True
2018-10-31,ONGC,True
2018-10-31,PCJEWELLER,True
2018-10-31,PEL,True
2018-10-31,PETRONET,True
2018-10-31,PFC,True
2018-10-31,PGHH,True
2018-10-31,PIDILITIND,True
2018-10-31,PIIND,True
2018-10-31,PNB,True
2018-10-31,PNBHOUSING,True
2018-10-31,POWERGRID,True
2018-10-31,PRESTIGE,True
2018-10-31,QUESS,True
2018-10-31,RAJESHEXPO,True
2018-10-31,RAMCOCEM,True
2018-10-31,RBLBANK,True
2018-10-31,RECLTD,True
2018-10-31,RELCAPITAL,True
2018-10-31,RELIANCE,True
2018-10-31,RPOWER,True
2018-10-31,SAIL,True
2018-10-31,SBILIFE,True
2018-10-31,SBIN,True
2018-10-31,SHREECEM,True
2018-10-31,SIEMENS,True
2018-10-31,SPARC,True
2018-10-31,SRF,True
2018-10-31,SUNTV,True
2018-10-31,SYNGENE,True
2018-10-31,TATACHEM,True
2018-10-31,TCS,True
2018-10-31,TECHM,True
2018-10-31,TITAN,True
2018-10-31,TORNTPHARM,True
2018-10-31,TORNTPOWER,True
2018-10-31,TV18BRDCST,True
2018-10-31,TVSMOTOR,True
2018-10-31,UBL,True
2018-10-31,ULTRACEMCO,True
2018-10-31,UNIONBANK,True
2018-10-31,UPL,True
2018-10-31,VAKRANGEE,True
2018-10-31,VEDL,True
2018-10-31,VGUARD,True
2018-10-31,VOLTAS,True
2018-10-31,WIPRO,True
2018-10-31,YESBANK,True
2018-10-31,ZEEL,True
2018-11-30,ABB,True
2018-11-30,ABCAPITAL,True
2018-11-30,ABFRL,True
2018-11-30,ADANIPOWER,True
2018-11-30,AMBUJACEM,True
2018-11-30,APOLLOHOSP,True
2018-11-30,APOLLOTYRE,True
2018-11-30,ASIANPAINT,True
2018-11-30,AUBANK,True
2018-11-30,AUROPHARMA,True
2018-11-30,AVANTIFEED,True
2018-11-30,AXISBANK,True
2018-11-30,BAJAJ-AUTO,True
2018-11-30,BAJAJFINSV,True
2018-11-30,BAJFINANCE,True
2018-11-30,BALKRISIND,True
2018-11-30,BANDHANBNK,True
2018-11-30,BANKBARODA,True
2018-11-30,BANKINDIA,True
2018-11-30,BATAINDIA,True
2018-11-30,BEL,True
2018-11-30,BERGEPAINT,True
2018-11-30,BHARATFIN,True
2018-11-30,BHARATFORG,True
2018-11-30,BHEL,True
2018-11-30,BIOCON,True
2018-11-30,BOSCHLTD,True
2018-11-30,BPCL,True
2018-11-30,CANBK,True
2018-11-30,CASTROLIND,True
2018-11-30,CENTRALBK,True
2018-11-30,CHOLAFIN,True
2018-11-30,CIPLA,True
2018-11-30,COALINDIA,True
2018-11-30,COLPAL,True
2018-11-30,CONCOR,True
2018-11-30,COROMANDEL,True
2018-11-30,CROMPTON,True
2018-11-30,CUMMINSIND,True
2018-11-30,DABUR,True
2018-11-30,DBL,True
2018-11-30,DISHTV,True
2018-11-30,DIVISLAB,True
2018-11-30,DLF,True
2018-11-30,DMART,True
2018-11-30,DRREDDY,True
2018-11-30,EDELWEISS,True
2018-11-30,EICHERMOT,True
2018-11-30,ENDURANCE,True
2018-11-30,ENGINERSIN,True
2018-11-30,ESCORTS,True
2018-11-30,EXIDEIND,True
2018-11-30,FCONSUMER,True
2018-11-30,FEDERALBNK,True
2018-11-30,FRETAIL,True
2018-11-30,GICRE,True
2018-11-30,GLENMARK,True
2018-11-30,GODREJAGRO,True
2018-11-30,GODREJCP,True
2018-11-30,GODREJIND,True
2018-11-30,GRAPHITE,True
2018-11-30,GRASIM,True
2018-11-30,GRUH,True
2018-11-30,GSPL,True
2018-11-30,HCLTECH,True
2018-11-30,HDFC,True
2018-11-30,HDFCBANK,True
2018-11-30,HDFCLIFE,True
2018-11-30,HEG,True
2018-11-30,HEROMOTOCO,True
2018-11-30,HEXAWARE,True
2018-11-30,HINDALCO,True
2018-11-30,HINDPETRO,True
2018-11-30,HINDZINC,True
2018-11-30,HUDCO,True
2018-11-30,ICICIBANK,True
2018-11-30,ICICIGI,True
2018-11-30,IDEA,True
2018-11-30,IGL,True
2018-11-30,INDIANB,True
2018-11-30,INDIGO,True
2018-11-30,INDUSINDBK,True
2018-11-30,INFY,True
2018-11-30,IOC,True
2018-11-30,ITC,True
2018-11-30,JINDALSTEL,True
2018-11-30,JSWENERGY,True
2018-11-30,JSWSTEEL,True
2018-11-30,JUBLFOOD,True
2018-11-30,KOTAKBANK,True
2018-11-30,LICHSGFIN,True
2018-11-30,LT,True
2018-11-30,LUPIN,True
2018-11-30,MARICO,True
2018-11-30,MARUTI,True
2018-11-30,MFSL,True
2018-11-30,MGL,True
2018-11-30,MINDTREE,True
2018-11-30,MPHASIS,True
2018-11-30,MRF,True
2018-11-30,MRPL,True
2018-11-30,NATCOPHARM,True
2018-11-30,NATIONALUM,True
2018-11-30,NAUKRI,True
2018-11-30,NBCC,True
2018-11-30,NHPC,True
2018-11-30,NIACL,True
2018-11-30,NMDC,True
2018-11-30,NTPC,True
2018-11-30,OBEROIRLTY,True
2018-11-30,OIL,True
2018-11-30,ONGC,True
2018-11-30,PCJEWELLER,True
2018-11-30,PEL,True
2018-11-30,PETRONET,True
2018-11-30,PFC,True
2018-11-30,PGHH,True
2018-11-30,PIDILITIND,True
2018-11-30,PIIND,True
2018-11-30,PNB,True
2018-11-30,PNBHOUSING,True
2018-11-30,POWERGRID,True
2018-11-30,PRESTIGE,True
2018-11-30,QUESS,True
2018-11-30,RAJESHEXPO,True
2018-11-30,RAMCOCEM,True
2018-11-30,RBLBANK,True
2018-11-30,RECLTD,True
2018-11-30,RELCAPITAL,True
2018-11-30,RELIANCE,True
2018-11-30,RPOWER,True
2018-11-30,SAIL,True
2018-11-30,SBILIFE,True
2018-11-30,SBIN,True
2018-11-30,SHREECEM,True
2018-11-30,SIEMENS,True
2018-11-30,SPARC,True
2018-11-30,SRF,True
2018-11-30,SUNTV,True
2018-11-30,SYNGENE,True
2018-11-30,TATACHEM,True
2018-11-30,TCS,True
2018-11-30,TECHM,True
2018-11-30,TITAN,True
2018-11-30,TORNTPHARM,True
2018-11-30,TORNTPOWER,True
2018-11-30,TV18BRDCST,True
2018-11-30,TVSMOTOR,True
2018-11-30,UBL,True
2018-11-30,ULTRACEMCO,True
2018-11-30,UNIONBANK,True
2018-11-30,UPL,True
2018-11-30,VAKRANGEE,True
2018-11-30,VEDL,True
2018-11-30,VGUARD,True
2018-11-30,VOLTAS,True
2018-11-30,WIPRO,True
2018-11-30,YESBANK,True
2018-11-30,ZEEL,True
2018-12-31,ABB,True
2018-12-31,ABCAPITAL,True
2018-12-31,ABFRL,True
2018-12-31,ADANIPOWER,True
2018-12-31,AMBUJACEM,True
2018-12-31,APOLLOHOSP,True
2018-12-31,APOLLOTYRE,True
2018-12-31,ASIANPAINT,True
2018-12-31,AUBANK,True
2018-12-31,AUROPHARMA,True
2018-12-31,AVANTIFEED,True
2018-12-31,AXISBANK,True
2018-12-31,BAJAJ-AUTO,True
2018-12-31,BAJAJFINSV,True
2018-12-31,BAJFINANCE,True
2018-12-31,BALKRISIND,True
2018-12-31,BANDHANBNK,True
2018-12-31,BANKBARODA,True
2018-12-31,BANKINDIA,True
2018-12-31,BATAINDIA,True
2018-12-31,BBTC,True
2018-12-31,BEL,True
2018-12-31,BERGEPAINT,True
2018-12-31,BHARATFORG,True
2018-12-31,BHEL,True
2018-12-31,BIOCON,True
2018-12-31,BOSCHLTD,True
2018-12-31,BPCL,True
2018-12-31,CANBK,True
2018-12-31,CASTROLIND,True
2018-12-31,CENTRALBK,True
2018-12-31,CHOLAFIN,True
2018-12-31,CIPLA,True
2018-12-31,COALINDIA,True
2018-12-31,COLPAL,True
2018-12-31,CONCOR,True
2018-12-31,COROMANDEL,True
2018-12-31,CROMPTON,True
2018-12-31,CUMMINSIND,True
2018-12-31,DABUR,True
2018-12-31,DBL,True
2018-12-31,DISHTV,True
2018-12-31,DIVISLAB,True
2018-12-31,DLF,True
2018-12-31,DMART,True
2018-12-31,DRREDDY,True
2018-12-31,EDELWEISS,True
2018-12-31,EICHERMOT,True
2018-12-31,ENDURANCE,True
2018-12-31,ENGINERSIN,True
2018-12-31,ESCORTS,True
2018-12-31,EXIDEIND,True
2018-12-31,FCONSUMER,True
2018-12-31,FEDERALBNK,True
2018-12-31,FRETAIL,True
2018-12-31,GICRE,True
2018-12-31,GLENMARK,True
2018-12-31,GODREJAGRO,True
2018-12-31,GODREJCP,True
2018-12-31,GODREJIND,True
2018-12-31,GRAPHITE,True
2018-12-31,GRASIM,True
2018-12-31,GRUH,True
2018-12-31,GSPL,True
2018-12-31,HCLTECH,True
2018-12-31,HDFC,True
2018-12-31,HDFCBANK,True
2018-12-31,HDFCLIFE,True
2018-12-31,HEG,True
2018-12-31,HEROMOTOCO,True
2018-12-31,HEXAWARE,True
2018-12-31,HINDALCO,True
2018-12-31,HINDPETRO,True
2018-12-31,HINDZINC,True
2018-12-31,HUDCO,True
2018-12-31,ICICIBANK,True
2018-12-31,ICICIGI,True
2018-12-31,IDEA,True
2018-12-31,IGL,True
2018-12-31,INDIANB,True
2018-12-31,INDIGO,True
2018-12-31,INDUSINDBK,True
2018-12-31,INFY,True
2018-12-31,IOC,True
2018-12-31,ITC,True
2018-12-31,JINDALSTEL,True
2018-12-31,JSWENERGY,True
2018-12-31,JSWSTEEL,True
2018-12-31,JUBLFOOD,True
2018-12-31,KOTAKBANK,True
2018-12-31,LICHSGFIN,True
2018-12-31,LT,True
2018-12-31,LUPIN,True
2018-12-31,MARICO,True
2018-12-31,MARUTI,True
2018-12-31,MFSL,True
2018-12-31,MGL,True
2018-12-31,MINDTREE,True
2018-12-31,MPHASIS,True
2018-12-31,MRF,True
2018-12-31,MRPL,True
2018-12-31,NATCOPHARM,True
2018-12-31,NATIONALUM,True
2018-12-31,NAUKRI,True
2018-12-31,NBCC,True
2018-12-31,NHPC,True
2018-12-31,NIACL,True
2018-12-31,NMDC,True
2018-12-31,NTPC,True
2018-12-31,OBEROIRLTY,True
2018-12-31,OIL,True
2018-12-31,ONGC,True
2018-12-31,PCJEWELLER,True
2018-12-31,PEL,True
2018-12-31,PETRONET,True
2018-12-31,PFC,True
2018-12-31,PGHH,True
2018-12-31,PIDILITIND,True
2018-12-31,PIIND,True
2018-12-31,PNB,True
2018-12-31,PNBHOUSING,True
2018-12-31,POWERGRID,True
2018-12-31,PRESTIGE,True
2018-12-31,QUESS,True
2018-12-31,RAJESHEXPO,True
2018-12-31,RAMCOCEM,True
2018-12-31,RBLBANK,True
2018-12-31,RECLTD,True
2018-12-31,RELCAPITAL,True
2018-12-31,RELIANCE,True
2018-12-31,RPOWER,True
2018-12-31,SAIL,True
2018-12-31,SBILIFE,True
2018-12-31,SBIN,True
2018-12-31,SHREECEM,True
2018-12-31,SIEMENS,True
2018-12-31,SPARC,True
2018-12-31,SRF,True
2018-12-31,SUNTV,True
2018-12-31,SYNGENE,True
2018-12-31,TATACHEM,True
2018-12-31,TCS,True
2018-12-31,TECHM,True
2018-12-31,TITAN,True
2018-12-31,TORNTPHARM,True
2018-12-31,TORNTPOWER,True
2018-12-31,TV18BRDCST,True
2018-12-31,TVSMOTOR,True
2018-12-31,UBL,True
2018-12-31,ULTRACEMCO,True
2018-12-31,UNIONBANK,True
2018-12-31,UPL,True
2018-12-31,VAKRANGEE,True
2018-12-31,VARROC,True
2018-12-31,VEDL,True
2018-12-31,VGUARD,True
2018-12-31,VOLTAS,True
2018-12-31,WIPRO,True
2018-12-31,YESBANK,True
2018-12-31,ZEEL,True
2019-01-31,ABB,True
2019-01-31,ABCAPITAL,True
2019-01-31,ABFRL,True
2019-01-31,ADANIPOWER,True
2019-01-31,AMBUJACEM,True
2019-01-31,APOLLOHOSP,True
2019-01-31,APOLLOTYRE,True
2019-01-31,ASIANPAINT,True
2019-01-31,AUBANK,True
2019-01-31,AUROPHARMA,True
2019-01-31,AVANTIFEED,True
2019-01-31,AXISBANK,True
2019-01-31,BAJAJ-AUTO,True
2019-01-31,BAJAJFINSV,True
2019-01-31,BAJFINANCE,True
2019-01-31,BALKRISIND,True
2019-01-31,BANDHANBNK,True
2019-01-31,BANKBARODA,True
2019-01-31,BANKINDIA,True
2019-01-31,BATAINDIA,True
2019-01-31,BBTC,True
2019-01-31,BEL,True
2019-01-31,BERGEPAINT,True
2019-01-31,BHARATFORG,True
2019-01-31,BHEL,True
2019-01-31,BIOCON,True
2019-01-31,BOSCHLTD,True
2019-01-31,BPCL,True
2019-01-31,CANBK,True
2019-01-31,CASTROLIND,True
2019-01-31,CENTRALBK,True
2019-01-31,CHOLAFIN,True
2019-01-31,CIPLA,True
2019-01-31,COALINDIA,True
2019-01-31,COLPAL,True
2019-01-31,CONCOR,True
2019-01-31,COROMANDEL,True
2019-01-31,CROMPTON,True
2019-01-31,CUMMINSIND,True
2019-01-31,DABUR,True
2019-01-31,DBL,True
2019-01-31,DISHTV,True
2019-01-31,DIVISLAB,True
2019-01-31,DLF,True
2019-01-31,DMART,True
2019-01-31,DRREDDY,True
2019-01-31,EDELWEISS,True
2019-01-31,EICHERMOT,True
2019-01-31,ENDURANCE,True
2019-01-31,ENGINERSIN,True
2019-01-31,ESCORTS,True
2019-01-31,EXIDEIND,True
2019-01-31,FCONSUMER,True
2019-01-31,FEDERALBNK,True
2019-01-31,FRETAIL,True
2019-01-31,GICRE,True
2019-01-31,GLENMARK,True
2019-01-31,GODREJAGRO,True
2019-01-31,GODREJCP,True
2019-01-31,GODREJIND,True
2019-01-31,GRAPHITE,True
2019-01-31,GRASIM,True
2019-01-31,GRUH,True
2019-01-31,GSPL,True
2019-01-31,HAVELLS,True
2019-01-31,HCLTECH,True
2019-01-31,HDFC,True
2019-01-31,HDFCBANK,True
2019-01-31,HDFCLIFE,True
2019-01-31,HEG,True
2019-01-31,HEROMOTOCO,True
2019-01-31,HEXAWARE,True
2019-01-31,HINDALCO,True
2019-01-31,HINDPETRO,True
2019-01-31,HINDZINC,True
2019-01-31,HUDCO,True
2019-01-31,ICICIBANK,True
2019-01-31,ICICIGI,True
2019-01-31,IDEA,True
2019-01-31,IDFCFIRSTB,True
2019-01-31,IGL,True
2019-01-31,INDIANB,True
2019-01-31,INDIGO,True
2019-01-31,INDUSINDBK,True
2019-01-31,INFY,True
2019-01-31,IOC,True
2019-01-31,ITC,True
2019-01-31,JINDALSTEL,True
2019-01-31,JSWENERGY,True
2019-01-31,JSWSTEEL,True
2019-01-31,JUBLFOOD,True
2019-01-31,KOTAKBANK,True
2019-01-31,LICHSGFIN,True
2019-01-31,LT,True
2019-01-31,LUPIN,True
2019-01-31,MARICO,True
2019-01-31,MARUTI,True
2019-01-31,MFSL,True
2019-01-31,MGL,True
2019-01-31,MINDTREE,True
2019-01-31,MPHASIS,True
2019-01-31,MRF,True
2019-01-31,MRPL,True
2019-01-31,NATCOPHARM,True
2019-01-31,NATIONALUM,True
2019-01-31,NAUKRI,True
2019-01-31,NBCC,True
2019-01-31,NHPC,True
2019-01-31,NIACL,True
2019-01-31,NMDC,True
2019-01-31,NTPC,True
2019-01-31,OBEROIRLTY,True
2019-01-31,OIL,True
2019-01-31,ONGC,True
2019-01-31,PCJEWELLER,True
2019-01-31,PEL,True
2019-01-31,PETRONET,True
2019-01-31,PFC,True
2019-01-31,PGHH,True
2019-01-31,PIDILITIND,True
2019-01-31,PIIND,True
2019-01-31,PNB,True
2019-01-31,PNBHOUSING,True
2019-01-31,POWERGRID,True
2019-01-31,PRESTIGE,True
2019-01-31,QUESS,True
2019-01-31,RAJESHEXPO,True
2019-01-31,RAMCOCEM,True
2019-01-31,RBLBANK,True
2019-01-31,RECLTD,True
2019-01-31,RELCAPITAL,True
2019-01-31,RELIANCE,True
2019-01-31,RPOWER,True
2019-01-31,SAIL,True
2019-01-31,SBILIFE,True
2019-01-31,SBIN,True
2019-01-31,SHREECEM,True
2019-01-31,SIEMENS,True
2019-01-31,SPARC,True
2019-01-31,SRF,True
2019-01-31,SUNTV,True
2019-01-31,SYNGENE,True
2019-01-31,TATACHEM,True
2019-01-31,TCS,True
2019-01-31,TECHM,True
2019-01-31,TITAN,True
2019-01-31,TORNTPHARM,True
2019-01-31,TORNTPOWER,True
2019-01-31,TV18BRDCST,True
2019-01-31,TVSMOTOR,True
2019-01-31,UBL,True
2019-01-31,ULTRACEMCO,True
2019-01-31,UNIONBANK,True
2019-01-31,UPL,True
2019-01-31,VAKRANGEE,True
2019-01-31,VARROC,True
2019-01-31,VEDL,True
2019-01-31,VGUARD,True
2019-01-31,VOLTAS,True
2019-01-31,WIPRO,True
2019-01-31,YESBANK,True
2019-01-31,ZEEL,True
2019-02-28,ABB,True
2019-02-28,ABCAPITAL,True
2019-02-28,ABFRL,True
2019-02-28,ADANIPOWER,True
2019-02-28,AMBUJACEM,True
2019-02-28,APOLLOHOSP,True
2019-02-28,APOLLOTYRE,True
2019-02-28,ASIANPAINT,True
2019-02-28,AUBANK,True
2019-02-28,AUROPHARMA,True
2019-02-28,AVANTIFEED,True
2019-02-28,AXISBANK,True
2019-02-28,BAJAJ-AUTO,True
2019-02-28,BAJAJFINSV,True
2019-02-28,BAJFINANCE,True
2019-02-28,BALKRISIND,True
2019-02-28,BANDHANBNK,True
2019-02-28,BANKBARODA,True
2019-02-28,BANKINDIA,True
2019-02-28,BATAINDIA,True
2019-02-28,BBTC,True
2019-02-28,BEL,True
2019-02-28,BERGEPAINT,True
2019-02-28,BHARATFORG,True
2019-02-28,BHEL,True
2019-02-28,BIOCON,True
2019-02-28,BOSCHLTD,True
2019-02-28,BPCL,True
2019-02-28,CANBK,True
2019-02-28,CASTROLIND,True
2019-02-28,CENTRALBK,True
2019-02-28,CHOLAFIN,True
2019-02-28,CIPLA,True
2019-02-28,COALINDIA,True
2019-02-28,COLPAL,True
2019-02-28,CONCOR,True
2019-02-28,COROMANDEL,True
2019-02-28,CROMPTON,True
2019-02-28,CUMMINSIND,True
2019-02-28,DABUR,True
2019-02-28,DBL,True
2019-02-28,DISHTV,True
2019-02-28,DIVISLAB,True
2019-02-28,DLF,True
2019-02-28,DMART,True
2019-02-28,DRREDDY,True
2019-02-28,EDELWEISS,True
2019-02-28,EICHERMOT,True
2019-02-28,ENDURANCE,True
2019-02-28,ENGINERSIN,True
2019-02-28,ESCORTS,True
2019-02-28,EXIDEIND,True
2019-02-28,FCONSUMER,True
2019-02-28,FEDERALBNK,True
2019-02-28,FRETAIL,True
2019-02-28,GICRE,True
2019-02-28,GLENMARK,True
2019-02-28,GODREJAGRO,True
2019-02-28,GODREJCP,True
2019-02-28,GODREJIND,True
2019-02-28,GRAPHITE,True
2019-02-28,GRASIM,True
2019-02-28,GRUH,True
2019-02-28,GSPL,True
2019-02-28,HAVELLS,True
2019-02-28,HCLTECH,True
2019-02-28,HDFC,True
2019-02-28,HDFCBANK,True
2019-02-28,HDFCLIFE,True
2019-02-28,HEG,True
2019-02-28,HEROMOTOCO,True
2019-02-28,HEXAWARE,True
2019-02-28,HINDALCO,True
2019-02-28,HINDPETRO,True
2019-02-28,HINDZINC,True
2019-02-28,HUDCO,True
2019-02-28,ICICIBANK,True
2019-02-28,ICICIGI,True
2019-02-28,IDEA,True
2019-02-28,IDFCFIRSTB,True
2019-02-28,IGL,True
2019-02-28,INDIANB,True
2019-02-28,INDIGO,True
2019-02-28,INDUSINDBK,True
2019-02-28,INFY,True
2019-02-28,IOC,True
2019-02-28,ITC,True
2019-02-28,JINDALSTEL,True
2019-02-28,JSWENERGY,True
2019-02-28,JSWSTEEL,True
2019-02-28,JUBLFOOD,True
2019-02-28,KOTAKBANK,True
2019-02-28,LICHSGFIN,True
2019-02-28,LT,True
2019-02-28,LUPIN,True
2019-02-28,MARICO,True
2019-02-28,MARUTI,True
2019-02-28,MFSL,True
2019-02-28,MGL,True
2019-02-28,MINDTREE,True
2019-02-28,MPHASIS,True
2019-02-28,MRF,True
2019-02-28,MRPL,True
2019-02-28,NATCOPHARM,True
2019-02-28,NATIONALUM,True
2019-02-28,NAUKRI,True
2019-02-28,NBCC,True
2019-02-28,NHPC,True
2019-02-28,NIACL,True
2019-02-28,NMDC,True
2019-02-28,NTPC,True
2019-02-28,OBEROIRLTY,True
2019-02-28,OIL,True
2019-02-28,ONGC,True
2019-02-28,PCJEWELLER,True
2019-02-28,PEL,True
2019-02-28,PETRONET,True
2019-02-28,PFC,True
2019-02-28,PGHH,True
2019-02-28,PIDILITIND,True
2019-02-28,PIIND,True
2019-02-28,PNB,True
2019-02-28,PNBHOUSING,True
2019-02-28,POWERGRID,True
2019-02-28,PRESTIGE,True
2019-02-28,QUESS,True
2019-02-28,RAJESHEXPO,True
2019-02-28,RAMCOCEM,True
2019-02-28,RBLBANK,True
2019-02-28,RECLTD,True
2019-02-28,RELCAPITAL,True
2019-02-28,RELIANCE,True
2019-02-28,RPOWER,True
2019-02-28,SAIL,True
2019-02-28,SBILIFE,True
2019-02-28,SBIN,True
2019-02-28,SHREECEM,True
2019-02-28,SIEMENS,True
2019-02-28,SPARC,True
2019-02-28,SRF,True
2019-02-28,SUNTV,True
2019-02-28,SYNGENE,True
2019-02-28,TATACHEM,True
2019-02-28,TCS,True
2019-02-28,TECHM,True
2019-02-28,TITAN,True
2019-02-28,TORNTPHARM,True
2019-02-28,TORNTPOWER,True
2019-02-28,TV18BRDCST,True
2019-02-28,TVSMOTOR,True
2019-02-28,UBL,True
2019-02-28,ULTRACEMCO,True
2019-02-28,UNIONBANK,True
2019-02-28,UPL,True
2019-02-28,VAKRANGEE,True
2019-02-28,VARROC,True
2019-02-28,VEDL,True
2019-02-28,VGUARD,True
2019-02-28,VOLTAS,True
2019-02-28,WIPRO,True
2019-02-28,YESBANK,True
2019-02-28,ZEEL,True
2019-03-31,ABB,True
2019-03-31,ABCAPITAL,True
2019-03-31,ABFRL,True
2019-03-31,ADANIPOWER,True
2019-03-31,AMBUJACEM,True
2019-03-31,APOLLOHOSP,True
2019-03-31,APOLLOTYRE,True
2019-03-31,ASIANPAINT,True
2019-03-31,AUBANK,True
2019-03-31,AUROPHARMA,True
2019-03-31,AVANTIFEED,True
2019-03-31,AXISBANK,True
2019-03-31,BAJAJ-AUTO,True
2019-03-31,BAJAJFINSV,True
2019-03-31,BAJFINANCE,True
2019-03-31,BALKRISIND,True
2019-03-31,BANDHANBNK,True
2019-03-31,BANKBARODA,True
2019-03-31,BANKINDIA,True
2019-03-31,BATAINDIA,True
2019-03-31,BBTC,True
2019-03-31,BEL,True
2019-03-31,BERGEPAINT,True
2019-03-31,BHARATFORG,True
2019-03-31,BHEL,True
2019-03-31,BIOCON,True
2019-03-31,BOSCHLTD,True
2019-03-31,BPCL,True
2019-03-31,CANBK,True
2019-03-31,CASTROLIND,True
2019-03-31,CENTRALBK,True
2019-03-31,CHOLAFIN,True
2019-03-31,CIPLA,True
2019-03-31,COALINDIA,True
2019-03-31,COLPAL,True
2019-03-31,CONCOR,True
2019-03-31,COROMANDEL,True
2019-03-31,CROMPTON,True
2019-03-31,CUMMINSIND,True
2019-03-31,DABUR,True
2019-03-31,DBL,True
2019-03-31,DISHTV,True
2019-03-31,DIVISLAB,True
2019-03-31,DLF,True
2019-03-31,DMART,True
2019-03-31,DRREDDY,True
2019-03-31,EDELWEISS,True
2019-03-31,EICHERMOT,True
2019-03-31,ENDURANCE,True
2019-03-31,ENGINERSIN,True
2019-03-31,ESCORTS,True
2019-03-31,EXIDEIND,True
2019-03-31,FCONSUMER,True
2019-03-31,FEDERALBNK,True
2019-03-31,FRETAIL,True
2019-03-31,GICRE,True
2019-03-31,GLENMARK,True
2019-03-31,GODREJAGRO,True
2019-03-31,GODREJCP,True
2019-03-31,GODREJIND,True
2019-03-31,GRAPHITE,True
2019-03-31,GRASIM,True
2019-03-31,GRUH,True
2019-03-31,GSPL,True
2019-03-31,HAVELLS,True
2019-03-31,HCLTECH,True
2019-03-31,HDFC,True
2019-03-31,HDFCBANK,True
2019-03-31,HDFCLIFE,True
2019-03-31,HEG,True
2019-03-31,HEROMOTOCO,True
2019-03-31,HEXAWARE,True
2019-03-31,HINDALCO,True
2019-03-31,HINDPETRO,True
2019-03-31,HINDZINC,True
2019-03-31,HUDCO,True
2019-03-31,ICICIBANK,True
2019-03-31,ICICIGI,True
2019-03-31,IDEA,True
2019-03-31,IDFCFIRSTB,True
2019-03-31,IGL,True
2019-03-31,INDIANB,True
2019-03-31,INDIGO,True
2019-03-31,INDUSINDBK,True
2019-03-31,INFY,True
2019-03-31,IOC,True
2019-03-31,ITC,True
2019-03-31,JINDALSTEL,True
2019-03-31,JSWENERGY,True
2019-03-31,JSWSTEEL,True
2019-03-31,JUBLFOOD,True
2019-03-31,KOTAKBANK,True
2019-03-31,LICHSGFIN,True
2019-03-31,LT,True
2019-03-31,LUPIN,True
2019-03-31,MARICO,True
2019-03-31,MARUTI,True
2019-03-31,MFSL,True
2019-03-31,MGL,True
2019-03-31,MINDTREE,True
2019-03-31,MPHASIS,True
2019-03-31,MRF,True
2019-03-31,MRPL,True
2019-03-31,NATCOPHARM,True
2019-03-31,NATIONALUM,True
2019-03-31,NAUKRI,True
2019-03-31,NBCC,True
2019-03-31,NHPC,True
2019-03-31,NIACL,True
2019-03-31,NMDC,True
2019-03-31,NTPC,True
2019-03-31,OBEROIRLTY,True
2019-03-31,OIL,True
2019-03-31,ONGC,True
2019-03-31,PCJEWELLER,True
2019-03-31,PEL,True
2019-03-31,PETRONET,True
2019-03-31,PFC,True
2019-03-31,PGHH,True
2019-03-31,PIDILITIND,True
2019-03-31,PIIND,True
2019-03-31,PNB,True
2019-03-31,PNBHOUSING,True
2019-03-31,POWERGRID,True
2019-03-31,PRESTIGE,True
2019-03-31,QUESS,True
2019-03-31,RAJESHEXPO,True
2019-03-31,RAMCOCEM,True
2019-03-31,RBLBANK,True
2019-03-31,RECLTD,True
2019-03-31,RELCAPITAL,True
2019-03-31,RELIANCE,True
2019-03-31,RPOWER,True
2019-03-31,SAIL,True
2019-03-31,SBILIFE,True
2019-03-31,SBIN,True
2019-03-31,SHREECEM,True
2019-03-31,SIEMENS,True
2019-03-31,SPARC,True
2019-03-31,SRF,True
2019-03-31,SUNTV,True
2019-03-31,SYNGENE,True
2019-03-31,TATACHEM,True
2019-03-31,TCS,True
2019-03-31,TECHM,True
2019-03-31,TITAN,True
2019-03-31,TORNTPHARM,True
2019-03-31,TORNTPOWER,True
2019-03-31,TV18BRDCST,True
2019-03-31,TVSMOTOR,True
2019-03-31,UBL,True
2019-03-31,ULTRACEMCO,True
2019-03-31,UNIONBANK,True
2019-03-31,UPL,True
2019-03-31,VAKRANGEE,True
2019-03-31,VARROC,True
2019-03-31,VEDL,True
2019-03-31,VGUARD,True
2019-03-31,VOLTAS,True
2019-03-31,WIPRO,True
2019-03-31,YESBANK,True
2019-03-31,ZEEL,True
2019-04-30,ABB,True
2019-04-30,ABCAPITAL,True
2019-04-30,ABFRL,True
2019-04-30,ADANIPOWER,True
2019-04-30,AMBUJACEM,True
2019-04-30,APOLLOHOSP,True
2019-04-30,APOLLOTYRE,True
2019-04-30,ASIANPAINT,True
2019-04-30,AUBANK,True
2019-04-30,AUROPHARMA,True
2019-04-30,AXISBANK,True
2019-04-30,BAJAJ-AUTO,True
2019-04-30,BAJAJFINSV,True
2019-04-30,BAJAJHLDNG,True
2019-04-30,BAJFINANCE,True
2019-04-30,BALKRISIND,True
2019-04-30,BANDHANBNK,True
2019-04-30,BANKBARODA,True
2019-04-30,BANKINDIA,True
2019-04-30,BATAINDIA,True
2019-04-30,BBTC,True
2019-04-30,BEL,True
2019-04-30,BERGEPAINT,True
2019-04-30,BHARATFORG,True
2019-04-30,BHEL,True
2019-04-30,BIOCON,True
2019-04-30,BOSCHLTD,True
2019-04-30,BPCL,True
2019-04-30,CANBK,True
2019-04-30,CASTROLIND,True
2019-04-30,CHOLAFIN,True
2019-04-30,CIPLA,True
2019-04-30,COALINDIA,True
2019-04-30,COLPAL,True
2019-04-30,CONCOR,True
2019-04-30,COROMANDEL,True
2019-04-30,CROMPTON,True
2019-04-30,CUMMINSIND,True
2019-04-30,DABUR,True
2019-04-30,DBL,True
2019-04-30,DISHTV,True
2019-04-30,DIVISLAB,True
2019-04-30,DLF,True
2019-04-30,DMART,True
2019-04-30,DRREDDY,True
2019-04-30,EDELWEISS,True
2019-04-30,EICHERMOT,True
2019-04-30,ENDURANCE,True
2019-04-30,ENGINERSIN,True
2019-04-30,ESCORTS,True
2019-04-30,EXIDEIND,True
2019-04-30,FCONSUMER,True
2019-04-30,FEDERALBNK,True
2019-04-30,FRETAIL,True
2019-04-30,GICRE,True
2019-04-30,GLENMARK,True
2019-04-30,GODREJAGRO,True
2019-04-30,GODREJCP,True
2019-04-30,GODREJIND,True
2019-04-30,GRAPHITE,True
2019-04-30,GRASIM,True
2019-04-30,GRUH,True
2019-04-30,GSKCONS,True
2019-04-30,GSPL,True
2019-04-30,HAVELLS,True
2019-04-30,HCLTECH,True
2019-04-30,HDFC,True
2019-04-30,HDFCAMC,True
2019-04-30,HDFCBANK,True
2019-04-30,HDFCLIFE,True
2019-04-30,HEG,True
2019-04-30,HEROMOTOCO,True
2019-04-30,HEXAWARE,True
2019-04-30,HINDALCO,True
2019-04-30,HINDPETRO,True
2019-04-30,HINDZINC,True
2019-04-30,HUDCO,True
2019-04-30,ICICIBANK,True
2019-04-30,ICICIGI,True
2019-04-30,IDEA,True
2019-04-30,IDFCFIRSTB,True
2019-04-30,IGL,True
2019-04-30,INDIANB,True
2019-04-30,INDIGO,True
2019-04-30,INDUSINDBK,True
2019-04-30,INFY,True
2019-04-30,IOC,True
2019-04-30,ITC,True
2019-04-30,JINDALSTEL,True
2019-04-30,JSWENERGY,True
2019-04-30,JSWSTEEL,True
2019-04-30,JUBLFOOD,True
2019-04-30,KOTAKBANK,True
2019-04-30,LICHSGFIN,True
2019-04-30,LT,True
2019-04-30,LTTS,True
2019-04-30,LUPIN,True
2019-04-30,MARICO,True
2019-04-30,MARUTI,True
2019-04-30,MFSL,True
2019-04-30,MGL,True
2019-04-30,MINDTREE,True
2019-04-30,MPHASIS,True
2019-04-30,MRF,True
2019-04-30,MRPL,True
2019-04-30,NATCOPHARM,True
2019-04-30,NATIONALUM,True
2019-04-30,NAUKRI,True
2019-04-30,NBCC,True
2019-04-30,NHPC,True
2019-04-30,NIACL,True
2019-04-30,NMDC,True
2019-04-30,NTPC,True
2019-04-30,OBEROIRLTY,True
2019-04-30,OIL,True
2019-04-30,ONGC,True
2019-04-30,PEL,True
2019-04-30,PETRONET,True
2019-04-30,PFC,True
2019-04-30,PFIZER,True
2019-04-30,PGHH,True
2019-04-30,PIDILITIND,True
2019-04-30,PIIND,True
2019-04-30,PNB,True
2019-04-30,PNBHOUSING,True
2019-04-30,POWERGRID,True
2019-04-30,PRESTIGE,True
2019-04-30,QUESS,True
2019-04-30,RAJESHEXPO,True
2019-04-30,RAMCOCEM,True
2019-04-30,RBLBANK,True
2019-04-30,RECLTD,True
2019-04-30,RELCAPITAL,True
2019-04-30,RELIANCE,True
2019-04-30,RPOWER,True
2019-04-30,SAIL,True
2019-04-30,SBILIFE,True
2019-04-30,SBIN,True
2019-04-30,SHREECEM,True
2019-04-30,SIEMENS,True
2019-04-30,SPARC,True
2019-04-30,SRF,True
2019-04-30,SUNTV,True
2019-04-30,SYNGENE,True
2019-04-30,TATACHEM,True
2019-04-30,TCS,True
2019-04-30,TECHM,True
2019-04-30,TITAN,True
2019-04-30,TORNTPHARM,True
2019-04-30,TORNTPOWER,True
2019-04-30,TVSMOTOR,True
2019-04-30,UBL,True
2019-04-30,ULTRACEMCO,True
2019-04-30,UNIONBANK,True
2019-04-30,UPL,True
2019-04-30,VARROC,True
2019-04-30,VEDL,True
2019-04-30,VGUARD,True
2019-04-30,VOLTAS,True
2019-04-30,WIPRO,True
2019-04-30,YESBANK,True
2019-04-30,ZEEL,True
2019-05-31,ABB,True
2019-05-31,ABCAPITAL,True
2019-05-31,ABFRL,True
2019-05-31,ADANIPOWER,True
2019-05-31,AMBUJACEM,True
2019-05-31,APOLLOHOSP,True
2019-05-31,APOLLOTYRE,True
2019-05-31,ASIANPAINT,True
2019-05-31,AUBANK,True
2019-05-31,AUROPHARMA,True
2019-05-31,AXISBANK,True
2019-05-31,BAJAJ-AUTO,True
2019-05-31,BAJAJFINSV,True
2019-05-31,BAJAJHLDNG,True
2019-05-31,BAJFINANCE,True
2019-05-31,BALKRISIND,True
2019-05-31,BANDHANBNK,True
2019-05-31,BANKBARODA,True
2019-05-31,BANKINDIA,True
2019-05-31,BATAINDIA,True
2019-05-31,BBTC,True
2019-05-31,BEL,True
2019-05-31,BERGEPAINT,True
2019-05-31,BHARATFORG,True
2019-05-31,BHEL,True
2019-05-31,BIOCON,True
2019-05-31,BOSCHLTD,True
2019-05-31,BPCL,True
2019-05-31,CANBK,True
2019-05-31,CASTROLIND,True
2019-05-31,CHOLAFIN,True
2019-05-31,CIPLA,True
2019-05-31,COALINDIA,True
2019-05-31,COLPAL,True
2019-05-31,CONCOR,True
2019-05-31,COROMANDEL,True
2019-05-31,CROMPTON,True
2019-05-31,CUMMINSIND,True
2019-05-31,DABUR,True
2019-05-31,DBL,True
2019-05-31,DISHTV,True
2019-05-31,DIVISLAB,True
2019-05-31,DLF,True
2019-05-31,DMART,True
2019-05-31,DRREDDY,True
2019-05-31,EDELWEISS,True
2019-05-31,EICHERMOT,True
2019-05-31,ENDURANCE,True
2019-05-31,ENGINERSIN,True
2019-05-31,ESCORTS,True
2019-05-31,EXIDEIND,True
2019-05-31,FCONSUMER,True
2019-05-31,FEDERALBNK,True
2019-05-31,FRETAIL,True
2019-05-31,GICRE,True
2019-05-31,GLENMARK,True
2019-05-31,GODREJAGRO,True
2019-05-31,GODREJCP,True
2019-05-31,GODREJIND,True
2019-05-31,GRAPHITE,True
2019-05-31,GRASIM,True
2019-05-31,GRUH,True
2019-05-31,GSKCONS,True
2019-05-31,GSPL,True
2019-05-31,HAVELLS,True
2019-05-31,HCLTECH,True
2019-05-31,HDFC,True
2019-05-31,HDFCAMC,True
2019-05-31,HDFCBANK,True
2019-05-31,HDFCLIFE,True
2019-05-31,HEG,True
2019-05-31,HEROMOTOCO,True
2019-05-31,HEXAWARE,True
2019-05-31,HINDALCO,True
2019-05-31,HINDPETRO,True
2019-05-31,HINDZINC,True
2019-05-31,HUDCO,True
2019-05-31,ICICIBANK,True
2019-05-31,ICICIGI,True
2019-05-31,IDEA,True
2019-05-31,IDFCFIRSTB,True
2019-05-31,IGL,True
2019-05-31,INDIANB,True
2019-05-31,INDIGO,True
2019-05-31,INDUSINDBK,True
2019-05-31,INFY,True
2019-05-31,IOC,True
2019-05-31,ITC,True
2019-05-31,JINDALSTEL,True
2019-05-31,JSWENERGY,True
2019-05-31,JSWSTEEL,True
2019-05-31,JUBLFOOD,True
2019-05-31,KOTAKBANK,True
2019-05-31,LICHSGFIN,True
2019-05-31,LT,True
2019-05-31,LTTS,True
2019-05-31,LUPIN,True
2019-05-31,MARICO,True
2019-05-31,MARUTI,True
2019-05-31,MFSL,True
2019-05-31,MGL,True
2019-05-31,MINDTREE,True
2019-05-31,MPHASIS,True
2019-05-31,MRF,True
2019-05-31,MRPL,True
2019-05-31,NATCOPHARM,True
2019-05-31,NATIONALUM,True
2019-05-31,NAUKRI,True
2019-05-31,NBCC,True
2019-05-31,NHPC,True
2019-05-31,NIACL,True
2019-05-31,NMDC,True
2019-05-31,NTPC,True
2019-05-31,OBEROIRLTY,True
2019-05-31,OIL,True
2019-05-31,ONGC,True
2019-05-31,PEL,True
2019-05-31,PETRONET,True
2019-05-31,PFC,True
2019-05-31,PFIZER,True
2019-05-31,PGHH,True
2019-05-31,PIDILITIND,True
2019-05-31,PIIND,True
2019-05-31,PNB,True
2019-05-31,PNBHOUSING,True
2019-05-31,POWERGRID,True
2019-05-31,PRESTIGE,True
2019-05-31,QUESS,True
2019-05-31,RAJESHEXPO,True
2019-05-31,RAMCOCEM,True
2019-05-31,RBLBANK,True
2019-05-31,RECLTD,True
2019-05-31,RELCAPITAL,True
2019-05-31,RELIANCE,True
2019-05-31,RPOWER,True
2019-05-31,SAIL,True
2019-05-31,SBILIFE,True
2019-05-31,SBIN,True
2019-05-31,SHREECEM,True
2019-05-31,SIEMENS,True
2019-05-31,SPARC,True
2019-05-31,SRF,True
2019-05-31,SUNTV,True
2019-05-31,SYNGENE,True
2019-05-31,TATACHEM,True
2019-05-31,TCS,True
2019-05-31,TECHM,True
2019-05-31,TITAN,True
2019-05-31,TORNTPHARM,True
2019-05-31,TORNTPOWER,True
2019-05-31,TVSMOTOR,True
2019-05-31,UBL,True
2019-05-31,ULTRACEMCO,True
2019-05-31,UNIONBANK,True
2019-05-31,UPL,True
2019-05-31,VARROC,True
2019-05-31,VEDL,True
2019-05-31,VGUARD,True
2019-05-31,VOLTAS,True
2019-05-31,WIPRO,True
2019-05-31,YESBANK,True
2019-05-31,ZEEL,True
2019-06-30,ABB,True
2019-06-30,ABCAPITAL,True
2019-06-30,ABFRL,True
2019-06-30,ADANIPOWER,True
2019-06-30,AMBUJACEM,True
2019-06-30,APOLLOHOSP,True
2019-06-30,APOLLOTYRE,True
2019-06-30,ASIANPAINT,True
2019-06-30,AUBANK,True
2019-06-30,AUROPHARMA,True
2019-06-30,AXISBANK,True
2019-06-30,BAJAJ-AUTO,True
2019-06-30,BAJAJFINSV,True
2019-06-30,BAJAJHLDNG,True
2019-06-30,BAJFINANCE,True
2019-06-30,BALKRISIND,True
2019-06-30,BANDHANBNK,True
2019-06-30,BANKBARODA,True
2019-06-30,BANKINDIA,True
2019-06-30,BATAINDIA,True
2019-06-30,BBTC,True
2019-06-30,BEL,True
2019-06-30,BERGEPAINT,True
2019-06-30,BHARATFORG,True
2019-06-30,BHEL,True
2019-06-30,BIOCON,True
2019-06-30,BOSCHLTD,True
2019-06-30,BPCL,True
2019-06-30,CANBK,True
2019-06-30,CASTROLIND,True
2019-06-30,CHOLAFIN,True
2019-06-30,CIPLA,True
2019-06-30,COALINDIA,True
2019-06-30,COLPAL,True
2019-06-30,CONCOR,True
2019-06-30,COROMANDEL,True
2019-06-30,CROMPTON,True
2019-06-30,CUMMINSIND,True
2019-06-30,DABUR,True
2019-06-30,DBL,True
2019-06-30,DISHTV,True
2019-06-30,DIVISLAB,True
2019-06-30,DLF,True
2019-06-30,DMART,True
2019-06-30,DRREDDY,True
2019-06-30,EDELWEISS,True
2019-06-30,EICHERMOT,True
2019-06-30,ENDURANCE,True
2019-06-30,ENGINERSIN,True
2019-06-30,ESCORTS,True
2019-06-30,EXIDEIND,True
2019-06-30,FCONSUMER,True
2019-06-30,FEDERALBNK,True
2019-06-30,FRETAIL,True
2019-06-30,GICRE,True
2019-06-30,GLENMARK,True
2019-06-30,GODREJAGRO,True
2019-06-30,GODREJCP,True
2019-06-30,GODREJIND,True
2019-06-30,GRAPHITE,True
2019-06-30,GRASIM,True
2019-06-30,GRUH,True
2019-06-30,GSKCONS,True
2019-06-30,GSPL,True
2019-06-30,HAVELLS,True
2019-06-30,HCLTECH,True
2019-06-30,HDFC,True
2019-06-30,HDFCAMC,True
2019-06-30,HDFCBANK,True
2019-06-30,HDFCLIFE,True
2019-06-30,HEG,True
2019-06-30,HEROMOTOCO,True
2019-06-30,HEXAWARE,True
2019-06-30,HINDALCO,True
2019-06-30,HINDPETRO,True
2019-06-30,HINDZINC,True
2019-06-30,HUDCO,True
2019-06-30,ICICIBANK,True
2019-06-30,ICICIGI,True
2019-06-30,IDEA,True
2019-06-30,IDFCFIRSTB,True
2019-06-30,IGL,True
2019-06-30,INDIANB,True
2019-06-30,INDIGO,True
2019-06-30,INDUSINDBK,True
2019-06-30,INFY,True
2019-06-30,IOC,True
2019-06-30,ITC,True
2019-06-30,JINDALSTEL,True
2019-06-30,JSWENERGY,True
2019-06-30,JSWSTEEL,True
2019-06-30,JUBLFOOD,True
2019-06-30,KOTAKBANK,True
2019-06-30,LICHSGFIN,True
2019-06-30,LT,True
2019-06-30,LTTS,True
2019-06-30,LUPIN,True
2019-06-30,MARICO,True
2019-06-30,MARUTI,True
2019-06-30,MFSL,True
2019-06-30,MGL,True
2019-06-30,MINDTREE,True
2019-06-30,MPHASIS,True
2019-06-30,MRF,True
2019-06-30,MRPL,True
2019-06-30,NATCOPHARM,True
2019-06-30,NATIONALUM,True
2019-06-30,NAUKRI,True
2019-06-30,NBCC,True
2019-06-30,NHPC,True
2019-06-30,NIACL,True
2019-06-30,NMDC,True
2019-06-30,NTPC,True
2019-06-30,OBEROIRLTY,True
2019-06-30,OIL,True
2019-06-30,ONGC,True
2019-06-30,PEL,True
2019-06-30,PETRONET,True
2019-06-30,PFC,True
2019-06-30,PFIZER,True
2019-06-30,PGHH,True
2019-06-30,PIDILITIND,True
2019-06-30,PIIND,True
2019-06-30,PNB,True
2019-06-30,PNBHOUSING,True
2019-06-30,POWERGRID,True
2019-06-30,PRESTIGE,True
2019-06-30,QUESS,True
2019-06-30,RAJESHEXPO,True
2019-06-30,RAMCOCEM,True
2019-06-30,RBLBANK,True
2019-06-30,RECLTD,True
2019-06-30,RELCAPITAL,True
2019-06-30,RELIANCE,True
2019-06-30,RPOWER,True
2019-06-30,SAIL,True
2019-06-30,SBILIFE,True
2019-06-30,SBIN,True
2019-06-30,SHREECEM,True
2019-06-30,SIEMENS,True
2019-06-30,SPARC,True
2019-06-30,SRF,True
2019-06-30,SUNTV,True
2019-06-30,SYNGENE,True
2019-06-30,TATACHEM,True
2019-06-30,TCS,True
2019-06-30,TECHM,True
2019-06-30,TITAN,True
2019-06-30,TORNTPHARM,True
2019-06-30,TORNTPOWER,True
2019-06-30,TVSMOTOR,True
2019-06-30,UBL,True
2019-06-30,ULTRACEMCO,True
2019-06-30,UNIONBANK,True
2019-06-30,UPL,True
2019-06-30,VARROC,True
2019-06-30,VEDL,True
2019-06-30,VGUARD,True
2019-06-30,VOLTAS,True
2019-06-30,WIPRO,True
2019-06-30,YESBANK,True
2019-06-30,ZEEL,True
2019-07-31,ABB,True
2019-07-31,ABCAPITAL,True
2019-07-31,ABFRL,True
2019-07-31,ADANIPOWER,True
2019-07-31,AMBUJACEM,True
2019-07-31,APOLLOHOSP,True
2019-07-31,APOLLOTYRE,True
2019-07-31,ASIANPAINT,True
2019-07-31,AUBANK,True
2019-07-31,AUROPHARMA,True
2019-07-31,AXISBANK,True
2019-07-31,BAJAJ-AUTO,True
2019-07-31,BAJAJFINSV,True
2019-07-31,BAJAJHLDNG,True
2019-07-31,BAJFINANCE,True
2019-07-31,BALKRISIND,True
2019-07-31,BANDHANBNK,True
2019-07-31,BANKBARODA,True
2019-07-31,BANKINDIA,True
2019-07-31,BATAINDIA,True
2019-07-31,BBTC,True
2019-07-31,BEL,True
2019-07-31,BERGEPAINT,True
2019-07-31,BHARATFORG,True
2019-07-31,BHEL,True
2019-07-31,BIOCON,True
2019-07-31,BOSCHLTD,True
2019-07-31,BPCL,True
2019-07-31,CANBK,True
2019-07-31,CASTROLIND,True
2019-07-31,CHOLAFIN,True
2019-07-31,CIPLA,True
2019-07-31,COALINDIA,True
2019-07-31,COLPAL,True
2019-07-31,CONCOR,True
2019-07-31,COROMANDEL,True
2019-07-31,CROMPTON,True
2019-07-31,CUMMINSIND,True
2019-07-31,DABUR,True
2019-07-31,DBL,True
2019-07-31,DISHTV,True
2019-07-31,DIVISLAB,True
2019-07-31,DLF,True
2019-07-31,DMART,True
2019-07-31,DRREDDY,True
2019-07-31,EDELWEISS,True
2019-07-31,EICHERMOT,True
2019-07-31,ENDURANCE,True
2019-07-31,ENGINERSIN,True
2019-07-31,ESCORTS,True
2019-07-31,EXIDEIND,True
2019-07-31,FCONSUMER,True
2019-07-31,FEDERALBNK,True
2019-07-31,FRETAIL,True
2019-07-31,GICRE,True
2019-07-31,GLENMARK,True
2019-07-31,GODREJAGRO,True
2019-07-31,GODREJCP,True
2019-07-31,GODREJIND,True
2019-07-31,GRAPHITE,True
2019-07-31,GRASIM,True
2019-07-31,GRUH,True
2019-07-31,GSKCONS,True
2019-07-31,GSPL,True
2019-07-31,HAVELLS,True
2019-07-31,HCLTECH,True
2019-07-31,HDFC,True
2019-07-31,HDFCAMC,True
2019-07-31,HDFCBANK,True
2019-07-31,HDFCLIFE,True
2019-07-31,HEG,True
2019-07-31,HEROMOTOCO,True
2019-07-31,HEXAWARE,True
2019-07-31,HINDALCO,True
2019-07-31,HINDPETRO,True
2019-07-31,HINDZINC,True
2019-07-31,HUDCO,True
2019-07-31,ICICIBANK,True
2019-07-31,ICICIGI,True
2019-07-31,IDEA,True
2019-07-31,IDFCFIRSTB,True
2019-07-31,IGL,True
2019-07-31,INDIANB,True
2019-07-31,INDIGO,True
2019-07-31,INDUSINDBK,True
2019-07-31,INFY,True
2019-07-31,IOC,True
2019-07-31,ITC,True
2019-07-31,JINDALSTEL,True
2019-07-31,JSWENERGY,True
2019-07-31,JSWSTEEL,True
2019-07-31,JUBLFOOD,True
2019-07-31,KOTAKBANK,True
2019-07-31,LICHSGFIN,True
2019-07-31,LT,True
2019-07-31,LTTS,True
2019-07-31,LUPIN,True
2019-07-31,MARICO,True
2019-07-31,MARUTI,True
2019-07-31,MFSL,True
2019-07-31,MGL,True
2019-07-31,MINDTREE,True
2019-07-31,MPHASIS,True
2019-07-31,MRF,True
2019-07-31,MRPL,True
2019-07-31,NATCOPHARM,True
2019-07-31,NATIONALUM,True
2019-07-31,NAUKRI,True
2019-07-31,NBCC,True
2019-07-31,NHPC,True
2019-07-31,NIACL,True
2019-07-31,NMDC,True
2019-07-31,NTPC,True
2019-07-31,OBEROIRLTY,True
2019-07-31,OIL,True
2019-07-31,ONGC,True
2019-07-31,PEL,True
2019-07-31,PETRONET,True
2019-07-31,PFC,True
2019-07-31,PFIZER,True
2019-07-31,PGHH,True
2019-07-31,PIDILITIND,True
2019-07-31,PIIND,True
2019-07-31,PNB,True
2019-07-31,PNBHOUSING,True
2019-07-31,POWERGRID,True
2019-07-31,PRESTIGE,True
2019-07-31,QUESS,True
2019-07-31,RAJESHEXPO,True
2019-07-31,RAMCOCEM,True
2019-07-31,RBLBANK,True
2019-07-31,RECLTD,True
2019-07-31,RELCAPITAL,True
2019-07-31,RELIANCE,True
2019-07-31,RPOWER,True
2019-07-31,SAIL,True
2019-07-31,SBILIFE,True
2019-07-31,SBIN,True
2019-07-31,SHREECEM,True
2019-07-31,SIEMENS,True
2019-07-31,SPARC,True
2019-07-31,SRF,True
2019-07-31,SUNTV,True
2019-07-31,SYNGENE,True
2019-07-31,TATACHEM,True
2019-07-31,TCS,True
2019-07-31,TECHM,True
2019-07-31,TITAN,True
2019-07-31,TORNTPHARM,True
2019-07-31,TORNTPOWER,True
2019-07-31,TVSMOTOR,True
2019-07-31,UBL,True
2019-07-31,ULTRACEMCO,True
2019-07-31,UNIONBANK,True
2019-07-31,UPL,True
2019-07-31,VARROC,True
2019-07-31,VEDL,True
2019-07-31,VGUARD,True
2019-07-31,VOLTAS,True
2019-07-31,WIPRO,True
2019-07-31,YESBANK,True
2019-07-31,ZEEL,True
2019-08-31,ABB,True
2019-08-31,ABCAPITAL,True
2019-08-31,ABFRL,True
2019-08-31,ADANIPOWER,True
2019-08-31,AMBUJACEM,True
2019-08-31,APOLLOHOSP,True
2019-08-31,APOLLOTYRE,True
2019-08-31,ASIANPAINT,True
2019-08-31,AUBANK,True
2019-08-31,AUROPHARMA,True
2019-08-31,AXISBANK,True
2019-08-31,BAJAJ-AUTO,True
2019-08-31,BAJAJFINSV,True
2019-08-31,BAJAJHLDNG,True
2019-08-31,BAJFINANCE,True
2019-08-31,BALKRISIND,True
2019-08-31,BANDHANBNK,True
2019-08-31,BANKBARODA,True
2019-08-31,BANKINDIA,True
2019-08-31,BATAINDIA,True
2019-08-31,BBTC,True
2019-08-31,BEL,True
2019-08-31,BERGEPAINT,True
2019-08-31,BHARATFORG,True
2019-08-31,BHEL,True
2019-08-31,BIOCON,True
2019-08-31,BOSCHLTD,True
2019-08-31,BPCL,True
2019-08-31,CANBK,True
2019-08-31,CASTROLIND,True
2019-08-31,CHOLAFIN,True
2019-08-31,CIPLA,True
2019-08-31,COALINDIA,True
2019-08-31,COLPAL,True
2019-08-31,CONCOR,True
2019-08-31,COROMANDEL,True
2019-08-31,CROMPTON,True
2019-08-31,CUMMINSIND,True
2019-08-31,DABUR,True
2019-08-31,DBL,True
2019-08-31,DISHTV,True
2019-08-31,DIVISLAB,True
2019-08-31,DLF,True
2019-08-31,DMART,True
2019-08-31,DRREDDY,True
2019-08-31,EDELWEISS,True
2019-08-31,EICHERMOT,True
2019-08-31,ENDURANCE,True
2019-08-31,ENGINERSIN,True
2019-08-31,ESCORTS,True
2019-08-31,EXIDEIND,True
2019-08-31,FCONSUMER,True
2019-08-31,FEDERALBNK,True
2019-08-31,FRETAIL,True
2019-08-31,GICRE,True
2019-08-31,GLENMARK,True
2019-08-31,GODREJAGRO,True
2019-08-31,GODREJCP,True
2019-08-31,GODREJIND,True
2019-08-31,GRAPHITE,True
2019-08-31,GRASIM,True
2019-08-31,GRUH,True
2019-08-31,GSKCONS,True
2019-08-31,GSPL,True
2019-08-31,HAVELLS,True
2019-08-31,HCLTECH,True
2019-08-31,HDFC,True
2019-08-31,HDFCAMC,True
2019-08-31,HDFCBANK,True
2019-08-31,HDFCLIFE,True
2019-08-31,HEG,True
2019-08-31,HEROMOTOCO,True
2019-08-31,HEXAWARE,True
2019-08-31,HINDALCO,True
2019-08-31,HINDPETRO,True
2019-08-31,HINDZINC,True
2019-08-31,HUDCO,True
2019-08-31,ICICIBANK,True
2019-08-31,ICICIGI,True
2019-08-31,IDEA,True
2019-08-31,IDFCFIRSTB,True
2019-08-31,IGL,True
2019-08-31,INDIANB,True
2019-08-31,INDIGO,True
2019-08-31,INDUSINDBK,True
2019-08-31,INFY,True
2019-08-31,IOC,True
2019-08-31,ITC,True
2019-08-31,JINDALSTEL,True
2019-08-31,JSWENERGY,True
2019-08-31,JSWSTEEL,True
2019-08-31,JUBLFOOD,True
2019-08-31,KOTAKBANK,True
2019-08-31,LICHSGFIN,True
2019-08-31,LT,True
2019-08-31,LTTS,True
2019-08-31,LUPIN,True
2019-08-31,MARICO,True
2019-08-31,MARUTI,True
2019-08-31,MFSL,True
2019-08-31,MGL,True
2019-08-31,MINDTREE,True
2019-08-31,MPHASIS,True
2019-08-31,MRF,True
2019-08-31,MRPL,True
2019-08-31,NATCOPHARM,True
2019-08-31,NATIONALUM,True
2019-08-31,NAUKRI,True
2019-08-31,NBCC,True
2019-08-31,NHPC,True
2019-08-31,NIACL,True
2019-08-31,NMDC,True
2019-08-31,NTPC,True
2019-08-31,OBEROIRLTY,True
2019-08-31,OIL,True
2019-08-31,ONGC,True
2019-08-31,PEL,True
2019-08-31,PETRONET,True
2019-08-31,PFC,True
2019-08-31,PFIZER,True
2019-08-31,PGHH,True
2019-08-31,PIDILITIND,True
2019-08-31,PIIND,True
2019-08-31,PNB,True
2019-08-31,PNBHOUSING,True
2019-08-31,POWERGRID,True
2019-08-31,PRESTIGE,True
2019-08-31,QUESS,True
2019-08-31,RAJESHEXPO,True
2019-08-31,RAMCOCEM,True
2019-08-31,RBLBANK,True
2019-08-31,RECLTD,True
2019-08-31,RELCAPITAL,True
2019-08-31,RELIANCE,True
2019-08-31,RPOWER,True
2019-08-31,SAIL,True
2019-08-31,SBILIFE,True
2019-08-31,SBIN,True
2019-08-31,SHREECEM,True
2019-08-31,SIEMENS,True
2019-08-31,SPARC,True
2019-08-31,SRF,True
2019-08-31,SUNTV,True
2019-08-31,SYNGENE,True
2019-08-31,TATACHEM,True
2019-08-31,TCS,True
2019-08-31,TECHM,True
2019-08-31,TITAN,True
2019-08-31,TORNTPHARM,True
2019-08-31,TORNTPOWER,True
2019-08-31,TVSMOTOR,True
2019-08-31,UBL,True
2019-08-31,ULTRACEMCO,True
2019-08-31,UNIONBANK,True
2019-08-31,UPL,True
2019-08-31,VARROC,True
2019-08-31,VEDL,True
2019-08-31,VGUARD,True
2019-08-31,VOLTAS,True
2019-08-31,WIPRO,True
2019-08-31,YESBANK,True
2019-08-31,ZEEL,True
2019-09-30,ABCAPITAL,True
2019-09-30,ABFRL,True
2019-09-30,ADANIPOWER,True
2019-09-30,ALBK,True
2019-09-30,AMBUJACEM,True
2019-09-30,APOLLOHOSP,True
2019-09-30,APOLLOTYRE,True
2019-09-30,ASIANPAINT,True
2019-09-30,AUBANK,True
2019-09-30,AUROPHARMA,True
2019-09-30,AXISBANK,True
2019-09-30,BAJAJ-AUTO,True
2019-09-30,BAJAJFINSV,True
2019-09-30,BAJAJHLDNG,True
2019-09-30,BAJFINANCE,True
2019-09-30,BALKRISIND,True
2019-09-30,BANDHANBNK,True
2019-09-30,BANKBARODA,True
2019-09-30,BANKINDIA,True
2019-09-30,BATAINDIA,True
2019-09-30,BBTC,True
2019-09-30,BEL,True
2019-09-30,BERGEPAINT,True
2019-09-30,BHARATFORG,True
2019-09-30,BHEL,True
2019-09-30,BIOCON,True
2019-09-30,BOSCHLTD,True
2019-09-30,BPCL,True
2019-09-30,CANBK,True
2019-09-30,CASTROLIND,True
2019-09-30,CESC,True
2019-09-30,CHOLAFIN,True
2019-09-30,CIPLA,True
2019-09-30,COALINDIA,True
2019-09-30,COLPAL,True
2019-09-30,CONCOR,True
2019-09-30,COROMANDEL,True
2019-09-30,CROMPTON,True
2019-09-30,CUB,True
2019-09-30,CUMMINSIND,True
2019-09-30,DABUR,True
2019-09-30,DALBHARAT,True
2019-09-30,DIVISLAB,True
2019-09-30,DLF,True
2019-09-30,DMART,True
2019-09-30,DRREDDY,True
2019-09-30,EDELWEISS,True
2019-09-30,EICHERMOT,True
2019-09-30,EMAMILTD,True
2019-09-30,ENDURANCE,True
2019-09-30,ENGINERSIN,True
2019-09-30,ESCORTS,True
2019-09-30,EXIDEIND,True
2019-09-30,FCONSUMER,True
2019-09-30,FEDERALBNK,True
2019-09-30,FRETAIL,True
2019-09-30,GICRE,True
2019-09-30,GLENMARK,True
2019-09-30,GODREJAGRO,True
2019-09-30,GODREJCP,True
2019-09-30,GODREJIND,True
2019-09-30,GODREJPROP,True
2019-09-30,GRAPHITE,True
2019-09-30,GRASIM,True
2019-09-30,GSPL,True
2019-09-30,HAVELLS,True
2019-09-30,HCLTECH,True
2019-09-30,HDFC,True
2019-09-30,HDFCAMC,True
2019-09-30,HDFCBANK,True
2019-09-30,HDFCLIFE,True
2019-09-30,HEG,True
2019-09-30,HEROMOTOCO,True
2019-09-30,HEXAWARE,True
2019-09-30,HINDALCO,True
2019-09-30,HINDPETRO,True
2019-09-30,HINDZINC,True
2019-09-30,HUDCO,True
2019-09-30,ICICIBANK,True
2019-09-30,ICICIGI,True
2019-09-30,IDEA,True
2019-09-30,IDFCFIRSTB,True
2019-09-30,IGL,True
2019-09-30,INDIANB,True
2019-09-30,INDIGO,True
2019-09-30,INDUSINDBK,True
2019-09-30,INFY,True
2019-09-30,IOC,True
2019-09-30,IPCALAB,True
2019-09-30,ITC,True
2019-09-30,JINDALSTEL,True
2019-09-30,JSWENERGY,True
2019-09-30,JSWSTEEL,True
2019-09-30,JUBLFOOD,True
2019-09-30,KOTAKBANK,True
2019-09-30,LICHSGFIN,True
2019-09-30,LT,True
2019-09-30,LTTS,True
2019-09-30,LUPIN,True
2019-09-30,MARICO,True
2019-09-30,MARUTI,True
2019-09-30,MFSL,True
2019-09-30,MGL,True
2019-09-30,MINDTREE,True
2019-09-30,MPHASIS,True
2019-09-30,MRF,True
2019-09-30,MRPL,True
2019-09-30,NATCOPHARM,True
2019-09-30,NATIONALUM,True
2019-09-30,NAUKRI,True
2019-09-30,NBCC,True
2019-09-30,NHPC,True
2019-09-30,NIACL,True
2019-09-30,NMDC,True
2019-09-30,NTPC,True
2019-09-30,OBEROIRLTY,True
2019-09-30,OIL,True
2019-09-30,ONGC,True
2019-09-30,PEL,True
2019-09-30,PETRONET,True
2019-09-30,PFC,True
2019-09-30,PFIZER,True
2019-09-30,PGHH,True
2019-09-30,PIDILITIND,True
2019-09-30,PIIND,True
2019-09-30,PNB,True
2019-09-30,PNBHOUSING,True
2019-09-30,POWERGRID,True
2019-09-30,PRESTIGE,True
2019-09-30,QUESS,True
2019-09-30,RAJESHEXPO,True
2019-09-30,RAMCOCEM,True
2019-09-30,RBLBANK,True
2019-09-30,RECLTD,True
2019-09-30,RELIANCE,True
2019-09-30,SAIL,True
2019-09-30,SBILIFE,True
2019-09-30,SBIN,True
2019-09-30,SHREECEM,True
2019-09-30,SIEMENS,True
2019-09-30,SRF,True
2019-09-30,SUNPHARMA,True
2019-09-30,SUNTV,True
2019-09-30,SYNGENE,True
2019-09-30,TATACHEM,True
2019-09-30,TCS,True
2019-09-30,TECHM,True
2019-09-30,TITAN,True
2019-09-30,TORNTPHARM,True
2019-09-30,TORNTPOWER,True
2019-09-30,TVSMOTOR,True
2019-09-30,UBL,True
2019-09-30,ULTRACEMCO,True
2019-09-30,UNIONBANK,True
2019-09-30,UPL,True
2019-09-30,VARROC,True
2019-09-30,VEDL,True
2019-09-30,VGUARD,True
2019-09-30,VOLTAS,True
2019-09-30,WIPRO,True
2019-09-30,YESBANK,True
2019-09-30,ZEEL,True
2019-10-31,ABCAPITAL,True
2019-10-31,ABFRL,True
2019-10-31,ADANIPOWER,True
2019-10-31,ALBK,True
2019-10-31,AMBUJACEM,True
2019-10-31,APOLLOHOSP,True
2019-10-31,APOLLOTYRE,True
2019-10-31,ASIANPAINT,True
2019-10-31,AUBANK,True
2019-10-31,AUROPHARMA,True
2019-10-31,AXISBANK,True
2019-10-31,BAJAJ-AUTO,True
2019-10-31,BAJAJFINSV,True
2019-10-31,BAJAJHLDNG,True
2019-10-31,BAJFINANCE,True
2019-10-31,BALKRISIND,True
2019-10-31,BANDHANBNK,True
2019-10-31,BANKBARODA,True
2019-10-31,BANKINDIA,True
2019-10-31,BATAINDIA,True
2019-10-31,BBTC,True
2019-10-31,BEL,True
2019-10-31,BERGEPAINT,True
2019-10-31,BHARATFORG,True
2019-10-31,BHEL,True
2019-10-31,BIOCON,True
2019-10-31,BOSCHLTD,True
2019-10-31,BPCL,True
2019-10-31,CANBK,True
2019-10-31,CASTROLIND,True
2019-10-31,CESC,True
2019-10-31,CHOLAFIN,True
2019-10-31,CIPLA,True
2019-10-31,COALINDIA,True
2019-10-31,COLPAL,True
2019-10-31,CONCOR,True
2019-10-31,COROMANDEL,True
2019-10-31,CROMPTON,True
2019-10-31,CUB,True
2019-10-31,CUMMINSIND,True
2019-10-31,DABUR,True
2019-10-31,DALBHARAT,True
2019-10-31,DIVISLAB,True
2019-10-31,DLF,True
2019-10-31,DMART,True
2019-10-31,DRREDDY,True
2019-10-31,EDELWEISS,True
2019-10-31,EICHERMOT,True
2019-10-31,EMAMILTD,True
2019-10-31,ENDURANCE,True
2019-10-31,ENGINERSIN,True
2019-10-31,ESCORTS,True
2019-10-31,EXIDEIND,True
2019-10-31,FCONSUMER,True
2019-10-31,FEDERALBNK,True
2019-10-31,FRETAIL,True
2019-10-31,GICRE,True
2019-10-31,GLENMARK,True
2019-10-31,GODREJAGRO,True
2019-10-31,GODREJCP,True
2019-10-31,GODREJIND,True
2019-10-31,GODREJPROP,True
2019-10-31,GRAPHITE,True
2019-10-31,GRASIM,True
2019-10-31,GSPL,True
2019-10-31,HAVELLS,True
2019-10-31,HCLTECH,True
2019-10-31,HDFC,True
2019-10-31,HDFCAMC,True
2019-10-31,HDFCBANK,True
2019-10-31,HDFCLIFE,True
2019-10-31,HEG,True
2019-10-31,HEROMOTOCO,True
2019-10-31,HEXAWARE,True
2019-10-31,HINDALCO,True
2019-10-31,HINDPETRO,True
2019-10-31,HINDZINC,True
2019-10-31,HUDCO,True
2019-10-31,ICICIBANK,True
2019-10-31,ICICIGI,True
2019-10-31,IDEA,True
2019-10-31,IDFCFIRSTB,True
2019-10-31,IGL,True
2019-10-31,INDIANB,True
2019-10-31,INDIGO,True
2019-10-31,INDUSINDBK,True
2019-10-31,INFY,True
2019-10-31,IOC,True
2019-10-31,IPCALAB,True
2019-10-31,ITC,True
2019-10-31,JINDALSTEL,True
2019-10-31,JSWENERGY,True
2019-10-31,JSWSTEEL,True
2019-10-31,JUBLFOOD,True
2019-10-31,KOTAKBANK,True
2019-10-31,LICHSGFIN,True
2019-10-31,LT,True
2019-10-31,LTTS,True
2019-10-31,LUPIN,True
2019-10-31,MARICO,True
2019-10-31,MARUTI,True
2019-10-31,MFSL,True
2019-10-31,MGL,True
2019-10-31,MINDTREE,True
2019-10-31,MPHASIS,True
2019-10-31,MRF,True
2019-10-31,MRPL,True
2019-10-31,NATCOPHARM,True
2019-10-31,NATIONALUM,True
2019-10-31,NAUKRI,True
2019-10-31,NBCC,True
2019-10-31,NHPC,True
2019-10-31,NIACL,True
2019-10-31,NMDC,True
2019-10-31,NTPC,True
2019-10-31,OBEROIRLTY,True
2019-10-31,OIL,True
2019-10-31,ONGC,True
2019-10-31,PEL,True
2019-10-31,PETRONET,True
2019-10-31,PFC,True
2019-10-31,PFIZER,True
2019-10-31,PGHH,True
2019-10-31,PIDILITIND,True
2019-10-31,PIIND,True
2019-10-31,PNB,True
2019-10-31,PNBHOUSING,True
2019-10-31,POWERGRID,True
2019-10-31,PRESTIGE,True
2019-10-31,QUESS,True
2019-10-31,RAJESHEXPO,True
2019-10-31,RAMCOCEM,True
2019-10-31,RBLBANK,True
2019-10-31,RECLTD,True
2019-10-31,RELIANCE,True
2019-10-31,SAIL,True
2019-10-31,SBILIFE,True
2019-10-31,SBIN,True
2019-10-31,SHREECEM,True
2019-10-31,SIEMENS,True
2019-10-31,SRF,True
2019-10-31,SUNPHARMA,True
2019-10-31,SUNTV,True
2019-10-31,SYNGENE,True
2019-10-31,TATACHEM,True
2019-10-31,TCS,True
2019-10-31,TECHM,True
2019-10-31,TITAN,True
2019-10-31,TORNTPHARM,True
2019-10-31,TORNTPOWER,True
2019-10-31,TVSMOTOR,True
2019-10-31,UBL,True
2019-10-31,ULTRACEMCO,True
2019-10-31,UNIONBANK,True
2019-10-31,UPL,True
2019-10-31,VARROC,True
2019-10-31,VEDL,True
2019-10-31,VGUARD,True
2019-10-31,VOLTAS,True
2019-10-31,WIPRO,True
2019-10-31,YESBANK,True
2019-10-31,ZEEL,True
2019-11-30,ABCAPITAL,True
2019-11-30,ABFRL,True
2019-11-30,ADANIPOWER,True
2019-11-30,ALBK,True
2019-11-30,AMBUJACEM,True
2019-11-30,APOLLOHOSP,True
2019-11-30,APOLLOTYRE,True
2019-11-30,ASIANPAINT,True
2019-11-30,AUBANK,True
2019-11-30,AUROPHARMA,True
2019-11-30,AXISBANK,True
2019-11-30,BAJAJ-AUTO,True
2019-11-30,BAJAJFINSV,True
2019-11-30,BAJAJHLDNG,True
2019-11-30,BAJFINANCE,True
2019-11-30,BALKRISIND,True
2019-11-30,BANDHANBNK,True
2019-11-30,BANKBARODA,True
2019-11-30,BANKINDIA,True
2019-11-30,BATAINDIA,True
2019-11-30,BBTC,True
2019-11-30,BEL,True
2019-11-30,BERGEPAINT,True
2019-11-30,BHARATFORG,True
2019-11-30,BHEL,True
2019-11-30,BIOCON,True
2019-11-30,BOSCHLTD,True
2019-11-30,BPCL,True
2019-11-30,CANBK,True
2019-11-30,CASTROLIND,True
2019-11-30,CESC,True
2019-11-30,CHOLAFIN,True
2019-11-30,CIPLA,True
2019-11-30,COALINDIA,True
2019-11-30,COLPAL,True
2019-11-30,CONCOR,True
2019-11-30,COROMANDEL,True
2019-11-30,CROMPTON,True
2019-11-30,CUB,True
2019-11-30,CUMMINSIND,True
2019-11-30,DABUR,True
2019-11-30,DALBHARAT,True
2019-11-30,DIVISLAB,True
2019-11-30,DLF,True
2019-11-30,DMART,True
2019-11-30,DRREDDY,True
2019-11-30,EDELWEISS,True
2019-11-30,EICHERMOT,True
2019-11-30,EMAMILTD,True
2019-11-30,ENDURANCE,True
2019-11-30,ENGINERSIN,True
2019-11-30,ESCORTS,True
2019-11-30,EXIDEIND,True
2019-11-30,FCONSUMER,True
2019-11-30,FEDERALBNK,True
2019-11-30,FRETAIL,True
2019-11-30,GICRE,True
2019-11-30,GLENMARK,True
2019-11-30,GODREJAGRO,True
2019-11-30,GODREJCP,True
2019-11-30,GODREJIND,True
2019-11-30,GODREJPROP,True
2019-11-30,GRAPHITE,True
2019-11-30,GRASIM,True
2019-11-30,GSPL,True
2019-11-30,HAVELLS,True
2019-11-30,HCLTECH,True
2019-11-30,HDFC,True
2019-11-30,HDFCAMC,True
2019-11-30,HDFCBANK,True
2019-11-30,HDFCLIFE,True
2019-11-30,HEG,True
2019-11-30,HEROMOTOCO,True
2019-11-30,HEXAWARE,True
2019-11-30,HINDALCO,True
2019-11-30,HINDPETRO,True
2019-11-30,HINDZINC,True
2019-11-30,HUDCO,True
2019-11-30,ICICIBANK,True
2019-11-30,ICICIGI,True
2019-11-30,IDEA,True
2019-11-30,IDFCFIRSTB,True
2019-11-30,IGL,True
2019-11-30,INDIANB,True
2019-11-30,INDIGO,True
2019-11-30,INDUSINDBK,True
2019-11-30,INFY,True
2019-11-30,IOC,True
2019-11-30,IPCALAB,True
2019-11-30,ITC,True
2019-11-30,JINDALSTEL,True
2019-11-30,JSWENERGY,True
2019-11-30,JSWSTEEL,True
2019-11-30,JUBLFOOD,True
2019-11-30,KOTAKBANK,True
2019-11-30,LICHSGFIN,True
2019-11-30,LT,True
2019-11-30,LTTS,True
2019-11-30,LUPIN,True
2019-11-30,MARICO,True
2019-11-30,MARUTI,True
2019-11-30,MFSL,True
2019-11-30,MGL,True
2019-11-30,MINDTREE,True
2019-11-30,MPHASIS,True
2019-11-30,MRF,True
2019-11-30,MRPL,True
2019-11-30,NATCOPHARM,True
2019-11-30,NATIONALUM,True
2019-11-30,NAUKRI,True
2019-11-30,NBCC,True
2019-11-30,NHPC,True
2019-11-30,NIACL,True
2019-11-30,NMDC,True
2019-11-30,NTPC,True
2019-11-30,OBEROIRLTY,True
2019-11-30,OIL,True
2019-11-30,ONGC,True
2019-11-30,PEL,True
2019-11-30,PETRONET,True
2019-11-30,PFC,True
2019-11-30,PFIZER,True
2019-11-30,PGHH,True
2019-11-30,PIDILITIND,True
2019-11-30,PIIND,True
2019-11-30,PNB,True
2019-11-30,PNBHOUSING,True
2019-11-30,POWERGRID,True
2019-11-30,PRESTIGE,True
2019-11-30,QUESS,True
2019-11-30,RAJESHEXPO,True
2019-11-30,RAMCOCEM,True
2019-11-30,RBLBANK,True
2019-11-30,RECLTD,True
2019-11-30,RELIANCE,True
2019-11-30,SAIL,True
2019-11-30,SBILIFE,True
2019-11-30,SBIN,True
2019-11-30,SHREECEM,True
2019-11-30,SIEMENS,True
2019-11-30,SRF,True
2019-11-30,SUNPHARMA,True
2019-11-30,SUNTV,True
2019-11-30,SYNGENE,True
2019-11-30,TATACHEM,True
2019-11-30,TCS,True
2019-11-30,TECHM,True
2019-11-30,TITAN,True
2019-11-30,TORNTPHARM,True
2019-11-30,TORNTPOWER,True
2019-11-30,TVSMOTOR,True
2019-11-30,UBL,True
2019-11-30,ULTRACEMCO,True
2019-11-30,UNIONBANK,True
2019-11-30,UPL,True
2019-11-30,VARROC,True
2019-11-30,VEDL,True
2019-11-30,VGUARD,True
2019-11-30,VOLTAS,True
2019-11-30,WIPRO,True
2019-11-30,YESBANK,True
2019-11-30,ZEEL,True
2019-12-31,ABCAPITAL,True
2019-12-31,ABFRL,True
2019-12-31,ADANIPOWER,True
2019-12-31,AMBUJACEM,True
2019-12-31,APOLLOHOSP,True
2019-12-31,APOLLOTYRE,True
2019-12-31,ASIANPAINT,True
2019-12-31,AUBANK,True
2019-12-31,AUROPHARMA,True
2019-12-31,AXISBANK,True
2019-12-31,BAJAJ-AUTO,True
2019-12-31,BAJAJFINSV,True
2019-12-31,BAJAJHLDNG,True
2019-12-31,BAJFINANCE,True
2019-12-31,BALKRISIND,True
2019-12-31,BANDHANBNK,True
2019-12-31,BANKBARODA,True
2019-12-31,BANKINDIA,True
2019-12-31,BATAINDIA,True
2019-12-31,BBTC,True
2019-12-31,BEL,True
2019-12-31,BERGEPAINT,True
2019-12-31,BHARATFORG,True
2019-12-31,BHEL,True
2019-12-31,BIOCON,True
2019-12-31,BOSCHLTD,True
2019-12-31,BPCL,True
2019-12-31,CANBK,True
2019-12-31,CASTROLIND,True
2019-12-31,CESC,True
2019-12-31,CHOLAFIN,True
2019-12-31,CIPLA,True
2019-12-31,COALINDIA,True
2019-12-31,COLPAL,True
2019-12-31,CONCOR,True
2019-12-31,COROMANDEL,True
2019-12-31,CROMPTON,True
2019-12-31,CUB,True
2019-12-31,CUMMINSIND,True
2019-12-31,DABUR,True
2019-12-31,DALBHARAT,True
2019-12-31,DIVISLAB,True
2019-12-31,DLF,True
2019-12-31,DMART,True
2019-12-31,DRREDDY,True
2019-12-31,EDELWEISS,True
2019-12-31,EICHERMOT,True
2019-12-31,EMAMILTD,True
2019-12-31,ENDURANCE,True
2019-12-31,ENGINERSIN,True
2019-12-31,ESCORTS,True
2019-12-31,EXIDEIND,True
2019-12-31,FCONSUMER,True
2019-12-31,FEDERALBNK,True
2019-12-31,FORTIS,True
2019-12-31,FRETAIL,True
2019-12-31,GICRE,True
2019-12-31,GLENMARK,True
2019-12-31,GODREJAGRO,True
2019-12-31,GODREJCP,True
2019-12-31,GODREJIND,True
2019-12-31,GODREJPROP,True
2019-12-31,GRAPHITE,True
2019-12-31,GRASIM,True
2019-12-31,GSPL,True
2019-12-31,HAVELLS,True
2019-12-31,HCLTECH,True
2019-12-31,HDFC,True
2019-12-31,HDFCAMC,True
2019-12-31,HDFCBANK,True
2019-12-31,HDFCLIFE,True
2019-12-31,HEG,True
2019-12-31,HEROMOTOCO,True
2019-12-31,HEXAWARE,True
2019-12-31,HINDALCO,True
2019-12-31,HINDPETRO,True
2019-12-31,HINDZINC,True
2019-12-31,HUDCO,True
2019-12-31,ICICIBANK,True
2019-12-31,ICICIGI,True
2019-12-31,IDEA,True
2019-12-31,IDFCFIRSTB,True
2019-12-31,IGL,True
2019-12-31,INDIANB,True
2019-12-31,INDIGO,True
2019-12-31,INDUSINDBK,True
2019-12-31,INFY,True
2019-12-31,IOC,True
2019-12-31,IPCALAB,True
2019-12-31,ITC,True
2019-12-31,JINDALSTEL,True
2019-12-31,JSWENERGY,True
2019-12-31,JSWSTEEL,True
2019-12-31,JUBLFOOD,True
2019-12-31,KOTAKBANK,True
2019-12-31,LICHSGFIN,True
2019-12-31,LT,True
2019-12-31,LTTS,True
2019-12-31,LUPIN,True
2019-12-31,MARICO,True
2019-12-31,MARUTI,True
2019-12-31,MFSL,True
2019-12-31,MGL,True
2019-12-31,MINDTREE,True
2019-12-31,MPHASIS,True
2019-12-31,MRF,True
2019-12-31,MRPL,True
2019-12-31,NATCOPHARM,True
2019-12-31,NATIONALUM,True
2019-12-31,NAUKRI,True
2019-12-31,NBCC,True
2019-12-31,NHPC,True
2019-12-31,NIACL,True
2019-12-31,NMDC,True
2019-12-31,NTPC,True
2019-12-31,OBEROIRLTY,True
2019-12-31,OIL,True
2019-12-31,ONGC,True
2019-12-31,PEL,True
2019-12-31,PETRONET,True
2019-12-31,PFC,True
2019-12-31,PFIZER,True
2019-12-31,PGHH,True
2019-12-31,PIDILITIND,True
2019-12-31,PIIND,True
2019-12-31,PNB,True
2019-12-31,PNBHOUSING,True
2019-12-31,POWERGRID,True
2019-12-31,PRESTIGE,True
2019-12-31,QUESS,True
2019-12-31,RAJESHEXPO,True
2019-12-31,RAMCOCEM,True
2019-12-31,RBLBANK,True
2019-12-31,RECLTD,True
2019-12-31,RELIANCE,True
2019-12-31,SAIL,True
2019-12-31,SBILIFE,True
2019-12-31,SBIN,True
2019-12-31,SHREECEM,True
2019-12-31,SIEMENS,True
2019-12-31,SRF,True
2019-12-31,SUNPHARMA,True
2019-12-31,SUNTV,True
2019-12-31,SYNGENE,True
2019-12-31,TCS,True
2019-12-31,TECHM,True
2019-12-31,TITAN,True
2019-12-31,TORNTPHARM,True
2019-12-31,TORNTPOWER,True
2019-12-31,TVSMOTOR,True
2019-12-31,UBL,True
2019-12-31,ULTRACEMCO,True
2019-12-31,UNIONBANK,True
2019-12-31,UPL,True
2019-12-31,VARROC,True
2019-12-31,VBL,True
2019-12-31,VEDL,True
2019-12-31,VGUARD,True
2019-12-31,VOLTAS,True
2019-12-31,WHIRLPOOL,True
2019-12-31,WIPRO,True
2019-12-31,YESBANK,True
2019-12-31,ZEEL,True
2020-01-31,ABCAPITAL,True
2020-01-31,ABFRL,True
2020-01-31,ADANIPOWER,True
2020-01-31,AMBUJACEM,True
2020-01-31,APOLLOHOSP,True
2020-01-31,APOLLOTYRE,True
2020-01-31,ASIANPAINT,True
2020-01-31,AUBANK,True
2020-01-31,AUROPHARMA,True
2020-01-31,AXISBANK,True
2020-01-31,BAJAJ-AUTO,True
2020-01-31,BAJAJFINSV,True
2020-01-31,BAJAJHLDNG,True
2020-01-31,BAJFINANCE,True
2020-01-31,BALKRISIND,True
2020-01-31,BANDHANBNK,True
2020-01-31,BANKBARODA,True
2020-01-31,BANKINDIA,True
2020-01-31,BATAINDIA,True
2020-01-31,BBTC,True
2020-01-31,BEL,True
2020-01-31,BERGEPAINT,True
2020-01-31,BHARATFORG,True
2020-01-31,BHEL,True
2020-01-31,BIOCON,True
2020-01-31,BOSCHLTD,True
2020-01-31,BPCL,True
2020-01-31,CANBK,True
2020-01-31,CASTROLIND,True
2020-01-31,CESC,True
2020-01-31,CHOLAFIN,True
2020-01-31,CIPLA,True
2020-01-31,COALINDIA,True
2020-01-31,COLPAL,True
2020-01-31,CONCOR,True
2020-01-31,COROMANDEL,True
2020-01-31,CROMPTON,True
2020-01-31,CUB,True
2020-01-31,CUMMINSIND,True
2020-01-31,DABUR,True
2020-01-31,DALBHARAT,True
2020-01-31,DIVISLAB,True
2020-01-31,DLF,True
2020-01-31,DMART,True
2020-01-31,DRREDDY,True
2020-01-31,EDELWEISS,True
2020-01-31,EICHERMOT,True
2020-01-31,EMAMILTD,True
2020-01-31,ENDURANCE,True
2020-01-31,ENGINERSIN,True
2020-01-31,ESCORTS,True
2020-01-31,EXIDEIND,True
2020-01-31,FCONSUMER,True
2020-01-31,FEDERALBNK,True
2020-01-31,FORTIS,True
2020-01-31,FRETAIL,True
2020-01-31,GICRE,True
2020-01-31,GLENMARK,True
2020-01-31,GODREJAGRO,True
2020-01-31,GODREJCP,True
2020-01-31,GODREJIND,True
2020-01-31,GODREJPROP,True
2020-01-31,GRAPHITE,True
2020-01-31,GRASIM,True
2020-01-31,GSPL,True
2020-01-31,HAVELLS,True
2020-01-31,HCLTECH,True
2020-01-31,HDFC,True
2020-01-31,HDFCAMC,True
2020-01-31,HDFCBANK,True
2020-01-31,HDFCLIFE,True
2020-01-31,HEG,True
2020-01-31,HEROMOTOCO,True
2020-01-31,HEXAWARE,True
2020-01-31,HINDALCO,True
2020-01-31,HINDPETRO,True
2020-01-31,HINDZINC,True
2020-01-31,HUDCO,True
2020-01-31,ICICIBANK,True
2020-01-31,ICICIGI,True
2020-01-31,IDEA,True
2020-01-31,IDFCFIRSTB,True
2020-01-31,IGL,True
2020-01-31,INDIANB,True
2020-01-31,INDIGO,True
2020-01-31,INDUSINDBK,True
2020-01-31,INFY,True
2020-01-31,IOC,True
2020-01-31,IPCALAB,True
2020-01-31,ITC,True
2020-01-31,JINDALSTEL,True
2020-01-31,JSWENERGY,True
2020-01-31,JSWSTEEL,True
2020-01-31,JUBLFOOD,True
2020-01-31,KOTAKBANK,True
2020-01-31,LICHSGFIN,True
2020-01-31,LT,True
2020-01-31,LTTS,True
2020-01-31,LUPIN,True
2020-01-31,MARICO,True
2020-01-31,MARUTI,True
2020-01-31,MFSL,True
2020-01-31,MGL,True
2020-01-31,MINDTREE,True
2020-01-31,MPHASIS,True
2020-01-31,MRF,True
2020-01-31,MRPL,True
2020-01-31,NAM-INDIA,True
2020-01-31,NATCOPHARM,True
2020-01-31,NATIONALUM,True
2020-01-31,NAUKRI,True
2020-01-31,NBCC,True
2020-01-31,NHPC,True
2020-01-31,NIACL,True
2020-01-31,NMDC,True
2020-01-31,NTPC,True
2020-01-31,OBEROIRLTY,True
2020-01-31,OIL,True
2020-01-31,ONGC,True
2020-01-31,PEL,True
2020-01-31,PETRONET,True
2020-01-31,PFC,True
2020-01-31,PFIZER,True
2020-01-31,PGHH,True
2020-01-31,PIDILITIND,True
2020-01-31,PIIND,True
2020-01-31,PNB,True
2020-01-31,PNBHOUSING,True
2020-01-31,POWERGRID,True
2020-01-31,PRESTIGE,True
2020-01-31,QUESS,True
2020-01-31,RAJESHEXPO,True
2020-01-31,RAMCOCEM,True
2020-01-31,RBLBANK,True
2020-01-31,RECLTD,True
2020-01-31,RELIANCE,True
2020-01-31,SAIL,True
2020-01-31,SBILIFE,True
2020-01-31,SBIN,True
2020-01-31,SHREECEM,True
2020-01-31,SIEMENS,True
2020-01-31,SRF,True
2020-01-31,SUNPHARMA,True
2020-01-31,SUNTV,True
2020-01-31,SYNGENE,True
2020-01-31,TCS,True
2020-01-31,TECHM,True
2020-01-31,TITAN,True
2020-01-31,TORNTPHARM,True
2020-01-31,TORNTPOWER,True
2020-01-31,TVSMOTOR,True
2020-01-31,UBL,True
2020-01-31,ULTRACEMCO,True
2020-01-31,UNIONBANK,True
2020-01-31,UPL,True
2020-01-31,VARROC,True
2020-01-31,VBL,True
2020-01-31,VEDL,True
2020-01-31,VGUARD,True
2020-01-31,VOLTAS,True
2020-01-31,WHIRLPOOL,True
2020-01-31,WIPRO,True
2020-01-31,YESBANK,True
2020-01-31,ZEEL,True
2020-02-29,ABCAPITAL,True
2020-02-29,ABFRL,True
2020-02-29,ADANIPOWER,True
2020-02-29,AMBUJACEM,True
2020-02-29,APOLLOHOSP,True
2020-02-29,APOLLOTYRE,True
2020-02-29,ASIANPAINT,True
2020-02-29,AUBANK,True
2020-02-29,AUROPHARMA,True
2020-02-29,AXISBANK,True
2020-02-29,BAJAJ-AUTO,True
2020-02-29,BAJAJFINSV,True
2020-02-29,BAJAJHLDNG,True
2020-02-29,BAJFINANCE,True
2020-02-29,BALKRISIND,True
2020-02-29,BANDHANBNK,True
2020-02-29,BANKBARODA,True
2020-02-29,BANKINDIA,True
2020-02-29,BATAINDIA,True
2020-02-29,BBTC,True
2020-02-29,BEL,True
2020-02-29,BERGEPAINT,True
2020-02-29,BHARATFORG,True
2020-02-29,BHEL,True
2020-02-29,BIOCON,True
2020-02-29,BOSCHLTD,True
2020-02-29,BPCL,True
2020-02-29,CANBK,True
2020-02-29,CASTROLIND,True
2020-02-29,CESC,True
2020-02-29,CHOLAFIN,True
2020-02-29,CIPLA,True
2020-02-29,COALINDIA,True
2020-02-29,COLPAL,True
2020-02-29,CONCOR,True
2020-02-29,COROMANDEL,True
2020-02-29,CROMPTON,True
2020-02-29,CUB,True
2020-02-29,CUMMINSIND,True
2020-02-29,DABUR,True
2020-02-29,DALBHARAT,True
2020-02-29,DIVISLAB,True
2020-02-29,DLF,True
2020-02-29,DMART,True
2020-02-29,DRREDDY,True
2020-02-29,EDELWEISS,True
2020-02-29,EICHERMOT,True
2020-02-29,EMAMILTD,True
2020-02-29,ENDURANCE,True
2020-02-29,ENGINERSIN,True
2020-02-29,ESCORTS,True
2020-02-29,EXIDEIND,True
2020-02-29,FCONSUMER,True
2020-02-29,FEDERALBNK,True
2020-02-29,FORTIS,True
2020-02-29,FRETAIL,True
2020-02-29,GICRE,True
2020-02-29,GLENMARK,True
2020-02-29,GODREJAGRO,True
2020-02-29,GODREJCP,True
2020-02-29,GODREJIND,True
2020-02-29,GODREJPROP,True
2020-02-29,GRAPHITE,True
2020-02-29,GRASIM,True
2020-02-29,GSPL,True
2020-02-29,HAVELLS,True
2020-02-29,HCLTECH,True
2020-02-29,HDFC,True
2020-02-29,HDFCAMC,True
2020-02-29,HDFCBANK,True
2020-02-29,HDFCLIFE,True
2020-02-29,HEG,True
2020-02-29,HEROMOTOCO,True
2020-02-29,HEXAWARE,True
2020-02-29,HINDALCO,True
2020-02-29,HINDPETRO,True
2020-02-29,HINDZINC,True
2020-02-29,HUDCO,True
2020-02-29,ICICIBANK,True
2020-02-29,ICICIGI,True
2020-02-29,IDEA,True
2020-02-29,IDFCFIRSTB,True
2020-02-29,IGL,True
2020-02-29,INDIANB,True
2020-02-29,INDIGO,True
2020-02-29,INDUSINDBK,True
2020-02-29,INFY,True
2020-02-29,IOC,True
2020-02-29,IPCALAB,True
2020-02-29,ITC,True
2020-02-29,JINDALSTEL,True
2020-02-29,JSWENERGY,True
2020-02-29,JSWSTEEL,True
2020-02-29,JUBLFOOD,True
2020-02-29,KOTAKBANK,True
2020-02-29,LICHSGFIN,True
2020-02-29,LT,True
2020-02-29,LTTS,True
2020-02-29,LUPIN,True
2020-02-29,MARICO,True
2020-02-29,MARUTI,True
2020-02-29,MFSL,True
2020-02-29,MGL,True
2020-02-29,MINDTREE,True
2020-02-29,MPHASIS,True
2020-02-29,MRF,True
2020-02-29,MRPL,True
2020-02-29,NAM-INDIA,True
2020-02-29,NATCOPHARM,True
2020-02-29,NATIONALUM,True
2020-02-29,NAUKRI,True
2020-02-29,NBCC,True
2020-02-29,NHPC,True
2020-02-29,NIACL,True
2020-02-29,NMDC,True
2020-02-29,NTPC,True
2020-02-29,OBEROIRLTY,True
2020-02-29,OIL,True
2020-02-29,ONGC,True
2020-02-29,PEL,True
2020-02-29,PETRONET,True
2020-02-29,PFC,True
2020-02-29,PFIZER,True
2020-02-29,PGHH,True
2020-02-29,PIDILITIND,True
2020-02-29,PIIND,True
2020-02-29,PNB,True
2020-02-29,PNBHOUSING,True
2020-02-29,POWERGRID,True
2020-02-29,PRESTIGE,True
2020-02-29,QUESS,True
2020-02-29,RAJESHEXPO,True
2020-02-29,RAMCOCEM,True
2020-02-29,RBLBANK,True
2020-02-29,RECLTD,True
2020-02-29,RELIANCE,True
2020-02-29,SAIL,True
2020-02-29,SBILIFE,True
2020-02-29,SBIN,True
2020-02-29,SHREECEM,True
2020-02-29,SIEMENS,True
2020-02-29,SRF,True
2020-02-29,SUNPHARMA,True
2020-02-29,SUNTV,True
2020-02-29,SYNGENE,True
2020-02-29,TCS,True
2020-02-29,TECHM,True
2020-02-29,TITAN,True
2020-02-29,TORNTPHARM,True
2020-02-29,TORNTPOWER,True
2020-02-29,TVSMOTOR,True
2020-02-29,UBL,True
2020-02-29,ULTRACEMCO,True
2020-02-29,UNIONBANK,True
2020-02-29,UPL,True
2020-02-29,VARROC,True
2020-02-29,VBL,True
2020-02-29,VEDL,True
2020-02-29,VGUARD,True
2020-02-29,VOLTAS,True
2020-02-29,WHIRLPOOL,True
2020-02-29,WIPRO,True
2020-02-29,YESBANK,True
2020-02-29,ZEEL,True
2020-03-31,ABCAPITAL,True
2020-03-31,ABFRL,True
2020-03-31,ADANIPOWER,True
2020-03-31,AMBUJACEM,True
2020-03-31,APOLLOHOSP,True
2020-03-31,APOLLOTYRE,True
2020-03-31,ASIANPAINT,True
2020-03-31,AUBANK,True
2020-03-31,AUROPHARMA,True
2020-03-31,AXISBANK,True
2020-03-31,BAJAJ-AUTO,True
2020-03-31,BAJAJFINSV,True
2020-03-31,BAJAJHLDNG,True
2020-03-31,BAJFINANCE,True
2020-03-31,BALKRISIND,True
2020-03-31,BANDHANBNK,True
2020-03-31,BANKBARODA,True
2020-03-31,BANKINDIA,True
2020-03-31,BATAINDIA,True
2020-03-31,BBTC,True
2020-03-31,BEL,True
2020-03-31,BERGEPAINT,True
2020-03-31,BHARATFORG,True
2020-03-31,BHEL,True
2020-03-31,BIOCON,True
2020-03-31,BOSCHLTD,True
2020-03-31,BPCL,True
2020-03-31,CANBK,True
2020-03-31,CASTROLIND,True
2020-03-31,CESC,True
2020-03-31,CHOLAFIN,True
2020-03-31,CIPLA,True
2020-03-31,COALINDIA,True
2020-03-31,COLPAL,True
2020-03-31,CONCOR,True
2020-03-31,COROMANDEL,True
2020-03-31,CROMPTON,True
2020-03-31,CUB,True
2020-03-31,CUMMINSIND,True
2020-03-31,DABUR,True
2020-03-31,DALBHARAT,True
2020-03-31,DIVISLAB,True
2020-03-31,DLF,True
2020-03-31,DMART,True
2020-03-31,DRREDDY,True
2020-03-31,EDELWEISS,True
2020-03-31,EICHERMOT,True
2020-03-31,EMAMILTD,True
2020-03-31,ENDURANCE,True
2020-03-31,ENGINERSIN,True
2020-03-31,ESCORTS,True
2020-03-31,EXIDEIND,True
2020-03-31,FCONSUMER,True
2020-03-31,FEDERALBNK,True
2020-03-31,FORTIS,True
2020-03-31,FRETAIL,True
2020-03-31,GICRE,True
2020-03-31,GLENMARK,True
2020-03-31,GODREJAGRO,True
2020-03-31,GODREJCP,True
2020-03-31,GODREJIND,True
2020-03-31,GODREJPROP,True
2020-03-31,GRAPHITE,True
2020-03-31,GRASIM,True
2020-03-31,GSPL,True
2020-03-31,HAVELLS,True
2020-03-31,HCLTECH,True
2020-03-31,HDFC,True
2020-03-31,HDFCAMC,True
2020-03-31,HDFCBANK,True
2020-03-31,HDFCLIFE,True
2020-03-31,HEG,True
2020-03-31,HEROMOTOCO,True
2020-03-31,HEXAWARE,True
2020-03-31,HINDALCO,True
2020-03-31,HINDPETRO,True
2020-03-31,HINDZINC,True
2020-03-31,HUDCO,True
2020-03-31,ICICIBANK,True
2020-03-31,ICICIGI,True
2020-03-31,IDEA,True
2020-03-31,IDFCFIRSTB,True
2020-03-31,IGL,True
2020-03-31,INDIANB,True
2020-03-31,INDIGO,True
2020-03-31,INDUSINDBK,True
2020-03-31,INFY,True
2020-03-31,IOC,True
2020-03-31,IPCALAB,True
2020-03-31,ITC,True
2020-03-31,JINDALSTEL,True
2020-03-31,JSWENERGY,True
2020-03-31,JSWSTEEL,True
2020-03-31,JUBLFOOD,True
2020-03-31,KOTAKBANK,True
2020-03-31,LICHSGFIN,True
2020-03-31,LT,True
2020-03-31,LTTS,True
2020-03-31,LUPIN,True
2020-03-31,MARICO,True
2020-03-31,MARUTI,True
2020-03-31,MFSL,True
2020-03-31,MGL,True
2020-03-31,MINDTREE,True
2020-03-31,MPHASIS,True
2020-03-31,MRF,True
2020-03-31,MRPL,True
2020-03-31,NAM-INDIA,True
2020-03-31,NATCOPHARM,True
2020-03-31,NATIONALUM,True
2020-03-31,NAUKRI,True
2020-03-31,NBCC,True
2020-03-31,NHPC,True
2020-03-31,NIACL,True
2020-03-31,NMDC,True
2020-03-31,NTPC,True
2020-03-31,OBEROIRLTY,True
2020-03-31,OIL,True
2020-03-31,ONGC,True
2020-03-31,PEL,True
2020-03-31,PETRONET,True
2020-03-31,PFC,True
2020-03-31,PFIZER,True
2020-03-31,PGHH,True
2020-03-31,PIDILITIND,True
2020-03-31,PIIND,True
2020-03-31,PNB,True
2020-03-31,PNBHOUSING,True
2020-03-31,POWERGRID,True
2020-03-31,PRESTIGE,True
2020-03-31,QUESS,True
2020-03-31,RAJESHEXPO,True
2020-03-31,RAMCOCEM,True
2020-03-31,RBLBANK,True
2020-03-31,RECLTD,True
2020-03-31,RELIANCE,True
2020-03-31,SAIL,True
2020-03-31,SBILIFE,True
2020-03-31,SBIN,True
2020-03-31,SHREECEM,True
2020-03-31,SIEMENS,True
2020-03-31,SRF,True
2020-03-31,SUNPHARMA,True
2020-03-31,SUNTV,True
2020-03-31,SYNGENE,True
2020-03-31,TATACONSUM,True
2020-03-31,TCS,True
2020-03-31,TECHM,True
2020-03-31,TITAN,True
2020-03-31,TORNTPHARM,True
2020-03-31,TORNTPOWER,True
2020-03-31,TVSMOTOR,True
2020-03-31,UBL,True
2020-03-31,ULTRACEMCO,True
2020-03-31,UNIONBANK,True
2020-03-31,UPL,True
2020-03-31,VARROC,True
2020-03-31,VBL,True
2020-03-31,VEDL,True
2020-03-31,VGUARD,True
2020-03-31,VOLTAS,True
2020-03-31,WHIRLPOOL,True
2020-03-31,WIPRO,True
2020-03-31,ZEEL,True
2020-04-30,ABCAPITAL,True
2020-04-30,ABFRL,True
2020-04-30,ADANIPOWER,True
2020-04-30,AMBUJACEM,True
2020-04-30,APOLLOHOSP,True
2020-04-30,APOLLOTYRE,True
2020-04-30,ASIANPAINT,True
2020-04-30,AUBANK,True
2020-04-30,AUROPHARMA,True
2020-04-30,AXISBANK,True
2020-04-30,BAJAJ-AUTO,True
2020-04-30,BAJAJFINSV,True
2020-04-30,BAJAJHLDNG,True
2020-04-30,BAJFINANCE,True
2020-04-30,BALKRISIND,True
2020-04-30,BANDHANBNK,True
2020-04-30,BANKBARODA,True
2020-04-30,BANKINDIA,True
2020-04-30,BATAINDIA,True
2020-04-30,BBTC,True
2020-04-30,BEL,True
2020-04-30,BERGEPAINT,True
2020-04-30,BHARATFORG,True
2020-04-30,BHEL,True
2020-04-30,BIOCON,True
2020-04-30,BOSCHLTD,True
2020-04-30,BPCL,True
2020-04-30,CANBK,True
2020-04-30,CASTROLIND,True
2020-04-30,CESC,True
2020-04-30,CHOLAFIN,True
2020-04-30,CIPLA,True
2020-04-30,COALINDIA,True
2020-04-30,COLPAL,True
2020-04-30,CONCOR,True
2020-04-30,COROMANDEL,True
2020-04-30,CROMPTON,True
2020-04-30,CUB,True
2020-04-30,CUMMINSIND,True
2020-04-30,DABUR,True
2020-04-30,DALBHARAT,True
2020-04-30,DIVISLAB,True
2020-04-30,DLF,True
2020-04-30,DMART,True
2020-04-30,DRREDDY,True
2020-04-30,EDELWEISS,True
2020-04-30,EICHERMOT,True
2020-04-30,EMAMILTD,True
2020-04-30,ENDURANCE,True
2020-04-30,ENGINERSIN,True
2020-04-30,ESCORTS,True
2020-04-30,EXIDEIND,True
2020-04-30,FCONSUMER,True
2020-04-30,FEDERALBNK,True
2020-04-30,FORTIS,True
2020-04-30,FRETAIL,True
2020-04-30,GICRE,True
2020-04-30,GLENMARK,True
2020-04-30,GODREJAGRO,True
2020-04-30,GODREJCP,True
2020-04-30,GODREJIND,True
2020-04-30,GODREJPROP,True
2020-04-30,GRAPHITE,True
2020-04-30,GRASIM,True
2020-04-30,GSPL,True
2020-04-30,HAVELLS,True
2020-04-30,HCLTECH,True
2020-04-30,HDFC,True
2020-04-30,HDFCAMC,True
2020-04-30,HDFCBANK,True
2020-04-30,HDFCLIFE,True
2020-04-30,HEG,True
2020-04-30,HEROMOTOCO,True
2020-04-30,HEXAWARE,True
2020-04-30,HINDALCO,True
2020-04-30,HINDPETRO,True
2020-04-30,HINDZINC,True
2020-04-30,HUDCO,True
2020-04-30,ICICIBANK,True
2020-04-30,ICICIGI,True
2020-04-30,IDEA,True
2020-04-30,IDFCFIRSTB,True
2020-04-30,IGL,True
2020-04-30,INDIANB,True
2020-04-30,INDIGO,True
2020-04-30,INDUSINDBK,True
2020-04-30,INFY,True
2020-04-30,IOC,True
2020-04-30,IPCALAB,True
2020-04-30,ITC,True
2020-04-30,JINDALSTEL,True
2020-04-30,JSWENERGY,True
2020-04-30,JSWSTEEL,True
2020-04-30,JUBLFOOD,True
2020-04-30,KOTAKBANK,True
2020-04-30,LICHSGFIN,True
2020-04-30,LT,True
2020-04-30,LTTS,True
2020-04-30,LUPIN,True
2020-04-30,MARICO,True
2020-04-30,MARUTI,True
2020-04-30,MFSL,True
2020-04-30,MGL,True
2020-04-30,MINDTREE,True
2020-04-30,MPHASIS,True
2020-04-30,MRF,True
2020-04-30,MRPL,True
2020-04-30,NAM-INDIA,True
2020-04-30,NATCOPHARM,True
2020-04-30,NATIONALUM,True
2020-04-30,NAUKRI,True
2020-04-30,NBCC,True
2020-04-30,NHPC,True
2020-04-30,NIACL,True
2020-04-30,NMDC,True
2020-04-30,NTPC,True
2020-04-30,OBEROIRLTY,True
2020-04-30,OIL,True
2020-04-30,ONGC,True
2020-04-30,PEL,True
2020-04-30,PETRONET,True
2020-04-30,PFC,True
2020-04-30,PFIZER,True
2020-04-30,PGHH,True
2020-04-30,PIDILITIND,True
2020-04-30,PIIND,True
2020-04-30,PNB,True
2020-04-30,PNBHOUSING,True
2020-04-30,POWERGRID,True
2020-04-30,PRESTIGE,True
2020-04-30,QUESS,True
2020-04-30,RAJESHEXPO,True
2020-04-30,RAMCOCEM,True
2020-04-30,RBLBANK,True
2020-04-30,RECLTD,True
2020-04-30,RELIANCE,True
2020-04-30,SAIL,True
2020-04-30,SBILIFE,True
2020-04-30,SBIN,True
2020-04-30,SHREECEM,True
2020-04-30,SIEMENS,True
2020-04-30,SRF,True
2020-04-30,SUNPHARMA,True
2020-04-30,SUNTV,True
2020-04-30,SYNGENE,True
2020-04-30,TATACONSUM,True
2020-04-30,TCS,True
2020-04-30,TECHM,True
2020-04-30,TITAN,True
2020-04-30,TORNTPHARM,True
2020-04-30,TORNTPOWER,True
2020-04-30,TVSMOTOR,True
2020-04-30,UBL,True
2020-04-30,ULTRACEMCO,True
2020-04-30,UNIONBANK,True
2020-04-30,UPL,True
2020-04-30,VARROC,True
2020-04-30,VBL,True
2020-04-30,VEDL,True
2020-04-30,VGUARD,True
2020-04-30,VOLTAS,True
2020-04-30,WHIRLPOOL,True
2020-04-30,WIPRO,True
2020-04-30,ZEEL,True
2020-05-31,ABCAPITAL,True
2020-05-31,ABFRL,True
2020-05-31,ADANIPOWER,True
2020-05-31,AMBUJACEM,True
2020-05-31,APOLLOHOSP,True
2020-05-31,APOLLOTYRE,True
2020-05-31,ASIANPAINT,True
2020-05-31,AUBANK,True
2020-05-31,AUROPHARMA,True
2020-05-31,AXISBANK,True
2020-05-31,BAJAJ-AUTO,True
2020-05-31,BAJAJFINSV,True
2020-05-31,BAJAJHLDNG,True
2020-05-31,BAJFINANCE,True
2020-05-31,BALKRISIND,True
2020-05-31,BANDHANBNK,True
2020-05-31,BANKBARODA,True
2020-05-31,BANKINDIA,True
2020-05-31,BATAINDIA,True
2020-05-31,BBTC,True
2020-05-31,BEL,True
2020-05-31,BERGEPAINT,True
2020-05-31,BHARATFORG,True
2020-05-31,BHEL,True
2020-05-31,BIOCON,True
2020-05-31,BOSCHLTD,True
2020-05-31,BPCL,True
2020-05-31,CANBK,True
2020-05-31,CASTROLIND,True
2020-05-31,CESC,True
2020-05-31,CHOLAFIN,True
2020-05-31,CIPLA,True
2020-05-31,COALINDIA,True
2020-05-31,COLPAL,True
2020-05-31,CONCOR,True
2020-05-31,COROMANDEL,True
2020-05-31,CROMPTON,True
2020-05-31,CUB,True
2020-05-31,CUMMINSIND,True
2020-05-31,DABUR,True
2020-05-31,DALBHARAT,True
2020-05-31,DIVISLAB,True
2020-05-31,DLF,True
2020-05-31,DMART,True
2020-05-31,DRREDDY,True
2020-05-31,EDELWEISS,True
2020-05-31,EICHERMOT,True
2020-05-31,EMAMILTD,True
2020-05-31,ENDURANCE,True
2020-05-31,ENGINERSIN,True
2020-05-31,ESCORTS,True
2020-05-31,EXIDEIND,True
2020-05-31,FCONSUMER,True
2020-05-31,FEDERALBNK,True
2020-05-31,FORTIS,True
2020-05-31,FRETAIL,True
2020-05-31,GICRE,True
2020-05-31,GLENMARK,True
2020-05-31,GODREJAGRO,True
2020-05-31,GODREJCP,True
2020-05-31,GODREJIND,True
2020-05-31,GODREJPROP,True
2020-05-31,GRAPHITE,True
2020-05-31,GRASIM,True
2020-05-31,GSPL,True
2020-05-31,HAVELLS,True
2020-05-31,HCLTECH,True
2020-05-31,HDFC,True
2020-05-31,HDFCAMC,True
2020-05-31,HDFCBANK,True
2020-05-31,HDFCLIFE,True
2020-05-31,HEG,True
2020-05-31,HEROMOTOCO,True
2020-05-31,HEXAWARE,True
2020-05-31,HINDALCO,True
2020-05-31,HINDPETRO,True
2020-05-31,HINDZINC,True
2020-05-31,HUDCO,True
2020-05-31,ICICIBANK,True
2020-05-31,ICICIGI,True
2020-05-31,IDEA,True
2020-05-31,IDFCFIRSTB,True
2020-05-31,IGL,True
2020-05-31,INDIANB,True
2020-05-31,INDIGO,True
2020-05-31,INDUSINDBK,True
2020-05-31,INFY,True
2020-05-31,IOC,True
2020-05-31,IPCALAB,True
2020-05-31,ITC,True
2020-05-31,JINDALSTEL,True
2020-05-31,JSWENERGY,True
2020-05-31,JSWSTEEL,True
2020-05-31,JUBLFOOD,True
2020-05-31,KOTAKBANK,True
2020-05-31,LICHSGFIN,True
2020-05-31,LT,True
2020-05-31,LTTS,True
2020-05-31,LUPIN,True
2020-05-31,MARICO,True
2020-05-31,MARUTI,True
2020-05-31,MFSL,True
2020-05-31,MGL,True
2020-05-31,MINDTREE,True
2020-05-31,MPHASIS,True
2020-05-31,MRF,True
2020-05-31,MRPL,True
2020-05-31,NAM-INDIA,True
2020-05-31,NATCOPHARM,True
2020-05-31,NATIONALUM,True
2020-05-31,NAUKRI,True
2020-05-31,NBCC,True
2020-05-31,NHPC,True
2020-05-31,NIACL,True
2020-05-31,NMDC,True
2020-05-31,NTPC,True
2020-05-31,OBEROIRLTY,True
2020-05-31,OIL,True
2020-05-31,ONGC,True
2020-05-31,PEL,True
2020-05-31,PETRONET,True
2020-05-31,PFC,True
2020-05-31,PFIZER,True
2020-05-31,PGHH,True
2020-05-31,PIDILITIND,True
2020-05-31,PIIND,True
2020-05-31,PNB,True
2020-05-31,PNBHOUSING,True
2020-05-31,POWERGRID,True
2020-05-31,PRESTIGE,True
2020-05-31,QUESS,True
2020-05-31,RAJESHEXPO,True
2020-05-31,RAMCOCEM,True
2020-05-31,RBLBANK,True
2020-05-31,RECLTD,True
2020-05-31,RELIANCE,True
2020-05-31,SAIL,True
2020-05-31,SBILIFE,True
2020-05-31,SBIN,True
2020-05-31,SHREECEM,True
2020-05-31,SIEMENS,True
2020-05-31,SRF,True
2020-05-31,SUNPHARMA,True
2020-05-31,SUNTV,True
2020-05-31,SYNGENE,True
2020-05-31,TATACONSUM,True
2020-05-31,TCS,True
2020-05-31,TECHM,True
2020-05-31,TITAN,True
2020-05-31,TORNTPHARM,True
2020-05-31,TORNTPOWER,True
2020-05-31,TVSMOTOR,True
2020-05-31,UBL,True
2020-05-31,ULTRACEMCO,True
2020-05-31,UNIONBANK,True
2020-05-31,UPL,True
2020-05-31,VARROC,True
2020-05-31,VBL,True
2020-05-31,VEDL,True
2020-05-31,VGUARD,True
2020-05-31,VOLTAS,True
2020-05-31,WHIRLPOOL,True
2020-05-31,WIPRO,True
2020-05-31,ZEEL,True
2020-06-30,AARTIIND,True
2020-06-30,ABCAPITAL,True
2020-06-30,ABFRL,True
2020-06-30,ADANIPOWER,True
2020-06-30,AMBUJACEM,True
2020-06-30,APOLLOHOSP,True
2020-06-30,APOLLOTYRE,True
2020-06-30,ASIANPAINT,True
2020-06-30,AUBANK,True
2020-06-30,AUROPHARMA,True
2020-06-30,AXISBANK,True
2020-06-30,BAJAJ-AUTO,True
2020-06-30,BAJAJFINSV,True
2020-06-30,BAJAJHLDNG,True
2020-06-30,BAJFINANCE,True
2020-06-30,BALKRISIND,True
2020-06-30,BANDHANBNK,True
2020-06-30,BANKBARODA,True
2020-06-30,BANKINDIA,True
2020-06-30,BATAINDIA,True
2020-06-30,BBTC,True
2020-06-30,BEL,True
2020-06-30,BERGEPAINT,True
2020-06-30,BHARATFORG,True
2020-06-30,BHEL,True
2020-06-30,BIOCON,True
2020-06-30,BOSCHLTD,True
2020-06-30,BPCL,True
2020-06-30,CANBK,True
2020-06-30,CASTROLIND,True
2020-06-30,CESC,True
2020-06-30,CHOLAFIN,True
2020-06-30,CIPLA,True
2020-06-30,COALINDIA,True
2020-06-30,COLPAL,True
2020-06-30,CONCOR,True
2020-06-30,COROMANDEL,True
2020-06-30,CROMPTON,True
2020-06-30,CUB,True
2020-06-30,CUMMINSIND,True
2020-06-30,DABUR,True
2020-06-30,DALBHARAT,True
2020-06-30,DIVISLAB,True
2020-06-30,DLF,True
2020-06-30,DMART,True
2020-06-30,DRREDDY,True
2020-06-30,EDELWEISS,True
2020-06-30,EICHERMOT,True
2020-06-30,EMAMILTD,True
2020-06-30,ENDURANCE,True
2020-06-30,ESCORTS,True
2020-06-30,EXIDEIND,True
2020-06-30,FEDERALBNK,True
2020-06-30,FORTIS,True
2020-06-30,FRETAIL,True
2020-06-30,GICRE,True
2020-06-30,GLENMARK,True
2020-06-30,GODREJAGRO,True
2020-06-30,GODREJCP,True
2020-06-30,GODREJIND,True
2020-06-30,GODREJPROP,True
2020-06-30,GRASIM,True
2020-06-30,GSPL,True
2020-06-30,GUJGASLTD,True
2020-06-30,HAVELLS,True
2020-06-30,HCLTECH,True
2020-06-30,HDFC,True
2020-06-30,HDFCAMC,True
2020-06-30,HDFCBANK,True
2020-06-30,HDFCLIFE,True
2020-06-30,HEROMOTOCO,True
2020-06-30,HEXAWARE,True
2020-06-30,HINDALCO,True
2020-06-30,HINDPETRO,True
2020-06-30,HINDZINC,True
2020-06-30,HUDCO,True
2020-06-30,ICICIBANK,True
2020-06-30,ICICIGI,True
2020-06-30,IDEA,True
2020-06-30,IDFCFIRSTB,True
2020-06-30,IGL,True
2020-06-30,INDIGO,True
2020-06-30,INDUSINDBK,True
2020-06-30,INFY,True
2020-06-30,IOC,True
2020-06-30,IPCALAB,True
2020-06-30,IRCTC,True
2020-06-30,ITC,True
2020-06-30,JINDALSTEL,True
2020-06-30,JSWENERGY,True
2020-06-30,JSWSTEEL,True
2020-06-30,JUBLFOOD,True
2020-06-30,KOTAKBANK,True
2020-06-30,LALPATHLAB,True
2020-06-30,LICHSGFIN,True
2020-06-30,LT,True
2020-06-30,LTTS,True
2020-06-30,LUPIN,True
2020-06-30,MARICO,True
2020-06-30,MARUTI,True
2020-06-30,MFSL,True
2020-06-30,MGL,True
2020-06-30,MINDTREE,True
2020-06-30,MPHASIS,True
2020-06-30,MRF,True
2020-06-30,MRPL,True
2020-06-30,NAM-INDIA,True
2020-06-30,NATCOPHARM,True
2020-06-30,NATIONALUM,True
2020-06-30,NAUKRI,True
2020-06-30,NHPC,True
2020-06-30,NMDC,True
2020-06-30,NTPC,True
2020-06-30,OBEROIRLTY,True
2020-06-30,OIL,True
2020-06-30,ONGC,True
2020-06-30,PEL,True
2020-06-30,PETRONET,True
2020-06-30,PFC,True
2020-06-30,PFIZER,True
2020-06-30,PGHH,True
2020-06-30,PIDILITIND,True
2020-06-30,PIIND,True
2020-06-30,PNB,True
2020-06-30,PNBHOUSING,True
2020-06-30,POLYCAB,True
2020-06-30,POWERGRID,True
2020-06-30,PRESTIGE,True
2020-06-30,QUESS,True
2020-06-30,RAJESHEXPO,True
2020-06-30,RAMCOCEM,True
2020-06-30,RBLBANK,True
2020-06-30,RECLTD,True
2020-06-30,RELIANCE,True
2020-06-30,SAIL,True
2020-06-30,SBILIFE,True
2020-06-30,SBIN,True
2020-06-30,SHREECEM,True
2020-06-30,SIEMENS,True
2020-06-30,SRF,True
2020-06-30,SUNPHARMA,True
2020-06-30,SUNTV,True
2020-06-30,SYNGENE,True
2020-06-30,TATACONSUM,True
2020-06-30,TCS,True
2020-06-30,TECHM,True
2020-06-30,TITAN,True
2020-06-30,TORNTPHARM,True
2020-06-30,TORNTPOWER,True
2020-06-30,TRENT,True
2020-06-30,TVSMOTOR,True
2020-06-30,UBL,True
2020-06-30,ULTRACEMCO,True
2020-06-30,UNIONBANK,True
2020-06-30,UPL,True
2020-06-30,VBL,True
2020-06-30,VEDL,True
2020-06-30,VGUARD,True
2020-06-30,VOLTAS,True
2020-06-30,WHIRLPOOL,True
2020-06-30,WIPRO,True
2020-06-30,ZEEL,True
2020-07-31,AARTIIND,True
2020-07-31,ABCAPITAL,True
2020-07-31,ABFRL,True
2020-07-31,ADANIPOWER,True
2020-07-31,AMBUJACEM,True
2020-07-31,APOLLOHOSP,True
2020-07-31,APOLLOTYRE,True
2020-07-31,ASIANPAINT,True
2020-07-31,AUBANK,True
2020-07-31,AUROPHARMA,True
2020-07-31,AXISBANK,True
2020-07-31,BAJAJ-AUTO,True
2020-07-31,BAJAJFINSV,True
2020-07-31,BAJAJHLDNG,True
2020-07-31,BAJFINANCE,True
2020-07-31,BALKRISIND,True
2020-07-31,BANDHANBNK,True
2020-07-31,BANKBARODA,True
2020-07-31,BANKINDIA,True
2020-07-31,BATAINDIA,True
2020-07-31,BBTC,True
2020-07-31,BEL,True
2020-07-31,BERGEPAINT,True
2020-07-31,BHARATFORG,True
2020-07-31,BHEL,True
2020-07-31,BIOCON,True
2020-07-31,BOSCHLTD,True
2020-07-31,BPCL,True
2020-07-31,CANBK,True
2020-07-31,CASTROLIND,True
2020-07-31,CESC,True
2020-07-31,CHOLAFIN,True
2020-07-31,CIPLA,True
2020-07-31,COALINDIA,True
2020-07-31,COLPAL,True
2020-07-31,CONCOR,True
2020-07-31,COROMANDEL,True
2020-07-31,CROMPTON,True
2020-07-31,CUB,True
2020-07-31,CUMMINSIND,True
2020-07-31,DABUR,True
2020-07-31,DALBHARAT,True
2020-07-31,DIVISLAB,True
2020-07-31,DLF,True
2020-07-31,DMART,True
2020-07-31,DRREDDY,True
2020-07-31,EDELWEISS,True
2020-07-31,EICHERMOT,True
2020-07-31,EMAMILTD,True
2020-07-31,ENDURANCE,True
2020-07-31,ESCORTS,True
2020-07-31,EXIDEIND,True
2020-07-31,FEDERALBNK,True
2020-07-31,FORTIS,True
2020-07-31,FRETAIL,True
2020-07-31,GICRE,True
2020-07-31,GLENMARK,True
2020-07-31,GODREJAGRO,True
2020-07-31,GODREJCP,True
2020-07-31,GODREJIND,True
2020-07-31,GODREJPROP,True
2020-07-31,GRASIM,True
2020-07-31,GSPL,True
2020-07-31,GUJGASLTD,True
2020-07-31,HAVELLS,True
2020-07-31,HCLTECH,True
2020-07-31,HDFC,True
2020-07-31,HDFCAMC,True
2020-07-31,HDFCBANK,True
2020-07-31,HDFCLIFE,True
2020-07-31,HEROMOTOCO,True
2020-07-31,HEXAWARE,True
2020-07-31,HINDALCO,True
2020-07-31,HINDPETRO,True
2020-07-31,HINDZINC,True
2020-07-31,HUDCO,True
2020-07-31,ICICIBANK,True
2020-07-31,ICICIGI,True
2020-07-31,IDEA,True
2020-07-31,IDFCFIRSTB,True
2020-07-31,IGL,True
2020-07-31,INDIGO,True
2020-07-31,INDUSINDBK,True
2020-07-31,INFY,True
2020-07-31,IOC,True
2020-07-31,IPCALAB,True
2020-07-31,IRCTC,True
2020-07-31,ITC,True
2020-07-31,JINDALSTEL,True
2020-07-31,JSWENERGY,True
2020-07-31,JSWSTEEL,True
2020-07-31,JUBLFOOD,True
2020-07-31,KOTAKBANK,True
2020-07-31,LALPATHLAB,True
2020-07-31,LICHSGFIN,True
2020-07-31,LT,True
2020-07-31,LTTS,True
2020-07-31,LUPIN,True
2020-07-31,MARICO,True
2020-07-31,MARUTI,True
2020-07-31,MFSL,True
2020-07-31,MGL,True
2020-07-31,MINDTREE,True
2020-07-31,MPHASIS,True
2020-07-31,MRF,True
2020-07-31,MRPL,True
2020-07-31,NAM-INDIA,True
2020-07-31,NATCOPHARM,True
2020-07-31,NATIONALUM,True
2020-07-31,NAUKRI,True
2020-07-31,NHPC,True
2020-07-31,NMDC,True
2020-07-31,NTPC,True
2020-07-31,OBEROIRLTY,True
2020-07-31,OIL,True
2020-07-31,ONGC,True
2020-07-31,PEL,True
2020-07-31,PETRONET,True
2020-07-31,PFC,True
2020-07-31,PFIZER,True
2020-07-31,PGHH,True
2020-07-31,PIDILITIND,True
2020-07-31,PIIND,True
2020-07-31,PNB,True
2020-07-31,PNBHOUSING,True
2020-07-31,POLYCAB,True
2020-07-31,POWERGRID,True
2020-07-31,PRESTIGE,True
2020-07-31,QUESS,True
2020-07-31,RAJESHEXPO,True
2020-07-31,RAMCOCEM,True
2020-07-31,RBLBANK,True
2020-07-31,RECLTD,True
2020-07-31,RELIANCE,True
2020-07-31,SAIL,True
2020-07-31,SBICARD,True
2020-07-31,SBILIFE,True
2020-07-31,SBIN,True
2020-07-31,SHREECEM,True
2020-07-31,SIEMENS,True
2020-07-31,SRF,True
2020-07-31,SUNPHARMA,True
2020-07-31,SUNTV,True
2020-07-31,SYNGENE,True
2020-07-31,TATACONSUM,True
2020-07-31,TCS,True
2020-07-31,TECHM,True
2020-07-31,TITAN,True
2020-07-31,TORNTPHARM,True
2020-07-31,TORNTPOWER,True
2020-07-31,TRENT,True
2020-07-31,TVSMOTOR,True
2020-07-31,UBL,True
2020-07-31,ULTRACEMCO,True
2020-07-31,UNIONBANK,True
2020-07-31,UPL,True
2020-07-31,VBL,True
2020-07-31,VGUARD,True
2020-07-31,VOLTAS,True
2020-07-31,WHIRLPOOL,True
2020-07-31,WIPRO,True
2020-07-31,ZEEL,True
2020-08-31,AARTIIND,True
2020-08-31,ABCAPITAL,True
2020-08-31,ABFRL,True
2020-08-31,ADANIPOWER,True
2020-08-31,AMBUJACEM,True
2020-08-31,APOLLOHOSP,True
2020-08-31,APOLLOTYRE,True
2020-08-31,ASIANPAINT,True
2020-08-31,AUBANK,True
2020-08-31,AUROPHARMA,True
2020-08-31,AXISBANK,True
2020-08-31,BAJAJ-AUTO,True
2020-08-31,BAJAJFINSV,True
2020-08-31,BAJAJHLDNG,True
2020-08-31,BAJFINANCE,True
2020-08-31,BALKRISIND,True
2020-08-31,BANDHANBNK,True
2020-08-31,BANKBARODA,True
2020-08-31,BANKINDIA,True
2020-08-31,BATAINDIA,True
2020-08-31,BBTC,True
2020-08-31,BEL,True
2020-08-31,BERGEPAINT,True
2020-08-31,BHARATFORG,True
2020-08-31,BHEL,True
2020-08-31,BIOCON,True
2020-08-31,BOSCHLTD,True
2020-08-31,BPCL,True
2020-08-31,CANBK,True
2020-08-31,CASTROLIND,True
2020-08-31,CESC,True
2020-08-31,CHOLAFIN,True
2020-08-31,CIPLA,True
2020-08-31,COALINDIA,True
2020-08-31,COFORGE,True
2020-08-31,COLPAL,True
2020-08-31,CONCOR,True
2020-08-31,COROMANDEL,True
2020-08-31,CROMPTON,True
2020-08-31,CUB,True
2020-08-31,CUMMINSIND,True
2020-08-31,DABUR,True
2020-08-31,DALBHARAT,True
2020-08-31,DIVISLAB,True
2020-08-31,DLF,True
2020-08-31,DMART,True
2020-08-31,DRREDDY,True
2020-08-31,EDELWEISS,True
2020-08-31,EICHERMOT,True
2020-08-31,EMAMILTD,True
2020-08-31,ENDURANCE,True
2020-08-31,ESCORTS,True
2020-08-31,EXIDEIND,True
2020-08-31,FEDERALBNK,True
2020-08-31,FORTIS,True
2020-08-31,FRETAIL,True
2020-08-31,GICRE,True
2020-08-31,GLENMARK,True
2020-08-31,GODREJAGRO,True
2020-08-31,GODREJCP,True
2020-08-31,GODREJIND,True
2020-08-31,GODREJPROP,True
2020-08-31,GRASIM,True
2020-08-31,GSPL,True
2020-08-31,GUJGASLTD,True
2020-08-31,HAVELLS,True
2020-08-31,HCLTECH,True
2020-08-31,HDFC,True
2020-08-31,HDFCAMC,True
2020-08-31,HDFCBANK,True
2020-08-31,HDFCLIFE,True
2020-08-31,HEROMOTOCO,True
2020-08-31,HEXAWARE,True
2020-08-31,HINDALCO,True
2020-08-31,HINDPETRO,True
2020-08-31,HINDZINC,True
2020-08-31,HUDCO,True
2020-08-31,ICICIBANK,True
2020-08-31,ICICIGI,True
2020-08-31,IDEA,True
2020-08-31,IDFCFIRSTB,True
2020-08-31,IGL,True
2020-08-31,INDIGO,True
2020-08-31,INDUSINDBK,True
2020-08-31,INFY,True
2020-08-31,IOC,True
2020-08-31,IPCALAB,True
2020-08-31,IRCTC,True
2020-08-31,ITC,True
2020-08-31,JINDALSTEL,True
2020-08-31,JSWENERGY,True
2020-08-31,JSWSTEEL,True
2020-08-31,JUBLFOOD,True
2020-08-31,KOTAKBANK,True
2020-08-31,LALPATHLAB,True
2020-08-31,LICHSGFIN,True
2020-08-31,LT,True
2020-08-31,LTTS,True
2020-08-31,LUPIN,True
2020-08-31,MARICO,True
2020-08-31,MARUTI,True
2020-08-31,MFSL,True
2020-08-31,MGL,True
2020-08-31,MINDTREE,True
2020-08-31,MPHASIS,True
2020-08-31,MRF,True
2020-08-31,MRPL,True
2020-08-31,NAM-INDIA,True
2020-08-31,NATCOPHARM,True
2020-08-31,NATIONALUM,True
2020-08-31,NAUKRI,True
2020-08-31,NHPC,True
2020-08-31,NMDC,True
2020-08-31,NTPC,True
2020-08-31,OBEROIRLTY,True
2020-08-31,OIL,True
2020-08-31,ONGC,True
2020-08-31,PEL,True
2020-08-31,PETRONET,True
2020-08-31,PFC,True
2020-08-31,PFIZER,True
2020-08-31,PGHH,True
2020-08-31,PIDILITIND,True
2020-08-31,PIIND,True
2020-08-31,PNB,True
2020-08-31,PNBHOUSING,True
2020-08-31,POLYCAB,True
2020-08-31,POWERGRID,True
2020-08-31,PRESTIGE,True
2020-08-31,QUESS,True
2020-08-31,RAJESHEXPO,True
2020-08-31,RAMCOCEM,True
2020-08-31,RBLBANK,True
2020-08-31,RECLTD,True
2020-08-31,RELIANCE,True
2020-08-31,SAIL,True
2020-08-31,SBICARD,True
2020-08-31,SBILIFE,True
2020-08-31,SBIN,True
2020-08-31,SHREECEM,True
2020-08-31,SIEMENS,True
2020-08-31,SRF,True
2020-08-31,SUNPHARMA,True
2020-08-31,SUNTV,True
2020-08-31,SYNGENE,True
2020-08-31,TATACONSUM,True
2020-08-31,TCS,True
2020-08-31,TECHM,True
2020-08-31,TITAN,True
2020-08-31,TORNTPHARM,True
2020-08-31,TORNTPOWER,True
2020-08-31,TRENT,True
2020-08-31,TVSMOTOR,True
2020-08-31,UBL,True
2020-08-31,ULTRACEMCO,True
2020-08-31,UNIONBANK,True
2020-08-31,UPL,True
2020-08-31,VBL,True
2020-08-31,VGUARD,True
2020-08-31,VOLTAS,True
2020-08-31,WHIRLPOOL,True
2020-08-31,WIPRO,True
2020-08-31,ZEEL,True
2020-09-30,AARTIIND,True
2020-09-30,ABCAPITAL,True
2020-09-30,ABFRL,True
2020-09-30,ADANIGREEN,True
2020-09-30,AMBUJACEM,True
2020-09-30,APOLLOHOSP,True
2020-09-30,APOLLOTYRE,True
2020-09-30,ASIANPAINT,True
2020-09-30,AUBANK,True
2020-09-30,AUROPHARMA,True
2020-09-30,AXISBANK,True
2020-09-30,BAJAJ-AUTO,True
2020-09-30,BAJAJFINSV,True
2020-09-30,BAJAJHLDNG,True
2020-09-30,BAJFINANCE,True
2020-09-30,BALKRISIND,True
2020-09-30,BANDHANBNK,True
2020-09-30,BANKBARODA,True
2020-09-30,BANKINDIA,True
2020-09-30,BATAINDIA,True
2020-09-30,BBTC,True
2020-09-30,BEL,True
2020-09-30,BERGEPAINT,True
2020-09-30,BHARATFORG,True
2020-09-30,BHEL,True
2020-09-30,BIOCON,True
2020-09-30,BOSCHLTD,True
2020-09-30,BPCL,True
2020-09-30,CANBK,True
2020-09-30,CASTROLIND,True
2020-09-30,CESC,True
2020-09-30,CHOLAFIN,True
2020-09-30,CIPLA,True
2020-09-30,COALINDIA,True
2020-09-30,COFORGE,True
2020-09-30,COLPAL,True
2020-09-30,CONCOR,True
2020-09-30,COROMANDEL,True
2020-09-30,CROMPTON,True
2020-09-30,CUB,True
2020-09-30,CUMMINSIND,True
2020-09-30,DABUR,True
2020-09-30,DALBHARAT,True
2020-09-30,DIVISLAB,True
2020-09-30,DLF,True
2020-09-30,DMART,True
2020-09-30,DRREDDY,True
2020-09-30,EDELWEISS,True
2020-09-30,EICHERMOT,True
2020-09-30,EMAMILTD,True
2020-09-30,ENDURANCE,True
2020-09-30,ESCORTS,True
2020-09-30,EXIDEIND,True
2020-09-30,FEDERALBNK,True
2020-09-30,FORTIS,True
2020-09-30,FRETAIL,True
2020-09-30,GICRE,True
2020-09-30,GLENMARK,True
2020-09-30,GODREJAGRO,True
2020-09-30,GODREJCP,True
2020-09-30,GODREJIND,True
2020-09-30,GODREJPROP,True
2020-09-30,GRASIM,True
2020-09-30,GSPL,True
2020-09-30,GUJGASLTD,True
2020-09-30,HAVELLS,True
2020-09-30,HCLTECH,True
2020-09-30,HDFC,True
2020-09-30,HDFCAMC,True
2020-09-30,HDFCBANK,True
2020-09-30,HDFCLIFE,True
2020-09-30,HEROMOTOCO,True
2020-09-30,HINDALCO,True
2020-09-30,HINDPETRO,True
2020-09-30,HINDZINC,True
2020-09-30,HUDCO,True
2020-09-30,ICICIBANK,True
2020-09-30,ICICIGI,True
2020-09-30,IDEA,True
2020-09-30,IDFCFIRSTB,True
2020-09-30,IGL,True
2020-09-30,INDIGO,True
2020-09-30,INDUSINDBK,True
2020-09-30,INFY,True
2020-09-30,IOC,True
2020-09-30,IPCALAB,True
2020-09-30,IRCTC,True
2020-09-30,ITC,True
2020-09-30,JINDALSTEL,True
2020-09-30,JSWENERGY,True
2020-09-30,JSWSTEEL,True
2020-09-30,JUBLFOOD,True
2020-09-30,KOTAKBANK,True
2020-09-30,LALPATHLAB,True
2020-09-30,LICHSGFIN,True
2020-09-30,LT,True
2020-09-30,LTTS,True
2020-09-30,LUPIN,True
2020-09-30,MARICO,True
2020-09-30,MARUTI,True
2020-09-30,MFSL,True
2020-09-30,MGL,True
2020-09-30,MINDTREE,True
2020-09-30,MPHASIS,True
2020-09-30,MRF,True
2020-09-30,NAM-INDIA,True
2020-09-30,NATCOPHARM,True
2020-09-30,NATIONALUM,True
2020-09-30,NAUKRI,True
2020-09-30,NAVINFLUOR,True
2020-09-30,NMDC,True
2020-09-30,NTPC,True
2020-09-30,OBEROIRLTY,True
2020-09-30,OIL,True
2020-09-30,ONGC,True
2020-09-30,PEL,True
2020-09-30,PETRONET,True
2020-09-30,PFC,True
2020-09-30,PFIZER,True
2020-09-30,PGHH,True
2020-09-30,PIDILITIND,True
2020-09-30,PIIND,True
2020-09-30,PNB,True
2020-09-30,POLYCAB,True
2020-09-30,POWERGRID,True
2020-09-30,PRESTIGE,True
2020-09-30,RAJESHEXPO,True
2020-09-30,RAMCOCEM,True
2020-09-30,RBLBANK,True
2020-09-30,RECLTD,True
2020-09-30,RELIANCE,True
2020-09-30,SAIL,True
2020-09-30,SANOFI,True
2020-09-30,SBICARD,True
2020-09-30,SBILIFE,True
2020-09-30,SBIN,True
2020-09-30,SHREECEM,True
2020-09-30,SIEMENS,True
2020-09-30,SRF,True
2020-09-30,SUNPHARMA,True
2020-09-30,SUNTV,True
2020-09-30,SYNGENE,True
2020-09-30,TATACHEM,True
2020-09-30,TATACONSUM,True
2020-09-30,TCS,True
2020-09-30,TECHM,True
2020-09-30,TITAN,True
2020-09-30,TORNTPHARM,True
2020-09-30,TORNTPOWER,True
2020-09-30,TRENT,True
2020-09-30,TVSMOTOR,True
2020-09-30,UBL,True
2020-09-30,ULTRACEMCO,True
2020-09-30,UNIONBANK,True
2020-09-30,UPL,True
2020-09-30,VBL,True
2020-09-30,VGUARD,True
2020-09-30,VOLTAS,True
2020-09-30,WHIRLPOOL,True
2020-09-30,WIPRO,True
2020-09-30,YESBANK,True
2020-09-30,ZEEL,True
2020-10-31,AARTIIND,True
2020-10-31,ABCAPITAL,True
2020-10-31,ABFRL,True
2020-10-31,ADANIGREEN,True
2020-10-31,AMBUJACEM,True
2020-10-31,APOLLOHOSP,True
2020-10-31,APOLLOTYRE,True
2020-10-31,ASIANPAINT,True
2020-10-31,AUBANK,True
2020-10-31,AUROPHARMA,True
2020-10-31,AXISBANK,True
2020-10-31,BAJAJ-AUTO,True
2020-10-31,BAJAJFINSV,True
2020-10-31,BAJAJHLDNG,True
2020-10-31,BAJFINANCE,True
2020-10-31,BALKRISIND,True
2020-10-31,BANDHANBNK,True
2020-10-31,BANKBARODA,True
2020-10-31,BANKINDIA,True
2020-10-31,BATAINDIA,True
2020-10-31,BBTC,True
2020-10-31,BEL,True
2020-10-31,BERGEPAINT,True
2020-10-31,BHARATFORG,True
2020-10-31,BHEL,True
2020-10-31,BIOCON,True
2020-10-31,BOSCHLTD,True
2020-10-31,BPCL,True
2020-10-31,CANBK,True
2020-10-31,CASTROLIND,True
2020-10-31,CESC,True
2020-10-31,CHOLAFIN,True
2020-10-31,CIPLA,True
2020-10-31,COALINDIA,True
2020-10-31,COFORGE,True
2020-10-31,COLPAL,True
2020-10-31,CONCOR,True
2020-10-31,COROMANDEL,True
2020-10-31,CROMPTON,True
2020-10-31,CUB,True
2020-10-31,CUMMINSIND,True
2020-10-31,DABUR,True
2020-10-31,DALBHARAT,True
2020-10-31,DIVISLAB,True
2020-10-31,DLF,True
2020-10-31,DMART,True
2020-10-31,DRREDDY,True
2020-10-31,EDELWEISS,True
2020-10-31,EICHERMOT,True
2020-10-31,EMAMILTD,True
2020-10-31,ENDURANCE,True
2020-10-31,ESCORTS,True
2020-10-31,EXIDEIND,True
2020-10-31,FEDERALBNK,True
2020-10-31,FORTIS,True
2020-10-31,FRETAIL,True
2020-10-31,GICRE,True
2020-10-31,GLENMARK,True
2020-10-31,GODREJAGRO,True
2020-10-31,GODREJCP,True
2020-10-31,GODREJIND,True
2020-10-31,GODREJPROP,True
2020-10-31,GRASIM,True
2020-10-31,GSPL,True
2020-10-31,GUJGASLTD,True
2020-10-31,HAVELLS,True
2020-10-31,HCLTECH,True
2020-10-31,HDFC,True
2020-10-31,HDFCAMC,True
2020-10-31,HDFCBANK,True
2020-10-31,HDFCLIFE,True
2020-10-31,HEROMOTOCO,True
2020-10-31,HINDALCO,True
2020-10-31,HINDPETRO,True
2020-10-31,HINDZINC,True
2020-10-31,HUDCO,True
2020-10-31,ICICIBANK,True
2020-10-31,ICICIGI,True
2020-10-31,IDEA,True
2020-10-31,IDFCFIRSTB,True
2020-10-31,IGL,True
2020-10-31,INDIGO,True
2020-10-31,INDUSINDBK,True
2020-10-31,INFY,True
2020-10-31,IOC,True
2020-10-31,IPCALAB,True
2020-10-31,IRCTC,True
2020-10-31,ITC,True
2020-10-31,JINDALSTEL,True
2020-10-31,JSWENERGY,True
2020-10-31,JSWSTEEL,True
2020-10-31,JUBLFOOD,True
2020-10-31,KOTAKBANK,True
2020-10-31,LALPATHLAB,True
2020-10-31,LICHSGFIN,True
2020-10-31,LT,True
2020-10-31,LTTS,True
2020-10-31,LUPIN,True
2020-10-31,MARICO,True
2020-10-31,MARUTI,True
2020-10-31,MFSL,True
2020-10-31,MGL,True
2020-10-31,MINDTREE,True
2020-10-31,MPHASIS,True
2020-10-31,MRF,True
2020-10-31,NAM-INDIA,True
2020-10-31,NATCOPHARM,True
2020-10-31,NATIONALUM,True
2020-10-31,NAUKRI,True
2020-10-31,NAVINFLUOR,True
2020-10-31,NMDC,True
2020-10-31,NTPC,True
2020-10-31,OBEROIRLTY,True
2020-10-31,OIL,True
2020-10-31,ONGC,True
2020-10-31,PEL,True
2020-10-31,PETRONET,True
2020-10-31,PFC,True
2020-10-31,PFIZER,True
2020-10-31,PGHH,True
2020-10-31,PIDILITIND,True
2020-10-31,PIIND,True
2020-10-31,PNB,True
2020-10-31,POLYCAB,True
2020-10-31,POWERGRID,True
2020-10-31,PRESTIGE,True
2020-10-31,RAJESHEXPO,True
2020-10-31,RAMCOCEM,True
2020-10-31,RBLBANK,True
2020-10-31,RECLTD,True
2020-10-31,RELIANCE,True
2020-10-31,SAIL,True
2020-10-31,SANOFI,True
2020-10-31,SBICARD,True
2020-10-31,SBILIFE,True
2020-10-31,SBIN,True
2020-10-31,SHREECEM,True
2020-10-31,SIEMENS,True
2020-10-31,SRF,True
2020-10-31,SUNPHARMA,True
2020-10-31,SUNTV,True
2020-10-31,SYNGENE,True
2020-10-31,TATACHEM,True
2020-10-31,TATACONSUM,True
2020-10-31,TCS,True
2020-10-31,TECHM,True
2020-10-31,TITAN,True
2020-10-31,TORNTPHARM,True
2020-10-31,TORNTPOWER,True
2020-10-31,TRENT,True
2020-10-31,TVSMOTOR,True
2020-10-31,UBL,True
2020-10-31,ULTRACEMCO,True
2020-10-31,UNIONBANK,True
2020-10-31,UPL,True
2020-10-31,VBL,True
2020-10-31,VGUARD,True
2020-10-31,VOLTAS,True
2020-10-31,WHIRLPOOL,True
2020-10-31,WIPRO,True
2020-10-31,YESBANK,True
2020-10-31,ZEEL,True
2020-11-30,AARTIIND,True
2020-11-30,ABCAPITAL,True
2020-11-30,ABFRL,True
2020-11-30,ADANIGREEN,True
2020-11-30,AMBUJACEM,True
2020-11-30,APOLLOHOSP,True
2020-11-30,APOLLOTYRE,True
2020-11-30,ASIANPAINT,True
2020-11-30,AUBANK,True
2020-11-30,AUROPHARMA,True
2020-11-30,AXISBANK,True
2020-11-30,BAJAJ-AUTO,True
2020-11-30,BAJAJFINSV,True
2020-11-30,BAJAJHLDNG,True
2020-11-30,BAJFINANCE,True
2020-11-30,BALKRISIND,True
2020-11-30,BANDHANBNK,True
2020-11-30,BANKBARODA,True
2020-11-30,BANKINDIA,True
2020-11-30,BATAINDIA,True
2020-11-30,BBTC,True
2020-11-30,BEL,True
2020-11-30,BERGEPAINT,True
2020-11-30,BHARATFORG,True
2020-11-30,BHEL,True
2020-11-30,BIOCON,True
2020-11-30,BOSCHLTD,True
2020-11-30,BPCL,True
2020-11-30,CANBK,True
2020-11-30,CASTROLIND,True
2020-11-30,CESC,True
2020-11-30,CHOLAFIN,True
2020-11-30,CIPLA,True
2020-11-30,COALINDIA,True
2020-11-30,COFORGE,True
2020-11-30,COLPAL,True
2020-11-30,CONCOR,True
2020-11-30,COROMANDEL,True
2020-11-30,CROMPTON,True
2020-11-30,CUB,True
2020-11-30,CUMMINSIND,True
2020-11-30,DABUR,True
2020-11-30,DALBHARAT,True
2020-11-30,DIVISLAB,True
2020-11-30,DLF,True
2020-11-30,DMART,True
2020-11-30,DRREDDY,True
2020-11-30,EDELWEISS,True
2020-11-30,EICHERMOT,True
2020-11-30,EMAMILTD,True
2020-11-30,ENDURANCE,True
2020-11-30,ESCORTS,True
2020-11-30,EXIDEIND,True
2020-11-30,FEDERALBNK,True
2020-11-30,FORTIS,True
2020-11-30,FRETAIL,True
2020-11-30,GICRE,True
2020-11-30,GLENMARK,True
2020-11-30,GODREJAGRO,True
2020-11-30,GODREJCP,True
2020-11-30,GODREJIND,True
2020-11-30,GODREJPROP,True
2020-11-30,GRASIM,True
2020-11-30,GSPL,True
2020-11-30,GUJGASLTD,True
2020-11-30,HAVELLS,True
2020-11-30,HCLTECH,True
2020-11-30,HDFC,True
2020-11-30,HDFCAMC,True
2020-11-30,HDFCBANK,True
2020-11-30,HDFCLIFE,True
2020-11-30,HEROMOTOCO,True
2020-11-30,HINDALCO,True
2020-11-30,HINDPETRO,True
2020-11-30,HINDZINC,True
2020-11-30,HUDCO,True
2020-11-30,ICICIBANK,True
2020-11-30,ICICIGI,True
2020-11-30,IDEA,True
2020-11-30,IDFCFIRSTB,True
2020-11-30,IGL,True
2020-11-30,INDIGO,True
2020-11-30,INDUSINDBK,True
2020-11-30,INFY,True
2020-11-30,IOC,True
2020-11-30,IPCALAB,True
2020-11-30,IRCTC,True
2020-11-30,ITC,True
2020-11-30,JINDALSTEL,True
2020-11-30,JSWENERGY,True
2020-11-30,JSWSTEEL,True
2020-11-30,JUBLFOOD,True
2020-11-30,KOTAKBANK,True
2020-11-30,LALPATHLAB,True
2020-11-30,LICHSGFIN,True
2020-11-30,LT,True
2020-11-30,LTTS,True
2020-11-30,LUPIN,True
2020-11-30,MARICO,True
2020-11-30,MARUTI,True
2020-11-30,MFSL,True
2020-11-30,MGL,True
2020-11-30,MINDTREE,True
2020-11-30,MPHASIS,True
2020-11-30,MRF,True
2020-11-30,NAM-INDIA,True
2020-11-30,NATCOPHARM,True
2020-11-30,NATIONALUM,True
2020-11-30,NAUKRI,True
2020-11-30,NAVINFLUOR,True
2020-11-30,NMDC,True
2020-11-30,NTPC,True
2020-11-30,OBEROIRLTY,True
2020-11-30,OIL,True
2020-11-30,ONGC,True
2020-11-30,PEL,True
2020-11-30,PETRONET,True
2020-11-30,PFC,True
2020-11-30,PFIZER,True
2020-11-30,PGHH,True
2020-11-30,PIDILITIND,True
2020-11-30,PIIND,True
2020-11-30,PNB,True
2020-11-30,POLYCAB,True
2020-11-30,POWERGRID,True
2020-11-30,PRESTIGE,True
2020-11-30,RAJESHEXPO,True
2020-11-30,RAMCOCEM,True
2020-11-30,RBLBANK,True
2020-11-30,RECLTD,True
2020-11-30,RELIANCE,True
2020-11-30,SAIL,True
2020-11-30,SANOFI,True
2020-11-30,SBICARD,True
2020-11-30,SBILIFE,True
2020-11-30,SBIN,True
2020-11-30,SHREECEM,True
2020-11-30,SIEMENS,True
2020-11-30,SRF,True
2020-11-30,SUNPHARMA,True
2020-11-30,SUNTV,True
2020-11-30,SYNGENE,True
2020-11-30,TATACHEM,True
2020-11-30,TATACONSUM,True
2020-11-30,TCS,True
2020-11-30,TECHM,True
2020-11-30,TITAN,True
2020-11-30,TORNTPHARM,True
2020-11-30,TORNTPOWER,True
2020-11-30,TRENT,True
2020-11-30,TVSMOTOR,True
2020-11-30,UBL,True
2020-11-30,ULTRACEMCO,True
2020-11-30,UNIONBANK,True
2020-11-30,UPL,True
2020-11-30,VBL,True
2020-11-30,VGUARD,True
2020-11-30,VOLTAS,True
2020-11-30,WHIRLPOOL,True
2020-11-30,WIPRO,True
2020-11-30,YESBANK,True
2020-11-30,ZEEL,True
2020-12-31,AARTIIND,True
2020-12-31,ABCAPITAL,True
2020-12-31,ABFRL,True
2020-12-31,ADANIGREEN,True
2020-12-31,AMBUJACEM,True
2020-12-31,APOLLOHOSP,True
2020-12-31,APOLLOTYRE,True
2020-12-31,ASIANPAINT,True
2020-12-31,AUBANK,True
2020-12-31,AUROPHARMA,True
2020-12-31,AXISBANK,True
2020-12-31,BAJAJ-AUTO,True
2020-12-31,BAJAJFINSV,True
2020-12-31,BAJAJHLDNG,True
2020-12-31,BAJFINANCE,True
2020-12-31,BALKRISIND,True
2020-12-31,BANDHANBNK,True
2020-12-31,BANKBARODA,True
2020-12-31,BANKINDIA,True
2020-12-31,BATAINDIA,True
2020-12-31,BBTC,True
2020-12-31,BEL,True
2020-12-31,BERGEPAINT,True
2020-12-31,BHARATFORG,True
2020-12-31,BHEL,True
2020-12-31,BIOCON,True
2020-12-31,BOSCHLTD,True
2020-12-31,BPCL,True
2020-12-31,CANBK,True
2020-12-31,CASTROLIND,True
2020-12-31,CESC,True
2020-12-31,CHOLAFIN,True
2020-12-31,CIPLA,True
2020-12-31,COALINDIA,True
2020-12-31,COFORGE,True
2020-12-31,COLPAL,True
2020-12-31,CONCOR,True
2020-12-31,COROMANDEL,True
2020-12-31,CROMPTON,True
2020-12-31,CUB,True
2020-12-31,CUMMINSIND,True
2020-12-31,DABUR,True
2020-12-31,DALBHARAT,True
2020-12-31,DHANI,True
2020-12-31,DIVISLAB,True
2020-12-31,DLF,True
2020-12-31,DMART,True
2020-12-31,DRREDDY,True
2020-12-31,EDELWEISS,True
2020-12-31,EICHERMOT,True
2020-12-31,EMAMILTD,True
2020-12-31,ENDURANCE,True
2020-12-31,ESCORTS,True
2020-12-31,EXIDEIND,True
2020-12-31,FEDERALBNK,True
2020-12-31,FORTIS,True
2020-12-31,FRETAIL,True
2020-12-31,GICRE,True
2020-12-31,GLENMARK,True
2020-12-31,GODREJAGRO,True
2020-12-31,GODREJCP,True
2020-12-31,GODREJIND,True
2020-12-31,GODREJPROP,True
2020-12-31,GRASIM,True
2020-12-31,GSPL,True
2020-12-31,GUJGASLTD,True
2020-12-31,HAVELLS,True
2020-12-31,HCLTECH,True
2020-12-31,HDFC,True
2020-12-31,HDFCAMC,True
2020-12-31,HDFCBANK,True
2020-12-31,HDFCLIFE,True
2020-12-31,HEROMOTOCO,True
2020-12-31,HINDALCO,True
2020-12-31,HINDPETRO,True
2020-12-31,HINDZINC,True
2020-12-31,HUDCO,True
2020-12-31,ICICIBANK,True
2020-12-31,ICICIGI,True
2020-12-31,IDEA,True
2020-12-31,IDFCFIRSTB,True
2020-12-31,IGL,True
2020-12-31,INDIGO,True
2020-12-31,INDUSINDBK,True
2020-12-31,INDUSTOWER,True
2020-12-31,INFY,True
2020-12-31,IOC,True
2020-12-31,IPCALAB,True
2020-12-31,IRCTC,True
2020-12-31,ITC,True
2020-12-31,JINDALSTEL,True
2020-12-31,JSWENERGY,True
2020-12-31,JSWSTEEL,True
2020-12-31,JUBLFOOD,True
2020-12-31,KOTAKBANK,True
2020-12-31,LALPATHLAB,True
2020-12-31,LICHSGFIN,True
2020-12-31,LT,True
2020-12-31,LTTS,True
2020-12-31,LUPIN,True
2020-12-31,MARICO,True
2020-12-31,MARUTI,True
2020-12-31,MFSL,True
2020-12-31,MGL,True
2020-12-31,MINDTREE,True
2020-12-31,MPHASIS,True
2020-12-31,MRF,True
2020-12-31,NAM-INDIA,True
2020-12-31,NATCOPHARM,True
2020-12-31,NATIONALUM,True
2020-12-31,NAUKRI,True
2020-12-31,NAVINFLUOR,True
2020-12-31,NMDC,True
2020-12-31,NTPC,True
2020-12-31,OBEROIRLTY,True
2020-12-31,OIL,True
2020-12-31,ONGC,True
2020-12-31,PEL,True
2020-12-31,PETRONET,True
2020-12-31,PFC,True
2020-12-31,PFIZER,True
2020-12-31,PGHH,True
2020-12-31,PIDILITIND,True
2020-12-31,PIIND,True
2020-12-31,PNB,True
2020-12-31,POLYCAB,True
2020-12-31,POWERGRID,True
2020-12-31,PRESTIGE,True
2020-12-31,RAJESHEXPO,True
2020-12-31,RAMCOCEM,True
2020-12-31,RBLBANK,True
2020-12-31,RECLTD,True
2020-12-31,RELIANCE,True
2020-12-31,SAIL,True
2020-12-31,SANOFI,True
2020-12-31,SBICARD,True
2020-12-31,SBILIFE,True
2020-12-31,SBIN,True
2020-12-31,SHREECEM,True
2020-12-31,SIEMENS,True
2020-12-31,SRF,True
2020-12-31,SUNPHARMA,True
2020-12-31,SUNTV,True
2020-12-31,SYNGENE,True
2020-12-31,TATACHEM,True
2020-12-31,TATACONSUM,True
2020-12-31,TCS,True
2020-12-31,TECHM,True
2020-12-31,TITAN,True
2020-12-31,TORNTPHARM,True
2020-12-31,TORNTPOWER,True
2020-12-31,TRENT,True
2020-12-31,TVSMOTOR,True
2020-12-31,UBL,True
2020-12-31,ULTRACEMCO,True
2020-12-31,UNIONBANK,True
2020-12-31,UPL,True
2020-12-31,VBL,True
2020-12-31,VGUARD,True
2020-12-31,VOLTAS,True
2020-12-31,WHIRLPOOL,True
2020-12-31,WIPRO,True
2020-12-31,YESBANK,True
2020-12-31,ZEEL,True
2021-01-31,AARTIIND,True
2021-01-31,ABCAPITAL,True
2021-01-31,ABFRL,True
2021-01-31,ADANIGREEN,True
2021-01-31,AMBUJACEM,True
2021-01-31,APOLLOHOSP,True
2021-01-31,APOLLOTYRE,True
2021-01-31,ASIANPAINT,True
2021-01-31,AUBANK,True
2021-01-31,AUROPHARMA,True
2021-01-31,AXISBANK,True
2021-01-31,BAJAJ-AUTO,True
2021-01-31,BAJAJFINSV,True
2021-01-31,BAJAJHLDNG,True
2021-01-31,BAJFINANCE,True
2021-01-31,BALKRISIND,True
2021-01-31,BANDHANBNK,True
2021-01-31,BANKBARODA,True
2021-01-31,BANKINDIA,True
2021-01-31,BATAINDIA,True
2021-01-31,BBTC,True
2021-01-31,BEL,True
2021-01-31,BERGEPAINT,True
2021-01-31,BHARATFORG,True
2021-01-31,BHEL,True
2021-01-31,BIOCON,True
2021-01-31,BOSCHLTD,True
2021-01-31,BPCL,True
2021-01-31,CANBK,True
2021-01-31,CASTROLIND,True
2021-01-31,CESC,True
2021-01-31,CHOLAFIN,True
2021-01-31,CIPLA,True
2021-01-31,COALINDIA,True
2021-01-31,COFORGE,True
2021-01-31,COLPAL,True
2021-01-31,CONCOR,True
2021-01-31,COROMANDEL,True
2021-01-31,CROMPTON,True
2021-01-31,CUB,True
2021-01-31,CUMMINSIND,True
2021-01-31,DABUR,True
2021-01-31,DALBHARAT,True
2021-01-31,DHANI,True
2021-01-31,DIVISLAB,True
2021-01-31,DLF,True
2021-01-31,DMART,True
2021-01-31,DRREDDY,True
2021-01-31,EDELWEISS,True
2021-01-31,EICHERMOT,True
2021-01-31,EMAMILTD,True
2021-01-31,ENDURANCE,True
2021-01-31,ESCORTS,True
2021-01-31,EXIDEIND,True
2021-01-31,FEDERALBNK,True
2021-01-31,FORTIS,True
2021-01-31,FRETAIL,True
2021-01-31,GICRE,True
2021-01-31,GLENMARK,True
2021-01-31,GODREJAGRO,True
2021-01-31,GODREJCP,True
2021-01-31,GODREJIND,True
2021-01-31,GODREJPROP,True
2021-01-31,GRASIM,True
2021-01-31,GSPL,True
2021-01-31,GUJGASLTD,True
2021-01-31,HAVELLS,True
2021-01-31,HCLTECH,True
2021-01-31,HDFC,True
2021-01-31,HDFCAMC,True
2021-01-31,HDFCBANK,True
2021-01-31,HDFCLIFE,True
2021-01-31,HEROMOTOCO,True
2021-01-31,HINDALCO,True
2021-01-31,HINDPETRO,True
2021-01-31,HINDZINC,True
2021-01-31,HUDCO,True
2021-01-31,ICICIBANK,True
2021-01-31,ICICIGI,True
2021-01-31,IDEA,True
2021-01-31,IDFCFIRSTB,True
2021-01-31,IGL,True
2021-01-31,INDIGO,True
2021-01-31,INDUSINDBK,True
2021-01-31,INDUSTOWER,True
2021-01-31,INFY,True
2021-01-31,IOC,True
2021-01-31,IPCALAB,True
2021-01-31,IRCTC,True
2021-01-31,ITC,True
2021-01-31,JINDALSTEL,True
2021-01-31,JSWENERGY,True
2021-01-31,JSWSTEEL,True
2021-01-31,JUBLFOOD,True
2021-01-31,KOTAKBANK,True
2021-01-31,LALPATHLAB,True
2021-01-31,LICHSGFIN,True
2021-01-31,LT,True
2021-01-31,LTTS,True
2021-01-31,LUPIN,True
2021-01-31,MARICO,True
2021-01-31,MARUTI,True
2021-01-31,MFSL,True
2021-01-31,MGL,True
2021-01-31,MINDTREE,True
2021-01-31,MPHASIS,True
2021-01-31,MRF,True
2021-01-31,NAM-INDIA,True
2021-01-31,NATCOPHARM,True
2021-01-31,NATIONALUM,True
2021-01-31,NAUKRI,True
2021-01-31,NAVINFLUOR,True
2021-01-31,NMDC,True
2021-01-31,NTPC,True
2021-01-31,OBEROIRLTY,True
2021-01-31,OIL,True
2021-01-31,ONGC,True
2021-01-31,PEL,True
2021-01-31,PETRONET,True
2021-01-31,PFC,True
2021-01-31,PFIZER,True
2021-01-31,PGHH,True
2021-01-31,PIDILITIND,True
2021-01-31,PIIND,True
2021-01-31,PNB,True
2021-01-31,POLYCAB,True
2021-01-31,POWERGRID,True
2021-01-31,PRESTIGE,True
2021-01-31,RAJESHEXPO,True
2021-01-31,RAMCOCEM,True
2021-01-31,RBLBANK,True
2021-01-31,RECLTD,True
2021-01-31,RELIANCE,True
2021-01-31,SAIL,True
2021-01-31,SANOFI,True
2021-01-31,SBICARD,True
2021-01-31,SBILIFE,True
2021-01-31,SBIN,True
2021-01-31,SHREECEM,True
2021-01-31,SIEMENS,True
2021-01-31,SRF,True
2021-01-31,SUNPHARMA,True
2021-01-31,SUNTV,True
2021-01-31,SYNGENE,True
2021-01-31,TATACHEM,True
2021-01-31,TATACONSUM,True
2021-01-31,TCS,True
2021-01-31,TECHM,True
2021-01-31,TITAN,True
2021-01-31,TORNTPHARM,True
2021-01-31,TORNTPOWER,True
2021-01-31,TRENT,True
2021-01-31,TVSMOTOR,True
2021-01-31,UBL,True
2021-01-31,ULTRACEMCO,True
2021-01-31,UNIONBANK,True
2021-01-31,UPL,True
2021-01-31,VBL,True
2021-01-31,VGUARD,True
2021-01-31,VOLTAS,True
2021-01-31,WHIRLPOOL,True
2021-01-31,WIPRO,True
2021-01-31,YESBANK,True
2021-01-31,ZEEL,True
2021-02-28,AARTIIND,True
2021-02-28,ABCAPITAL,True
2021-02-28,ABFRL,True
2021-02-28,ADANIGREEN,True
2021-02-28,AMBUJACEM,True
2021-02-28,APOLLOHOSP,True
2021-02-28,APOLLOTYRE,True
2021-02-28,ASIANPAINT,True
2021-02-28,AUBANK,True
2021-02-28,AUROPHARMA,True
2021-02-28,AXISBANK,True
2021-02-28,BAJAJ-AUTO,True
2021-02-28,BAJAJFINSV,True
2021-02-28,BAJAJHLDNG,True
2021-02-28,BAJFINANCE,True
2021-02-28,BALKRISIND,True
2021-02-28,BANDHANBNK,True
2021-02-28,BANKBARODA,True
2021-02-28,BANKINDIA,True
2021-02-28,BATAINDIA,True
2021-02-28,BBTC,True
2021-02-28,BEL,True
2021-02-28,BERGEPAINT,True
2021-02-28,BHARATFORG,True
2021-02-28,BHEL,True
2021-02-28,BIOCON,True
2021-02-28,BOSCHLTD,True
2021-02-28,BPCL,True
2021-02-28,CANBK,True
2021-02-28,CASTROLIND,True
2021-02-28,CESC,True
2021-02-28,CHOLAFIN,True
2021-02-28,CIPLA,True
2021-02-28,COALINDIA,True
2021-02-28,COFORGE,True
2021-02-28,COLPAL,True
2021-02-28,CONCOR,True
2021-02-28,COROMANDEL,True
2021-02-28,CROMPTON,True
2021-02-28,CUB,True
2021-02-28,CUMMINSIND,True
2021-02-28,DABUR,True
2021-02-28,DALBHARAT,True
2021-02-28,DHANI,True
2021-02-28,DIVISLAB,True
2021-02-28,DLF,True
2021-02-28,DMART,True
2021-02-28,DRREDDY,True
2021-02-28,EDELWEISS,True
2021-02-28,EICHERMOT,True
2021-02-28,EMAMILTD,True
2021-02-28,ENDURANCE,True
2021-02-28,ESCORTS,True
2021-02-28,EXIDEIND,True
2021-02-28,FEDERALBNK,True
2021-02-28,FORTIS,True
2021-02-28,FRETAIL,True
2021-02-28,GICRE,True
2021-02-28,GLENMARK,True
2021-02-28,GODREJAGRO,True
2021-02-28,GODREJCP,True
2021-02-28,GODREJIND,True
2021-02-28,GODREJPROP,True
2021-02-28,GRASIM,True
2021-02-28,GSPL,True
2021-02-28,GUJGASLTD,True
2021-02-28,HAVELLS,True
2021-02-28,HCLTECH,True
2021-02-28,HDFC,True
2021-02-28,HDFCAMC,True
2021-02-28,HDFCBANK,True
2021-02-28,HDFCLIFE,True
2021-02-28,HEROMOTOCO,True
2021-02-28,HINDALCO,True
2021-02-28,HINDPETRO,True
2021-02-28,HINDZINC,True
2021-02-28,HUDCO,True
2021-02-28,ICICIBANK,True
2021-02-28,ICICIGI,True
2021-02-28,IDEA,True
2021-02-28,IDFCFIRSTB,True
2021-02-28,IGL,True
2021-02-28,INDIGO,True
2021-02-28,INDUSINDBK,True
2021-02-28,INDUSTOWER,True
2021-02-28,INFY,True
2021-02-28,IOC,True
2021-02-28,IPCALAB,True
2021-02-28,IRCTC,True
2021-02-28,ITC,True
2021-02-28,JINDALSTEL,True
2021-02-28,JSWENERGY,True
2021-02-28,JSWSTEEL,True
2021-02-28,JUBLFOOD,True
2021-02-28,KOTAKBANK,True
2021-02-28,LALPATHLAB,True
2021-02-28,LICHSGFIN,True
2021-02-28,LT,True
2021-02-28,LTTS,True
2021-02-28,LUPIN,True
2021-02-28,MARICO,True
2021-02-28,MARUTI,True
2021-02-28,MFSL,True
2021-02-28,MGL,True
2021-02-28,MINDTREE,True
2021-02-28,MPHASIS,True
2021-02-28,MRF,True
2021-02-28,NAM-INDIA,True
2021-02-28,NATCOPHARM,True
2021-02-28,NATIONALUM,True
2021-02-28,NAUKRI,True
2021-02-28,NAVINFLUOR,True
2021-02-28,NMDC,True
2021-02-28,NTPC,True
2021-02-28,OBEROIRLTY,True
2021-02-28,OIL,True
2021-02-28,ONGC,True
2021-02-28,PEL,True
2021-02-28,PETRONET,True
2021-02-28,PFC,True
2021-02-28,PFIZER,True
2021-02-28,PGHH,True
2021-02-28,PIDILITIND,True
2021-02-28,PIIND,True
2021-02-28,PNB,True
2021-02-28,POLYCAB,True
2021-02-28,POWERGRID,True
2021-02-28,PRESTIGE,True
2021-02-28,RAJESHEXPO,True
2021-02-28,RAMCOCEM,True
2021-02-28,RBLBANK,True
2021-02-28,RECLTD,True
2021-02-28,RELIANCE,True
2021-02-28,SAIL,True
2021-02-28,SANOFI,True
2021-02-28,SBICARD,True
2021-02-28,SBILIFE,True
2021-02-28,SBIN,True
2021-02-28,SHREECEM,True
2021-02-28,SIEMENS,True
2021-02-28,SRF,True
2021-02-28,SUNPHARMA,True
2021-02-28,SUNTV,True
2021-02-28,SYNGENE,True
2021-02-28,TATACHEM,True
2021-02-28,TATACONSUM,True
2021-02-28,TCS,True
2021-02-28,TECHM,True
2021-02-28,TITAN,True
2021-02-28,TORNTPHARM,True
2021-02-28,TORNTPOWER,True
2021-02-28,TRENT,True
2021-02-28,TVSMOTOR,True
2021-02-28,UBL,True
2021-02-28,ULTRACEMCO,True
2021-02-28,UNIONBANK,True
2021-02-28,UPL,True
2021-02-28,VBL,True
2021-02-28,VGUARD,True
2021-02-28,VOLTAS,True
2021-02-28,WHIRLPOOL,True
2021-02-28,WIPRO,True
2021-02-28,YESBANK,True
2021-02-28,ZEEL,True
2021-03-31,AARTIIND,True
2021-03-31,ABCAPITAL,True
2021-03-31,ABFRL,True
2021-03-31,ADANIGREEN,True
2021-03-31,AMBUJACEM,True
2021-03-31,APOLLOHOSP,True
2021-03-31,APOLLOTYRE,True
2021-03-31,ASIANPAINT,True
2021-03-31,ATGL,True
2021-03-31,AUBANK,True
2021-03-31,AUROPHARMA,True
2021-03-31,AXISBANK,True
2021-03-31,BAJAJ-AUTO,True
2021-03-31,BAJAJFINSV,True
2021-03-31,BAJAJHLDNG,True
2021-03-31,BAJFINANCE,True
2021-03-31,BALKRISIND,True
2021-03-31,BANDHANBNK,True
2021-03-31,BANKBARODA,True
2021-03-31,BANKINDIA,True
2021-03-31,BATAINDIA,True
2021-03-31,BBTC,True
2021-03-31,BEL,True
2021-03-31,BERGEPAINT,True
2021-03-31,BHARATFORG,True
2021-03-31,BHEL,True
2021-03-31,BIOCON,True
2021-03-31,BOSCHLTD,True
2021-03-31,BPCL,True
2021-03-31,CANBK,True
2021-03-31,CASTROLIND,True
2021-03-31,CESC,True
2021-03-31,CHOLAFIN,True
2021-03-31,CIPLA,True
2021-03-31,COALINDIA,True
2021-03-31,COFORGE,True
2021-03-31,COLPAL,True
2021-03-31,CONCOR,True
2021-03-31,COROMANDEL,True
2021-03-31,CROMPTON,True
2021-03-31,CUB,True
2021-03-31,CUMMINSIND,True
2021-03-31,DABUR,True
2021-03-31,DALBHARAT,True
2021-03-31,DEEPAKNTR,True
2021-03-31,DHANI,True
2021-03-31,DIVISLAB,True
2021-03-31,DIXON,True
2021-03-31,DLF,True
2021-03-31,DMART,True
2021-03-31,DRREDDY,True
2021-03-31,EICHERMOT,True
2021-03-31,EMAMILTD,True
2021-03-31,ENDURANCE,True
2021-03-31,ESCORTS,True
2021-03-31,EXIDEIND,True
2021-03-31,FEDERALBNK,True
2021-03-31,FORTIS,True
2021-03-31,GLENMARK,True
2021-03-31,GODREJAGRO,True
2021-03-31,GODREJCP,True
2021-03-31,GODREJIND,True
2021-03-31,GODREJPROP,True
2021-03-31,GRASIM,True
2021-03-31,GSPL,True
2021-03-31,GUJGASLTD,True
2021-03-31,HAL,True
2021-03-31,HAVELLS,True
2021-03-31,HCLTECH,True
2021-03-31,HDFC,True
2021-03-31,HDFCAMC,True
2021-03-31,HDFCBANK,True
2021-03-31,HDFCLIFE,True
2021-03-31,HEROMOTOCO,True
2021-03-31,HINDALCO,True
2021-03-31,HINDPETRO,True
2021-03-31,HINDZINC,True
2021-03-31,ICICIBANK,True
2021-03-31,ICICIGI,True
2021-03-31,IDEA,True
2021-03-31,IDFCFIRSTB,True
2021-03-31,IGL,True
2021-03-31,INDIAMART,True
2021-03-31,INDIGO,True
2021-03-31,INDUSINDBK,True
2021-03-31,INDUSTOWER,True
2021-03-31,INFY,True
2021-03-31,IOC,True
2021-03-31,IPCALAB,True
2021-03-31,IRCTC,True
2021-03-31,ITC,True
2021-03-31,JINDALSTEL,True
2021-03-31,JSWENERGY,True
2021-03-31,JSWSTEEL,True
2021-03-31,JUBLFOOD,True
2021-03-31,KOTAKBANK,True
2021-03-31,LALPATHLAB,True
2021-03-31,LAURUSLABS,True
2021-03-31,LICHSGFIN,True
2021-03-31,LT,True
2021-03-31,LTTS,True
2021-03-31,LUPIN,True
2021-03-31,MARICO,True
2021-03-31,MARUTI,True
2021-03-31,MFSL,True
2021-03-31,MGL,True
2021-03-31,MINDTREE,True
2021-03-31,MPHASIS,True
2021-03-31,MRF,True
2021-03-31,NAM-INDIA,True
2021-03-31,NATCOPHARM,True
2021-03-31,NAUKRI,True
2021-03-31,NAVINFLUOR,True
2021-03-31,NMDC,True
2021-03-31,NTPC,True
2021-03-31,OBEROIRLTY,True
2021-03-31,OIL,True
2021-03-31,ONGC,True
2021-03-31,PEL,True
2021-03-31,PETRONET,True
2021-03-31,PFC,True
2021-03-31,PFIZER,True
2021-03-31,PGHH,True
2021-03-31,PIDILITIND,True
2021-03-31,PIIND,True
2021-03-31,PNB,True
2021-03-31,POLYCAB,True
2021-03-31,POWERGRID,True
2021-03-31,PRESTIGE,True
2021-03-31,RAMCOCEM,True
2021-03-31,RBLBANK,True
2021-03-31,RECLTD,True
2021-03-31,RELIANCE,True
2021-03-31,SAIL,True
2021-03-31,SANOFI,True
2021-03-31,SBICARD,True
2021-03-31,SBILIFE,True
2021-03-31,SBIN,True
2021-03-31,SHREECEM,True
2021-03-31,SIEMENS,True
2021-03-31,SRF,True
2021-03-31,SUNPHARMA,True
2021-03-31,SUNTV,True
2021-03-31,SYNGENE,True
2021-03-31,TATACHEM,True
2021-03-31,TATACONSUM,True
2021-03-31,TATAELXSI,True
2021-03-31,TCS,True
2021-03-31,TECHM,True
2021-03-31,TITAN,True
2021-03-31,TORNTPHARM,True
2021-03-31,TORNTPOWER,True
2021-03-31,TRENT,True
2021-03-31,TVSMOTOR,True
2021-03-31,UBL,True
2021-03-31,ULTRACEMCO,True
2021-03-31,UNIONBANK,True
2021-03-31,UPL,True
2021-03-31,VBL,True
2021-03-31,VEDL,True
2021-03-31,VGUARD,True
2021-03-31,VOLTAS,True
2021-03-31,WHIRLPOOL,True
2021-03-31,WIPRO,True
2021-03-31,YESBANK,True
2021-03-31,ZEEL,True
2021-04-30,AARTIIND,True
2021-04-30,ABCAPITAL,True
2021-04-30,ABFRL,True
2021-04-30,ADANIGREEN,True
2021-04-30,AMBUJACEM,True
2021-04-30,APOLLOHOSP,True
2021-04-30,APOLLOTYRE,True
2021-04-30,ASIANPAINT,True
2021-04-30,ATGL,True
2021-04-30,AUBANK,True
2021-04-30,AUROPHARMA,True
2021-04-30,AXISBANK,True
2021-04-30,BAJAJ-AUTO,True
2021-04-30,BAJAJFINSV,True
2021-04-30,BAJAJHLDNG,True
2021-04-30,BAJFINANCE,True
2021-04-30,BALKRISIND,True
2021-04-30,BANDHANBNK,True
2021-04-30,BANKBARODA,True
2021-04-30,BANKINDIA,True
2021-04-30,BATAINDIA,True
2021-04-30,BBTC,True
2021-04-30,BEL,True
2021-04-30,BERGEPAINT,True
2021-04-30,BHARATFORG,True
2021-04-30,BHEL,True
2021-04-30,BIOCON,True
2021-04-30,BOSCHLTD,True
2021-04-30,BPCL,True
2021-04-30,CANBK,True
2021-04-30,CASTROLIND,True
2021-04-30,CESC,True
2021-04-30,CHOLAFIN,True
2021-04-30,CIPLA,True
2021-04-30,COALINDIA,True
2021-04-30,COFORGE,True
2021-04-30,COLPAL,True
2021-04-30,CONCOR,True
2021-04-30,COROMANDEL,True
2021-04-30,CROMPTON,True
2021-04-30,CUB,True
2021-04-30,CUMMINSIND,True
2021-04-30,DABUR,True
2021-04-30,DALBHARAT,True
2021-04-30,DEEPAKNTR,True
2021-04-30,DHANI,True
2021-04-30,DIVISLAB,True
2021-04-30,DIXON,True
2021-04-30,DLF,True
2021-04-30,DMART,True
2021-04-30,DRREDDY,True
2021-04-30,EICHERMOT,True
2021-04-30,EMAMILTD,True
2021-04-30,ENDURANCE,True
2021-04-30,ESCORTS,True
2021-04-30,EXIDEIND,True
2021-04-30,FEDERALBNK,True
2021-04-30,FORTIS,True
2021-04-30,GLENMARK,True
2021-04-30,GODREJAGRO,True
2021-04-30,GODREJCP,True
2021-04-30,GODREJIND,True
2021-04-30,GODREJPROP,True
2021-04-30,GRASIM,True
2021-04-30,GSPL,True
2021-04-30,GUJGASLTD,True
2021-04-30,HAL,True
2021-04-30,HAVELLS,True
2021-04-30,HCLTECH,True
2021-04-30,HDFC,True
2021-04-30,HDFCAMC,True
2021-04-30,HDFCBANK,True
2021-04-30,HDFCLIFE,True
2021-04-30,HEROMOTOCO,True
2021-04-30,HINDALCO,True
2021-04-30,HINDPETRO,True
2021-04-30,HINDZINC,True
2021-04-30,ICICIBANK,True
2021-04-30,ICICIGI,True
2021-04-30,IDEA,True
2021-04-30,IDFCFIRSTB,True
2021-04-30,IGL,True
2021-04-30,INDIAMART,True
2021-04-30,INDIGO,True
2021-04-30,INDUSINDBK,True
2021-04-30,INDUSTOWER,True
2021-04-30,INFY,True
2021-04-30,IOC,True
2021-04-30,IPCALAB,True
2021-04-30,IRCTC,True
2021-04-30,ITC,True
2021-04-30,JINDALSTEL,True
2021-04-30,JSWENERGY,True
2021-04-30,JSWSTEEL,True
2021-04-30,JUBLFOOD,True
2021-04-30,KOTAKBANK,True
2021-04-30,LALPATHLAB,True
2021-04-30,LAURUSLABS,True
2021-04-30,LICHSGFIN,True
2021-04-30,LT,True
2021-04-30,LTTS,True
2021-04-30,LUPIN,True
2021-04-30,MARICO,True
2021-04-30,MARUTI,True
2021-04-30,MFSL,True
2021-04-30,MGL,True
2021-04-30,MINDTREE,True
2021-04-30,MPHASIS,True
2021-04-30,MRF,True
2021-04-30,NAM-INDIA,True
2021-04-30,NATCOPHARM,True
2021-04-30,NAUKRI,True
2021-04-30,NAVINFLUOR,True
2021-04-30,NMDC,True
2021-04-30,NTPC,True
2021-04-30,OBEROIRLTY,True
2021-04-30,OIL,True
2021-04-30,ONGC,True
2021-04-30,PEL,True
2021-04-30,PETRONET,True
2021-04-30,PFC,True
2021-04-30,PFIZER,True
2021-04-30,PGHH,True
2021-04-30,PIDILITIND,True
2021-04-30,PIIND,True
2021-04-30,PNB,True
2021-04-30,POLYCAB,True
2021-04-30,POWERGRID,True
2021-04-30,PRESTIGE,True
2021-04-30,RAMCOCEM,True
2021-04-30,RBLBANK,True
2021-04-30,RECLTD,True
2021-04-30,RELIANCE,True
2021-04-30,SAIL,True
2021-04-30,SANOFI,True
2021-04-30,SBICARD,True
2021-04-30,SBILIFE,True
2021-04-30,SBIN,True
2021-04-30,SHREECEM,True
2021-04-30,SIEMENS,True
2021-04-30,SRF,True
2021-04-30,SUNPHARMA,True
2021-04-30,SUNTV,True
2021-04-30,SYNGENE,True
2021-04-30,TATACHEM,True
2021-04-30,TATACONSUM,True
2021-04-30,TATAELXSI,True
2021-04-30,TCS,True
2021-04-30,TECHM,True
2021-04-30,TITAN,True
2021-04-30,TORNTPHARM,True
2021-04-30,TORNTPOWER,True
2021-04-30,TRENT,True
2021-04-30,TVSMOTOR,True
2021-04-30,UBL,True
2021-04-30,ULTRACEMCO,True
2021-04-30,UNIONBANK,True
2021-04-30,UPL,True
2021-04-30,VBL,True
2021-04-30,VEDL,True
2021-04-30,VGUARD,True
2021-04-30,VOLTAS,True
2021-04-30,WHIRLPOOL,True
2021-04-30,WIPRO,True
2021-04-30,YESBANK,True
2021-04-30,ZEEL,True
2021-05-31,AARTIIND,True
2021-05-31,ABCAPITAL,True
2021-05-31,ABFRL,True
2021-05-31,ADANIGREEN,True
2021-05-31,AMBUJACEM,True
2021-05-31,APOLLOHOSP,True
2021-05-31,APOLLOTYRE,True
2021-05-31,ASIANPAINT,True
2021-05-31,ATGL,True
2021-05-31,AUBANK,True
2021-05-31,AUROPHARMA,True
2021-05-31,AXISBANK,True
2021-05-31,BAJAJ-AUTO,True
2021-05-31,BAJAJFINSV,True
2021-05-31,BAJAJHLDNG,True
2021-05-31,BAJFINANCE,True
2021-05-31,BALKRISIND,True
2021-05-31,BANDHANBNK,True
2021-05-31,BANKBARODA,True
2021-05-31,BANKINDIA,True
2021-05-31,BATAINDIA,True
2021-05-31,BBTC,True
2021-05-31,BEL,True
2021-05-31,BERGEPAINT,True
2021-05-31,BHARATFORG,True
2021-05-31,BHEL,True
2021-05-31,BIOCON,True
2021-05-31,BOSCHLTD,True
2021-05-31,BPCL,True
2021-05-31,CANBK,True
2021-05-31,CASTROLIND,True
2021-05-31,CESC,True
2021-05-31,CHOLAFIN,True
2021-05-31,CIPLA,True
2021-05-31,COALINDIA,True
2021-05-31,COFORGE,True
2021-05-31,COLPAL,True
2021-05-31,CONCOR,True
2021-05-31,COROMANDEL,True
2021-05-31,CROMPTON,True
2021-05-31,CUB,True
2021-05-31,CUMMINSIND,True
2021-05-31,DABUR,True
2021-05-31,DALBHARAT,True
2021-05-31,DEEPAKNTR,True
2021-05-31,DHANI,True
2021-05-31,DIVISLAB,True
2021-05-31,DIXON,True
2021-05-31,DLF,True
2021-05-31,DMART,True
2021-05-31,DRREDDY,True
2021-05-31,EICHERMOT,True
2021-05-31,EMAMILTD,True
2021-05-31,ENDURANCE,True
2021-05-31,ESCORTS,True
2021-05-31,EXIDEIND,True
2021-05-31,FEDERALBNK,True
2021-05-31,FORTIS,True
2021-05-31,GLENMARK,True
2021-05-31,GODREJAGRO,True
2021-05-31,GODREJCP,True
2021-05-31,GODREJIND,True
2021-05-31,GODREJPROP,True
2021-05-31,GRASIM,True
2021-05-31,GSPL,True
2021-05-31,GUJGASLTD,True
2021-05-31,HAL,True
2021-05-31,HAVELLS,True
2021-05-31,HCLTECH,True
2021-05-31,HDFC,True
2021-05-31,HDFCAMC,True
2021-05-31,HDFCBANK,True
2021-05-31,HDFCLIFE,True
2021-05-31,HEROMOTOCO,True
2021-05-31,HINDALCO,True
2021-05-31,HINDPETRO,True
2021-05-31,HINDZINC,True
2021-05-31,ICICIBANK,True
2021-05-31,ICICIGI,True
2021-05-31,IDEA,True
2021-05-31,IDFCFIRSTB,True
2021-05-31,IGL,True
2021-05-31,INDIAMART,True
2021-05-31,INDIGO,True
2021-05-31,INDUSINDBK,True
2021-05-31,INDUSTOWER,True
2021-05-31,INFY,True
2021-05-31,IOC,True
2021-05-31,IPCALAB,True
2021-05-31,IRCTC,True
2021-05-31,ITC,True
2021-05-31,JINDALSTEL,True
2021-05-31,JSWENERGY,True
2021-05-31,JSWSTEEL,True
2021-05-31,JUBLFOOD,True
2021-05-31,KOTAKBANK,True
2021-05-31,LALPATHLAB,True
2021-05-31,LAURUSLABS,True
2021-05-31,LICHSGFIN,True
2021-05-31,LT,True
2021-05-31,LTTS,True
2021-05-31,LUPIN,True
2021-05-31,MARICO,True
2021-05-31,MARUTI,True
2021-05-31,MFSL,True
2021-05-31,MGL,True
2021-05-31,MINDTREE,True
2021-05-31,MPHASIS,True
2021-05-31,MRF,True
2021-05-31,NAM-INDIA,True
2021-05-31,NATCOPHARM,True
2021-05-31,NAUKRI,True
2021-05-31,NAVINFLUOR,True
2021-05-31,NMDC,True
2021-05-31,NTPC,True
2021-05-31,OBEROIRLTY,True
2021-05-31,OIL,True
2021-05-31,ONGC,True
2021-05-31,PEL,True
2021-05-31,PETRONET,True
2021-05-31,PFC,True
2021-05-31,PFIZER,True
2021-05-31,PGHH,True
2021-05-31,PIDILITIND,True
2021-05-31,PIIND,True
2021-05-31,PNB,True
2021-05-31,POLYCAB,True
2021-05-31,POWERGRID,True
2021-05-31,PRESTIGE,True
2021-05-31,RAMCOCEM,True
2021-05-31,RBLBANK,True
2021-05-31,RECLTD,True
2021-05-31,RELIANCE,True
2021-05-31,SAIL,True
2021-05-31,SANOFI,True
2021-05-31,SBICARD,True
2021-05-31,SBILIFE,True
2021-05-31,SBIN,True
2021-05-31,SHREECEM,True
2021-05-31,SIEMENS,True
2021-05-31,SRF,True
2021-05-31,SUNPHARMA,True
2021-05-31,SUNTV,True
2021-05-31,SYNGENE,True
2021-05-31,TATACHEM,True
2021-05-31,TATACONSUM,True
2021-05-31,TATAELXSI,True
2021-05-31,TCS,True
2021-05-31,TECHM,True
2021-05-31,TITAN,True
2021-05-31,TORNTPHARM,True
2021-05-31,TORNTPOWER,True
2021-05-31,TRENT,True
2021-05-31,TVSMOTOR,True
2021-05-31,UBL,True
2021-05-31,ULTRACEMCO,True
2021-05-31,UNIONBANK,True
2021-05-31,UPL,True
2021-05-31,VBL,True
2021-05-31,VEDL,True
2021-05-31,VGUARD,True
2021-05-31,VOLTAS,True
2021-05-31,WHIRLPOOL,True
2021-05-31,WIPRO,True
2021-05-31,YESBANK,True
2021-05-31,ZEEL,True
2021-06-30,AARTIIND,True
2021-06-30,ABCAPITAL,True
2021-06-30,ABFRL,True
2021-06-30,ADANIGREEN,True
2021-06-30,AMBUJACEM,True
2021-06-30,APOLLOHOSP,True
2021-06-30,APOLLOTYRE,True
2021-06-30,ASIANPAINT,True
2021-06-30,ATGL,True
2021-06-30,AUBANK,True
2021-06-30,AUROPHARMA,True
2021-06-30,AXISBANK,True
2021-06-30,BAJAJ-AUTO,True
2021-06-30,BAJAJFINSV,True
2021-06-30,BAJAJHLDNG,True
2021-06-30,BAJFINANCE,True
2021-06-30,BALKRISIND,True
2021-06-30,BANDHANBNK,True
2021-06-30,BANKBARODA,True
2021-06-30,BANKINDIA,True
2021-06-30,BATAINDIA,True
2021-06-30,BBTC,True
2021-06-30,BEL,True
2021-06-30,BERGEPAINT,True
2021-06-30,BHARATFORG,True
2021-06-30,BHEL,True
2021-06-30,BIOCON,True
2021-06-30,BOSCHLTD,True
2021-06-30,BPCL,True
2021-06-30,CANBK,True
2021-06-30,CASTROLIND,True
2021-06-30,CESC,True
2021-06-30,CHOLAFIN,True
2021-06-30,CIPLA,True
2021-06-30,COALINDIA,True
2021-06-30,COFORGE,True
2021-06-30,COLPAL,True
2021-06-30,CONCOR,True
2021-06-30,COROMANDEL,True
2021-06-30,CROMPTON,True
2021-06-30,CUB,True
2021-06-30,CUMMINSIND,True
2021-06-30,DABUR,True
2021-06-30,DALBHARAT,True
2021-06-30,DEEPAKNTR,True
2021-06-30,DHANI,True
2021-06-30,DIVISLAB,True
2021-06-30,DIXON,True
2021-06-30,DLF,True
2021-06-30,DMART,True
2021-06-30,DRREDDY,True
2021-06-30,EICHERMOT,True
2021-06-30,EMAMILTD,True
2021-06-30,ENDURANCE,True
2021-06-30,ESCORTS,True
2021-06-30,EXIDEIND,True
2021-06-30,FEDERALBNK,True
2021-06-30,FORTIS,True
2021-06-30,GLAND,True
2021-06-30,GLENMARK,True
2021-06-30,GODREJAGRO,True
2021-06-30,GODREJCP,True
2021-06-30,GODREJIND,True
2021-06-30,GODREJPROP,True
2021-06-30,GRASIM,True
2021-06-30,GSPL,True
2021-06-30,GUJGASLTD,True
2021-06-30,HAL,True
2021-06-30,HAVELLS,True
2021-06-30,HCLTECH,True
2021-06-30,HDFC,True
2021-06-30,HDFCAMC,True
2021-06-30,HDFCBANK,True
2021-06-30,HDFCLIFE,True
2021-06-30,HEROMOTOCO,True
2021-06-30,HINDALCO,True
2021-06-30,HINDPETRO,True
2021-06-30,HINDZINC,True
2021-06-30,ICICIBANK,True
2021-06-30,ICICIGI,True
2021-06-30,IDEA,True
2021-06-30,IDFCFIRSTB,True
2021-06-30,IGL,True
2021-06-30,INDIAMART,True
2021-06-30,INDIGO,True
2021-06-30,INDUSINDBK,True
2021-06-30,INDUSTOWER,True
2021-06-30,INFY,True
2021-06-30,IOC,True
2021-06-30,IPCALAB,True
2021-06-30,IRCTC,True
2021-06-30,ITC,True
2021-06-30,JINDALSTEL,True
2021-06-30,JSWENERGY,True
2021-06-30,JSWSTEEL,True
2021-06-30,JUBLFOOD,True
2021-06-30,KOTAKBANK,True
2021-06-30,LALPATHLAB,True
2021-06-30,LAURUSLABS,True
2021-06-30,LICHSGFIN,True
2021-06-30,LT,True
2021-06-30,LTTS,True
2021-06-30,LUPIN,True
2021-06-30,MARICO,True
2021-06-30,MARUTI,True
2021-06-30,MFSL,True
2021-06-30,MGL,True
2021-06-30,MINDTREE,True
2021-06-30,MPHASIS,True
2021-06-30,MRF,True
2021-06-30,NAM-INDIA,True
2021-06-30,NATCOPHARM,True
2021-06-30,NAUKRI,True
2021-06-30,NAVINFLUOR,True
2021-06-30,NMDC,True
2021-06-30,NTPC,True
2021-06-30,OBEROIRLTY,True
2021-06-30,OIL,True
2021-06-30,ONGC,True
2021-06-30,PEL,True
2021-06-30,PETRONET,True
2021-06-30,PFC,True
2021-06-30,PFIZER,True
2021-06-30,PGHH,True
2021-06-30,PIDILITIND,True
2021-06-30,PIIND,True
2021-06-30,PNB,True
2021-06-30,POLYCAB,True
2021-06-30,POWERGRID,True
2021-06-30,PRESTIGE,True
2021-06-30,RAMCOCEM,True
2021-06-30,RBLBANK,True
2021-06-30,RECLTD,True
2021-06-30,RELIANCE,True
2021-06-30,SAIL,True
2021-06-30,SANOFI,True
2021-06-30,SBICARD,True
2021-06-30,SBILIFE,True
2021-06-30,SBIN,True
2021-06-30,SHREECEM,True
2021-06-30,SIEMENS,True
2021-06-30,SRF,True
2021-06-30,SUNPHARMA,True
2021-06-30,SUNTV,True
2021-06-30,SYNGENE,True
2021-06-30,TATACHEM,True
2021-06-30,TATACONSUM,True
2021-06-30,TATAELXSI,True
2021-06-30,TCS,True
2021-06-30,TECHM,True
2021-06-30,TITAN,True
2021-06-30,TORNTPHARM,True
2021-06-30,TORNTPOWER,True
2021-06-30,TRENT,True
2021-06-30,TVSMOTOR,True
2021-06-30,UBL,True
2021-06-30,ULTRACEMCO,True
2021-06-30,UNIONBANK,True
2021-06-30,UPL,True
2021-06-30,VBL,True
2021-06-30,VEDL,True
2021-06-30,VGUARD,True
2021-06-30,VOLTAS,True
2021-06-30,WHIRLPOOL,True
2021-06-30,WIPRO,True
2021-06-30,YESBANK,True
2021-06-30,ZEEL,True
2021-07-31,AARTIIND,True
2021-07-31,ABCAPITAL,True
2021-07-31,ABFRL,True
2021-07-31,ADANIGREEN,True
2021-07-31,AMBUJACEM,True
2021-07-31,APOLLOHOSP,True
2021-07-31,APOLLOTYRE,True
2021-07-31,ASIANPAINT,True
2021-07-31,ATGL,True
2021-07-31,AUBANK,True
2021-07-31,AUROPHARMA,True
2021-07-31,AXISBANK,True
2021-07-31,BAJAJ-AUTO,True
2021-07-31,BAJAJFINSV,True
2021-07-31,BAJAJHLDNG,True
2021-07-31,BAJFINANCE,True
2021-07-31,BALKRISIND,True
2021-07-31,BANDHANBNK,True
2021-07-31,BANKBARODA,True
2021-07-31,BANKINDIA,True
2021-07-31,BATAINDIA,True
2021-07-31,BBTC,True
2021-07-31,BEL,True
2021-07-31,BERGEPAINT,True
2021-07-31,BHARATFORG,True
2021-07-31,BHEL,True
2021-07-31,BIOCON,True
2021-07-31,BOSCHLTD,True
2021-07-31,BPCL,True
2021-07-31,CANBK,True
2021-07-31,CASTROLIND,True
2021-07-31,CESC,True
2021-07-31,CHOLAFIN,True
2021-07-31,CIPLA,True
2021-07-31,COALINDIA,True
2021-07-31,COFORGE,True
2021-07-31,COLPAL,True
2021-07-31,CONCOR,True
2021-07-31,COROMANDEL,True
2021-07-31,CROMPTON,True
2021-07-31,CUB,True
2021-07-31,CUMMINSIND,True
2021-07-31,DABUR,True
2021-07-31,DALBHARAT,True
2021-07-31,DEEPAKNTR,True
2021-07-31,DHANI,True
2021-07-31,DIVISLAB,True
2021-07-31,DIXON,True
2021-07-31,DLF,True
2021-07-31,DMART,True
2021-07-31,DRREDDY,True
2021-07-31,EICHERMOT,True
2021-07-31,EMAMILTD,True
2021-07-31,ENDURANCE,True
2021-07-31,ESCORTS,True
2021-07-31,EXIDEIND,True
2021-07-31,FEDERALBNK,True
2021-07-31,FORTIS,True
2021-07-31,GLAND,True
2021-07-31,GLENMARK,True
2021-07-31,GODREJAGRO,True
2021-07-31,GODREJCP,True
2021-07-31,GODREJIND,True
2021-07-31,GODREJPROP,True
2021-07-31,GRASIM,True
2021-07-31,GSPL,True
2021-07-31,GUJGASLTD,True
2021-07-31,HAL,True
2021-07-31,HAVELLS,True
2021-07-31,HCLTECH,True
2021-07-31,HDFC,True
2021-07-31,HDFCAMC,True
2021-07-31,HDFCBANK,True
2021-07-31,HDFCLIFE,True
2021-07-31,HEROMOTOCO,True
2021-07-31,HINDALCO,True
2021-07-31,HINDPETRO,True
2021-07-31,HINDZINC,True
2021-07-31,ICICIBANK,True
2021-07-31,ICICIGI,True
2021-07-31,IDEA,True
2021-07-31,IDFCFIRSTB,True
2021-07-31,IGL,True
2021-07-31,INDIAMART,True
2021-07-31,INDIGO,True
2021-07-31,INDUSINDBK,True
2021-07-31,INDUSTOWER,True
2021-07-31,INFY,True
2021-07-31,IOC,True
2021-07-31,IPCALAB,True
2021-07-31,IRCTC,True
2021-07-31,ITC,True
2021-07-31,JINDALSTEL,True
2021-07-31,JSWENERGY,True
2021-07-31,JSWSTEEL,True
2021-07-31,JUBLFOOD,True
2021-07-31,KOTAKBANK,True
2021-07-31,LALPATHLAB,True
2021-07-31,LAURUSLABS,True
2021-07-31,LICHSGFIN,True
2021-07-31,LT,True
2021-07-31,LTTS,True
2021-07-31,LUPIN,True
2021-07-31,MARICO,True
2021-07-31,MARUTI,True
2021-07-31,MFSL,True
2021-07-31,MGL,True
2021-07-31,MINDTREE,True
2021-07-31,MPHASIS,True
2021-07-31,MRF,True
2021-07-31,NAM-INDIA,True
2021-07-31,NATCOPHARM,True
2021-07-31,NAUKRI,True
2021-07-31,NAVINFLUOR,True
2021-07-31,NMDC,True
2021-07-31,NTPC,True
2021-07-31,OBEROIRLTY,True
2021-07-31,OIL,True
2021-07-31,ONGC,True
2021-07-31,PEL,True
2021-07-31,PETRONET,True
2021-07-31,PFC,True
2021-07-31,PFIZER,True
2021-07-31,PGHH,True
2021-07-31,PIDILITIND,True
2021-07-31,PIIND,True
2021-07-31,PNB,True
2021-07-31,POLYCAB,True
2021-07-31,POWERGRID,True
2021-07-31,PRESTIGE,True
2021-07-31,RAMCOCEM,True
2021-07-31,RBLBANK,True
2021-07-31,RECLTD,True
2021-07-31,RELIANCE,True
2021-07-31,SAIL,True
2021-07-31,SANOFI,True
2021-07-31,SBICARD,True
2021-07-31,SBILIFE,True
2021-07-31,SBIN,True
2021-07-31,SHREECEM,True
2021-07-31,SIEMENS,True
2021-07-31,SRF,True
2021-07-31,SUNPHARMA,True
2021-07-31,SUNTV,True
2021-07-31,SYNGENE,True
2021-07-31,TATACHEM,True
2021-07-31,TATACONSUM,True
2021-07-31,TATAELXSI,True
2021-07-31,TCS,True
2021-07-31,TECHM,True
2021-07-31,TITAN,True
2021-07-31,TORNTPHARM,True
2021-07-31,TORNTPOWER,True
2021-07-31,TRENT,True
2021-07-31,TVSMOTOR,True
2021-07-31,UBL,True
2021-07-31,ULTRACEMCO,True
2021-07-31,UNIONBANK,True
2021-07-31,UPL,True
2021-07-31,VBL,True
2021-07-31,VEDL,True
2021-07-31,VGUARD,True
2021-07-31,VOLTAS,True
2021-07-31,WHIRLPOOL,True
2021-07-31,WIPRO,True
2021-07-31,YESBANK,True
2021-07-31,ZEEL,True
2021-08-31,AARTIIND,True
2021-08-31,ABCAPITAL,True
2021-08-31,ABFRL,True
2021-08-31,ADANIGREEN,True
2021-08-31,AMBUJACEM,True
2021-08-31,APOLLOHOSP,True
2021-08-31,APOLLOTYRE,True
2021-08-31,ASIANPAINT,True
2021-08-31,ATGL,True
2021-08-31,AUBANK,True
2021-08-31,AUROPHARMA,True
2021-08-31,AXISBANK,True
2021-08-31,BAJAJ-AUTO,True
2021-08-31,BAJAJFINSV,True
2021-08-31,BAJAJHLDNG,True
2021-08-31,BAJFINANCE,True
2021-08-31,BALKRISIND,True
2021-08-31,BANDHANBNK,True
2021-08-31,BANKBARODA,True
2021-08-31,BANKINDIA,True
2021-08-31,BATAINDIA,True
2021-08-31,BBTC,True
2021-08-31,BEL,True
2021-08-31,BERGEPAINT,True
2021-08-31,BHARATFORG,True
2021-08-31,BHEL,True
2021-08-31,BIOCON,True
2021-08-31,BOSCHLTD,True
2021-08-31,BPCL,True
2021-08-31,CANBK,True
2021-08-31,CASTROLIND,True
2021-08-31,CESC,True
2021-08-31,CHOLAFIN,True
2021-08-31,CIPLA,True
2021-08-31,COALINDIA,True
2021-08-31,COFORGE,True
2021-08-31,COLPAL,True
2021-08-31,CONCOR,True
2021-08-31,COROMANDEL,True
2021-08-31,CROMPTON,True
2021-08-31,CUB,True
2021-08-31,CUMMINSIND,True
2021-08-31,DABUR,True
2021-08-31,DALBHARAT,True
2021-08-31,DEEPAKNTR,True
2021-08-31,DHANI,True
2021-08-31,DIVISLAB,True
2021-08-31,DIXON,True
2021-08-31,DLF,True
2021-08-31,DMART,True
2021-08-31,DRREDDY,True
2021-08-31,EICHERMOT,True
2021-08-31,EMAMILTD,True
2021-08-31,ENDURANCE,True
2021-08-31,ESCORTS,True
2021-08-31,EXIDEIND,True
2021-08-31,FEDERALBNK,True
2021-08-31,FORTIS,True
2021-08-31,GLAND,True
2021-08-31,GLENMARK,True
2021-08-31,GODREJAGRO,True
2021-08-31,GODREJCP,True
2021-08-31,GODREJIND,True
2021-08-31,GODREJPROP,True
2021-08-31,GRASIM,True
2021-08-31,GSPL,True
2021-08-31,GUJGASLTD,True
2021-08-31,HAL,True
2021-08-31,HAVELLS,True
2021-08-31,HCLTECH,True
2021-08-31,HDFC,True
2021-08-31,HDFCAMC,True
2021-08-31,HDFCBANK,True
2021-08-31,HDFCLIFE,True
2021-08-31,HEROMOTOCO,True
2021-08-31,HINDALCO,True
2021-08-31,HINDPETRO,True
2021-08-31,HINDZINC,True
2021-08-31,ICICIBANK,True
2021-08-31,ICICIGI,True
2021-08-31,IDEA,True
2021-08-31,IDFCFIRSTB,True
2021-08-31,IGL,True
2021-08-31,INDIAMART,True
2021-08-31,INDIGO,True
2021-08-31,INDUSINDBK,True
2021-08-31,INDUSTOWER,True
2021-08-31,INFY,True
2021-08-31,IOC,True
2021-08-31,IPCALAB,True
2021-08-31,IRCTC,True
2021-08-31,ITC,True
2021-08-31,JINDALSTEL,True
2021-08-31,JSWENERGY,True
2021-08-31,JSWSTEEL,True
2021-08-31,JUBLFOOD,True
2021-08-31,KOTAKBANK,True
2021-08-31,LALPATHLAB,True
2021-08-31,LAURUSLABS,True
2021-08-31,LICHSGFIN,True
2021-08-31,LT,True
2021-08-31,LTTS,True
2021-08-31,LUPIN,True
2021-08-31,MARICO,True
2021-08-31,MARUTI,True
2021-08-31,MFSL,True
2021-08-31,MGL,True
2021-08-31,MINDTREE,True
2021-08-31,MPHASIS,True
2021-08-31,MRF,True
2021-08-31,NAM-INDIA,True
2021-08-31,NATCOPHARM,True
2021-08-31,NAUKRI,True
2021-08-31,NAVINFLUOR,True
2021-08-31,NMDC,True
2021-08-31,NTPC,True
2021-08-31,OBEROIRLTY,True
2021-08-31,OIL,True
2021-08-31,ONGC,True
2021-08-31,PEL,True
2021-08-31,PETRONET,True
2021-08-31,PFC,True
2021-08-31,PFIZER,True
2021-08-31,PGHH,True
2021-08-31,PIDILITIND,True
2021-08-31,PIIND,True
2021-08-31,PNB,True
2021-08-31,POLYCAB,True
2021-08-31,POWERGRID,True
2021-08-31,PRESTIGE,True
2021-08-31,RAMCOCEM,True
2021-08-31,RBLBANK,True
2021-08-31,RECLTD,True
2021-08-31,RELIANCE,True
2021-08-31,SAIL,True
2021-08-31,SANOFI,True
2021-08-31,SBICARD,True
2021-08-31,SBILIFE,True
2021-08-31,SBIN,True
2021-08-31,SHREECEM,True
2021-08-31,SIEMENS,True
2021-08-31,SRF,True
2021-08-31,SUNPHARMA,True
2021-08-31,SUNTV,True
2021-08-31,SYNGENE,True
2021-08-31,TATACHEM,True
2021-08-31,TATACONSUM,True
2021-08-31,TATAELXSI,True
2021-08-31,TCS,True
2021-08-31,TECHM,True
2021-08-31,TITAN,True
2021-08-31,TORNTPHARM,True
2021-08-31,TORNTPOWER,True
2021-08-31,TRENT,True
2021-08-31,TVSMOTOR,True
2021-08-31,UBL,True
2021-08-31,ULTRACEMCO,True
2021-08-31,UNIONBANK,True
2021-08-31,UPL,True
2021-08-31,VBL,True
2021-08-31,VEDL,True
2021-08-31,VGUARD,True
2021-08-31,VOLTAS,True
2021-08-31,WHIRLPOOL,True
2021-08-31,WIPRO,True
2021-08-31,YESBANK,True
2021-08-31,ZEEL,True
2021-09-30,AARTIIND,True
2021-09-30,ABCAPITAL,True
2021-09-30,ABFRL,True
2021-09-30,ADANIGREEN,True
2021-09-30,AMBUJACEM,True
2021-09-30,APOLLOHOSP,True
2021-09-30,APOLLOTYRE,True
2021-09-30,ASIANPAINT,True
2021-09-30,ASTRAL,True
2021-09-30,ATGL,True
2021-09-30,AUBANK,True
2021-09-30,AUROPHARMA,True
2021-09-30,AXISBANK,True
2021-09-30,BAJAJ-AUTO,True
2021-09-30,BAJAJFINSV,True
2021-09-30,BAJAJHLDNG,True
2021-09-30,BAJFINANCE,True
2021-09-30,BALKRISIND,True
2021-09-30,BANDHANBNK,True
2021-09-30,BANKBARODA,True
2021-09-30,BANKINDIA,True
2021-09-30,BATAINDIA,True
2021-09-30,BEL,True
2021-09-30,BERGEPAINT,True
2021-09-30,BHARATFORG,True
2021-09-30,BHEL,True
2021-09-30,BIOCON,True
2021-09-30,BOSCHLTD,True
2021-09-30,BPCL,True
2021-09-30,CANBK,True
2021-09-30,CASTROLIND,True
2021-09-30,CHOLAFIN,True
2021-09-30,CIPLA,True
2021-09-30,COALINDIA,True
2021-09-30,COFORGE,True
2021-09-30,COLPAL,True
2021-09-30,CONCOR,True
2021-09-30,COROMANDEL,True
2021-09-30,CROMPTON,True
2021-09-30,CUB,True
2021-09-30,CUMMINSIND,True
2021-09-30,DABUR,True
2021-09-30,DALBHARAT,True
2021-09-30,DEEPAKNTR,True
2021-09-30,DHANI,True
2021-09-30,DIVISLAB,True
2021-09-30,DIXON,True
2021-09-30,DLF,True
2021-09-30,DMART,True
2021-09-30,DRREDDY,True
2021-09-30,EICHERMOT,True
2021-09-30,EMAMILTD,True
2021-09-30,ENDURANCE,True
2021-09-30,ESCORTS,True
2021-09-30,EXIDEIND,True
2021-09-30,FEDERALBNK,True
2021-09-30,FORTIS,True
2021-09-30,GLAND,True
2021-09-30,GLENMARK,True
2021-09-30,GODREJCP,True
2021-09-30,GODREJIND,True
2021-09-30,GODREJPROP,True
2021-09-30,GRASIM,True
2021-09-30,GSPL,True
2021-09-30,GUJGASLTD,True
2021-09-30,HAL,True
2021-09-30,HAVELLS,True
2021-09-30,HCLTECH,True
2021-09-30,HDFC,True
2021-09-30,HDFCAMC,True
2021-09-30,HDFCBANK,True
2021-09-30,HDFCLIFE,True
2021-09-30,HEROMOTOCO,True
2021-09-30,HINDALCO,True
2021-09-30,HINDCOPPER,True
2021-09-30,HINDPETRO,True
2021-09-30,HINDZINC,True
2021-09-30,ICICIBANK,True
2021-09-30,ICICIGI,True
2021-09-30,IDEA,True
2021-09-30,IDFCFIRSTB,True
2021-09-30,IGL,True
2021-09-30,INDIAMART,True
2021-09-30,INDIANB,True
2021-09-30,INDIGO,True
2021-09-30,INDUSINDBK,True
2021-09-30,INDUSTOWER,True
2021-09-30,INFY,True
2021-09-30,IOC,True
2021-09-30,IPCALAB,True
2021-09-30,IRCTC,True
2021-09-30,IRFC,True
2021-09-30,ITC,True
2021-09-30,JINDALSTEL,True
2021-09-30,JSWENERGY,True
2021-09-30,JSWSTEEL,True
2021-09-30,JUBLFOOD,True
2021-09-30,KOTAKBANK,True
2021-09-30,LALPATHLAB,True
2021-09-30,LAURUSLABS,True
2021-09-30,LICHSGFIN,True
2021-09-30,LT,True
2021-09-30,LTTS,True
2021-09-30,LUPIN,True
2021-09-30,MARICO,True
2021-09-30,MARUTI,True
2021-09-30,MFSL,True
2021-09-30,MGL,True
2021-09-30,MINDTREE,True
2021-09-30,MPHASIS,True
2021-09-30,MRF,True
2021-09-30,NAM-INDIA,True
2021-09-30,NATCOPHARM,True
2021-09-30,NATIONALUM,True
2021-09-30,NAUKRI,True
2021-09-30,NAVINFLUOR,True
2021-09-30,NMDC,True
2021-09-30,NTPC,True
2021-09-30,OBEROIRLTY,True
2021-09-30,OIL,True
2021-09-30,ONGC,True
2021-09-30,PEL,True
2021-09-30,PETRONET,True
2021-09-30,PFC,True
2021-09-30,PFIZER,True
2021-09-30,PGHH,True
2021-09-30,PIDILITIND,True
2021-09-30,PIIND,True
2021-09-30,PNB,True
2021-09-30,POLYCAB,True
2021-09-30,POWERGRID,True
2021-09-30,PRESTIGE,True
2021-09-30,RAMCOCEM,True
2021-09-30,RBLBANK,True
2021-09-30,RECLTD,True
2021-09-30,RELIANCE,True
2021-09-30,SAIL,True
2021-09-30,SANOFI,True
2021-09-30,SBICARD,True
2021-09-30,SBILIFE,True
2021-09-30,SBIN,True
2021-09-30,SHREECEM,True
2021-09-30,SIEMENS,True
2021-09-30,SRF,True
2021-09-30,SUNPHARMA,True
2021-09-30,SUNTV,True
2021-09-30,SYNGENE,True
2021-09-30,TATACHEM,True
2021-09-30,TATACOMM,True
2021-09-30,TATACONSUM,True
2021-09-30,TATAELXSI,True
2021-09-30,TCS,True
2021-09-30,TECHM,True
2021-09-30,TITAN,True
2021-09-30,TORNTPHARM,True
2021-09-30,TORNTPOWER,True
2021-09-30,TRENT,True
2021-09-30,TVSMOTOR,True
2021-09-30,UBL,True
2021-09-30,ULTRACEMCO,True
2021-09-30,UNIONBANK,True
2021-09-30,UPL,True
2021-09-30,VBL,True
2021-09-30,VEDL,True
2021-09-30,VOLTAS,True
2021-09-30,WHIRLPOOL,True
2021-09-30,WIPRO,True
2021-09-30,YESBANK,True
2021-09-30,ZEEL,True
2021-10-31,AARTIIND,True
2021-10-31,ABCAPITAL,True
2021-10-31,ABFRL,True
2021-10-31,ADANIGREEN,True
2021-10-31,AMBUJACEM,True
2021-10-31,APOLLOHOSP,True
2021-10-31,APOLLOTYRE,True
2021-10-31,ASIANPAINT,True
2021-10-31,ASTRAL,True
2021-10-31,ATGL,True
2021-10-31,AUBANK,True
2021-10-31,AUROPHARMA,True
2021-10-31,AXISBANK,True
2021-10-31,BAJAJ-AUTO,True
2021-10-31,BAJAJFINSV,True
2021-10-31,BAJAJHLDNG,True
2021-10-31,BAJFINANCE,True
2021-10-31,BALKRISIND,True
2021-10-31,BANDHANBNK,True
2021-10-31,BANKBARODA,True
2021-10-31,BANKINDIA,True
2021-10-31,BATAINDIA,True
2021-10-31,BEL,True
2021-10-31,BERGEPAINT,True
2021-10-31,BHARATFORG,True
2021-10-31,BHEL,True
2021-10-31,BIOCON,True
2021-10-31,BOSCHLTD,True
2021-10-31,BPCL,True
2021-10-31,CANBK,True
2021-10-31,CASTROLIND,True
2021-10-31,CHOLAFIN,True
2021-10-31,CIPLA,True
2021-10-31,COALINDIA,True
2021-10-31,COFORGE,True
2021-10-31,COLPAL,True
2021-10-31,CONCOR,True
2021-10-31,COROMANDEL,True
2021-10-31,CROMPTON,True
2021-10-31,CUB,True
2021-10-31,CUMMINSIND,True
2021-10-31,DABUR,True
2021-10-31,DALBHARAT,True
2021-10-31,DEEPAKNTR,True
2021-10-31,DHANI,True
2021-10-31,DIVISLAB,True
2021-10-31,DIXON,True
2021-10-31,DLF,True
2021-10-31,DMART,True
2021-10-31,DRREDDY,True
2021-10-31,EICHERMOT,True
2021-10-31,EMAMILTD,True
2021-10-31,ENDURANCE,True
2021-10-31,ESCORTS,True
2021-10-31,EXIDEIND,True
2021-10-31,FEDERALBNK,True
2021-10-31,FORTIS,True
2021-10-31,GLAND,True
2021-10-31,GLENMARK,True
2021-10-31,GODREJCP,True
2021-10-31,GODREJIND,True
2021-10-31,GODREJPROP,True
2021-10-31,GRASIM,True
2021-10-31,GSPL,True
2021-10-31,GUJGASLTD,True
2021-10-31,HAL,True
2021-10-31,HAVELLS,True
2021-10-31,HCLTECH,True
2021-10-31,HDFC,True
2021-10-31,HDFCAMC,True
2021-10-31,HDFCBANK,True
2021-10-31,HDFCLIFE,True
2021-10-31,HEROMOTOCO,True
2021-10-31,HINDALCO,True
2021-10-31,HINDCOPPER,True
2021-10-31,HINDPETRO,True
2021-10-31,HINDZINC,True
2021-10-31,ICICIBANK,True
2021-10-31,ICICIGI,True
2021-10-31,IDEA,True
2021-10-31,IDFCFIRSTB,True
2021-10-31,IGL,True
2021-10-31,INDIAMART,True
2021-10-31,INDIANB,True
2021-10-31,INDIGO,True
2021-10-31,INDUSINDBK,True
2021-10-31,INDUSTOWER,True
2021-10-31,INFY,True
2021-10-31,IOC,True
2021-10-31,IPCALAB,True
2021-10-31,IRCTC,True
2021-10-31,IRFC,True
2021-10-31,ITC,True
2021-10-31,JINDALSTEL,True
2021-10-31,JSWENERGY,True
2021-10-31,JSWSTEEL,True
2021-10-31,JUBLFOOD,True
2021-10-31,KOTAKBANK,True
2021-10-31,LALPATHLAB,True
2021-10-31,LAURUSLABS,True
2021-10-31,LICHSGFIN,True
2021-10-31,LT,True
2021-10-31,LTTS,True
2021-10-31,LUPIN,True
2021-10-31,MARICO,True
2021-10-31,MARUTI,True
2021-10-31,MFSL,True
2021-10-31,MGL,True
2021-10-31,MINDTREE,True
2021-10-31,MPHASIS,True
2021-10-31,MRF,True
2021-10-31,NAM-INDIA,True
2021-10-31,NATCOPHARM,True
2021-10-31,NATIONALUM,True
2021-10-31,NAUKRI,True
2021-10-31,NAVINFLUOR,True
2021-10-31,NMDC,True
2021-10-31,NTPC,True
2021-10-31,OBEROIRLTY,True
2021-10-31,OIL,True
2021-10-31,ONGC,True
2021-10-31,PEL,True
2021-10-31,PETRONET,True
2021-10-31,PFC,True
2021-10-31,PFIZER,True
2021-10-31,PGHH,True
2021-10-31,PIDILITIND,True
2021-10-31,PIIND,True
2021-10-31,PNB,True
2021-10-31,POLYCAB,True
2021-10-31,POWERGRID,True
2021-10-31,PRESTIGE,True
2021-10-31,RAMCOCEM,True
2021-10-31,RBLBANK,True
2021-10-31,RECLTD,True
2021-10-31,RELIANCE,True
2021-10-31,SAIL,True
2021-10-31,SANOFI,True
2021-10-31,SBICARD,True
2021-10-31,SBILIFE,True
2021-10-31,SBIN,True
2021-10-31,SHREECEM,True
2021-10-31,SIEMENS,True
2021-10-31,SRF,True
2021-10-31,SUNPHARMA,True
2021-10-31,SUNTV,True
2021-10-31,SYNGENE,True
2021-10-31,TATACHEM,True
2021-10-31,TATACOMM,True
2021-10-31,TATACONSUM,True
2021-10-31,TATAELXSI,True
2021-10-31,TCS,True
2021-10-31,TECHM,True
2021-10-31,TITAN,True
2021-10-31,TORNTPHARM,True
2021-10-31,TORNTPOWER,True
2021-10-31,TRENT,True
2021-10-31,TVSMOTOR,True
2021-10-31,UBL,True
2021-10-31,ULTRACEMCO,True
2021-10-31,UNIONBANK,True
2021-10-31,UPL,True
2021-10-31,VBL,True
2021-10-31,VEDL,True
2021-10-31,VOLTAS,True
2021-10-31,WHIRLPOOL,True
2021-10-31,WIPRO,True
2021-10-31,YESBANK,True
2021-10-31,ZEEL,True
2021-11-30,AARTIIND,True
2021-11-30,ABCAPITAL,True
2021-11-30,ABFRL,True
2021-11-30,ADANIGREEN,True
2021-11-30,AMBUJACEM,True
2021-11-30,APOLLOHOSP,True
2021-11-30,APOLLOTYRE,True
2021-11-30,ASIANPAINT,True
2021-11-30,ASTRAL,True
2021-11-30,ATGL,True
2021-11-30,AUBANK,True
2021-11-30,AUROPHARMA,True
2021-11-30,AXISBANK,True
2021-11-30,BAJAJ-AUTO,True
2021-11-30,BAJAJFINSV,True
2021-11-30,BAJAJHLDNG,True
2021-11-30,BAJFINANCE,True
2021-11-30,BALKRISIND,True
2021-11-30,BANDHANBNK,True
2021-11-30,BANKBARODA,True
2021-11-30,BANKINDIA,True
2021-11-30,BATAINDIA,True
2021-11-30,BEL,True
2021-11-30,BERGEPAINT,True
2021-11-30,BHARATFORG,True
2021-11-30,BHEL,True
2021-11-30,BIOCON,True
2021-11-30,BOSCHLTD,True
2021-11-30,BPCL,True
2021-11-30,CANBK,True
2021-11-30,CASTROLIND,True
2021-11-30,CHOLAFIN,True
2021-11-30,CIPLA,True
2021-11-30,COALINDIA,True
2021-11-30,COFORGE,True
2021-11-30,COLPAL,True
2021-11-30,CONCOR,True
2021-11-30,COROMANDEL,True
2021-11-30,CROMPTON,True
2021-11-30,CUB,True
2021-11-30,CUMMINSIND,True
2021-11-30,DABUR,True
2021-11-30,DALBHARAT,True
2021-11-30,DEEPAKNTR,True
2021-11-30,DHANI,True
2021-11-30,DIVISLAB,True
2021-11-30,DIXON,True
2021-11-30,DLF,True
2021-11-30,DMART,True
2021-11-30,DRREDDY,True
2021-11-30,EICHERMOT,True
2021-11-30,EMAMILTD,True
2021-11-30,ENDURANCE,True
2021-11-30,ESCORTS,True
2021-11-30,EXIDEIND,True
2021-11-30,FEDERALBNK,True
2021-11-30,FORTIS,True
2021-11-30,GLAND,True
2021-11-30,GLENMARK,True
2021-11-30,GODREJCP,True
2021-11-30,GODREJIND,True
2021-11-30,GODREJPROP,True
2021-11-30,GRASIM,True
2021-11-30,GSPL,True
2021-11-30,GUJGASLTD,True
2021-11-30,HAL,True
2021-11-30,HAVELLS,True
2021-11-30,HCLTECH,True
2021-11-30,HDFC,True
2021-11-30,HDFCAMC,True
2021-11-30,HDFCBANK,True
2021-11-30,HDFCLIFE,True
2021-11-30,HEROMOTOCO,True
2021-11-30,HINDALCO,True
2021-11-30,HINDCOPPER,True
2021-11-30,HINDPETRO,True
2021-11-30,HINDZINC,True
2021-11-30,ICICIBANK,True
2021-11-30,ICICIGI,True
2021-11-30,IDEA,True
2021-11-30,IDFCFIRSTB,True
2021-11-30,IGL,True
2021-11-30,INDIAMART,True
2021-11-30,INDIANB,True
2021-11-30,INDIGO,True
2021-11-30,INDUSINDBK,True
2021-11-30,INDUSTOWER,True
2021-11-30,INFY,True
2021-11-30,IOC,True
2021-11-30,IPCALAB,True
2021-11-30,IRCTC,True
2021-11-30,IRFC,True
2021-11-30,ITC,True
2021-11-30,JINDALSTEL,True
2021-11-30,JSWENERGY,True
2021-11-30,JSWSTEEL,True
2021-11-30,JUBLFOOD,True
2021-11-30,KOTAKBANK,True
2021-11-30,LALPATHLAB,True
2021-11-30,LAURUSLABS,True
2021-11-30,LICHSGFIN,True
2021-11-30,LT,True
2021-11-30,LTTS,True
2021-11-30,LUPIN,True
2021-11-30,MARICO,True
2021-11-30,MARUTI,True
2021-11-30,MFSL,True
2021-11-30,MGL,True
2021-11-30,MINDTREE,True
2021-11-30,MPHASIS,True
2021-11-30,MRF,True
2021-11-30,NAM-INDIA,True
2021-11-30,NATCOPHARM,True
2021-11-30,NATIONALUM,True
2021-11-30,NAUKRI,True
2021-11-30,NAVINFLUOR,True
2021-11-30,NMDC,True
2021-11-30,NTPC,True
2021-11-30,OBEROIRLTY,True
2021-11-30,OIL,True
2021-11-30,ONGC,True
2021-11-30,PEL,True
2021-11-30,PETRONET,True
2021-11-30,PFC,True
2021-11-30,PFIZER,True
2021-11-30,PGHH,True
2021-11-30,PIDILITIND,True
2021-11-30,PIIND,True
2021-11-30,PNB,True
2021-11-30,POLYCAB,True
2021-11-30,POWERGRID,True
2021-11-30,PRESTIGE,True
2021-11-30,RAMCOCEM,True
2021-11-30,RBLBANK,True
2021-11-30,RECLTD,True
2021-11-30,RELIANCE,True
2021-11-30,SAIL,True
2021-11-30,SANOFI,True
2021-11-30,SBICARD,True
2021-11-30,SBILIFE,True
2021-11-30,SBIN,True
2021-11-30,SHREECEM,True
2021-11-30,SIEMENS,True
2021-11-30,SONACOMS,True
2021-11-30,SRF,True
2021-11-30,SUNPHARMA,True
2021-11-30,SUNTV,True
2021-11-30,SYNGENE,True
2021-11-30,TATACHEM,True
2021-11-30,TATACOMM,True
2021-11-30,TATACONSUM,True
2021-11-30,TATAELXSI,True
2021-11-30,TCS,True
2021-11-30,TECHM,True
2021-11-30,TITAN,True
2021-11-30,TORNTPHARM,True
2021-11-30,TORNTPOWER,True
2021-11-30,TRENT,True
2021-11-30,TVSMOTOR,True
2021-11-30,UBL,True
2021-11-30,ULTRACEMCO,True
2021-11-30,UNIONBANK,True
2021-11-30,UPL,True
2021-11-30,VBL,True
2021-11-30,VEDL,True
2021-11-30,VOLTAS,True
2021-11-30,WHIRLPOOL,True
2021-11-30,WIPRO,True
2021-11-30,YESBANK,True
2021-11-30,ZEEL,True
2021-12-31,AARTIIND,True
2021-12-31,ABCAPITAL,True
2021-12-31,ABFRL,True
2021-12-31,ADANIGREEN,True
2021-12-31,AMBUJACEM,True
2021-12-31,APOLLOHOSP,True
2021-12-31,APOLLOTYRE,True
2021-12-31,ASIANPAINT,True
2021-12-31,ASTRAL,True
2021-12-31,ATGL,True
2021-12-31,AUBANK,True
2021-12-31,AUROPHARMA,True
2021-12-31,AXISBANK,True
2021-12-31,BAJAJ-AUTO,True
2021-12-31,BAJAJFINSV,True
2021-12-31,BAJAJHLDNG,True
2021-12-31,BAJFINANCE,True
2021-12-31,BALKRISIND,True
2021-12-31,BANDHANBNK,True
2021-12-31,BANKBARODA,True
2021-12-31,BANKINDIA,True
2021-12-31,BATAINDIA,True
2021-12-31,BEL,True
2021-12-31,BERGEPAINT,True
2021-12-31,BHARATFORG,True
2021-12-31,BHEL,True
2021-12-31,BIOCON,True
2021-12-31,BOSCHLTD,True
2021-12-31,BPCL,True
2021-12-31,CANBK,True
2021-12-31,CASTROLIND,True
2021-12-31,CHOLAFIN,True
2021-12-31,CIPLA,True
2021-12-31,COALINDIA,True
2021-12-31,COFORGE,True
2021-12-31,COLPAL,True
2021-12-31,CONCOR,True
2021-12-31,COROMANDEL,True
2021-12-31,CROMPTON,True
2021-12-31,CUB,True
2021-12-31,CUMMINSIND,True
2021-12-31,DABUR,True
2021-12-31,DALBHARAT,True
2021-12-31,DEEPAKNTR,True
2021-12-31,DHANI,True
2021-12-31,DIVISLAB,True
2021-12-31,DIXON,True
2021-12-31,DLF,True
2021-12-31,DMART,True
2021-12-31,DRREDDY,True
2021-12-31,EICHERMOT,True
2021-12-31,EMAMILTD,True
2021-12-31,ENDURANCE,True
2021-12-31,ESCORTS,True
2021-12-31,EXIDEIND,True
2021-12-31,FEDERALBNK,True
2021-12-31,FORTIS,True
2021-12-31,GLAND,True
2021-12-31,GLENMARK,True
2021-12-31,GODREJCP,True
2021-12-31,GODREJIND,True
2021-12-31,GODREJPROP,True
2021-12-31,GRASIM,True
2021-12-31,GSPL,True
2021-12-31,GUJGASLTD,True
2021-12-31,HAL,True
2021-12-31,HAVELLS,True
2021-12-31,HCLTECH,True
2021-12-31,HDFC,True
2021-12-31,HDFCAMC,True
2021-12-31,HDFCBANK,True
2021-12-31,HDFCLIFE,True
2021-12-31,HEROMOTOCO,True
2021-12-31,HINDALCO,True
2021-12-31,HINDCOPPER,True
2021-12-31,HINDPETRO,True
2021-12-31,HINDZINC,True
2021-12-31,ICICIBANK,True
2021-12-31,ICICIGI,True
2021-12-31,IDEA,True
2021-12-31,IDFCFIRSTB,True
2021-12-31,IGL,True
2021-12-31,INDIAMART,True
2021-12-31,INDIANB,True
2021-12-31,INDIGO,True
2021-12-31,INDUSINDBK,True
2021-12-31,INDUSTOWER,True
2021-12-31,INFY,True
2021-12-31,IOC,True
2021-12-31,IPCALAB,True
2021-12-31,IRCTC,True
2021-12-31,IRFC,True
2021-12-31,ITC,True
2021-12-31,JINDALSTEL,True
2021-12-31,JSWENERGY,True
2021-12-31,JSWSTEEL,True
2021-12-31,JUBLFOOD,True
2021-12-31,KOTAKBANK,True
2021-12-31,LALPATHLAB,True
2021-12-31,LAURUSLABS,True
2021-12-31,LICHSGFIN,True
2021-12-31,LT,True
2021-12-31,LTTS,True
2021-12-31,LUPIN,True
2021-12-31,MARICO,True
2021-12-31,MARUTI,True
2021-12-31,MFSL,True
2021-12-31,MGL,True
2021-12-31,MINDTREE,True
2021-12-31,MPHASIS,True
2021-12-31,MRF,True
2021-12-31,NAM-INDIA,True
2021-12-31,NATCOPHARM,True
2021-12-31,NATIONALUM,True
2021-12-31,NAUKRI,True
2021-12-31,NAVINFLUOR,True
2021-12-31,NMDC,True
2021-12-31,NTPC,True
2021-12-31,OBEROIRLTY,True
2021-12-31,OIL,True
2021-12-31,ONGC,True
2021-12-31,PEL,True
2021-12-31,PETRONET,True
2021-12-31,PFC,True
2021-12-31,PFIZER,True
2021-12-31,PGHH,True
2021-12-31,PIDILITIND,True
2021-12-31,PIIND,True
2021-12-31,PNB,True
2021-12-31,POLYCAB,True
2021-12-31,POWERGRID,True
2021-12-31,PRESTIGE,True
2021-12-31,RAMCOCEM,True
2021-12-31,RBLBANK,True
2021-12-31,RECLTD,True
2021-12-31,RELIANCE,True
2021-12-31,SAIL,True
2021-12-31,SANOFI,True
2021-12-31,SBICARD,True
2021-12-31,SBILIFE,True
2021-12-31,SBIN,True
2021-12-31,SHREECEM,True
2021-12-31,SIEMENS,True
2021-12-31,SONACOMS,True
2021-12-31,SRF,True
2021-12-31,SUNPHARMA,True
2021-12-31,SUNTV,True
2021-12-31,SYNGENE,True
2021-12-31,TATACHEM,True
2021-12-31,TATACOMM,True
2021-12-31,TATACONSUM,True
2021-12-31,TATAELXSI,True
2021-12-31,TCS,True
2021-12-31,TECHM,True
2021-12-31,TITAN,True
2021-12-31,TORNTPHARM,True
2021-12-31,TORNTPOWER,True
2021-12-31,TRENT,True
2021-12-31,TVSMOTOR,True
2021-12-31,UBL,True
2021-12-31,ULTRACEMCO,True
2021-12-31,UNIONBANK,True
2021-12-31,UPL,True
2021-12-31,VBL,True
2021-12-31,VEDL,True
2021-12-31,VOLTAS,True
2021-12-31,WHIRLPOOL,True
2021-12-31,WIPRO,True
2021-12-31,YESBANK,True
2021-12-31,ZEEL,True
2022-01-31,AARTIIND,True
2022-01-31,ABCAPITAL,True
2022-01-31,ABFRL,True
2022-01-31,ADANIGREEN,True
2022-01-31,AMBUJACEM,True
2022-01-31,APOLLOHOSP,True
2022-01-31,APOLLOTYRE,True
2022-01-31,ASIANPAINT,True
2022-01-31,ASTRAL,True
2022-01-31,ATGL,True
2022-01-31,AUBANK,True
2022-01-31,AUROPHARMA,True
2022-01-31,AXISBANK,True
2022-01-31,BAJAJ-AUTO,True
2022-01-31,BAJAJFINSV,True
2022-01-31,BAJAJHLDNG,True
2022-01-31,BAJFINANCE,True
2022-01-31,BALKRISIND,True
2022-01-31,BANDHANBNK,True
2022-01-31,BANKBARODA,True
2022-01-31,BANKINDIA,True
2022-01-31,BATAINDIA,True
2022-01-31,BEL,True
2022-01-31,BERGEPAINT,True
2022-01-31,BHARATFORG,True
2022-01-31,BHEL,True
2022-01-31,BIOCON,True
2022-01-31,BOSCHLTD,True
2022-01-31,BPCL,True
2022-01-31,CANBK,True
2022-01-31,CASTROLIND,True
2022-01-31,CHOLAFIN,True
2022-01-31,CIPLA,True
2022-01-31,COALINDIA,True
2022-01-31,COFORGE,True
2022-01-31,COLPAL,True
2022-01-31,CONCOR,True
2022-01-31,COROMANDEL,True
2022-01-31,CROMPTON,True
2022-01-31,CUB,True
2022-01-31,CUMMINSIND,True
2022-01-31,DABUR,True
2022-01-31,DALBHARAT,True
2022-01-31,DEEPAKNTR,True
2022-01-31,DHANI,True
2022-01-31,DIVISLAB,True
2022-01-31,DIXON,True
2022-01-31,DLF,True
2022-01-31,DMART,True
2022-01-31,DRREDDY,True
2022-01-31,EICHERMOT,True
2022-01-31,EMAMILTD,True
2022-01-31,ENDURANCE,True
2022-01-31,ESCORTS,True
2022-01-31,EXIDEIND,True
2022-01-31,FEDERALBNK,True
2022-01-31,FORTIS,True
2022-01-31,GLAND,True
2022-01-31,GLENMARK,True
2022-01-31,GODREJCP,True
2022-01-31,GODREJIND,True
2022-01-31,GODREJPROP,True
2022-01-31,GRASIM,True
2022-01-31,GSPL,True
2022-01-31,GUJGASLTD,True
2022-01-31,HAL,True
2022-01-31,HAVELLS,True
2022-01-31,HCLTECH,True
2022-01-31,HDFC,True
2022-01-31,HDFCAMC,True
2022-01-31,HDFCBANK,True
2022-01-31,HDFCLIFE,True
2022-01-31,HEROMOTOCO,True
2022-01-31,HINDALCO,True
2022-01-31,HINDCOPPER,True
2022-01-31,HINDPETRO,True
2022-01-31,HINDZINC,True
2022-01-31,ICICIBANK,True
2022-01-31,ICICIGI,True
2022-01-31,IDEA,True
2022-01-31,IDFCFIRSTB,True
2022-01-31,IGL,True
2022-01-31,INDIAMART,True
2022-01-31,INDIANB,True
2022-01-31,INDIGO,True
2022-01-31,INDUSINDBK,True
2022-01-31,INDUSTOWER,True
2022-01-31,INFY,True
2022-01-31,IOC,True
2022-01-31,IPCALAB,True
2022-01-31,IRCTC,True
2022-01-31,IRFC,True
2022-01-31,ITC,True
2022-01-31,JINDALSTEL,True
2022-01-31,JSWENERGY,True
2022-01-31,JSWSTEEL,True
2022-01-31,JUBLFOOD,True
2022-01-31,KOTAKBANK,True
2022-01-31,LALPATHLAB,True
2022-01-31,LAURUSLABS,True
2022-01-31,LICHSGFIN,True
2022-01-31,LT,True
2022-01-31,LTTS,True
2022-01-31,LUPIN,True
2022-01-31,MARICO,True
2022-01-31,MARUTI,True
2022-01-31,MFSL,True
2022-01-31,MGL,True
2022-01-31,MINDTREE,True
2022-01-31,MPHASIS,True
2022-01-31,MRF,True
2022-01-31,NAM-INDIA,True
2022-01-31,NATCOPHARM,True
2022-01-31,NATIONALUM,True
2022-01-31,NAUKRI,True
2022-01-31,NAVINFLUOR,True
2022-01-31,NMDC,True
2022-01-31,NTPC,True
2022-01-31,OBEROIRLTY,True
2022-01-31,OIL,True
2022-01-31,ONGC,True
2022-01-31,PEL,True
2022-01-31,PETRONET,True
2022-01-31,PFC,True
2022-01-31,PFIZER,True
2022-01-31,PGHH,True
2022-01-31,PIDILITIND,True
2022-01-31,PIIND,True
2022-01-31,PNB,True
2022-01-31,POLYCAB,True
2022-01-31,POWERGRID,True
2022-01-31,PRESTIGE,True
2022-01-31,RAMCOCEM,True
2022-01-31,RBLBANK,True
2022-01-31,RECLTD,True
2022-01-31,RELIANCE,True
2022-01-31,SAIL,True
2022-01-31,SANOFI,True
2022-01-31,SBICARD,True
2022-01-31,SBILIFE,True
2022-01-31,SBIN,True
2022-01-31,SHREECEM,True
2022-01-31,SIEMENS,True
2022-01-31,SONACOMS,True
2022-01-31,SRF,True
2022-01-31,SUNPHARMA,True
2022-01-31,SUNTV,True
2022-01-31,SYNGENE,True
2022-01-31,TATACHEM,True
2022-01-31,TATACOMM,True
2022-01-31,TATACONSUM,True
2022-01-31,TATAELXSI,True
2022-01-31,TCS,True
2022-01-31,TECHM,True
2022-01-31,TITAN,True
2022-01-31,TORNTPHARM,True
2022-01-31,TORNTPOWER,True
2022-01-31,TRENT,True
2022-01-31,TVSMOTOR,True
2022-01-31,UBL,True
2022-01-31,ULTRACEMCO,True
2022-01-31,UNIONBANK,True
2022-01-31,UPL,True
2022-01-31,VBL,True
2022-01-31,VEDL,True
2022-01-31,VOLTAS,True
2022-01-31,WHIRLPOOL,True
2022-01-31,WIPRO,True
2022-01-31,YESBANK,True
2022-01-31,ZEEL,True
2022-02-28,AARTIIND,True
2022-02-28,ABCAPITAL,True
2022-02-28,ABFRL,True
2022-02-28,ADANIGREEN,True
2022-02-28,AMBUJACEM,True
2022-02-28,APOLLOHOSP,True
2022-02-28,APOLLOTYRE,True
2022-02-28,ASIANPAINT,True
2022-02-28,ASTRAL,True
2022-02-28,ATGL,True
2022-02-28,AUBANK,True
2022-02-28,AUROPHARMA,True
2022-02-28,AXISBANK,True
2022-02-28,BAJAJ-AUTO,True
2022-02-28,BAJAJFINSV,True
2022-02-28,BAJAJHLDNG,True
2022-02-28,BAJFINANCE,True
2022-02-28,BALKRISIND,True
2022-02-28,BANDHANBNK,True
2022-02-28,BANKBARODA,True
2022-02-28,BANKINDIA,True
2022-02-28,BATAINDIA,True
2022-02-28,BEL,True
2022-02-28,BERGEPAINT,True
2022-02-28,BHARATFORG,True
2022-02-28,BHEL,True
2022-02-28,BIOCON,True
2022-02-28,BOSCHLTD,True
2022-02-28,BPCL,True
2022-02-28,CANBK,True
2022-02-28,CASTROLIND,True
2022-02-28,CHOLAFIN,True
2022-02-28,CIPLA,True
2022-02-28,COALINDIA,True
2022-02-28,COFORGE,True
2022-02-28,COLPAL,True
2022-02-28,CONCOR,True
2022-02-28,COROMANDEL,True
2022-02-28,CROMPTON,True
2022-02-28,CUB,True
2022-02-28,CUMMINSIND,True
2022-02-28,DABUR,True
2022-02-28,DALBHARAT,True
2022-02-28,DEEPAKNTR,True
2022-02-28,DHANI,True
2022-02-28,DIVISLAB,True
2022-02-28,DIXON,True
2022-02-28,DLF,True
2022-02-28,DMART,True
2022-02-28,DRREDDY,True
2022-02-28,EICHERMOT,True
2022-02-28,EMAMILTD,True
2022-02-28,ENDURANCE,True
2022-02-28,ESCORTS,True
2022-02-28,EXIDEIND,True
2022-02-28,FEDERALBNK,True
2022-02-28,FORTIS,True
2022-02-28,GLAND,True
2022-02-28,GLENMARK,True
2022-02-28,GODREJCP,True
2022-02-28,GODREJIND,True
2022-02-28,GODREJPROP,True
2022-02-28,GRASIM,True
2022-02-28,GSPL,True
2022-02-28,GUJGASLTD,True
2022-02-28,HAL,True
2022-02-28,HAVELLS,True
2022-02-28,HCLTECH,True
2022-02-28,HDFC,True
2022-02-28,HDFCAMC,True
2022-02-28,HDFCBANK,True
2022-02-28,HDFCLIFE,True
2022-02-28,HEROMOTOCO,True
2022-02-28,HINDALCO,True
2022-02-28,HINDCOPPER,True
2022-02-28,HINDPETRO,True
2022-02-28,HINDZINC,True
2022-02-28,ICICIBANK,True
2022-02-28,ICICIGI,True
2022-02-28,IDEA,True
2022-02-28,IDFCFIRSTB,True
2022-02-28,IGL,True
2022-02-28,INDIAMART,True
2022-02-28,INDIANB,True
2022-02-28,INDIGO,True
2022-02-28,INDUSINDBK,True
2022-02-28,INDUSTOWER,True
2022-02-28,INFY,True
2022-02-28,IOC,True
2022-02-28,IPCALAB,True
2022-02-28,IRCTC,True
2022-02-28,IRFC,True
2022-02-28,ITC,True
2022-02-28,JINDALSTEL,True
2022-02-28,JSWENERGY,True
2022-02-28,JSWSTEEL,True
2022-02-28,JUBLFOOD,True
2022-02-28,KOTAKBANK,True
2022-02-28,LALPATHLAB,True
2022-02-28,LAURUSLABS,True
2022-02-28,LICHSGFIN,True
2022-02-28,LT,True
2022-02-28,LTTS,True
2022-02-28,LUPIN,True
2022-02-28,MARICO,True
2022-02-28,MARUTI,True
2022-02-28,MFSL,True
2022-02-28,MGL,True
2022-02-28,MINDTREE,True
2022-02-28,MPHASIS,True
2022-02-28,MRF,True
2022-02-28,NAM-INDIA,True
2022-02-28,NATCOPHARM,True
2022-02-28,NATIONALUM,True
2022-02-28,NAUKRI,True
2022-02-28,NAVINFLUOR,True
2022-02-28,NMDC,True
2022-02-28,NTPC,True
2022-02-28,OBEROIRLTY,True
2022-02-28,OIL,True
2022-02-28,ONGC,True
2022-02-28,PEL,True
2022-02-28,PETRONET,True
2022-02-28,PFC,True
2022-02-28,PFIZER,True
2022-02-28,PGHH,True
2022-02-28,PIDILITIND,True
2022-02-28,PIIND,True
2022-02-28,PNB,True
2022-02-28,POLYCAB,True
2022-02-28,POWERGRID,True
2022-02-28,PRESTIGE,True
2022-02-28,RAMCOCEM,True
2022-02-28,RBLBANK,True
2022-02-28,RECLTD,True
2022-02-28,RELIANCE,True
2022-02-28,SAIL,True
2022-02-28,SANOFI,True
2022-02-28,SBICARD,True
2022-02-28,SBILIFE,True
2022-02-28,SBIN,True
2022-02-28,SHREECEM,True
2022-02-28,SIEMENS,True
2022-02-28,SONACOMS,True
2022-02-28,SRF,True
2022-02-28,SUNPHARMA,True
2022-02-28,SUNTV,True
2022-02-28,SYNGENE,True
2022-02-28,TATACHEM,True
2022-02-28,TATACOMM,True
2022-02-28,TATACONSUM,True
2022-02-28,TATAELXSI,True
2022-02-28,TCS,True
2022-02-28,TECHM,True
2022-02-28,TITAN,True
2022-02-28,TORNTPHARM,True
2022-02-28,TORNTPOWER,True
2022-02-28,TRENT,True
2022-02-28,TVSMOTOR,True
2022-02-28,UBL,True
2022-02-28,ULTRACEMCO,True
2022-02-28,UNIONBANK,True
2022-02-28,UPL,True
2022-02-28,VBL,True
2022-02-28,VEDL,True
2022-02-28,VOLTAS,True
2022-02-28,WHIRLPOOL,True
2022-02-28,WIPRO,True
2022-02-28,YESBANK,True
2022-02-28,ZEEL,True
2022-03-31,AARTIIND,True
2022-03-31,ABCAPITAL,True
2022-03-31,ABFRL,True
2022-03-31,ADANIGREEN,True
2022-03-31,AMBUJACEM,True
2022-03-31,APOLLOHOSP,True
2022-03-31,APOLLOTYRE,True
2022-03-31,ASIANPAINT,True
2022-03-31,ASTRAL,True
2022-03-31,ATGL,True
2022-03-31,AUBANK,True
2022-03-31,AUROPHARMA,True
2022-03-31,AXISBANK,True
2022-03-31,BAJAJ-AUTO,True
2022-03-31,BAJAJFINSV,True
2022-03-31,BAJAJHLDNG,True
2022-03-31,BAJFINANCE,True
2022-03-31,BALKRISIND,True
2022-03-31,BANDHANBNK,True
2022-03-31,BANKBARODA,True
2022-03-31,BANKINDIA,True
2022-03-31,BATAINDIA,True
2022-03-31,BEL,True
2022-03-31,BERGEPAINT,True
2022-03-31,BHARATFORG,True
2022-03-31,BHEL,True
2022-03-31,BIOCON,True
2022-03-31,BOSCHLTD,True
2022-03-31,BPCL,True
2022-03-31,CANBK,True
2022-03-31,CASTROLIND,True
2022-03-31,CHOLAFIN,True
2022-03-31,CIPLA,True
2022-03-31,COALINDIA,True
2022-03-31,COFORGE,True
2022-03-31,COLPAL,True
2022-03-31,CONCOR,True
2022-03-31,COROMANDEL,True
2022-03-31,CROMPTON,True
2022-03-31,CUB,True
2022-03-31,CUMMINSIND,True
2022-03-31,DABUR,True
2022-03-31,DALBHARAT,True
2022-03-31,DEEPAKNTR,True
2022-03-31,DHANI,True
2022-03-31,DIVISLAB,True
2022-03-31,DIXON,True
2022-03-31,DLF,True
2022-03-31,DMART,True
2022-03-31,DRREDDY,True
2022-03-31,EICHERMOT,True
2022-03-31,EMAMILTD,True
2022-03-31,ENDURANCE,True
2022-03-31,ESCORTS,True
2022-03-31,EXIDEIND,True
2022-03-31,FEDERALBNK,True
2022-03-31,FORTIS,True
2022-03-31,GLAND,True
2022-03-31,GLENMARK,True
2022-03-31,GODREJCP,True
2022-03-31,GODREJIND,True
2022-03-31,GODREJPROP,True
2022-03-31,GRASIM,True
2022-03-31,GSPL,True
2022-03-31,GUJGASLTD,True
2022-03-31,HAL,True
2022-03-31,HAVELLS,True
2022-03-31,HCLTECH,True
2022-03-31,HDFC,True
2022-03-31,HDFCAMC,True
2022-03-31,HDFCBANK,True
2022-03-31,HDFCLIFE,True
2022-03-31,HEROMOTOCO,True
2022-03-31,HINDALCO,True
2022-03-31,HINDCOPPER,True
2022-03-31,HINDPETRO,True
2022-03-31,HINDZINC,True
2022-03-31,ICICIBANK,True
2022-03-31,ICICIGI,True
2022-03-31,IDEA,True
2022-03-31,IDFCFIRSTB,True
2022-03-31,IGL,True
2022-03-31,INDIAMART,True
2022-03-31,INDIANB,True
2022-03-31,INDIGO,True
2022-03-31,INDUSINDBK,True
2022-03-31,INDUSTOWER,True
2022-03-31,INFY,True
2022-03-31,IOC,True
2022-03-31,IPCALAB,True
2022-03-31,IRCTC,True
2022-03-31,IRFC,True
2022-03-31,ITC,True
2022-03-31,JINDALSTEL,True
2022-03-31,JSWENERGY,True
2022-03-31,JSWSTEEL,True
2022-03-31,JUBLFOOD,True
2022-03-31,KOTAKBANK,True
2022-03-31,LALPATHLAB,True
2022-03-31,LAURUSLABS,True
2022-03-31,LICHSGFIN,True
2022-03-31,LT,True
2022-03-31,LTTS,True
2022-03-31,LUPIN,True
2022-03-31,MARICO,True
2022-03-31,MARUTI,True
2022-03-31,MFSL,True
2022-03-31,MGL,True
2022-03-31,MINDTREE,True
2022-03-31,MPHASIS,True
2022-03-31,MRF,True
2022-03-31,NAM-INDIA,True
2022-03-31,NATCOPHARM,True
2022-03-31,NATIONALUM,True
2022-03-31,NAUKRI,True
2022-03-31,NAVINFLUOR,True
2022-03-31,NMDC,True
2022-03-31,NTPC,True
2022-03-31,OBEROIRLTY,True
2022-03-31,OIL,True
2022-03-31,ONGC,True
2022-03-31,PEL,True
2022-03-31,PETRONET,True
2022-03-31,PFC,True
2022-03-31,PFIZER,True
2022-03-31,PGHH,True
2022-03-31,PIDILITIND,True
2022-03-31,PIIND,True
2022-03-31,PNB,True
2022-03-31,POLYCAB,True
2022-03-31,POWERGRID,True
2022-03-31,PRESTIGE,True
2022-03-31,RAMCOCEM,True
2022-03-31,RBLBANK,True
2022-03-31,RECLTD,True
2022-03-31,RELIANCE,True
2022-03-31,SAIL,True
2022-03-31,SANOFI,True
2022-03-31,SBICARD,True
2022-03-31,SBILIFE,True
2022-03-31,SBIN,True
2022-03-31,SHREECEM,True
2022-03-31,SIEMENS,True
2022-03-31,SONACOMS,True
2022-03-31,SRF,True
2022-03-31,SUNPHARMA,True
2022-03-31,SUNTV,True
2022-03-31,SYNGENE,True
2022-03-31,TATACHEM,True
2022-03-31,TATACOMM,True
2022-03-31,TATACONSUM,True
2022-03-31,TATAELXSI,True
2022-03-31,TCS,True
2022-03-31,TECHM,True
2022-03-31,TITAN,True
2022-03-31,TORNTPHARM,True
2022-03-31,TORNTPOWER,True
2022-03-31,TRENT,True
2022-03-31,TVSMOTOR,True
2022-03-31,UBL,True
2022-03-31,ULTRACEMCO,True
2022-03-31,UNIONBANK,True
2022-03-31,UPL,True
2022-03-31,VBL,True
2022-03-31,VEDL,True
2022-03-31,VOLTAS,True
2022-03-31,WHIRLPOOL,True
2022-03-31,WIPRO,True
2022-03-31,YESBANK,True
2022-03-31,ZEEL,True
2022-04-30,AARTIIND,True
2022-04-30,ABCAPITAL,True
2022-04-30,ABFRL,True
2022-04-30,ADANIGREEN,True
2022-04-30,AMBUJACEM,True
2022-04-30,APOLLOHOSP,True
2022-04-30,APOLLOTYRE,True
2022-04-30,ASIANPAINT,True
2022-04-30,ASTRAL,True
2022-04-30,ATGL,True
2022-04-30,AUBANK,True
2022-04-30,AUROPHARMA,True
2022-04-30,AXISBANK,True
2022-04-30,BAJAJ-AUTO,True
2022-04-30,BAJAJFINSV,True
2022-04-30,BAJAJHLDNG,True
2022-04-30,BAJFINANCE,True
2022-04-30,BALKRISIND,True
2022-04-30,BANDHANBNK,True
2022-04-30,BANKBARODA,True
2022-04-30,BANKINDIA,True
2022-04-30,BATAINDIA,True
2022-04-30,BEL,True
2022-04-30,BERGEPAINT,True
2022-04-30,BHARATFORG,True
2022-04-30,BHEL,True
2022-04-30,BIOCON,True
2022-04-30,BOSCHLTD,True
2022-04-30,BPCL,True
2022-04-30,CANBK,True
2022-04-30,CASTROLIND,True
2022-04-30,CHOLAFIN,True
2022-04-30,CIPLA,True
2022-04-30,COALINDIA,True
2022-04-30,COFORGE,True
2022-04-30,COLPAL,True
2022-04-30,CONCOR,True
2022-04-30,COROMANDEL,True
2022-04-30,CROMPTON,True
2022-04-30,CUB,True
2022-04-30,CUMMINSIND,True
2022-04-30,DABUR,True
2022-04-30,DALBHARAT,True
2022-04-30,DEEPAKNTR,True
2022-04-30,DHANI,True
2022-04-30,DIVISLAB,True
2022-04-30,DIXON,True
2022-04-30,DLF,True
2022-04-30,DMART,True
2022-04-30,DRREDDY,True
2022-04-30,EICHERMOT,True
2022-04-30,EMAMILTD,True
2022-04-30,ENDURANCE,True
2022-04-30,ESCORTS,True
2022-04-30,EXIDEIND,True
2022-04-30,FEDERALBNK,True
2022-04-30,FORTIS,True
2022-04-30,GLAND,True
2022-04-30,GLENMARK,True
2022-04-30,GODREJCP,True
2022-04-30,GODREJIND,True
2022-04-30,GODREJPROP,True
2022-04-30,GRASIM,True
2022-04-30,GSPL,True
2022-04-30,GUJGASLTD,True
2022-04-30,HAL,True
2022-04-30,HAVELLS,True
2022-04-30,HCLTECH,True
2022-04-30,HDFC,True
2022-04-30,HDFCAMC,True
2022-04-30,HDFCBANK,True
2022-04-30,HDFCLIFE,True
2022-04-30,HEROMOTOCO,True
2022-04-30,HINDALCO,True
2022-04-30,HINDCOPPER,True
2022-04-30,HINDPETRO,True
2022-04-30,HINDZINC,True
2022-04-30,ICICIBANK,True
2022-04-30,ICICIGI,True
2022-04-30,IDEA,True
2022-04-30,IDFCFIRSTB,True
2022-04-30,IGL,True
2022-04-30,INDIAMART,True
2022-04-30,INDIANB,True
2022-04-30,INDIGO,True
2022-04-30,INDUSINDBK,True
2022-04-30,INDUSTOWER,True
2022-04-30,INFY,True
2022-04-30,IOC,True
2022-04-30,IPCALAB,True
2022-04-30,IRCTC,True
2022-04-30,IRFC,True
2022-04-30,ITC,True
2022-04-30,JINDALSTEL,True
2022-04-30,JSWENERGY,True
2022-04-30,JSWSTEEL,True
2022-04-30,JUBLFOOD,True
2022-04-30,KOTAKBANK,True
2022-04-30,LALPATHLAB,True
2022-04-30,LAURUSLABS,True
2022-04-30,LICHSGFIN,True
2022-04-30,LT,True
2022-04-30,LTTS,True
2022-04-30,LUPIN,True
2022-04-30,MARICO,True
2022-04-30,MARUTI,True
2022-04-30,MFSL,True
2022-04-30,MGL,True
2022-04-30,MINDTREE,True
2022-04-30,MPHASIS,True
2022-04-30,MRF,True
2022-04-30,NAM-INDIA,True
2022-04-30,NATCOPHARM,True
2022-04-30,NATIONALUM,True
2022-04-30,NAUKRI,True
2022-04-30,NAVINFLUOR,True
2022-04-30,NMDC,True
2022-04-30,NTPC,True
2022-04-30,OBEROIRLTY,True
2022-04-30,OIL,True
2022-04-30,ONGC,True
2022-04-30,PEL,True
2022-04-30,PETRONET,True
2022-04-30,PFC,True
2022-04-30,PFIZER,True
2022-04-30,PGHH,True
2022-04-30,PIDILITIND,True
2022-04-30,PIIND,True
2022-04-30,PNB,True
2022-04-30,POLYCAB,True
2022-04-30,POWERGRID,True
2022-04-30,PRESTIGE,True
2022-04-30,RAMCOCEM,True
2022-04-30,RBLBANK,True
2022-04-30,RECLTD,True
2022-04-30,RELIANCE,True
2022-04-30,SAIL,True
2022-04-30,SANOFI,True
2022-04-30,SBICARD,True
2022-04-30,SBILIFE,True
2022-04-30,SBIN,True
2022-04-30,SHREECEM,True
2022-04-30,SIEMENS,True
2022-04-30,SONACOMS,True
2022-04-30,SRF,True
2022-04-30,SUNPHARMA,True
2022-04-30,SUNTV,True
2022-04-30,SYNGENE,True
2022-04-30,TATACHEM,True
2022-04-30,TATACOMM,True
2022-04-30,TATACONSUM,True
2022-04-30,TATAELXSI,True
2022-04-30,TCS,True
2022-04-30,TECHM,True
2022-04-30,TITAN,True
2022-04-30,TORNTPHARM,True
2022-04-30,TORNTPOWER,True
2022-04-30,TRENT,True
2022-04-30,TVSMOTOR,True
2022-04-30,UBL,True
2022-04-30,ULTRACEMCO,True
2022-04-30,UNIONBANK,True
2022-04-30,UPL,True
2022-04-30,VBL,True
2022-04-30,VEDL,True
2022-04-30,VOLTAS,True
2022-04-30,WHIRLPOOL,True
2022-04-30,WIPRO,True
2022-04-30,YESBANK,True
2022-04-30,ZEEL,True
2022-05-31,AARTIIND,True
2022-05-31,ABCAPITAL,True
2022-05-31,ABFRL,True
2022-05-31,ADANIGREEN,True
2022-05-31,AMBUJACEM,True
2022-05-31,APOLLOHOSP,True
2022-05-31,APOLLOTYRE,True
2022-05-31,ASIANPAINT,True
2022-05-31,ASTRAL,True
2022-05-31,ATGL,True
2022-05-31,AUBANK,True
2022-05-31,AUROPHARMA,True
2022-05-31,AXISBANK,True
2022-05-31,BAJAJ-AUTO,True
2022-05-31,BAJAJFINSV,True
2022-05-31,BAJAJHLDNG,True
2022-05-31,BAJFINANCE,True
2022-05-31,BALKRISIND,True
2022-05-31,BANDHANBNK,True
2022-05-31,BANKBARODA,True
2022-05-31,BANKINDIA,True
2022-05-31,BATAINDIA,True
2022-05-31,BEL,True
2022-05-31,BERGEPAINT,True
2022-05-31,BHARATFORG,True
2022-05-31,BHEL,True
2022-05-31,BIOCON,True
2022-05-31,BOSCHLTD,True
2022-05-31,BPCL,True
2022-05-31,CANBK,True
2022-05-31,CASTROLIND,True
2022-05-31,CHOLAFIN,True
2022-05-31,CIPLA,True
2022-05-31,COALINDIA,True
2022-05-31,COFORGE,True
2022-05-31,COLPAL,True
2022-05-31,CONCOR,True
2022-05-31,COROMANDEL,True
2022-05-31,CROMPTON,True
2022-05-31,CUB,True
2022-05-31,CUMMINSIND,True
2022-05-31,DABUR,True
2022-05-31,DALBHARAT,True
2022-05-31,DEEPAKNTR,True
2022-05-31,DHANI,True
2022-05-31,DIVISLAB,True
2022-05-31,DIXON,True
2022-05-31,DLF,True
2022-05-31,DMART,True
2022-05-31,DRREDDY,True
2022-05-31,EICHERMOT,True
2022-05-31,EMAMILTD,True
2022-05-31,ENDURANCE,True
2022-05-31,ESCORTS,True
2022-05-31,EXIDEIND,True
2022-05-31,FEDERALBNK,True
2022-05-31,FORTIS,True
2022-05-31,GLAND,True
2022-05-31,GLENMARK,True
2022-05-31,GODREJCP,True
2022-05-31,GODREJIND,True
2022-05-31,GODREJPROP,True
2022-05-31,GRASIM,True
2022-05-31,GSPL,True
2022-05-31,GUJGASLTD,True
2022-05-31,HAL,True
2022-05-31,HAVELLS,True
2022-05-31,HCLTECH,True
2022-05-31,HDFC,True
2022-05-31,HDFCAMC,True
2022-05-31,HDFCBANK,True
2022-05-31,HDFCLIFE,True
2022-05-31,HEROMOTOCO,True
2022-05-31,HINDALCO,True
2022-05-31,HINDCOPPER,True
2022-05-31,HINDPETRO,True
2022-05-31,HINDZINC,True
2022-05-31,ICICIBANK,True
2022-05-31,ICICIGI,True
2022-05-31,IDEA,True
2022-05-31,IDFCFIRSTB,True
2022-05-31,IGL,True
2022-05-31,INDIAMART,True
2022-05-31,INDIANB,True
2022-05-31,INDIGO,True
2022-05-31,INDUSINDBK,True
2022-05-31,INDUSTOWER,True
2022-05-31,INFY,True
2022-05-31,IOC,True
2022-05-31,IPCALAB,True
2022-05-31,IRCTC,True
2022-05-31,IRFC,True
2022-05-31,ITC,True
2022-05-31,JINDALSTEL,True
2022-05-31,JSWENERGY,True
2022-05-31,JSWSTEEL,True
2022-05-31,JUBLFOOD,True
2022-05-31,KOTAKBANK,True
2022-05-31,LALPATHLAB,True
2022-05-31,LAURUSLABS,True
2022-05-31,LICHSGFIN,True
2022-05-31,LT,True
2022-05-31,LTTS,True
2022-05-31,LUPIN,True
2022-05-31,MARICO,True
2022-05-31,MARUTI,True
2022-05-31,MFSL,True
2022-05-31,MGL,True
2022-05-31,MINDTREE,True
2022-05-31,MPHASIS,True
2022-05-31,MRF,True
2022-05-31,NAM-INDIA,True
2022-05-31,NATCOPHARM,True
2022-05-31,NATIONALUM,True
2022-05-31,NAUKRI,True
2022-05-31,NAVINFLUOR,True
2022-05-31,NMDC,True
2022-05-31,NTPC,True
2022-05-31,OBEROIRLTY,True
2022-05-31,OIL,True
2022-05-31,ONGC,True
2022-05-31,PEL,True
2022-05-31,PETRONET,True
2022-05-31,PFC,True
2022-05-31,PFIZER,True
2022-05-31,PGHH,True
2022-05-31,PIDILITIND,True
2022-05-31,PIIND,True
2022-05-31,PNB,True
2022-05-31,POLYCAB,True
2022-05-31,POWERGRID,True
2022-05-31,PRESTIGE,True
2022-05-31,RAMCOCEM,True
2022-05-31,RBLBANK,True
2022-05-31,RECLTD,True
2022-05-31,RELIANCE,True
2022-05-31,SAIL,True
2022-05-31,SANOFI,True
2022-05-31,SBICARD,True
2022-05-31,SBILIFE,True
2022-05-31,SBIN,True
2022-05-31,SHREECEM,True
2022-05-31,SIEMENS,True
2022-05-31,SONACOMS,True
2022-05-31,SRF,True
2022-05-31,SUNPHARMA,True
2022-05-31,SUNTV,True
2022-05-31,SYNGENE,True
2022-05-31,TATACHEM,True
2022-05-31,TATACOMM,True
2022-05-31,TATACONSUM,True
2022-05-31,TATAELXSI,True
2022-05-31,TCS,True
2022-05-31,TECHM,True
2022-05-31,TITAN,True
2022-05-31,TORNTPHARM,True
2022-05-31,TORNTPOWER,True
2022-05-31,TRENT,True
2022-05-31,TVSMOTOR,True
2022-05-31,UBL,True
2022-05-31,ULTRACEMCO,True
2022-05-31,UNIONBANK,True
2022-05-31,UPL,True
2022-05-31,VBL,True
2022-05-31,VEDL,True
2022-05-31,VOLTAS,True
2022-05-31,WHIRLPOOL,True
2022-05-31,WIPRO,True
2022-05-31,YESBANK,True
2022-05-31,ZEEL,True
2022-06-30,AARTIIND,True
2022-06-30,ABCAPITAL,True
2022-06-30,ABFRL,True
2022-06-30,ADANIGREEN,True
2022-06-30,AMBUJACEM,True
2022-06-30,APOLLOHOSP,True
2022-06-30,APOLLOTYRE,True
2022-06-30,ASIANPAINT,True
2022-06-30,ASTRAL,True
2022-06-30,ATGL,True
2022-06-30,AUBANK,True
2022-06-30,AUROPHARMA,True
2022-06-30,AXISBANK,True
2022-06-30,BAJAJ-AUTO,True
2022-06-30,BAJAJFINSV,True
2022-06-30,BAJAJHLDNG,True
2022-06-30,BAJFINANCE,True
2022-06-30,BALKRISIND,True
2022-06-30,BANDHANBNK,True
2022-06-30,BANKBARODA,True
2022-06-30,BANKINDIA,True
2022-06-30,BATAINDIA,True
2022-06-30,BEL,True
2022-06-30,BERGEPAINT,True
2022-06-30,BHARATFORG,True
2022-06-30,BHEL,True
2022-06-30,BIOCON,True
2022-06-30,BOSCHLTD,True
2022-06-30,BPCL,True
2022-06-30,CANBK,True
2022-06-30,CASTROLIND,True
2022-06-30,CHOLAFIN,True
2022-06-30,CIPLA,True
2022-06-30,COALINDIA,True
2022-06-30,COFORGE,True
2022-06-30,COLPAL,True
2022-06-30,CONCOR,True
2022-06-30,COROMANDEL,True
2022-06-30,CROMPTON,True
2022-06-30,CUB,True
2022-06-30,CUMMINSIND,True
2022-06-30,DABUR,True
2022-06-30,DALBHARAT,True
2022-06-30,DEEPAKNTR,True
2022-06-30,DHANI,True
2022-06-30,DIVISLAB,True
2022-06-30,DIXON,True
2022-06-30,DLF,True
2022-06-30,DMART,True
2022-06-30,DRREDDY,True
2022-06-30,EICHERMOT,True
2022-06-30,EMAMILTD,True
2022-06-30,ENDURANCE,True
2022-06-30,ESCORTS,True
2022-06-30,EXIDEIND,True
2022-06-30,FEDERALBNK,True
2022-06-30,FORTIS,True
2022-06-30,GLAND,True
2022-06-30,GLENMARK,True
2022-06-30,GODREJCP,True
2022-06-30,GODREJIND,True
2022-06-30,GODREJPROP,True
2022-06-30,GRASIM,True
2022-06-30,GSPL,True
2022-06-30,GUJGASLTD,True
2022-06-30,HAL,True
2022-06-30,HAVELLS,True
2022-06-30,HCLTECH,True
2022-06-30,HDFC,True
2022-06-30,HDFCAMC,True
2022-06-30,HDFCBANK,True
2022-06-30,HDFCLIFE,True
2022-06-30,HEROMOTOCO,True
2022-06-30,HINDALCO,True
2022-06-30,HINDCOPPER,True
2022-06-30,HINDPETRO,True
2022-06-30,HINDZINC,True
2022-06-30,ICICIBANK,True
2022-06-30,ICICIGI,True
2022-06-30,IDEA,True
2022-06-30,IDFCFIRSTB,True
2022-06-30,IGL,True
2022-06-30,INDIAMART,True
2022-06-30,INDIANB,True
2022-06-30,INDIGO,True
2022-06-30,INDUSINDBK,True
2022-06-30,INDUSTOWER,True
2022-06-30,INFY,True
2022-06-30,IOC,True
2022-06-30,IPCALAB,True
2022-06-30,IRCTC,True
2022-06-30,IRFC,True
2022-06-30,ITC,True
2022-06-30,JINDALSTEL,True
2022-06-30,JSWENERGY,True
2022-06-30,JSWSTEEL,True
2022-06-30,JUBLFOOD,True
2022-06-30,KOTAKBANK,True
2022-06-30,LALPATHLAB,True
2022-06-30,LAURUSLABS,True
2022-06-30,LICHSGFIN,True
2022-06-30,LT,True
2022-06-30,LTTS,True
2022-06-30,LUPIN,True
2022-06-30,MARICO,True
2022-06-30,MARUTI,True
2022-06-30,MFSL,True
2022-06-30,MGL,True
2022-06-30,MINDTREE,True
2022-06-30,MPHASIS,True
2022-06-30,MRF,True
2022-06-30,NAM-INDIA,True
2022-06-30,NATCOPHARM,True
2022-06-30,NATIONALUM,True
2022-06-30,NAUKRI,True
2022-06-30,NAVINFLUOR,True
2022-06-30,NMDC,True
2022-06-30,NTPC,True
2022-06-30,OBEROIRLTY,True
2022-06-30,OIL,True
2022-06-30,ONGC,True
2022-06-30,PEL,True
2022-06-30,PETRONET,True
2022-06-30,PFC,True
2022-06-30,PFIZER,True
2022-06-30,PGHH,True
2022-06-30,PIDILITIND,True
2022-06-30,PIIND,True
2022-06-30,PNB,True
2022-06-30,POLYCAB,True
2022-06-30,POWERGRID,True
2022-06-30,PRESTIGE,True
2022-06-30,RAMCOCEM,True
2022-06-30,RBLBANK,True
2022-06-30,RECLTD,True
2022-06-30,RELIANCE,True
2022-06-30,SAIL,True
2022-06-30,SANOFI,True
2022-06-30,SBICARD,True
2022-06-30,SBILIFE,True
2022-06-30,SBIN,True
2022-06-30,SHREECEM,True
2022-06-30,SIEMENS,True
2022-06-30,SONACOMS,True
2022-06-30,SRF,True
2022-06-30,SUNPHARMA,True
2022-06-30,SUNTV,True
2022-06-30,SYNGENE,True
2022-06-30,TATACHEM,True
2022-06-30,TATACOMM,True
2022-06-30,TATACONSUM,True
2022-06-30,TATAELXSI,True
2022-06-30,TCS,True
2022-06-30,TECHM,True
2022-06-30,TITAN,True
2022-06-30,TORNTPHARM,True
2022-06-30,TORNTPOWER,True
2022-06-30,TRENT,True
2022-06-30,TVSMOTOR,True
2022-06-30,UBL,True
2022-06-30,ULTRACEMCO,True
2022-06-30,UNIONBANK,True
2022-06-30,UPL,True
2022-06-30,VBL,True
2022-06-30,VEDL,True
2022-06-30,VOLTAS,True
2022-06-30,WHIRLPOOL,True
2022-06-30,WIPRO,True
2022-06-30,YESBANK,True
2022-06-30,ZEEL,True
2022-07-31,AARTIIND,True
2022-07-31,ABCAPITAL,True
2022-07-31,ABFRL,True
2022-07-31,ADANIGREEN,True
2022-07-31,AMBUJACEM,True
2022-07-31,APOLLOHOSP,True
2022-07-31,APOLLOTYRE,True
2022-07-31,ASIANPAINT,True
2022-07-31,ASTRAL,True
2022-07-31,ATGL,True
2022-07-31,AUBANK,True
2022-07-31,AUROPHARMA,True
2022-07-31,AXISBANK,True
2022-07-31,BAJAJ-AUTO,True
2022-07-31,BAJAJFINSV,True
2022-07-31,BAJAJHLDNG,True
2022-07-31,BAJFINANCE,True
2022-07-31,BALKRISIND,True
2022-07-31,BANDHANBNK,True
2022-07-31,BANKBARODA,True
2022-07-31,BANKINDIA,True
2022-07-31,BATAINDIA,True
2022-07-31,BEL,True
2022-07-31,BERGEPAINT,True
2022-07-31,BHARATFORG,True
2022-07-31,BHEL,True
2022-07-31,BIOCON,True
2022-07-31,BOSCHLTD,True
2022-07-31,BPCL,True
2022-07-31,CANBK,True
2022-07-31,CASTROLIND,True
2022-07-31,CHOLAFIN,True
2022-07-31,CIPLA,True
2022-07-31,COALINDIA,True
2022-07-31,COFORGE,True
2022-07-31,COLPAL,True
2022-07-31,CONCOR,True
2022-07-31,COROMANDEL,True
2022-07-31,CROMPTON,True
2022-07-31,CUB,True
2022-07-31,CUMMINSIND,True
2022-07-31,DABUR,True
2022-07-31,DALBHARAT,True
2022-07-31,DEEPAKNTR,True
2022-07-31,DHANI,True
2022-07-31,DIVISLAB,True
2022-07-31,DIXON,True
2022-07-31,DLF,True
2022-07-31,DMART,True
2022-07-31,DRREDDY,True
2022-07-31,EICHERMOT,True
2022-07-31,EMAMILTD,True
2022-07-31,ENDURANCE,True
2022-07-31,ESCORTS,True
2022-07-31,EXIDEIND,True
2022-07-31,FEDERALBNK,True
2022-07-31,FORTIS,True
2022-07-31,GLAND,True
2022-07-31,GLENMARK,True
2022-07-31,GODREJCP,True
2022-07-31,GODREJIND,True
2022-07-31,GODREJPROP,True
2022-07-31,GRASIM,True
2022-07-31,GSPL,True
2022-07-31,GUJGASLTD,True
2022-07-31,HAL,True
2022-07-31,HAVELLS,True
2022-07-31,HCLTECH,True
2022-07-31,HDFC,True
2022-07-31,HDFCAMC,True
2022-07-31,HDFCBANK,True
2022-07-31,HDFCLIFE,True
2022-07-31,HEROMOTOCO,True
2022-07-31,HINDALCO,True
2022-07-31,HINDCOPPER,True
2022-07-31,HINDPETRO,True
2022-07-31,HINDZINC,True
2022-07-31,ICICIBANK,True
2022-07-31,ICICIGI,True
2022-07-31,IDEA,True
2022-07-31,IDFCFIRSTB,True
2022-07-31,IGL,True
2022-07-31,INDIAMART,True
2022-07-31,INDIANB,True
2022-07-31,INDIGO,True
2022-07-31,INDUSINDBK,True
2022-07-31,INDUSTOWER,True
2022-07-31,INFY,True
2022-07-31,IOC,True
2022-07-31,IPCALAB,True
2022-07-31,IRCTC,True
2022-07-31,IRFC,True
2022-07-31,ITC,True
2022-07-31,JINDALSTEL,True
2022-07-31,JSWENERGY,True
2022-07-31,JSWSTEEL,True
2022-07-31,JUBLFOOD,True
2022-07-31,KOTAKBANK,True
2022-07-31,LALPATHLAB,True
2022-07-31,LAURUSLABS,True
2022-07-31,LICHSGFIN,True
2022-07-31,LT,True
2022-07-31,LTTS,True
2022-07-31,LUPIN,True
2022-07-31,MARICO,True
2022-07-31,MARUTI,True
2022-07-31,MFSL,True
2022-07-31,MGL,True
2022-07-31,MINDTREE,True
2022-07-31,MPHASIS,True
2022-07-31,MRF,True
2022-07-31,NAM-INDIA,True
2022-07-31,NATCOPHARM,True
2022-07-31,NATIONALUM,True
2022-07-31,NAUKRI,True
2022-07-31,NAVINFLUOR,True
2022-07-31,NMDC,True
2022-07-31,NTPC,True
2022-07-31,OBEROIRLTY,True
2022-07-31,OIL,True
2022-07-31,ONGC,True
2022-07-31,PEL,True
2022-07-31,PETRONET,True
2022-07-31,PFC,True
2022-07-31,PFIZER,True
2022-07-31,PGHH,True
2022-07-31,PIDILITIND,True
2022-07-31,PIIND,True
2022-07-31,PNB,True
2022-07-31,POLYCAB,True
2022-07-31,POWERGRID,True
2022-07-31,PRESTIGE,True
2022-07-31,RAMCOCEM,True
2022-07-31,RBLBANK,True
2022-07-31,RECLTD,True
2022-07-31,RELIANCE,True
2022-07-31,SAIL,True
2022-07-31,SANOFI,True
2022-07-31,SBICARD,True
2022-07-31,SBILIFE,True
2022-07-31,SBIN,True
2022-07-31,SHREECEM,True
2022-07-31,SIEMENS,True
2022-07-31,SONACOMS,True
2022-07-31,SRF,True
2022-07-31,SUNPHARMA,True
2022-07-31,SUNTV,True
2022-07-31,SYNGENE,True
2022-07-31,TATACHEM,True
2022-07-31,TATACOMM,True
2022-07-31,TATACONSUM,True
2022-07-31,TATAELXSI,True
2022-07-31,TCS,True
2022-07-31,TECHM,True
2022-07-31,TITAN,True
2022-07-31,TORNTPHARM,True
2022-07-31,TORNTPOWER,True
2022-07-31,TRENT,True
2022-07-31,TVSMOTOR,True
2022-07-31,UBL,True
2022-07-31,ULTRACEMCO,True
2022-07-31,UNIONBANK,True
2022-07-31,UPL,True
2022-07-31,VBL,True
2022-07-31,VEDL,True
2022-07-31,VOLTAS,True
2022-07-31,WHIRLPOOL,True
2022-07-31,WIPRO,True
2022-07-31,YESBANK,True
2022-07-31,ZEEL,True
2022-08-31,AARTIIND,True
2022-08-31,ABCAPITAL,True
2022-08-31,ABFRL,True
2022-08-31,ADANIGREEN,True
2022-08-31,AMBUJACEM,True
2022-08-31,APOLLOHOSP,True
2022-08-31,APOLLOTYRE,True
2022-08-31,ASIANPAINT,True
2022-08-31,ASTRAL,True
2022-08-31,ATGL,True
2022-08-31,AUBANK,True
2022-08-31,AUROPHARMA,True
2022-08-31,AXISBANK,True
2022-08-31,BAJAJ-AUTO,True
2022-08-31,BAJAJFINSV,True
2022-08-31,BAJAJHLDNG,True
2022-08-31,BAJFINANCE,True
2022-08-31,BALKRISIND,True
2022-08-31,BANDHANBNK,True
2022-08-31,BANKBARODA,True
2022-08-31,BANKINDIA,True
2022-08-31,BATAINDIA,True
2022-08-31,BEL,True
2022-08-31,BERGEPAINT,True
2022-08-31,BHARATFORG,True
2022-08-31,BHEL,True
2022-08-31,BIOCON,True
2022-08-31,BOSCHLTD,True
2022-08-31,BPCL,True
2022-08-31,CANBK,True
2022-08-31,CASTROLIND,True
2022-08-31,CHOLAFIN,True
2022-08-31,CIPLA,True
2022-08-31,COALINDIA,True
2022-08-31,COFORGE,True
2022-08-31,COLPAL,True
2022-08-31,CONCOR,True
2022-08-31,COROMANDEL,True
2022-08-31,CROMPTON,True
2022-08-31,CUB,True
2022-08-31,CUMMINSIND,True
2022-08-31,DABUR,True
2022-08-31,DALBHARAT,True
2022-08-31,DEEPAKNTR,True
2022-08-31,DELHIVERY,True
2022-08-31,DHANI,True
2022-08-31,DIVISLAB,True
2022-08-31,DIXON,True
2022-08-31,DLF,True
2022-08-31,DMART,True
2022-08-31,DRREDDY,True
2022-08-31,EICHERMOT,True
2022-08-31,EMAMILTD,True
2022-08-31,ENDURANCE,True
2022-08-31,ESCORTS,True
2022-08-31,EXIDEIND,True
2022-08-31,FEDERALBNK,True
2022-08-31,FORTIS,True
2022-08-31,GLAND,True
2022-08-31,GLENMARK,True
2022-08-31,GODREJCP,True
2022-08-31,GODREJIND,True
2022-08-31,GODREJPROP,True
2022-08-31,GRASIM,True
2022-08-31,GSPL,True
2022-08-31,GUJGASLTD,True
2022-08-31,HAL,True
2022-08-31,HAVELLS,True
2022-08-31,HCLTECH,True
2022-08-31,HDFC,True
2022-08-31,HDFCAMC,True
2022-08-31,HDFCBANK,True
2022-08-31,HDFCLIFE,True
2022-08-31,HEROMOTOCO,True
2022-08-31,HINDALCO,True
2022-08-31,HINDCOPPER,True
2022-08-31,HINDPETRO,True
2022-08-31,HINDZINC,True
2022-08-31,ICICIBANK,True
2022-08-31,ICICIGI,True
2022-08-31,IDEA,True
2022-08-31,IDFCFIRSTB,True
2022-08-31,IGL,True
2022-08-31,INDIAMART,True
2022-08-31,INDIANB,True
2022-08-31,INDIGO,True
2022-08-31,INDUSINDBK,True
2022-08-31,INDUSTOWER,True
2022-08-31,INFY,True
2022-08-31,IOC,True
2022-08-31,IPCALAB,True
2022-08-31,IRCTC,True
2022-08-31,IRFC,True
2022-08-31,ITC,True
2022-08-31,JINDALSTEL,True
2022-08-31,JSWENERGY,True
2022-08-31,JSWSTEEL,True
2022-08-31,JUBLFOOD,True
2022-08-31,KOTAKBANK,True
2022-08-31,LALPATHLAB,True
2022-08-31,LAURUSLABS,True
2022-08-31,LICHSGFIN,True
2022-08-31,LICI,True
2022-08-31,LT,True
2022-08-31,LTTS,True
2022-08-31,LUPIN,True
2022-08-31,MARICO,True
2022-08-31,MARUTI,True
2022-08-31,MFSL,True
2022-08-31,MGL,True
2022-08-31,MINDTREE,True
2022-08-31,MPHASIS,True
2022-08-31,MRF,True
2022-08-31,NAM-INDIA,True
2022-08-31,NATCOPHARM,True
2022-08-31,NATIONALUM,True
2022-08-31,NAUKRI,True
2022-08-31,NAVINFLUOR,True
2022-08-31,NTPC,True
2022-08-31,OBEROIRLTY,True
2022-08-31,OIL,True
2022-08-31,ONGC,True
2022-08-31,PETRONET,True
2022-08-31,PFC,True
2022-08-31,PFIZER,True
2022-08-31,PGHH,True
2022-08-31,PIDILITIND,True
2022-08-31,PIIND,True
2022-08-31,PNB,True
2022-08-31,POLYCAB,True
2022-08-31,POWERGRID,True
2022-08-31,PRESTIGE,True
2022-08-31,RAMCOCEM,True
2022-08-31,RBLBANK,True
2022-08-31,RECLTD,True
2022-08-31,RELIANCE,True
2022-08-31,SAIL,True
2022-08-31,SANOFI,True
2022-08-31,SBICARD,True
2022-08-31,SBILIFE,True
2022-08-31,SBIN,True
2022-08-31,SHREECEM,True
2022-08-31,SIEMENS,True
2022-08-31,SONACOMS,True
2022-08-31,SRF,True
2022-08-31,SUNPHARMA,True
2022-08-31,SUNTV,True
2022-08-31,SYNGENE,True
2022-08-31,TATACHEM,True
2022-08-31,TATACOMM,True
2022-08-31,TATACONSUM,True
2022-08-31,TATAELXSI,True
2022-08-31,TCS,True
2022-08-31,TECHM,True
2022-08-31,TITAN,True
2022-08-31,TORNTPHARM,True
2022-08-31,TORNTPOWER,True
2022-08-31,TRENT,True
2022-08-31,TVSMOTOR,True
2022-08-31,UBL,True
2022-08-31,ULTRACEMCO,True
2022-08-31,UNIONBANK,True
2022-08-31,UPL,True
2022-08-31,VBL,True
2022-08-31,VEDL,True
2022-08-31,VOLTAS,True
2022-08-31,WHIRLPOOL,True
2022-08-31,WIPRO,True
2022-08-31,YESBANK,True
2022-08-31,ZEEL,True
2022-09-30,AARTIIND,True
2022-09-30,ABCAPITAL,True
2022-09-30,ABFRL,True
2022-09-30,ADANIGREEN,True
2022-09-30,AMBUJACEM,True
2022-09-30,APOLLOHOSP,True
2022-09-30,ASIANPAINT,True
2022-09-30,ASTRAL,True
2022-09-30,ATGL,True
2022-09-30,AUBANK,True
2022-09-30,AUROPHARMA,True
2022-09-30,AWL,True
2022-09-30,AXISBANK,True
2022-09-30,BAJAJ-AUTO,True
2022-09-30,BAJAJFINSV,True
2022-09-30,BAJAJHLDNG,True
2022-09-30,BAJFINANCE,True
2022-09-30,BALKRISIND,True
2022-09-30,BANDHANBNK,True
2022-09-30,BANKBARODA,True
2022-09-30,BANKINDIA,True
2022-09-30,BATAINDIA,True
2022-09-30,BEL,True
2022-09-30,BERGEPAINT,True
2022-09-30,BHARATFORG,True
2022-09-30,BHEL,True
2022-09-30,BIOCON,True
2022-09-30,BOSCHLTD,True
2022-09-30,BPCL,True
2022-09-30,CANBK,True
2022-09-30,CASTROLIND,True
2022-09-30,CHOLAFIN,True
2022-09-30,CIPLA,True
2022-09-30,COALINDIA,True
2022-09-30,COFORGE,True
2022-09-30,COLPAL,True
2022-09-30,CONCOR,True
2022-09-30,COROMANDEL,True
2022-09-30,CROMPTON,True
2022-09-30,CUB,True
2022-09-30,CUMMINSIND,True
2022-09-30,DABUR,True
2022-09-30,DALBHARAT,True
2022-09-30,DEEPAKNTR,True
2022-09-30,DELHIVERY,True
2022-09-30,DHANI,True
2022-09-30,DIVISLAB,True
2022-09-30,DIXON,True
2022-09-30,DLF,True
2022-09-30,DMART,True
2022-09-30,DRREDDY,True
2022-09-30,EICHERMOT,True
2022-09-30,EMAMILTD,True
2022-09-30,ENDURANCE,True
2022-09-30,ESCORTS,True
2022-09-30,FEDERALBNK,True
2022-09-30,FORTIS,True
2022-09-30,GLAND,True
2022-09-30,GODREJCP,True
2022-09-30,GODREJIND,True
2022-09-30,GODREJPROP,True
2022-09-30,GRASIM,True
2022-09-30,GSPL,True
2022-09-30,GUJGASLTD,True
2022-09-30,HAL,True
2022-09-30,HAVELLS,True
2022-09-30,HCLTECH,True
2022-09-30,HDFC,True
2022-09-30,HDFCAMC,True
2022-09-30,HDFCBANK,True
2022-09-30,HDFCLIFE,True
2022-09-30,HEROMOTOCO,True
2022-09-30,HINDALCO,True
2022-09-30,HINDCOPPER,True
2022-09-30,HINDPETRO,True
2022-09-30,HINDZINC,True
2022-09-30,ICICIBANK,True
2022-09-30,ICICIGI,True
2022-09-30,IDEA,True
2022-09-30,IDFCFIRSTB,True
2022-09-30,IGL,True
2022-09-30,INDIAMART,True
2022-09-30,INDIANB,True
2022-09-30,INDIGO,True
2022-09-30,INDUSINDBK,True
2022-09-30,INDUSTOWER,True
2022-09-30,INFY,True
2022-09-30,IOC,True
2022-09-30,IPCALAB,True
2022-09-30,IRCTC,True
2022-09-30,IRFC,True
2022-09-30,ITC,True
2022-09-30,JINDALSTEL,True
2022-09-30,JSWENERGY,True
2022-09-30,JSWSTEEL,True
2022-09-30,JUBLFOOD,True
2022-09-30,KOTAKBANK,True
2022-09-30,LALPATHLAB,True
2022-09-30,LAURUSLABS,True
2022-09-30,LICHSGFIN,True
2022-09-30,LICI,True
2022-09-30,LINDEINDIA,True
2022-09-30,LT,True
2022-09-30,LTTS,True
2022-09-30,LUPIN,True
2022-09-30,MARICO,True
2022-09-30,MARUTI,True
2022-09-30,MFSL,True
2022-09-30,MGL,True
2022-09-30,MOTHERSON,True
2022-09-30,MPHASIS,True
2022-09-30,MRF,True
2022-09-30,MSUMI,True
2022-09-30,NAM-INDIA,True
2022-09-30,NATCOPHARM,True
2022-09-30,NATIONALUM,True
2022-09-30,NAUKRI,True
2022-09-30,NAVINFLUOR,True
2022-09-30,NTPC,True
2022-09-30,OBEROIRLTY,True
2022-09-30,OIL,True
2022-09-30,ONGC,True
2022-09-30,PATANJALI,True
2022-09-30,PETRONET,True
2022-09-30,PFC,True
2022-09-30,PFIZER,True
2022-09-30,PGHH,True
2022-09-30,PIDILITIND,True
2022-09-30,PIIND,True
2022-09-30,PNB,True
2022-09-30,POLYCAB,True
2022-09-30,POONAWALLA,True
2022-09-30,POWERGRID,True
2022-09-30,PRESTIGE,True
2022-09-30,RAMCOCEM,True
2022-09-30,RBLBANK,True
2022-09-30,RECLTD,True
2022-09-30,RELIANCE,True
2022-09-30,SAIL,True
2022-09-30,SANOFI,True
2022-09-30,SBICARD,True
2022-09-30,SBILIFE,True
2022-09-30,SBIN,True
2022-09-30,SHREECEM,True
2022-09-30,SIEMENS,True
2022-09-30,SONACOMS,True
2022-09-30,SRF,True
2022-09-30,SUNPHARMA,True
2022-09-30,SUNTV,True
2022-09-30,SYNGENE,True
2022-09-30,TATACHEM,True
2022-09-30,TATACOMM,True
2022-09-30,TATACONSUM,True
2022-09-30,TATAELXSI,True
2022-09-30,TCS,True
2022-09-30,TECHM,True
2022-09-30,TIINDIA,True
2022-09-30,TITAN,True
2022-09-30,TORNTPHARM,True
2022-09-30,TORNTPOWER,True
2022-09-30,TRENT,True
2022-09-30,TVSMOTOR,True
2022-09-30,UBL,True
2022-09-30,ULTRACEMCO,True
2022-09-30,UNIONBANK,True
2022-09-30,UPL,True
2022-09-30,VBL,True
2022-09-30,VEDL,True
2022-09-30,VOLTAS,True
2022-09-30,WHIRLPOOL,True
2022-09-30,WIPRO,True
2022-09-30,YESBANK,True
2022-09-30,ZEEL,True
2022-10-31,AARTIIND,True
2022-10-31,ABCAPITAL,True
2022-10-31,ABFRL,True
2022-10-31,ADANIGREEN,True
2022-10-31,AMBUJACEM,True
2022-10-31,APOLLOHOSP,True
2022-10-31,ASIANPAINT,True
2022-10-31,ASTRAL,True
2022-10-31,ATGL,True
2022-10-31,AUBANK,True
2022-10-31,AUROPHARMA,True
2022-10-31,AWL,True
2022-10-31,AXISBANK,True
2022-10-31,BAJAJ-AUTO,True
2022-10-31,BAJAJFINSV,True
2022-10-31,BAJAJHLDNG,True
2022-10-31,BAJFINANCE,True
2022-10-31,BALKRISIND,True
2022-10-31,BANDHANBNK,True
2022-10-31,BANKBARODA,True
2022-10-31,BANKINDIA,True
2022-10-31,BATAINDIA,True
2022-10-31,BEL,True
2022-10-31,BERGEPAINT,True
2022-10-31,BHARATFORG,True
2022-10-31,BHEL,True
2022-10-31,BIOCON,True
2022-10-31,BOSCHLTD,True
2022-10-31,BPCL,True
2022-10-31,CANBK,True
2022-10-31,CASTROLIND,True
2022-10-31,CHOLAFIN,True
2022-10-31,CIPLA,True
2022-10-31,COALINDIA,True
2022-10-31,COFORGE,True
2022-10-31,COLPAL,True
2022-10-31,CONCOR,True
2022-10-31,COROMANDEL,True
2022-10-31,CROMPTON,True
2022-10-31,CUB,True
2022-10-31,CUMMINSIND,True
2022-10-31,DABUR,True
2022-10-31,DALBHARAT,True
2022-10-31,DEEPAKNTR,True
2022-10-31,DELHIVERY,True
2022-10-31,DHANI,True
2022-10-31,DIVISLAB,True
2022-10-31,DIXON,True
2022-10-31,DLF,True
2022-10-31,DMART,True
2022-10-31,DRREDDY,True
2022-10-31,EICHERMOT,True
2022-10-31,EMAMILTD,True
2022-10-31,ENDURANCE,True
2022-10-31,ESCORTS,True
2022-10-31,FEDERALBNK,True
2022-10-31,FORTIS,True
2022-10-31,GLAND,True
2022-10-31,GODREJCP,True
2022-10-31,GODREJIND,True
2022-10-31,GODREJPROP,True
2022-10-31,GRASIM,True
2022-10-31,GSPL,True
2022-10-31,GUJGASLTD,True
2022-10-31,HAL,True
2022-10-31,HAVELLS,True
2022-10-31,HCLTECH,True
2022-10-31,HDFC,True
2022-10-31,HDFCAMC,True
2022-10-31,HDFCBANK,True
2022-10-31,HDFCLIFE,True
2022-10-31,HEROMOTOCO,True
2022-10-31,HINDALCO,True
2022-10-31,HINDCOPPER,True
2022-10-31,HINDPETRO,True
2022-10-31,HINDZINC,True
2022-10-31,ICICIBANK,True
2022-10-31,ICICIGI,True
2022-10-31,IDEA,True
2022-10-31,IDFCFIRSTB,True
2022-10-31,IGL,True
2022-10-31,INDIAMART,True
2022-10-31,INDIANB,True
2022-10-31,INDIGO,True
2022-10-31,INDUSINDBK,True
2022-10-31,INDUSTOWER,True
2022-10-31,INFY,True
2022-10-31,IOC,True
2022-10-31,IPCALAB,True
2022-10-31,IRCTC,True
2022-10-31,IRFC,True
2022-10-31,ITC,True
2022-10-31,JINDALSTEL,True
2022-10-31,JSWENERGY,True
2022-10-31,JSWSTEEL,True
2022-10-31,JUBLFOOD,True
2022-10-31,KOTAKBANK,True
2022-10-31,LALPATHLAB,True
2022-10-31,LAURUSLABS,True
2022-10-31,LICHSGFIN,True
2022-10-31,LICI,True
2022-10-31,LINDEINDIA,True
2022-10-31,LT,True
2022-10-31,LTTS,True
2022-10-31,LUPIN,True
2022-10-31,MARICO,True
2022-10-31,MARUTI,True
2022-10-31,MFSL,True
2022-10-31,MGL,True
2022-10-31,MOTHERSON,True
2022-10-31,MPHASIS,True
2022-10-31,MRF,True
2022-10-31,MSUMI,True
2022-10-31,NAM-INDIA,True
2022-10-31,NATCOPHARM,True
2022-10-31,NATIONALUM,True
2022-10-31,NAUKRI,True
2022-10-31,NAVINFLUOR,True
2022-10-31,NTPC,True
2022-10-31,OBEROIRLTY,True
2022-10-31,OIL,True
2022-10-31,ONGC,True
2022-10-31,PATANJALI,True
2022-10-31,PETRONET,True
2022-10-31,PFC,True
2022-10-31,PFIZER,True
2022-10-31,PGHH,True
2022-10-31,PIDILITIND,True
2022-10-31,PIIND,True
2022-10-31,PNB,True
2022-10-31,POLYCAB,True
2022-10-31,POONAWALLA,True
2022-10-31,POWERGRID,True
2022-10-31,PRESTIGE,True
2022-10-31,RAMCOCEM,True
2022-10-31,RBLBANK,True
2022-10-31,RECLTD,True
2022-10-31,RELIANCE,True
2022-10-31,SAIL,True
2022-10-31,SANOFI,True
2022-10-31,SBICARD,True
2022-10-31,SBILIFE,True
2022-10-31,SBIN,True
2022-10-31,SHREECEM,True
2022-10-31,SIEMENS,True
2022-10-31,SONACOMS,True
2022-10-31,SRF,True
2022-10-31,SUNPHARMA,True
2022-10-31,SUNTV,True
2022-10-31,SYNGENE,True
2022-10-31,TATACHEM,True
2022-10-31,TATACOMM,True
2022-10-31,TATACONSUM,True
2022-10-31,TATAELXSI,True
2022-10-31,TCS,True
2022-10-31,TECHM,True
2022-10-31,TIINDIA,True
2022-10-31,TITAN,True
2022-10-31,TORNTPHARM,True
2022-10-31,TORNTPOWER,True
2022-10-31,TRENT,True
2022-10-31,TVSMOTOR,True
2022-10-31,UBL,True
2022-10-31,ULTRACEMCO,True
2022-10-31,UNIONBANK,True
2022-10-31,UPL,True
2022-10-31,VBL,True
2022-10-31,VEDL,True
2022-10-31,VOLTAS,True
2022-10-31,WHIRLPOOL,True
2022-10-31,WIPRO,True
2022-10-31,YESBANK,True
2022-10-31,ZEEL,True
2022-11-30,AARTIIND,True
2022-11-30,ABCAPITAL,True
2022-11-30,ABFRL,True
2022-11-30,ADANIGREEN,True
2022-11-30,AMBUJACEM,True
2022-11-30,APOLLOHOSP,True
2022-11-30,ASIANPAINT,True
2022-11-30,ASTRAL,True
2022-11-30,ATGL,True
2022-11-30,AUBANK,True
2022-11-30,AUROPHARMA,True
2022-11-30,AWL,True
2022-11-30,AXISBANK,True
2022-11-30,BAJAJ-AUTO,True
2022-11-30,BAJAJFINSV,True
2022-11-30,BAJAJHLDNG,True
2022-11-30,BAJFINANCE,True
2022-11-30,BALKRISIND,True
2022-11-30,BANDHANBNK,True
2022-11-30,BANKBARODA,True
2022-11-30,BANKINDIA,True
2022-11-30,BATAINDIA,True
2022-11-30,BEL,True
2022-11-30,BERGEPAINT,True
2022-11-30,BHARATFORG,True
2022-11-30,BHEL,True
2022-11-30,BIOCON,True
2022-11-30,BOSCHLTD,True
2022-11-30,BPCL,True
2022-11-30,CANBK,True
2022-11-30,CASTROLIND,True
2022-11-30,CHOLAFIN,True
2022-11-30,CIPLA,True
2022-11-30,COALINDIA,True
2022-11-30,COFORGE,True
2022-11-30,COLPAL,True
2022-11-30,CONCOR,True
2022-11-30,COROMANDEL,True
2022-11-30,CROMPTON,True
2022-11-30,CUB,True
2022-11-30,CUMMINSIND,True
2022-11-30,DABUR,True
2022-11-30,DALBHARAT,True
2022-11-30,DEEPAKNTR,True
2022-11-30,DELHIVERY,True
2022-11-30,DHANI,True
2022-11-30,DIVISLAB,True
2022-11-30,DIXON,True
2022-11-30,DLF,True
2022-11-30,DMART,True
2022-11-30,DRREDDY,True
2022-11-30,EICHERMOT,True
2022-11-30,EMAMILTD,True
2022-11-30,ENDURANCE,True
2022-11-30,ESCORTS,True
2022-11-30,FEDERALBNK,True
2022-11-30,FORTIS,True
2022-11-30,GLAND,True
2022-11-30,GODREJCP,True
2022-11-30,GODREJIND,True
2022-11-30,GODREJPROP,True
2022-11-30,GRASIM,True
2022-11-30,GSPL,True
2022-11-30,GUJGASLTD,True
2022-11-30,HAL,True
2022-11-30,HAVELLS,True
2022-11-30,HCLTECH,True
2022-11-30,HDFC,True
2022-11-30,HDFCAMC,True
2022-11-30,HDFCBANK,True
2022-11-30,HDFCLIFE,True
2022-11-30,HEROMOTOCO,True
2022-11-30,HINDALCO,True
2022-11-30,HINDCOPPER,True
2022-11-30,HINDPETRO,True
2022-11-30,HINDZINC,True
2022-11-30,ICICIBANK,True
2022-11-30,ICICIGI,True
2022-11-30,IDEA,True
2022-11-30,IDFCFIRSTB,True
2022-11-30,IGL,True
2022-11-30,INDIAMART,True
2022-11-30,INDIANB,True
2022-11-30,INDIGO,True
2022-11-30,INDUSINDBK,True
2022-11-30,INDUSTOWER,True
2022-11-30,INFY,True
2022-11-30,IOC,True
2022-11-30,IPCALAB,True
2022-11-30,IRCTC,True
2022-11-30,IRFC,True
2022-11-30,ITC,True
2022-11-30,JINDALSTEL,True
2022-11-30,JSWENERGY,True
2022-11-30,JSWSTEEL,True
2022-11-30,JUBLFOOD,True
2022-11-30,KOTAKBANK,True
2022-11-30,LALPATHLAB,True
2022-11-30,LAURUSLABS,True
2022-11-30,LICHSGFIN,True
2022-11-30,LICI,True
2022-11-30,LINDEINDIA,True
2022-11-30,LT,True
2022-11-30,LTTS,True
2022-11-30,LUPIN,True
2022-11-30,MARICO,True
2022-11-30,MARUTI,True
2022-11-30,MFSL,True
2022-11-30,MGL,True
2022-11-30,MOTHERSON,True
2022-11-30,MPHASIS,True
2022-11-30,MRF,True
2022-11-30,MSUMI,True
2022-11-30,NAM-INDIA,True
2022-11-30,NATCOPHARM,True
2022-11-30,NATIONALUM,True
2022-11-30,NAUKRI,True
2022-11-30,NAVINFLUOR,True
2022-11-30,NTPC,True
2022-11-30,OBEROIRLTY,True
2022-11-30,OIL,True
2022-11-30,ONGC,True
2022-11-30,PATANJALI,True
2022-11-30,PETRONET,True
2022-11-30,PFC,True
2022-11-30,PFIZER,True
2022-11-30,PGHH,True
2022-11-30,PIDILITIND,True
2022-11-30,PIIND,True
2022-11-30,PNB,True
2022-11-30,POLYCAB,True
2022-11-30,POONAWALLA,True
2022-11-30,POWERGRID,True
2022-11-30,PRESTIGE,True
2022-11-30,RAMCOCEM,True
2022-11-30,RBLBANK,True
2022-11-30,RECLTD,True
2022-11-30,RELIANCE,True
2022-11-30,SAIL,True
2022-11-30,SANOFI,True
2022-11-30,SBICARD,True
2022-11-30,SBILIFE,True
2022-11-30,SBIN,True
2022-11-30,SHREECEM,True
2022-11-30,SIEMENS,True
2022-11-30,SONACOMS,True
2022-11-30,SRF,True
2022-11-30,SUNPHARMA,True
2022-11-30,SUNTV,True
2022-11-30,SYNGENE,True
2022-11-30,TATACHEM,True
2022-11-30,TATACOMM,True
2022-11-30,TATACONSUM,True
2022-11-30,TATAELXSI,True
2022-11-30,TCS,True
2022-11-30,TECHM,True
2022-11-30,TIINDIA,True
2022-11-30,TITAN,True
2022-11-30,TORNTPHARM,True
2022-11-30,TORNTPOWER,True
2022-11-30,TRENT,True
2022-11-30,TVSMOTOR,True
2022-11-30,UBL,True
2022-11-30,ULTRACEMCO,True
2022-11-30,UNIONBANK,True
2022-11-30,UPL,True
2022-11-30,VBL,True
2022-11-30,VEDL,True
2022-11-30,VOLTAS,True
2022-11-30,WHIRLPOOL,True
2022-11-30,WIPRO,True
2022-11-30,YESBANK,True
2022-11-30,ZEEL,True
2022-12-31,AARTIIND,True
2022-12-31,ABCAPITAL,True
2022-12-31,ABFRL,True
2022-12-31,ADANIGREEN,True
2022-12-31,AMBUJACEM,True
2022-12-31,APOLLOHOSP,True
2022-12-31,ASIANPAINT,True
2022-12-31,ASTRAL,True
2022-12-31,ATGL,True
2022-12-31,AUBANK,True
2022-12-31,AUROPHARMA,True
2022-12-31,AWL,True
2022-12-31,AXISBANK,True
2022-12-31,BAJAJ-AUTO,True
2022-12-31,BAJAJFINSV,True
2022-12-31,BAJAJHLDNG,True
2022-12-31,BAJFINANCE,True
2022-12-31,BALKRISIND,True
2022-12-31,BANDHANBNK,True
2022-12-31,BANKBARODA,True
2022-12-31,BANKINDIA,True
2022-12-31,BATAINDIA,True
2022-12-31,BEL,True
2022-12-31,BERGEPAINT,True
2022-12-31,BHARATFORG,True
2022-12-31,BHEL,True
2022-12-31,BIOCON,True
2022-12-31,BOSCHLTD,True
2022-12-31,BPCL,True
2022-12-31,CANBK,True
2022-12-31,CASTROLIND,True
2022-12-31,CHOLAFIN,True
2022-12-31,CIPLA,True
2022-12-31,COALINDIA,True
2022-12-31,COFORGE,True
2022-12-31,COLPAL,True
2022-12-31,CONCOR,True
2022-12-31,COROMANDEL,True
2022-12-31,CROMPTON,True
2022-12-31,CUB,True
2022-12-31,CUMMINSIND,True
2022-12-31,DABUR,True
2022-12-31,DALBHARAT,True
2022-12-31,DEEPAKNTR,True
2022-12-31,DELHIVERY,True
2022-12-31,DHANI,True
2022-12-31,DIVISLAB,True
2022-12-31,DIXON,True
2022-12-31,DLF,True
2022-12-31,DMART,True
2022-12-31,DRREDDY,True
2022-12-31,EICHERMOT,True
2022-12-31,EMAMILTD,True
2022-12-31,ENDURANCE,True
2022-12-31,ESCORTS,True
2022-12-31,FEDERALBNK,True
2022-12-31,FORTIS,True
2022-12-31,GLAND,True
2022-12-31,GODREJCP,True
2022-12-31,GODREJIND,True
2022-12-31,GODREJPROP,True
2022-12-31,GRASIM,True
2022-12-31,GSPL,True
2022-12-31,GUJGASLTD,True
2022-12-31,HAL,True
2022-12-31,HAVELLS,True
2022-12-31,HCLTECH,True
2022-12-31,HDFC,True
2022-12-31,HDFCAMC,True
2022-12-31,HDFCBANK,True
2022-12-31,HDFCLIFE,True
2022-12-31,HEROMOTOCO,True
2022-12-31,HINDALCO,True
2022-12-31,HINDCOPPER,True
2022-12-31,HINDPETRO,True
2022-12-31,HINDZINC,True
2022-12-31,ICICIBANK,True
2022-12-31,ICICIGI,True
2022-12-31,IDEA,True
2022-12-31,IDFCFIRSTB,True
2022-12-31,IGL,True
2022-12-31,INDIAMART,True
2022-12-31,INDIANB,True
2022-12-31,INDIGO,True
2022-12-31,INDUSINDBK,True
2022-12-31,INDUSTOWER,True
2022-12-31,INFY,True
2022-12-31,IOC,True
2022-12-31,IPCALAB,True
2022-12-31,IRCTC,True
2022-12-31,IRFC,True
2022-12-31,ITC,True
2022-12-31,JINDALSTEL,True
2022-12-31,JSWENERGY,True
2022-12-31,JSWSTEEL,True
2022-12-31,JUBLFOOD,True
2022-12-31,KOTAKBANK,True
2022-12-31,LALPATHLAB,True
2022-12-31,LAURUSLABS,True
2022-12-31,LICHSGFIN,True
2022-12-31,LICI,True
2022-12-31,LINDEINDIA,True
2022-12-31,LT,True
2022-12-31,LTTS,True
2022-12-31,LUPIN,True
2022-12-31,MARICO,True
2022-12-31,MARUTI,True
2022-12-31,MFSL,True
2022-12-31,MGL,True
2022-12-31,MOTHERSON,True
2022-12-31,MPHASIS,True
2022-12-31,MRF,True
2022-12-31,MSUMI,True
2022-12-31,NAM-INDIA,True
2022-12-31,NATCOPHARM,True
2022-12-31,NATIONALUM,True
2022-12-31,NAUKRI,True
2022-12-31,NAVINFLUOR,True
2022-12-31,NTPC,True
2022-12-31,OBEROIRLTY,True
2022-12-31,OIL,True
2022-12-31,ONGC,True
2022-12-31,PATANJALI,True
2022-12-31,PETRONET,True
2022-12-31,PFC,True
2022-12-31,PFIZER,True
2022-12-31,PGHH,True
2022-12-31,PIDILITIND,True
2022-12-31,PIIND,True
2022-12-31,PNB,True
2022-12-31,POLYCAB,True
2022-12-31,POONAWALLA,True
2022-12-31,POWERGRID,True
2022-12-31,PRESTIGE,True
2022-12-31,RAMCOCEM,True
2022-12-31,RBLBANK,True
2022-12-31,RECLTD,True
2022-12-31,RELIANCE,True
2022-12-31,SAIL,True
2022-12-31,SANOFI,True
2022-12-31,SBICARD,True
2022-12-31,SBILIFE,True
2022-12-31,SBIN,True
2022-12-31,SHREECEM,True
2022-12-31,SIEMENS,True
2022-12-31,SONACOMS,True
2022-12-31,SRF,True
2022-12-31,SUNPHARMA,True
2022-12-31,SUNTV,True
2022-12-31,SYNGENE,True
2022-12-31,TATACHEM,True
2022-12-31,TATACOMM,True
2022-12-31,TATACONSUM,True
2022-12-31,TATAELXSI,True
2022-12-31,TCS,True
2022-12-31,TECHM,True
2022-12-31,TIINDIA,True
2022-12-31,TITAN,True
2022-12-31,TORNTPHARM,True
2022-12-31,TORNTPOWER,True
2022-12-31,TRENT,True
2022-12-31,TVSMOTOR,True
2022-12-31,UBL,True
2022-12-31,ULTRACEMCO,True
2022-12-31,UNIONBANK,True
2022-12-31,UPL,True
2022-12-31,VBL,True
2022-12-31,VEDL,True
2022-12-31,VOLTAS,True
2022-12-31,WHIRLPOOL,True
2022-12-31,WIPRO,True
2022-12-31,YESBANK,True
2022-12-31,ZEEL,True
2023-01-31,AARTIIND,True
2023-01-31,ABCAPITAL,True
2023-01-31,ABFRL,True
2023-01-31,ADANIGREEN,True
2023-01-31,AMBUJACEM,True
2023-01-31,APOLLOHOSP,True
2023-01-31,ASIANPAINT,True
2023-01-31,ASTRAL,True
2023-01-31,ATGL,True
2023-01-31,AUBANK,True
2023-01-31,AUROPHARMA,True
2023-01-31,AWL,True
2023-01-31,AXISBANK,True
2023-01-31,BAJAJ-AUTO,True
2023-01-31,BAJAJFINSV,True
2023-01-31,BAJAJHLDNG,True
2023-01-31,BAJFINANCE,True
2023-01-31,BALKRISIND,True
2023-01-31,BANDHANBNK,True
2023-01-31,BANKBARODA,True
2023-01-31,BANKINDIA,True
2023-01-31,BATAINDIA,True
2023-01-31,BEL,True
2023-01-31,BERGEPAINT,True
2023-01-31,BHARATFORG,True
2023-01-31,BHEL,True
2023-01-31,BIOCON,True
2023-01-31,BOSCHLTD,True
2023-01-31,BPCL,True
2023-01-31,CANBK,True
2023-01-31,CASTROLIND,True
2023-01-31,CHOLAFIN,True
2023-01-31,CIPLA,True
2023-01-31,COALINDIA,True
2023-01-31,COFORGE,True
2023-01-31,COLPAL,True
2023-01-31,CONCOR,True
2023-01-31,COROMANDEL,True
2023-01-31,CROMPTON,True
2023-01-31,CUB,True
2023-01-31,CUMMINSIND,True
2023-01-31,DABUR,True
2023-01-31,DALBHARAT,True
2023-01-31,DEEPAKNTR,True
2023-01-31,DELHIVERY,True
2023-01-31,DHANI,True
2023-01-31,DIVISLAB,True
2023-01-31,DIXON,True
2023-01-31,DLF,True
2023-01-31,DMART,True
2023-01-31,DRREDDY,True
2023-01-31,EICHERMOT,True
2023-01-31,EMAMILTD,True
2023-01-31,ENDURANCE,True
2023-01-31,ESCORTS,True
2023-01-31,FEDERALBNK,True
2023-01-31,FORTIS,True
2023-01-31,GLAND,True
2023-01-31,GODREJCP,True
2023-01-31,GODREJIND,True
2023-01-31,GODREJPROP,True
2023-01-31,GRASIM,True
2023-01-31,GSPL,True
2023-01-31,GUJGASLTD,True
2023-01-31,HAL,True
2023-01-31,HAVELLS,True
2023-01-31,HCLTECH,True
2023-01-31,HDFC,True
2023-01-31,HDFCAMC,True
2023-01-31,HDFCBANK,True
2023-01-31,HDFCLIFE,True
2023-01-31,HEROMOTOCO,True
2023-01-31,HINDALCO,True
2023-01-31,HINDCOPPER,True
2023-01-31,HINDPETRO,True
2023-01-31,HINDZINC,True
2023-01-31,ICICIBANK,True
2023-01-31,ICICIGI,True
2023-01-31,IDEA,True
2023-01-31,IDFCFIRSTB,True
2023-01-31,IGL,True
2023-01-31,INDIAMART,True
2023-01-31,INDIANB,True
2023-01-31,INDIGO,True
2023-01-31,INDUSINDBK,True
2023-01-31,INDUSTOWER,True
2023-01-31,INFY,True
2023-01-31,IOC,True
2023-01-31,IPCALAB,True
2023-01-31,IRCTC,True
2023-01-31,IRFC,True
2023-01-31,ITC,True
2023-01-31,JINDALSTEL,True
2023-01-31,JSWENERGY,True
2023-01-31,JSWSTEEL,True
2023-01-31,JUBLFOOD,True
2023-01-31,KOTAKBANK,True
2023-01-31,LALPATHLAB,True
2023-01-31,LAURUSLABS,True
2023-01-31,LICHSGFIN,True
2023-01-31,LICI,True
2023-01-31,LINDEINDIA,True
2023-01-31,LT,True
2023-01-31,LTTS,True
2023-01-31,LUPIN,True
2023-01-31,MARICO,True
2023-01-31,MARUTI,True
2023-01-31,MFSL,True
2023-01-31,MGL,True
2023-01-31,MOTHERSON,True
2023-01-31,MPHASIS,True
2023-01-31,MRF,True
2023-01-31,MSUMI,True
2023-01-31,NAM-INDIA,True
2023-01-31,NATCOPHARM,True
2023-01-31,NATIONALUM,True
2023-01-31,NAUKRI,True
2023-01-31,NAVINFLUOR,True
2023-01-31,NTPC,True
2023-01-31,OBEROIRLTY,True
2023-01-31,OIL,True
2023-01-31,ONGC,True
2023-01-31,PATANJALI,True
2023-01-31,PETRONET,True
2023-01-31,PFC,True
2023-01-31,PFIZER,True
2023-01-31,PGHH,True
2023-01-31,PIDILITIND,True
2023-01-31,PIIND,True
2023-01-31,PNB,True
2023-01-31,POLYCAB,True
2023-01-31,POONAWALLA,True
2023-01-31,POWERGRID,True
2023-01-31,PRESTIGE,True
2023-01-31,RAMCOCEM,True
2023-01-31,RBLBANK,True
2023-01-31,RECLTD,True
2023-01-31,RELIANCE,True
2023-01-31,SAIL,True
2023-01-31,SANOFI,True
2023-01-31,SBICARD,True
2023-01-31,SBILIFE,True
2023-01-31,SBIN,True
2023-01-31,SHREECEM,True
2023-01-31,SIEMENS,True
2023-01-31,SONACOMS,True
2023-01-31,SRF,True
2023-01-31,SUNPHARMA,True
2023-01-31,SUNTV,True
2023-01-31,SYNGENE,True
2023-01-31,TATACHEM,True
2023-01-31,TATACOMM,True
2023-01-31,TATACONSUM,True
2023-01-31,TATAELXSI,True
2023-01-31,TCS,True
2023-01-31,TECHM,True
2023-01-31,TIINDIA,True
2023-01-31,TITAN,True
2023-01-31,TORNTPHARM,True
2023-01-31,TORNTPOWER,True
2023-01-31,TRENT,True
2023-01-31,TVSMOTOR,True
2023-01-31,UBL,True
2023-01-31,ULTRACEMCO,True
2023-01-31,UNIONBANK,True
2023-01-31,UPL,True
2023-01-31,VBL,True
2023-01-31,VEDL,True
2023-01-31,VOLTAS,True
2023-01-31,WHIRLPOOL,True
2023-01-31,WIPRO,True
2023-01-31,YESBANK,True
2023-01-31,ZEEL,True
2023-02-28,AARTIIND,True
2023-02-28,ABCAPITAL,True
2023-02-28,ABFRL,True
2023-02-28,ADANIGREEN,True
2023-02-28,AMBUJACEM,True
2023-02-28,APOLLOHOSP,True
2023-02-28,ASIANPAINT,True
2023-02-28,ASTRAL,True
2023-02-28,ATGL,True
2023-02-28,AUBANK,True
2023-02-28,AUROPHARMA,True
2023-02-28,AWL,True
2023-02-28,AXISBANK,True
2023-02-28,BAJAJ-AUTO,True
2023-02-28,BAJAJFINSV,True
2023-02-28,BAJAJHLDNG,True
2023-02-28,BAJFINANCE,True
2023-02-28,BALKRISIND,True
2023-02-28,BANDHANBNK,True
2023-02-28,BANKBARODA,True
2023-02-28,BANKINDIA,True
2023-02-28,BATAINDIA,True
2023-02-28,BEL,True
2023-02-28,BERGEPAINT,True
2023-02-28,BHARATFORG,True
2023-02-28,BHEL,True
2023-02-28,BIOCON,True
2023-02-28,BOSCHLTD,True
2023-02-28,BPCL,True
2023-02-28,CANBK,True
2023-02-28,CASTROLIND,True
2023-02-28,CHOLAFIN,True
2023-02-28,CIPLA,True
2023-02-28,COALINDIA,True
2023-02-28,COFORGE,True
2023-02-28,COLPAL,True
2023-02-28,CONCOR,True
2023-02-28,COROMANDEL,True
2023-02-28,CROMPTON,True
2023-02-28,CUB,True
2023-02-28,CUMMINSIND,True
2023-02-28,DABUR,True
2023-02-28,DALBHARAT,True
2023-02-28,DEEPAKNTR,True
2023-02-28,DELHIVERY,True
2023-02-28,DHANI,True
2023-02-28,DIVISLAB,True
2023-02-28,DIXON,True
2023-02-28,DLF,True
2023-02-28,DMART,True
2023-02-28,DRREDDY,True
2023-02-28,EICHERMOT,True
2023-02-28,EMAMILTD,True
2023-02-28,ENDURANCE,True
2023-02-28,ESCORTS,True
2023-02-28,FEDERALBNK,True
2023-02-28,FORTIS,True
2023-02-28,GLAND,True
2023-02-28,GODREJCP,True
2023-02-28,GODREJIND,True
2023-02-28,GODREJPROP,True
2023-02-28,GRASIM,True
2023-02-28,GSPL,True
2023-02-28,GUJGASLTD,True
2023-02-28,HAL,True
2023-02-28,HAVELLS,True
2023-02-28,HCLTECH,True
2023-02-28,HDFC,True
2023-02-28,HDFCAMC,True
2023-02-28,HDFCBANK,True
2023-02-28,HDFCLIFE,True
2023-02-28,HEROMOTOCO,True
2023-02-28,HINDALCO,True
2023-02-28,HINDCOPPER,True
2023-02-28,HINDPETRO,True
2023-02-28,HINDZINC,True
2023-02-28,ICICIBANK,True
2023-02-28,ICICIGI,True
2023-02-28,IDEA,True
2023-02-28,IDFCFIRSTB,True
2023-02-28,IGL,True
2023-02-28,INDIAMART,True
2023-02-28,INDIANB,True
2023-02-28,INDIGO,True
2023-02-28,INDUSINDBK,True
2023-02-28,INDUSTOWER,True
2023-02-28,INFY,True
2023-02-28,IOC,True
2023-02-28,IPCALAB,True
2023-02-28,IRCTC,True
2023-02-28,IRFC,True
2023-02-28,ITC,True
2023-02-28,JINDALSTEL,True
2023-02-28,JSWENERGY,True
2023-02-28,JSWSTEEL,True
2023-02-28,JUBLFOOD,True
2023-02-28,KOTAKBANK,True
2023-02-28,LALPATHLAB,True
2023-02-28,LAURUSLABS,True
2023-02-28,LICHSGFIN,True
2023-02-28,LICI,True
2023-02-28,LINDEINDIA,True
2023-02-28,LT,True
2023-02-28,LTTS,True
2023-02-28,LUPIN,True
2023-02-28,MARICO,True
2023-02-28,MARUTI,True
2023-02-28,MFSL,True
2023-02-28,MGL,True
2023-02-28,MOTHERSON,True
2023-02-28,MPHASIS,True
2023-02-28,MRF,True
2023-02-28,MSUMI,True
2023-02-28,NAM-INDIA,True
2023-02-28,NATCOPHARM,True
2023-02-28,NATIONALUM,True
2023-02-28,NAUKRI,True
2023-02-28,NAVINFLUOR,True
2023-02-28,NTPC,True
2023-02-28,OBEROIRLTY,True
2023-02-28,OIL,True
2023-02-28,ONGC,True
2023-02-28,PATANJALI,True
2023-02-28,PETRONET,True
2023-02-28,PFC,True
2023-02-28,PFIZER,True
2023-02-28,PGHH,True
2023-02-28,PIDILITIND,True
2023-02-28,PIIND,True
2023-02-28,PNB,True
2023-02-28,POLYCAB,True
2023-02-28,POONAWALLA,True
2023-02-28,POWERGRID,True
2023-02-28,PRESTIGE,True
2023-02-28,RAMCOCEM,True
2023-02-28,RBLBANK,True
2023-02-28,RECLTD,True
2023-02-28,RELIANCE,True
2023-02-28,SAIL,True
2023-02-28,SANOFI,True
2023-02-28,SBICARD,True
2023-02-28,SBILIFE,True
2023-02-28,SBIN,True
2023-02-28,SHREECEM,True
2023-02-28,SIEMENS,True
2023-02-28,SONACOMS,True
2023-02-28,SRF,True
2023-02-28,SUNPHARMA,True
2023-02-28,SUNTV,True
2023-02-28,SYNGENE,True
2023-02-28,TATACHEM,True
2023-02-28,TATACOMM,True
2023-02-28,TATACONSUM,True
2023-02-28,TATAELXSI,True
2023-02-28,TCS,True
2023-02-28,TECHM,True
2023-02-28,TIINDIA,True
2023-02-28,TITAN,True
2023-02-28,TORNTPHARM,True
2023-02-28,TORNTPOWER,True
2023-02-28,TRENT,True
2023-02-28,TVSMOTOR,True
2023-02-28,UBL,True
2023-02-28,ULTRACEMCO,True
2023-02-28,UNIONBANK,True
2023-02-28,UPL,True
2023-02-28,VBL,True
2023-02-28,VEDL,True
2023-02-28,VOLTAS,True
2023-02-28,WHIRLPOOL,True
2023-02-28,WIPRO,True
2023-02-28,YESBANK,True
2023-02-28,ZEEL,True
2023-03-31,AARTIIND,True
2023-03-31,ABCAPITAL,True
2023-03-31,ABFRL,True
2023-03-31,ADANIGREEN,True
2023-03-31,ADANIPOWER,True
2023-03-31,AMBUJACEM,True
2023-03-31,APOLLOHOSP,True
2023-03-31,APOLLOTYRE,True
2023-03-31,ASIANPAINT,True
2023-03-31,ASTRAL,True
2023-03-31,ATGL,True
2023-03-31,AUBANK,True
2023-03-31,AUROPHARMA,True
2023-03-31,AWL,True
2023-03-31,AXISBANK,True
2023-03-31,BAJAJ-AUTO,True
2023-03-31,BAJAJFINSV,True
2023-03-31,BAJAJHLDNG,True
2023-03-31,BAJFINANCE,True
2023-03-31,BALKRISIND,True
2023-03-31,BANDHANBNK,True
2023-03-31,BANKBARODA,True
2023-03-31,BANKINDIA,True
2023-03-31,BATAINDIA,True
2023-03-31,BEL,True
2023-03-31,BERGEPAINT,True
2023-03-31,BHARATFORG,True
2023-03-31,BHEL,True
2023-03-31,BIOCON,True
2023-03-31,BOSCHLTD,True
2023-03-31,BPCL,True
2023-03-31,CANBK,True
2023-03-31,CASTROLIND,True
2023-03-31,CGPOWER,True
2023-03-31,CHOLAFIN,True
2023-03-31,CIPLA,True
2023-03-31,COALINDIA,True
2023-03-31,COFORGE,True
2023-03-31,COLPAL,True
2023-03-31,CONCOR,True
2023-03-31,COROMANDEL,True
2023-03-31,CROMPTON,True
2023-03-31,CUB,True
2023-03-31,CUMMINSIND,True
2023-03-31,DABUR,True
2023-03-31,DALBHARAT,True
2023-03-31,DEEPAKNTR,True
2023-03-31,DELHIVERY,True
2023-03-31,DEVYANI,True
2023-03-31,DHANI,True
2023-03-31,DIVISLAB,True
2023-03-31,DIXON,True
2023-03-31,DLF,True
2023-03-31,DMART,True
2023-03-31,DRREDDY,True
2023-03-31,EICHERMOT,True
2023-03-31,ENDURANCE,True
2023-03-31,ESCORTS,True
2023-03-31,FEDERALBNK,True
2023-03-31,FLUOROCHEM,True
2023-03-31,FORTIS,True
2023-03-31,GLAND,True
2023-03-31,GODREJCP,True
2023-03-31,GODREJIND,True
2023-03-31,GODREJPROP,True
2023-03-31,GRASIM,True
2023-03-31,GUJGASLTD,True
2023-03-31,HAL,True
2023-03-31,HAVELLS,True
2023-03-31,HCLTECH,True
2023-03-31,HDFC,True
2023-03-31,HDFCAMC,True
2023-03-31,HDFCBANK,True
2023-03-31,HDFCLIFE,True
2023-03-31,HEROMOTOCO,True
2023-03-31,HINDALCO,True
2023-03-31,HINDCOPPER,True
2023-03-31,HINDPETRO,True
2023-03-31,HINDZINC,True
2023-03-31,ICICIBANK,True
2023-03-31,ICICIGI,True
2023-03-31,IDEA,True
2023-03-31,IDFCFIRSTB,True
2023-03-31,IGL,True
2023-03-31,INDIANB,True
2023-03-31,INDIGO,True
2023-03-31,INDUSINDBK,True
2023-03-31,INDUSTOWER,True
2023-03-31,INFY,True
2023-03-31,IOC,True
2023-03-31,IPCALAB,True
2023-03-31,IRCTC,True
2023-03-31,IRFC,True
2023-03-31,ITC,True
2023-03-31,JINDALSTEL,True
2023-03-31,JSWENERGY,True
2023-03-31,JSWSTEEL,True
2023-03-31,JUBLFOOD,True
2023-03-31,KOTAKBANK,True
2023-03-31,LALPATHLAB,True
2023-03-31,LAURUSLABS,True
2023-03-31,LICHSGFIN,True
2023-03-31,LICI,True
2023-03-31,LT,True
2023-03-31,LTTS,True
2023-03-31,LUPIN,True
2023-03-31,MARICO,True
2023-03-31,MARUTI,True
2023-03-31,MFSL,True
2023-03-31,MGL,True
2023-03-31,MOTHERSON,True
2023-03-31,MPHASIS,True
2023-03-31,MRF,True
2023-03-31,MSUMI,True
2023-03-31,NATCOPHARM,True
2023-03-31,NAUKRI,True
2023-03-31,NAVINFLUOR,True
2023-03-31,NHPC,True
2023-03-31,NMDC,True
2023-03-31,NTPC,True
2023-03-31,OBEROIRLTY,True
2023-03-31,OIL,True
2023-03-31,ONGC,True
2023-03-31,PATANJALI,True
2023-03-31,PEL,True
2023-03-31,PETRONET,True
2023-03-31,PFC,True
2023-03-31,PFIZER,True
2023-03-31,PGHH,True
2023-03-31,PIDILITIND,True
2023-03-31,PIIND,True
2023-03-31,PNB,True
2023-03-31,POLYCAB,True
2023-03-31,POONAWALLA,True
2023-03-31,POWERGRID,True
2023-03-31,PRESTIGE,True
2023-03-31,RAMCOCEM,True
2023-03-31,RBLBANK,True
2023-03-31,RECLTD,True
2023-03-31,RELIANCE,True
2023-03-31,SAIL,True
2023-03-31,SANOFI,True
2023-03-31,SBICARD,True
2023-03-31,SBILIFE,True
2023-03-31,SBIN,True
2023-03-31,SHREECEM,True
2023-03-31,SIEMENS,True
2023-03-31,SONACOMS,True
2023-03-31,SRF,True
2023-03-31,SUNPHARMA,True
2023-03-31,SUNTV,True
2023-03-31,SYNGENE,True
2023-03-31,TATACHEM,True
2023-03-31,TATACOMM,True
2023-03-31,TATACONSUM,True
2023-03-31,TATAELXSI,True
2023-03-31,TCS,True
2023-03-31,TECHM,True
2023-03-31,TIINDIA,True
2023-03-31,TITAN,True
2023-03-31,TORNTPHARM,True
2023-03-31,TORNTPOWER,True
2023-03-31,TRENT,True
2023-03-31,TVSMOTOR,True
2023-03-31,UBL,True
2023-03-31,ULTRACEMCO,True
2023-03-31,UNIONBANK,True
2023-03-31,UPL,True
2023-03-31,VBL,True
2023-03-31,VEDL,True
2023-03-31,VOLTAS,True
2023-03-31,WHIRLPOOL,True
2023-03-31,WIPRO,True
2023-03-31,YESBANK,True
2023-03-31,ZEEL,True
2023-04-30,AARTIIND,True
2023-04-30,ABCAPITAL,True
2023-04-30,ABFRL,True
2023-04-30,ADANIGREEN,True
2023-04-30,ADANIPOWER,True
2023-04-30,AMBUJACEM,True
2023-04-30,APOLLOHOSP,True
2023-04-30,APOLLOTYRE,True
2023-04-30,ASIANPAINT,True
2023-04-30,ASTRAL,True
2023-04-30,ATGL,True
2023-04-30,AUBANK,True
2023-04-30,AUROPHARMA,True
2023-04-30,AWL,True
2023-04-30,AXISBANK,True
2023-04-30,BAJAJ-AUTO,True
2023-04-30,BAJAJFINSV,True
2023-04-30,BAJAJHLDNG,True
2023-04-30,BAJFINANCE,True
2023-04-30,BALKRISIND,True
2023-04-30,BANDHANBNK,True
2023-04-30,BANKBARODA,True
2023-04-30,BANKINDIA,True
2023-04-30,BATAINDIA,True
2023-04-30,BEL,True
2023-04-30,BERGEPAINT,True
2023-04-30,BHARATFORG,True
2023-04-30,BHEL,True
2023-04-30,BIOCON,True
2023-04-30,BOSCHLTD,True
2023-04-30,BPCL,True
2023-04-30,CANBK,True
2023-04-30,CASTROLIND,True
2023-04-30,CGPOWER,True
2023-04-30,CHOLAFIN,True
2023-04-30,CIPLA,True
2023-04-30,COALINDIA,True
2023-04-30,COFORGE,True
2023-04-30,COLPAL,True
2023-04-30,CONCOR,True
2023-04-30,COROMANDEL,True
2023-04-30,CROMPTON,True
2023-04-30,CUB,True
2023-04-30,CUMMINSIND,True
2023-04-30,DABUR,True
2023-04-30,DALBHARAT,True
2023-04-30,DEEPAKNTR,True
2023-04-30,DELHIVERY,True
2023-04-30,DEVYANI,True
2023-04-30,DHANI,True
2023-04-30,DIVISLAB,True
2023-04-30,DIXON,True
2023-04-30,DLF,True
2023-04-30,DMART,True
2023-04-30,DRREDDY,True
2023-04-30,EICHERMOT,True
2023-04-30,ENDURANCE,True
2023-04-30,ESCORTS,True
2023-04-30,FEDERALBNK,True
2023-04-30,FLUOROCHEM,True
2023-04-30,FORTIS,True
2023-04-30,GLAND,True
2023-04-30,GODREJCP,True
2023-04-30,GODREJIND,True
2023-04-30,GODREJPROP,True
2023-04-30,GRASIM,True
2023-04-30,GUJGASLTD,True
2023-04-30,HAL,True
2023-04-30,HAVELLS,True
2023-04-30,HCLTECH,True
2023-04-30,HDFC,True
2023-04-30,HDFCAMC,True
2023-04-30,HDFCBANK,True
2023-04-30,HDFCLIFE,True
2023-04-30,HEROMOTOCO,True
2023-04-30,HINDALCO,True
2023-04-30,HINDCOPPER,True
2023-04-30,HINDPETRO,True
2023-04-30,HINDZINC,True
2023-04-30,ICICIBANK,True
2023-04-30,ICICIGI,True
2023-04-30,IDEA,True
2023-04-30,IDFCFIRSTB,True
2023-04-30,IGL,True
2023-04-30,INDIANB,True
2023-04-30,INDIGO,True
2023-04-30,INDUSINDBK,True
2023-04-30,INDUSTOWER,True
2023-04-30,INFY,True
2023-04-30,IOC,True
2023-04-30,IPCALAB,True
2023-04-30,IRCTC,True
2023-04-30,IRFC,True
2023-04-30,ITC,True
2023-04-30,JINDALSTEL,True
2023-04-30,JSWENERGY,True
2023-04-30,JSWSTEEL,True
2023-04-30,JUBLFOOD,True
2023-04-30,KOTAKBANK,True
2023-04-30,LALPATHLAB,True
2023-04-30,LAURUSLABS,True
2023-04-30,LICHSGFIN,True
2023-04-30,LICI,True
2023-04-30,LT,True
2023-04-30,LTTS,True
2023-04-30,LUPIN,True
2023-04-30,MARICO,True
2023-04-30,MARUTI,True
2023-04-30,MFSL,True
2023-04-30,MGL,True
2023-04-30,MOTHERSON,True
2023-04-30,MPHASIS,True
2023-04-30,MRF,True
2023-04-30,MSUMI,True
2023-04-30,NATCOPHARM,True
2023-04-30,NAUKRI,True
2023-04-30,NAVINFLUOR,True
2023-04-30,NHPC,True
2023-04-30,NMDC,True
2023-04-30,NTPC,True
2023-04-30,OBEROIRLTY,True
2023-04-30,OIL,True
2023-04-30,ONGC,True
2023-04-30,PATANJALI,True
2023-04-30,PEL,True
2023-04-30,PETRONET,True
2023-04-30,PFC,True
2023-04-30,PFIZER,True
2023-04-30,PGHH,True
2023-04-30,PIDILITIND,True
2023-04-30,PIIND,True
2023-04-30,PNB,True
2023-04-30,POLYCAB,True
2023-04-30,POONAWALLA,True
2023-04-30,POWERGRID,True
2023-04-30,PRESTIGE,True
2023-04-30,RAMCOCEM,True
2023-04-30,RBLBANK,True
2023-04-30,RECLTD,True
2023-04-30,RELIANCE,True
2023-04-30,SAIL,True
2023-04-30,SANOFI,True
2023-04-30,SBICARD,True
2023-04-30,SBILIFE,True
2023-04-30,SBIN,True
2023-04-30,SHREECEM,True
2023-04-30,SIEMENS,True
2023-04-30,SONACOMS,True
2023-04-30,SRF,True
2023-04-30,SUNPHARMA,True
2023-04-30,SUNTV,True
2023-04-30,SYNGENE,True
2023-04-30,TATACHEM,True
2023-04-30,TATACOMM,True
2023-04-30,TATACONSUM,True
2023-04-30,TATAELXSI,True
2023-04-30,TCS,True
2023-04-30,TECHM,True
2023-04-30,TIINDIA,True
2023-04-30,TITAN,True
2023-04-30,TORNTPHARM,True
2023-04-30,TORNTPOWER,True
2023-04-30,TRENT,True
2023-04-30,TVSMOTOR,True
2023-04-30,UBL,True
2023-04-30,ULTRACEMCO,True
2023-04-30,UNIONBANK,True
2023-04-30,UPL,True
2023-04-30,VBL,True
2023-04-30,VEDL,True
2023-04-30,VOLTAS,True
2023-04-30,WHIRLPOOL,True
2023-04-30,WIPRO,True
2023-04-30,YESBANK,True
2023-04-30,ZEEL,True
2023-05-31,AARTIIND,True
2023-05-31,ABCAPITAL,True
2023-05-31,ABFRL,True
2023-05-31,ADANIGREEN,True
2023-05-31,ADANIPOWER,True
2023-05-31,AMBUJACEM,True
2023-05-31,APOLLOHOSP,True
2023-05-31,APOLLOTYRE,True
2023-05-31,ASIANPAINT,True
2023-05-31,ASTRAL,True
2023-05-31,ATGL,True
2023-05-31,AUBANK,True
2023-05-31,AUROPHARMA,True
2023-05-31,AWL,True
2023-05-31,AXISBANK,True
2023-05-31,BAJAJ-AUTO,True
2023-05-31,BAJAJFINSV,True
2023-05-31,BAJAJHLDNG,True
2023-05-31,BAJFINANCE,True
2023-05-31,BALKRISIND,True
2023-05-31,BANDHANBNK,True
2023-05-31,BANKBARODA,True
2023-05-31,BANKINDIA,True
2023-05-31,BATAINDIA,True
2023-05-31,BEL,True
2023-05-31,BERGEPAINT,True
2023-05-31,BHARATFORG,True
2023-05-31,BHEL,True
2023-05-31,BIOCON,True
2023-05-31,BOSCHLTD,True
2023-05-31,BPCL,True
2023-05-31,CANBK,True
2023-05-31,CASTROLIND,True
2023-05-31,CGPOWER,True
2023-05-31,CHOLAFIN,True
2023-05-31,CIPLA,True
2023-05-31,COALINDIA,True
2023-05-31,COFORGE,True
2023-05-31,COLPAL,True
2023-05-31,CONCOR,True
2023-05-31,COROMANDEL,True
2023-05-31,CROMPTON,True
2023-05-31,CUB,True
2023-05-31,CUMMINSIND,True
2023-05-31,DABUR,True
2023-05-31,DALBHARAT,True
2023-05-31,DEEPAKNTR,True
2023-05-31,DELHIVERY,True
2023-05-31,DEVYANI,True
2023-05-31,DHANI,True
2023-05-31,DIVISLAB,True
2023-05-31,DIXON,True
2023-05-31,DLF,True
2023-05-31,DMART,True
2023-05-31,DRREDDY,True
2023-05-31,EICHERMOT,True
2023-05-31,ENDURANCE,True
2023-05-31,ESCORTS,True
2023-05-31,FEDERALBNK,True
2023-05-31,FLUOROCHEM,True
2023-05-31,FORTIS,True
2023-05-31,GLAND,True
2023-05-31,GODREJCP,True
2023-05-31,GODREJIND,True
2023-05-31,GODREJPROP,True
2023-05-31,GRASIM,True
2023-05-31,GUJGASLTD,True
2023-05-31,HAL,True
2023-05-31,HAVELLS,True
2023-05-31,HCLTECH,True
2023-05-31,HDFC,True
2023-05-31,HDFCAMC,True
2023-05-31,HDFCBANK,True
2023-05-31,HDFCLIFE,True
2023-05-31,HEROMOTOCO,True
2023-05-31,HINDALCO,True
2023-05-31,HINDCOPPER,True
2023-05-31,HINDPETRO,True
2023-05-31,HINDZINC,True
2023-05-31,ICICIBANK,True
2023-05-31,ICICIGI,True
2023-05-31,IDEA,True
2023-05-31,IDFCFIRSTB,True
2023-05-31,IGL,True
2023-05-31,INDIANB,True
2023-05-31,INDIGO,True
2023-05-31,INDUSINDBK,True
2023-05-31,INDUSTOWER,True
2023-05-31,INFY,True
2023-05-31,IOC,True
2023-05-31,IPCALAB,True
2023-05-31,IRCTC,True
2023-05-31,IRFC,True
2023-05-31,ITC,True
2023-05-31,JINDALSTEL,True
2023-05-31,JSWENERGY,True
2023-05-31,JSWSTEEL,True
2023-05-31,JUBLFOOD,True
2023-05-31,KOTAKBANK,True
2023-05-31,LALPATHLAB,True
2023-05-31,LAURUSLABS,True
2023-05-31,LICHSGFIN,True
2023-05-31,LICI,True
2023-05-31,LT,True
2023-05-31,LTTS,True
2023-05-31,LUPIN,True
2023-05-31,MARICO,True
2023-05-31,MARUTI,True
2023-05-31,MFSL,True
2023-05-31,MGL,True
2023-05-31,MOTHERSON,True
2023-05-31,MPHASIS,True
2023-05-31,MRF,True
2023-05-31,MSUMI,True
2023-05-31,NATCOPHARM,True
2023-05-31,NAUKRI,True
2023-05-31,NAVINFLUOR,True
2023-05-31,NHPC,True
2023-05-31,NMDC,True
2023-05-31,NTPC,True
2023-05-31,OBEROIRLTY,True
2023-05-31,OIL,True
2023-05-31,ONGC,True
2023-05-31,PATANJALI,True
2023-05-31,PEL,True
2023-05-31,PETRONET,True
2023-05-31,PFC,True
2023-05-31,PFIZER,True
2023-05-31,PGHH,True
2023-05-31,PIDILITIND,True
2023-05-31,PIIND,True
2023-05-31,PNB,True
2023-05-31,POLYCAB,True
2023-05-31,POONAWALLA,True
2023-05-31,POWERGRID,True
2023-05-31,PRESTIGE,True
2023-05-31,RAMCOCEM,True
2023-05-31,RBLBANK,True
2023-05-31,RECLTD,True
2023-05-31,RELIANCE,True
2023-05-31,SAIL,True
2023-05-31,SANOFI,True
2023-05-31,SBICARD,True
2023-05-31,SBILIFE,True
2023-05-31,SBIN,True
2023-05-31,SHREECEM,True
2023-05-31,SIEMENS,True
2023-05-31,SONACOMS,True
2023-05-31,SRF,True
2023-05-31,SUNPHARMA,True
2023-05-31,SUNTV,True
2023-05-31,SYNGENE,True
2023-05-31,TATACHEM,True
2023-05-31,TATACOMM,True
2023-05-31,TATACONSUM,True
2023-05-31,TATAELXSI,True
2023-05-31,TCS,True
2023-05-31,TECHM,True
2023-05-31,TIINDIA,True
2023-05-31,TITAN,True
2023-05-31,TORNTPHARM,True
2023-05-31,TORNTPOWER,True
2023-05-31,TRENT,True
2023-05-31,TVSMOTOR,True
2023-05-31,UBL,True
2023-05-31,ULTRACEMCO,True
2023-05-31,UNIONBANK,True
2023-05-31,UPL,True
2023-05-31,VBL,True
2023-05-31,VEDL,True
2023-05-31,VOLTAS,True
2023-05-31,WHIRLPOOL,True
2023-05-31,WIPRO,True
2023-05-31,YESBANK,True
2023-05-31,ZEEL,True
2023-06-30,AARTIIND,True
2023-06-30,ABCAPITAL,True
2023-06-30,ABFRL,True
2023-06-30,ADANIGREEN,True
2023-06-30,ADANIPOWER,True
2023-06-30,AMBUJACEM,True
2023-06-30,APOLLOHOSP,True
2023-06-30,APOLLOTYRE,True
2023-06-30,ASIANPAINT,True
2023-06-30,ASTRAL,True
2023-06-30,ATGL,True
2023-06-30,AUBANK,True
2023-06-30,AUROPHARMA,True
2023-06-30,AWL,True
2023-06-30,AXISBANK,True
2023-06-30,BAJAJ-AUTO,True
2023-06-30,BAJAJFINSV,True
2023-06-30,BAJAJHLDNG,True
2023-06-30,BAJFINANCE,True
2023-06-30,BALKRISIND,True
2023-06-30,BANDHANBNK,True
2023-06-30,BANKBARODA,True
2023-06-30,BANKINDIA,True
2023-06-30,BATAINDIA,True
2023-06-30,BEL,True
2023-06-30,BERGEPAINT,True
2023-06-30,BHARATFORG,True
2023-06-30,BHEL,True
2023-06-30,BIOCON,True
2023-06-30,BOSCHLTD,True
2023-06-30,BPCL,True
2023-06-30,CANBK,True
2023-06-30,CASTROLIND,True
2023-06-30,CGPOWER,True
2023-06-30,CHOLAFIN,True
2023-06-30,CIPLA,True
2023-06-30,COALINDIA,True
2023-06-30,COFORGE,True
2023-06-30,COLPAL,True
2023-06-30,CONCOR,True
2023-06-30,COROMANDEL,True
2023-06-30,CROMPTON,True
2023-06-30,CUB,True
2023-06-30,CUMMINSIND,True
2023-06-30,DABUR,True
2023-06-30,DALBHARAT,True
2023-06-30,DEEPAKNTR,True
2023-06-30,DELHIVERY,True
2023-06-30,DEVYANI,True
2023-06-30,DHANI,True
2023-06-30,DIVISLAB,True
2023-06-30,DIXON,True
2023-06-30,DLF,True
2023-06-30,DMART,True
2023-06-30,DRREDDY,True
2023-06-30,EICHERMOT,True
2023-06-30,ENDURANCE,True
2023-06-30,ESCORTS,True
2023-06-30,FEDERALBNK,True
2023-06-30,FLUOROCHEM,True
2023-06-30,FORTIS,True
2023-06-30,GLAND,True
2023-06-30,GODREJCP,True
2023-06-30,GODREJIND,True
2023-06-30,GODREJPROP,True
2023-06-30,GRASIM,True
2023-06-30,GUJGASLTD,True
2023-06-30,HAL,True
2023-06-30,HAVELLS,True
2023-06-30,HCLTECH,True
2023-06-30,HDFC,True
2023-06-30,HDFCAMC,True
2023-06-30,HDFCBANK,True
2023-06-30,HDFCLIFE,True
2023-06-30,HEROMOTOCO,True
2023-06-30,HINDALCO,True
2023-06-30,HINDCOPPER,True
2023-06-30,HINDPETRO,True
2023-06-30,HINDZINC,True
2023-06-30,ICICIBANK,True
2023-06-30,ICICIGI,True
2023-06-30,IDEA,True
2023-06-30,IDFCFIRSTB,True
2023-06-30,IGL,True
2023-06-30,INDIANB,True
2023-06-30,INDIGO,True
2023-06-30,INDUSINDBK,True
2023-06-30,INDUSTOWER,True
2023-06-30,INFY,True
2023-06-30,IOC,True
2023-06-30,IPCALAB,True
2023-06-30,IRCTC,True
2023-06-30,IRFC,True
2023-06-30,ITC,True
2023-06-30,JINDALSTEL,True
2023-06-30,JSWENERGY,True
2023-06-30,JSWSTEEL,True
2023-06-30,JUBLFOOD,True
2023-06-30,KOTAKBANK,True
2023-06-30,LALPATHLAB,True
2023-06-30,LAURUSLABS,True
2023-06-30,LICHSGFIN,True
2023-06-30,LICI,True
2023-06-30,LT,True
2023-06-30,LTTS,True
2023-06-30,LUPIN,True
2023-06-30,MARICO,True
2023-06-30,MARUTI,True
2023-06-30,MFSL,True
2023-06-30,MGL,True
2023-06-30,MOTHERSON,True
2023-06-30,MPHASIS,True
2023-06-30,MRF,True
2023-06-30,MSUMI,True
2023-06-30,NATCOPHARM,True
2023-06-30,NAUKRI,True
2023-06-30,NAVINFLUOR,True
2023-06-30,NHPC,True
2023-06-30,NMDC,True
2023-06-30,NTPC,True
2023-06-30,OBEROIRLTY,True
2023-06-30,OIL,True
2023-06-30,ONGC,True
2023-06-30,PATANJALI,True
2023-06-30,PEL,True
2023-06-30,PETRONET,True
2023-06-30,PFC,True
2023-06-30,PFIZER,True
2023-06-30,PGHH,True
2023-06-30,PIDILITIND,True
2023-06-30,PIIND,True
2023-06-30,PNB,True
2023-06-30,POLYCAB,True
2023-06-30,POONAWALLA,True
2023-06-30,POWERGRID,True
2023-06-30,PRESTIGE,True
2023-06-30,RAMCOCEM,True
2023-06-30,RBLBANK,True
2023-06-30,RECLTD,True
2023-06-30,RELIANCE,True
2023-06-30,SAIL,True
2023-06-30,SANOFI,True
2023-06-30,SBICARD,True
2023-06-30,SBILIFE,True
2023-06-30,SBIN,True
2023-06-30,SHREECEM,True
2023-06-30,SIEMENS,True
2023-06-30,SONACOMS,True
2023-06-30,SRF,True
2023-06-30,SUNPHARMA,True
2023-06-30,SUNTV,True
2023-06-30,SYNGENE,True
2023-06-30,TATACHEM,True
2023-06-30,TATACOMM,True
2023-06-30,TATACONSUM,True
2023-06-30,TATAELXSI,True
2023-06-30,TCS,True
2023-06-30,TECHM,True
2023-06-30,TIINDIA,True
2023-06-30,TITAN,True
2023-06-30,TORNTPHARM,True
2023-06-30,TORNTPOWER,True
2023-06-30,TRENT,True
2023-06-30,TVSMOTOR,True
2023-06-30,UBL,True
2023-06-30,ULTRACEMCO,True
2023-06-30,UNIONBANK,True
2023-06-30,UPL,True
2023-06-30,VBL,True
2023-06-30,VEDL,True
2023-06-30,VOLTAS,True
2023-06-30,WHIRLPOOL,True
2023-06-30,WIPRO,True
2023-06-30,YESBANK,True
2023-06-30,ZEEL,True
2023-07-31,AARTIIND,True
2023-07-31,ABCAPITAL,True
2023-07-31,ABFRL,True
2023-07-31,ADANIGREEN,True
2023-07-31,ADANIPOWER,True
2023-07-31,AMBUJACEM,True
2023-07-31,APOLLOHOSP,True
2023-07-31,APOLLOTYRE,True
2023-07-31,ASIANPAINT,True
2023-07-31,ASTRAL,True
2023-07-31,ATGL,True
2023-07-31,AUBANK,True
2023-07-31,AUROPHARMA,True
2023-07-31,AWL,True
2023-07-31,AXISBANK,True
2023-07-31,BAJAJ-AUTO,True
2023-07-31,BAJAJFINSV,True
2023-07-31,BAJAJHLDNG,True
2023-07-31,BAJFINANCE,True
2023-07-31,BALKRISIND,True
2023-07-31,BANDHANBNK,True
2023-07-31,BANKBARODA,True
2023-07-31,BANKINDIA,True
2023-07-31,BATAINDIA,True
2023-07-31,BEL,True
2023-07-31,BERGEPAINT,True
2023-07-31,BHARATFORG,True
2023-07-31,BHEL,True
2023-07-31,BIOCON,True
2023-07-31,BOSCHLTD,True
2023-07-31,BPCL,True
2023-07-31,CANBK,True
2023-07-31,CASTROLIND,True
2023-07-31,CGPOWER,True
2023-07-31,CHOLAFIN,True
2023-07-31,CIPLA,True
2023-07-31,COALINDIA,True
2023-07-31,COFORGE,True
2023-07-31,COLPAL,True
2023-07-31,CONCOR,True
2023-07-31,COROMANDEL,True
2023-07-31,CROMPTON,True
2023-07-31,CUB,True
2023-07-31,CUMMINSIND,True
2023-07-31,DABUR,True
2023-07-31,DALBHARAT,True
2023-07-31,DEEPAKNTR,True
2023-07-31,DELHIVERY,True
2023-07-31,DEVYANI,True
2023-07-31,DHANI,True
2023-07-31,DIVISLAB,True
2023-07-31,DIXON,True
2023-07-31,DLF,True
2023-07-31,DMART,True
2023-07-31,DRREDDY,True
2023-07-31,EICHERMOT,True
2023-07-31,ENDURANCE,True
2023-07-31,ESCORTS,True
2023-07-31,FEDERALBNK,True
2023-07-31,FLUOROCHEM,True
2023-07-31,FORTIS,True
2023-07-31,GLAND,True
2023-07-31,GODREJCP,True
2023-07-31,GODREJIND,True
2023-07-31,GODREJPROP,True
2023-07-31,GRASIM,True
2023-07-31,GUJGASLTD,True
2023-07-31,HAL,True
2023-07-31,HAVELLS,True
2023-07-31,HCLTECH,True
2023-07-31,HDFC,True
2023-07-31,HDFCAMC,True
2023-07-31,HDFCBANK,True
2023-07-31,HDFCLIFE,True
2023-07-31,HEROMOTOCO,True
2023-07-31,HINDALCO,True
2023-07-31,HINDCOPPER,True
2023-07-31,HINDPETRO,True
2023-07-31,HINDZINC,True
2023-07-31,ICICIBANK,True
2023-07-31,ICICIGI,True
2023-07-31,IDEA,True
2023-07-31,IDFCFIRSTB,True
2023-07-31,IGL,True
2023-07-31,INDIANB,True
2023-07-31,INDIGO,True
2023-07-31,INDUSINDBK,True
2023-07-31,INDUSTOWER,True
2023-07-31,INFY,True
2023-07-31,IOC,True
2023-07-31,IPCALAB,True
2023-07-31,IRCTC,True
2023-07-31,IRFC,True
2023-07-31,ITC,True
2023-07-31,JINDALSTEL,True
2023-07-31,JSWENERGY,True
2023-07-31,JSWSTEEL,True
2023-07-31,JUBLFOOD,True
2023-07-31,KOTAKBANK,True
2023-07-31,LALPATHLAB,True
2023-07-31,LAURUSLABS,True
2023-07-31,LICHSGFIN,True
2023-07-31,LICI,True
2023-07-31,LT,True
2023-07-31,LTTS,True
2023-07-31,LUPIN,True
2023-07-31,MARICO,True
2023-07-31,MARUTI,True
2023-07-31,MFSL,True
2023-07-31,MGL,True
2023-07-31,MOTHERSON,True
2023-07-31,MPHASIS,True
2023-07-31,MRF,True
2023-07-31,MSUMI,True
2023-07-31,NATCOPHARM,True
2023-07-31,NAUKRI,True
2023-07-31,NAVINFLUOR,True
2023-07-31,NHPC,True
2023-07-31,NMDC,True
2023-07-31,NTPC,True
2023-07-31,OBEROIRLTY,True
2023-07-31,OIL,True
2023-07-31,ONGC,True
2023-07-31,PATANJALI,True
2023-07-31,PEL,True
2023-07-31,PETRONET,True
2023-07-31,PFC,True
2023-07-31,PFIZER,True
2023-07-31,PGHH,True
2023-07-31,PIDILITIND,True
2023-07-31,PIIND,True
2023-07-31,PNB,True
2023-07-31,POLYCAB,True
2023-07-31,POONAWALLA,True
2023-07-31,POWERGRID,True
2023-07-31,PRESTIGE,True
2023-07-31,RAMCOCEM,True
2023-07-31,RBLBANK,True
2023-07-31,RECLTD,True
2023-07-31,RELIANCE,True
2023-07-31,SAIL,True
2023-07-31,SANOFI,True
2023-07-31,SBICARD,True
2023-07-31,SBILIFE,True
2023-07-31,SBIN,True
2023-07-31,SHREECEM,True
2023-07-31,SIEMENS,True
2023-07-31,SONACOMS,True
2023-07-31,SRF,True
2023-07-31,SUNPHARMA,True
2023-07-31,SUNTV,True
2023-07-31,SYNGENE,True
2023-07-31,TATACHEM,True
2023-07-31,TATACOMM,True
2023-07-31,TATACONSUM,True
2023-07-31,TATAELXSI,True
2023-07-31,TCS,True
2023-07-31,TECHM,True
2023-07-31,TIINDIA,True
2023-07-31,TITAN,True
2023-07-31,TORNTPHARM,True
2023-07-31,TORNTPOWER,True
2023-07-31,TRENT,True
2023-07-31,TVSMOTOR,True
2023-07-31,UBL,True
2023-07-31,ULTRACEMCO,True
2023-07-31,UNIONBANK,True
2023-07-31,UPL,True
2023-07-31,VBL,True
2023-07-31,VEDL,True
2023-07-31,VOLTAS,True
2023-07-31,WHIRLPOOL,True
2023-07-31,WIPRO,True
2023-07-31,YESBANK,True
2023-07-31,ZEEL,True
2023-08-31,AARTIIND,True
2023-08-31,ABCAPITAL,True
2023-08-31,ABFRL,True
2023-08-31,ADANIGREEN,True
2023-08-31,ADANIPOWER,True
2023-08-31,AMBUJACEM,True
2023-08-31,APOLLOHOSP,True
2023-08-31,APOLLOTYRE,True
2023-08-31,ASIANPAINT,True
2023-08-31,ASTRAL,True
2023-08-31,ATGL,True
2023-08-31,AUBANK,True
2023-08-31,AUROPHARMA,True
2023-08-31,AWL,True
2023-08-31,AXISBANK,True
2023-08-31,BAJAJ-AUTO,True
2023-08-31,BAJAJFINSV,True
2023-08-31,BAJAJHLDNG,True
2023-08-31,BAJFINANCE,True
2023-08-31,BALKRISIND,True
2023-08-31,BANDHANBNK,True
2023-08-31,BANKBARODA,True
2023-08-31,BANKINDIA,True
2023-08-31,BATAINDIA,True
2023-08-31,BEL,True
2023-08-31,BERGEPAINT,True
2023-08-31,BHARATFORG,True
2023-08-31,BHEL,True
2023-08-31,BIOCON,True
2023-08-31,BOSCHLTD,True
2023-08-31,BPCL,True
2023-08-31,CANBK,True
2023-08-31,CASTROLIND,True
2023-08-31,CGPOWER,True
2023-08-31,CHOLAFIN,True
2023-08-31,CIPLA,True
2023-08-31,COALINDIA,True
2023-08-31,COFORGE,True
2023-08-31,COLPAL,True
2023-08-31,CONCOR,True
2023-08-31,COROMANDEL,True
2023-08-31,CROMPTON,True
2023-08-31,CUB,True
2023-08-31,CUMMINSIND,True
2023-08-31,DABUR,True
2023-08-31,DALBHARAT,True
2023-08-31,DEEPAKNTR,True
2023-08-31,DELHIVERY,True
2023-08-31,DEVYANI,True
2023-08-31,DHANI,True
2023-08-31,DIVISLAB,True
2023-08-31,DIXON,True
2023-08-31,DLF,True
2023-08-31,DMART,True
2023-08-31,DRREDDY,True
2023-08-31,EICHERMOT,True
2023-08-31,ENDURANCE,True
2023-08-31,ESCORTS,True
2023-08-31,FEDERALBNK,True
2023-08-31,FLUOROCHEM,True
2023-08-31,FORTIS,True
2023-08-31,GLAND,True
2023-08-31,GODREJCP,True
2023-08-31,GODREJIND,True
2023-08-31,GODREJPROP,True
2023-08-31,GRASIM,True
2023-08-31,GUJGASLTD,True
2023-08-31,HAL,True
2023-08-31,HAVELLS,True
2023-08-31,HCLTECH,True
2023-08-31,HDFC,True
2023-08-31,HDFCAMC,True
2023-08-31,HDFCBANK,True
2023-08-31,HDFCLIFE,True
2023-08-31,HEROMOTOCO,True
2023-08-31,HINDALCO,True
2023-08-31,HINDCOPPER,True
2023-08-31,HINDPETRO,True
2023-08-31,HINDZINC,True
2023-08-31,ICICIBANK,True
2023-08-31,ICICIGI,True
2023-08-31,IDEA,True
2023-08-31,IDFCFIRSTB,True
2023-08-31,IGL,True
2023-08-31,INDIANB,True
2023-08-31,INDIGO,True
2023-08-31,INDUSINDBK,True
2023-08-31,INDUSTOWER,True
2023-08-31,INFY,True
2023-08-31,IOC,True
2023-08-31,IPCALAB,True
2023-08-31,IRCTC,True
2023-08-31,IRFC,True
2023-08-31,ITC,True
2023-08-31,JINDALSTEL,True
2023-08-31,JSWENERGY,True
2023-08-31,JSWSTEEL,True
2023-08-31,JUBLFOOD,True
2023-08-31,KOTAKBANK,True
2023-08-31,LALPATHLAB,True
2023-08-31,LAURUSLABS,True
2023-08-31,LICHSGFIN,True
2023-08-31,LICI,True
2023-08-31,LT,True
2023-08-31,LTTS,True
2023-08-31,LUPIN,True
2023-08-31,MARICO,True
2023-08-31,MARUTI,True
2023-08-31,MFSL,True
2023-08-31,MGL,True
2023-08-31,MOTHERSON,True
2023-08-31,MPHASIS,True
2023-08-31,MRF,True
2023-08-31,MSUMI,True
2023-08-31,NATCOPHARM,True
2023-08-31,NAUKRI,True
2023-08-31,NAVINFLUOR,True
2023-08-31,NHPC,True
2023-08-31,NMDC,True
2023-08-31,NTPC,True
2023-08-31,OBEROIRLTY,True
2023-08-31,OIL,True
2023-08-31,ONGC,True
2023-08-31,PATANJALI,True
2023-08-31,PEL,True
2023-08-31,PETRONET,True
2023-08-31,PFC,True
2023-08-31,PFIZER,True
2023-08-31,PGHH,True
2023-08-31,PIDILITIND,True
2023-08-31,PIIND,True
2023-08-31,PNB,True
2023-08-31,POLYCAB,True
2023-08-31,POONAWALLA,True
2023-08-31,POWERGRID,True
2023-08-31,PRESTIGE,True
2023-08-31,RAMCOCEM,True
2023-08-31,RBLBANK,True
2023-08-31,RECLTD,True
2023-08-31,RELIANCE,True
2023-08-31,SAIL,True
2023-08-31,SANOFI,True
2023-08-31,SBICARD,True
2023-08-31,SBILIFE,True
2023-08-31,SBIN,True
2023-08-31,SHREECEM,True
2023-08-31,SIEMENS,True
2023-08-31,SONACOMS,True
2023-08-31,SRF,True
2023-08-31,SUNPHARMA,True
2023-08-31,SUNTV,True
2023-08-31,SYNGENE,True
2023-08-31,TATACHEM,True
2023-08-31,TATACOMM,True
2023-08-31,TATACONSUM,True
2023-08-31,TATAELXSI,True
2023-08-31,TCS,True
2023-08-31,TECHM,True
2023-08-31,TIINDIA,True
2023-08-31,TITAN,True
2023-08-31,TORNTPHARM,True
2023-08-31,TORNTPOWER,True
2023-08-31,TRENT,True
2023-08-31,TVSMOTOR,True
2023-08-31,UBL,True
2023-08-31,ULTRACEMCO,True
2023-08-31,UNIONBANK,True
2023-08-31,UPL,True
2023-08-31,VBL,True
2023-08-31,VEDL,True
2023-08-31,VOLTAS,True
2023-08-31,WHIRLPOOL,True
2023-08-31,WIPRO,True
2023-08-31,YESBANK,True
2023-08-31,ZEEL,True
2023-09-30,AARTIIND,True
2023-09-30,ABCAPITAL,True
2023-09-30,ABFRL,True
2023-09-30,ADANIGREEN,True
2023-09-30,ADANIPOWER,True
2023-09-30,AMBUJACEM,True
2023-09-30,APLAPOLLO,True
2023-09-30,APOLLOHOSP,True
2023-09-30,APOLLOTYRE,True
2023-09-30,ASIANPAINT,True
2023-09-30,ASTRAL,True
2023-09-30,ATGL,True
2023-09-30,AUBANK,True
2023-09-30,AUROPHARMA,True
2023-09-30,AWL,True
2023-09-30,AXISBANK,True
2023-09-30,BAJAJ-AUTO,True
2023-09-30,BAJAJFINSV,True
2023-09-30,BAJAJHLDNG,True
2023-09-30,BAJFINANCE,True
2023-09-30,BALKRISIND,True
2023-09-30,BANDHANBNK,True
2023-09-30,BANKBARODA,True
2023-09-30,BANKINDIA,True
2023-09-30,BATAINDIA,True
2023-09-30,BDL,True
2023-09-30,BEL,True
2023-09-30,BERGEPAINT,True
2023-09-30,BHARATFORG,True
2023-09-30,BHEL,True
2023-09-30,BIOCON,True
2023-09-30,BOSCHLTD,True
2023-09-30,BPCL,True
2023-09-30,CANBK,True
2023-09-30,CASTROLIND,True
2023-09-30,CGPOWER,True
2023-09-30,CHOLAFIN,True
2023-09-30,CIPLA,True
2023-09-30,COALINDIA,True
2023-09-30,COFORGE,True
2023-09-30,COLPAL,True
2023-09-30,CONCOR,True
2023-09-30,COROMANDEL,True
2023-09-30,CROMPTON,True
2023-09-30,CUB,True
2023-09-30,CUMMINSIND,True
2023-09-30,DABUR,True
2023-09-30,DALBHARAT,True
2023-09-30,DEEPAKNTR,True
2023-09-30,DELHIVERY,True
2023-09-30,DEVYANI,True
2023-09-30,DHANI,True
2023-09-30,DIVISLAB,True
2023-09-30,DIXON,True
2023-09-30,DLF,True
2023-09-30,DMART,True
2023-09-30,DRREDDY,True
2023-09-30,EICHERMOT,True
2023-09-30,ENDURANCE,True
2023-09-30,ESCORTS,True
2023-09-30,FACT,True
2023-09-30,FEDERALBNK,True
2023-09-30,FLUOROCHEM,True
2023-09-30,FORTIS,True
2023-09-30,GLAND,True
2023-09-30,GODREJCP,True
2023-09-30,GODREJIND,True
2023-09-30,GODREJPROP,True
2023-09-30,GRASIM,True
2023-09-30,GUJGASLTD,True
2023-09-30,HAL,True
2023-09-30,HAVELLS,True
2023-09-30,HCLTECH,True
2023-09-30,HDFC,True
2023-09-30,HDFCAMC,True
2023-09-30,HDFCBANK,True
2023-09-30,HDFCLIFE,True
2023-09-30,HEROMOTOCO,True
2023-09-30,HINDALCO,True
2023-09-30,HINDCOPPER,True
2023-09-30,HINDPETRO,True
2023-09-30,ICICIBANK,True
2023-09-30,ICICIGI,True
2023-09-30,IDEA,True
2023-09-30,IDFCFIRSTB,True
2023-09-30,IGL,True
2023-09-30,INDIANB,True
2023-09-30,INDIGO,True
2023-09-30,INDUSINDBK,True
2023-09-30,INDUSTOWER,True
2023-09-30,INFY,True
2023-09-30,IOC,True
2023-09-30,IPCALAB,True
2023-09-30,IRCTC,True
2023-09-30,IRFC,True
2023-09-30,ITC,True
2023-09-30,JINDALSTEL,True
2023-09-30,JSWENERGY,True
2023-09-30,JSWSTEEL,True
2023-09-30,JUBLFOOD,True
2023-09-30,KOTAKBANK,True
2023-09-30,KPITTECH,True
2023-09-30,LALPATHLAB,True
2023-09-30,LAURUSLABS,True
2023-09-30,LICHSGFIN,True
2023-09-30,LICI,True
2023-09-30,LODHA,True
2023-09-30,LT,True
2023-09-30,LTTS,True
2023-09-30,LUPIN,True
2023-09-30,MARICO,True
2023-09-30,MARUTI,True
2023-09-30,MAZDOCK,True
2023-09-30,MFSL,True
2023-09-30,MGL,True
2023-09-30,MOTHERSON,True
2023-09-30,MPHASIS,True
2023-09-30,MRF,True
2023-09-30,MSUMI,True
2023-09-30,NATCOPHARM,True
2023-09-30,NAUKRI,True
2023-09-30,NAVINFLUOR,True
2023-09-30,NHPC,True
2023-09-30,NMDC,True
2023-09-30,NTPC,True
2023-09-30,OBEROIRLTY,True
2023-09-30,OIL,True
2023-09-30,ONGC,True
2023-09-30,PATANJALI,True
2023-09-30,PEL,True
2023-09-30,PETRONET,True
2023-09-30,PFC,True
2023-09-30,PFIZER,True
2023-09-30,PGHH,True
2023-09-30,PIDILITIND,True
2023-09-30,PIIND,True
2023-09-30,PNB,True
2023-09-30,POLYCAB,True
2023-09-30,POONAWALLA,True
2023-09-30,POWERGRID,True
2023-09-30,PRESTIGE,True
2023-09-30,RAMCOCEM,True
2023-09-30,RBLBANK,True
2023-09-30,RECLTD,True
2023-09-30,RELIANCE,True
2023-09-30,RVNL,True
2023-09-30,SAIL,True
2023-09-30,SANOFI,True
2023-09-30,SBICARD,True
2023-09-30,SBILIFE,True
2023-09-30,SBIN,True
2023-09-30,SHREECEM,True
2023-09-30,SIEMENS,True
2023-09-30,SONACOMS,True
2023-09-30,SRF,True
2023-09-30,SUNPHARMA,True
2023-09-30,SUNTV,True
2023-09-30,SYNGENE,True
2023-09-30,TATACHEM,True
2023-09-30,TATACOMM,True
2023-09-30,TATACONSUM,True
2023-09-30,TATAELXSI,True
2023-09-30,TCS,True
2023-09-30,TECHM,True
2023-09-30,TIINDIA,True
2023-09-30,TITAN,True
2023-09-30,TORNTPHARM,True
2023-09-30,TORNTPOWER,True
2023-09-30,TRENT,True
2023-09-30,TVSMOTOR,True
2023-09-30,UBL,True
2023-09-30,ULTRACEMCO,True
2023-09-30,UNIONBANK,True
2023-09-30,UPL,True
2023-09-30,VBL,True
2023-09-30,VEDL,True
2023-09-30,VOLTAS,True
2023-09-30,WIPRO,True
2023-09-30,YESBANK,True
2023-09-30,ZEEL,True
2023-10-31,AARTIIND,True
2023-10-31,ABCAPITAL,True
2023-10-31,ABFRL,True
2023-10-31,ADANIGREEN,True
2023-10-31,ADANIPOWER,True
2023-10-31,AMBUJACEM,True
2023-10-31,APLAPOLLO,True
2023-10-31,APOLLOHOSP,True
2023-10-31,APOLLOTYRE,True
2023-10-31,ASIANPAINT,True
2023-10-31,ASTRAL,True
2023-10-31,ATGL,True
2023-10-31,AUBANK,True
2023-10-31,AUROPHARMA,True
2023-10-31,AWL,True
2023-10-31,AXISBANK,True
2023-10-31,BAJAJ-AUTO,True
2023-10-31,BAJAJFINSV,True
2023-10-31,BAJAJHLDNG,True
2023-10-31,BAJFINANCE,True
2023-10-31,BALKRISIND,True
2023-10-31,BANDHANBNK,True
2023-10-31,BANKBARODA,True
2023-10-31,BANKINDIA,True
2023-10-31,BATAINDIA,True
2023-10-31,BDL,True
2023-10-31,BEL,True
2023-10-31,BERGEPAINT,True
2023-10-31,BHARATFORG,True
2023-10-31,BHEL,True
2023-10-31,BIOCON,True
2023-10-31,BOSCHLTD,True
2023-10-31,BPCL,True
2023-10-31,CANBK,True
2023-10-31,CASTROLIND,True
2023-10-31,CGPOWER,True
2023-10-31,CHOLAFIN,True
2023-10-31,CIPLA,True
2023-10-31,COALINDIA,True
2023-10-31,COFORGE,True
2023-10-31,COLPAL,True
2023-10-31,CONCOR,True
2023-10-31,COROMANDEL,True
2023-10-31,CROMPTON,True
2023-10-31,CUB,True
2023-10-31,CUMMINSIND,True
2023-10-31,DABUR,True
2023-10-31,DALBHARAT,True
2023-10-31,DEEPAKNTR,True
2023-10-31,DELHIVERY,True
2023-10-31,DEVYANI,True
2023-10-31,DHANI,True
2023-10-31,DIVISLAB,True
2023-10-31,DIXON,True
2023-10-31,DLF,True
2023-10-31,DMART,True
2023-10-31,DRREDDY,True
2023-10-31,EICHERMOT,True
2023-10-31,ENDURANCE,True
2023-10-31,ESCORTS,True
2023-10-31,FACT,True
2023-10-31,FEDERALBNK,True
2023-10-31,FLUOROCHEM,True
2023-10-31,FORTIS,True
2023-10-31,GLAND,True
2023-10-31,GODREJCP,True
2023-10-31,GODREJIND,True
2023-10-31,GODREJPROP,True
2023-10-31,GRASIM,True
2023-10-31,GUJGASLTD,True
2023-10-31,HAL,True
2023-10-31,HAVELLS,True
2023-10-31,HCLTECH,True
2023-10-31,HDFC,True
2023-10-31,HDFCAMC,True
2023-10-31,HDFCBANK,True
2023-10-31,HDFCLIFE,True
2023-10-31,HEROMOTOCO,True
2023-10-31,HINDALCO,True
2023-10-31,HINDCOPPER,True
2023-10-31,HINDPETRO,True
2023-10-31,ICICIBANK,True
2023-10-31,ICICIGI,True
2023-10-31,IDEA,True
2023-10-31,IDFCFIRSTB,True
2023-10-31,IGL,True
2023-10-31,INDIANB,True
2023-10-31,INDIGO,True
2023-10-31,INDUSINDBK,True
2023-10-31,INDUSTOWER,True
2023-10-31,INFY,True
2023-10-31,IOC,True
2023-10-31,IPCALAB,True
2023-10-31,IRCTC,True
2023-10-31,IRFC,True
2023-10-31,ITC,True
2023-10-31,JINDALSTEL,True
2023-10-31,JSWENERGY,True
2023-10-31,JSWSTEEL,True
2023-10-31,JUBLFOOD,True
2023-10-31,KOTAKBANK,True
2023-10-31,KPITTECH,True
2023-10-31,LALPATHLAB,True
2023-10-31,LAURUSLABS,True
2023-10-31,LICHSGFIN,True
2023-10-31,LICI,True
2023-10-31,LODHA,True
2023-10-31,LT,True
2023-10-31,LTTS,True
2023-10-31,LUPIN,True
2023-10-31,MARICO,True
2023-10-31,MARUTI,True
2023-10-31,MAZDOCK,True
2023-10-31,MFSL,True
2023-10-31,MGL,True
2023-10-31,MOTHERSON,True
2023-10-31,MPHASIS,True
2023-10-31,MRF,True
2023-10-31,MSUMI,True
2023-10-31,NATCOPHARM,True
2023-10-31,NAUKRI,True
2023-10-31,NAVINFLUOR,True
2023-10-31,NHPC,True
2023-10-31,NMDC,True
2023-10-31,NTPC,True
2023-10-31,OBEROIRLTY,True
2023-10-31,OIL,True
2023-10-31,ONGC,True
2023-10-31,PATANJALI,True
2023-10-31,PEL,True
2023-10-31,PETRONET,True
2023-10-31,PFC,True
2023-10-31,PFIZER,True
2023-10-31,PGHH,True
2023-10-31,PIDILITIND,True
2023-10-31,PIIND,True
2023-10-31,PNB,True
2023-10-31,POLYCAB,True
2023-10-31,POONAWALLA,True
2023-10-31,POWERGRID,True
2023-10-31,PRESTIGE,True
2023-10-31,RAMCOCEM,True
2023-10-31,RBLBANK,True
2023-10-31,RECLTD,True
2023-10-31,RELIANCE,True
2023-10-31,RVNL,True
2023-10-31,SAIL,True
2023-10-31,SANOFI,True
2023-10-31,SBICARD,True
2023-10-31,SBILIFE,True
2023-10-31,SBIN,True
2023-10-31,SHREECEM,True
2023-10-31,SIEMENS,True
2023-10-31,SONACOMS,True
2023-10-31,SRF,True
2023-10-31,SUNPHARMA,True
2023-10-31,SUNTV,True
2023-10-31,SYNGENE,True
2023-10-31,TATACHEM,True
2023-10-31,TATACOMM,True
2023-10-31,TATACONSUM,True
2023-10-31,TATAELXSI,True
2023-10-31,TCS,True
2023-10-31,TECHM,True
2023-10-31,TIINDIA,True
2023-10-31,TITAN,True
2023-10-31,TORNTPHARM,True
2023-10-31,TORNTPOWER,True
2023-10-31,TRENT,True
2023-10-31,TVSMOTOR,True
2023-10-31,UBL,True
2023-10-31,ULTRACEMCO,True
2023-10-31,UNIONBANK,True
2023-10-31,UPL,True
2023-10-31,VBL,True
2023-10-31,VEDL,True
2023-10-31,VOLTAS,True
2023-10-31,WIPRO,True
2023-10-31,YESBANK,True
2023-10-31,ZEEL,True
2023-11-30,AARTIIND,True
2023-11-30,ABCAPITAL,True
2023-11-30,ABFRL,True
2023-11-30,ADANIGREEN,True
2023-11-30,ADANIPOWER,True
2023-11-30,AMBUJACEM,True
2023-11-30,APLAPOLLO,True
2023-11-30,APOLLOHOSP,True
2023-11-30,APOLLOTYRE,True
2023-11-30,ASIANPAINT,True
2023-11-30,ASTRAL,True
2023-11-30,ATGL,True
2023-11-30,AUBANK,True
2023-11-30,AUROPHARMA,True
2023-11-30,AWL,True
2023-11-30,AXISBANK,True
2023-11-30,BAJAJ-AUTO,True
2023-11-30,BAJAJFINSV,True
2023-11-30,BAJAJHLDNG,True
2023-11-30,BAJFINANCE,True
2023-11-30,BALKRISIND,True
2023-11-30,BANDHANBNK,True
2023-11-30,BANKBARODA,True
2023-11-30,BANKINDIA,True
2023-11-30,BATAINDIA,True
2023-11-30,BDL,True
2023-11-30,BEL,True
2023-11-30,BERGEPAINT,True
2023-11-30,BHARATFORG,True
2023-11-30,BHEL,True
2023-11-30,BIOCON,True
2023-11-30,BOSCHLTD,True
2023-11-30,BPCL,True
2023-11-30,CANBK,True
2023-11-30,CASTROLIND,True
2023-11-30,CGPOWER,True
2023-11-30,CHOLAFIN,True
2023-11-30,CIPLA,True
2023-11-30,COALINDIA,True
2023-11-30,COFORGE,True
2023-11-30,COLPAL,True
2023-11-30,CONCOR,True
2023-11-30,COROMANDEL,True
2023-11-30,CROMPTON,True
2023-11-30,CUB,True
2023-11-30,CUMMINSIND,True
2023-11-30,DABUR,True
2023-11-30,DALBHARAT,True
2023-11-30,DEEPAKNTR,True
2023-11-30,DELHIVERY,True
2023-11-30,DEVYANI,True
2023-11-30,DHANI,True
2023-11-30,DIVISLAB,True
2023-11-30,DIXON,True
2023-11-30,DLF,True
2023-11-30,DMART,True
2023-11-30,DRREDDY,True
2023-11-30,EICHERMOT,True
2023-11-30,ENDURANCE,True
2023-11-30,ESCORTS,True
2023-11-30,FACT,True
2023-11-30,FEDERALBNK,True
2023-11-30,FLUOROCHEM,True
2023-11-30,FORTIS,True
2023-11-30,GLAND,True
2023-11-30,GODREJCP,True
2023-11-30,GODREJIND,True
2023-11-30,GODREJPROP,True
2023-11-30,GRASIM,True
2023-11-30,GUJGASLTD,True
2023-11-30,HAL,True
2023-11-30,HAVELLS,True
2023-11-30,HCLTECH,True
2023-11-30,HDFC,True
2023-11-30,HDFCAMC,True
2023-11-30,HDFCBANK,True
2023-11-30,HDFCLIFE,True
2023-11-30,HEROMOTOCO,True
2023-11-30,HINDALCO,True
2023-11-30,HINDCOPPER,True
2023-11-30,HINDPETRO,True
2023-11-30,ICICIBANK,True
2023-11-30,ICICIGI,True
2023-11-30,IDEA,True
2023-11-30,IDFCFIRSTB,True
2023-11-30,IGL,True
2023-11-30,INDIANB,True
2023-11-30,INDIGO,True
2023-11-30,INDUSINDBK,True
2023-11-30,INDUSTOWER,True
2023-11-30,INFY,True
2023-11-30,IOC,True
2023-11-30,IPCALAB,True
2023-11-30,IRCTC,True
2023-11-30,IRFC,True
2023-11-30,ITC,True
2023-11-30,JINDALSTEL,True
2023-11-30,JSWENERGY,True
2023-11-30,JSWSTEEL,True
2023-11-30,JUBLFOOD,True
2023-11-30,KOTAKBANK,True
2023-11-30,KPITTECH,True
2023-11-30,LALPATHLAB,True
2023-11-30,LAURUSLABS,True
2023-11-30,LICHSGFIN,True
2023-11-30,LICI,True
2023-11-30,LODHA,True
2023-11-30,LT,True
2023-11-30,LTTS,True
2023-11-30,LUPIN,True
2023-11-30,MARICO,True
2023-11-30,MARUTI,True
2023-11-30,MAZDOCK,True
2023-11-30,MFSL,True
2023-11-30,MGL,True
2023-11-30,MOTHERSON,True
2023-11-30,MPHASIS,True
2023-11-30,MRF,True
2023-11-30,MSUMI,True
2023-11-30,NATCOPHARM,True
2023-11-30,NAUKRI,True
2023-11-30,NAVINFLUOR,True
2023-11-30,NHPC,True
2023-11-30,NMDC,True
2023-11-30,NTPC,True
2023-11-30,OBEROIRLTY,True
2023-11-30,OIL,True
2023-11-30,ONGC,True
2023-11-30,PATANJALI,True
2023-11-30,PEL,True
2023-11-30,PETRONET,True
2023-11-30,PFC,True
2023-11-30,PFIZER,True
2023-11-30,PGHH,True
2023-11-30,PIDILITIND,True
2023-11-30,PIIND,True
2023-11-30,PNB,True
2023-11-30,POLYCAB,True
2023-11-30,POONAWALLA,True
2023-11-30,POWERGRID,True
2023-11-30,PRESTIGE,True
2023-11-30,RAMCOCEM,True
2023-11-30,RBLBANK,True
2023-11-30,RECLTD,True
2023-11-30,RELIANCE,True
2023-11-30,RVNL,True
2023-11-30,SAIL,True
2023-11-30,SANOFI,True
2023-11-30,SBICARD,True
2023-11-30,SBILIFE,True
2023-11-30,SBIN,True
2023-11-30,SHREECEM,True
2023-11-30,SIEMENS,True
2023-11-30,SONACOMS,True
2023-11-30,SRF,True
2023-11-30,SUNPHARMA,True
2023-11-30,SUNTV,True
2023-11-30,SYNGENE,True
2023-11-30,TATACHEM,True
2023-11-30,TATACOMM,True
2023-11-30,TATACONSUM,True
2023-11-30,TATAELXSI,True
2023-11-30,TCS,True
2023-11-30,TECHM,True
2023-11-30,TIINDIA,True
2023-11-30,TITAN,True
2023-11-30,TORNTPHARM,True
2023-11-30,TORNTPOWER,True
2023-11-30,TRENT,True
2023-11-30,TVSMOTOR,True
2023-11-30,UBL,True
2023-11-30,ULTRACEMCO,True
2023-11-30,UNIONBANK,True
2023-11-30,UPL,True
2023-11-30,VBL,True
2023-11-30,VEDL,True
2023-11-30,VOLTAS,True
2023-11-30,WIPRO,True
2023-11-30,YESBANK,True
2023-11-30,ZEEL,True
2023-12-31,AARTIIND,True
2023-12-31,ABCAPITAL,True
2023-12-31,ABFRL,True
2023-12-31,ADANIGREEN,True
2023-12-31,ADANIPOWER,True
2023-12-31,AMBUJACEM,True
2023-12-31,APLAPOLLO,True
2023-12-31,APOLLOHOSP,True
2023-12-31,APOLLOTYRE,True
2023-12-31,ASIANPAINT,True
2023-12-31,ASTRAL,True
2023-12-31,ATGL,True
2023-12-31,AUBANK,True
2023-12-31,AUROPHARMA,True
2023-12-31,AWL,True
2023-12-31,AXISBANK,True
2023-12-31,BAJAJ-AUTO,True
2023-12-31,BAJAJFINSV,True
2023-12-31,BAJAJHLDNG,True
2023-12-31,BAJFINANCE,True
2023-12-31,BALKRISIND,True
2023-12-31,BANDHANBNK,True
2023-12-31,BANKBARODA,True
2023-12-31,BANKINDIA,True
2023-12-31,BATAINDIA,True
2023-12-31,BDL,True
2023-12-31,BEL,True
2023-12-31,BERGEPAINT,True
2023-12-31,BHARATFORG,True
2023-12-31,BHEL,True
2023-12-31,BIOCON,True
2023-12-31,BOSCHLTD,True
2023-12-31,BPCL,True
2023-12-31,CANBK,True
2023-12-31,CASTROLIND,True
2023-12-31,CGPOWER,True
2023-12-31,CHOLAFIN,True
2023-12-31,CIPLA,True
2023-12-31,COALINDIA,True
2023-12-31,COFORGE,True
2023-12-31,COLPAL,True
2023-12-31,CONCOR,True
2023-12-31,COROMANDEL,True
2023-12-31,CROMPTON,True
2023-12-31,CUB,True
2023-12-31,CUMMINSIND,True
2023-12-31,DABUR,True
2023-12-31,DALBHARAT,True
2023-12-31,DEEPAKNTR,True
2023-12-31,DELHIVERY,True
2023-12-31,DEVYANI,True
2023-12-31,DHANI,True
2023-12-31,DIVISLAB,True
2023-12-31,DIXON,True
2023-12-31,DLF,True
2023-12-31,DMART,True
2023-12-31,DRREDDY,True
2023-12-31,EICHERMOT,True
2023-12-31,ENDURANCE,True
2023-12-31,ESCORTS,True
2023-12-31,FACT,True
2023-12-31,FEDERALBNK,True
2023-12-31,FLUOROCHEM,True
2023-12-31,FORTIS,True
2023-12-31,GLAND,True
2023-12-31,GODREJCP,True
2023-12-31,GODREJIND,True
2023-12-31,GODREJPROP,True
2023-12-31,GRASIM,True
2023-12-31,GUJGASLTD,True
2023-12-31,HAL,True
2023-12-31,HAVELLS,True
2023-12-31,HCLTECH,True
2023-12-31,HDFC,True
2023-12-31,HDFCAMC,True
2023-12-31,HDFCBANK,True
2023-12-31,HDFCLIFE,True
2023-12-31,HEROMOTOCO,True
2023-12-31,HINDALCO,True
2023-12-31,HINDCOPPER,True
2023-12-31,HINDPETRO,True
2023-12-31,ICICIBANK,True
2023-12-31,ICICIGI,True
2023-12-31,IDEA,True
2023-12-31,IDFCFIRSTB,True
2023-12-31,IGL,True
2023-12-31,INDIANB,True
2023-12-31,INDIGO,True
2023-12-31,INDUSINDBK,True
2023-12-31,INDUSTOWER,True
2023-12-31,INFY,True
2023-12-31,IOC,True
2023-12-31,IPCALAB,True
2023-12-31,IRCTC,True
2023-12-31,IRFC,True
2023-12-31,ITC,True
2023-12-31,JINDALSTEL,True
2023-12-31,JSWENERGY,True
2023-12-31,JSWSTEEL,True
2023-12-31,JUBLFOOD,True
2023-12-31,KOTAKBANK,True
2023-12-31,KPITTECH,True
2023-12-31,LALPATHLAB,True
2023-12-31,LAURUSLABS,True
2023-12-31,LICHSGFIN,True
2023-12-31,LICI,True
2023-12-31,LODHA,True
2023-12-31,LT,True
2023-12-31,LTTS,True
2023-12-31,LUPIN,True
2023-12-31,MARICO,True
2023-12-31,MARUTI,True
2023-12-31,MAZDOCK,True
2023-12-31,MFSL,True
2023-12-31,MGL,True
2023-12-31,MOTHERSON,True
2023-12-31,MPHASIS,True
2023-12-31,MRF,True
2023-12-31,MSUMI,True
2023-12-31,NATCOPHARM,True
2023-12-31,NAUKRI,True
2023-12-31,NAVINFLUOR,True
2023-12-31,NHPC,True
2023-12-31,NMDC,True
2023-12-31,NTPC,True
2023-12-31,OBEROIRLTY,True
2023-12-31,OIL,True
2023-12-31,ONGC,True
2023-12-31,PATANJALI,True
2023-12-31,PEL,True
2023-12-31,PETRONET,True
2023-12-31,PFC,True
2023-12-31,PFIZER,True
2023-12-31,PGHH,True
2023-12-31,PIDILITIND,True
2023-12-31,PIIND,True
2023-12-31,PNB,True
2023-12-31,POLYCAB,True
2023-12-31,POONAWALLA,True
2023-12-31,POWERGRID,True
2023-12-31,PRESTIGE,True
2023-12-31,RAMCOCEM,True
2023-12-31,RBLBANK,True
2023-12-31,RECLTD,True
2023-12-31,RELIANCE,True
2023-12-31,RVNL,True
2023-12-31,SAIL,True
2023-12-31,SANOFI,True
2023-12-31,SBICARD,True
2023-12-31,SBILIFE,True
2023-12-31,SBIN,True
2023-12-31,SHREECEM,True
2023-12-31,SIEMENS,True
2023-12-31,SONACOMS,True
2023-12-31,SRF,True
2023-12-31,SUNPHARMA,True
2023-12-31,SUNTV,True
2023-12-31,SYNGENE,True
2023-12-31,TATACHEM,True
2023-12-31,TATACOMM,True
2023-12-31,TATACONSUM,True
2023-12-31,TATAELXSI,True
2023-12-31,TCS,True
2023-12-31,TECHM,True
2023-12-31,TIINDIA,True
2023-12-31,TITAN,True
2023-12-31,TORNTPHARM,True
2023-12-31,TORNTPOWER,True
2023-12-31,TRENT,True
2023-12-31,TVSMOTOR,True
2023-12-31,UBL,True
2023-12-31,ULTRACEMCO,True
2023-12-31,UNIONBANK,True
2023-12-31,UPL,True
2023-12-31,VBL,True
2023-12-31,VEDL,True
2023-12-31,VOLTAS,True
2023-12-31,WIPRO,True
2023-12-31,YESBANK,True
2023-12-31,ZEEL,True
2024-01-31,AARTIIND,True
2024-01-31,ABCAPITAL,True
2024-01-31,ABFRL,True
2024-01-31,ADANIGREEN,True
2024-01-31,ADANIPOWER,True
2024-01-31,AMBUJACEM,True
2024-01-31,APLAPOLLO,True
2024-01-31,APOLLOHOSP,True
2024-01-31,APOLLOTYRE,True
2024-01-31,ASIANPAINT,True
2024-01-31,ASTRAL,True
2024-01-31,ATGL,True
2024-01-31,AUBANK,True
2024-01-31,AUROPHARMA,True
2024-01-31,AWL,True
2024-01-31,AXISBANK,True
2024-01-31,BAJAJ-AUTO,True
2024-01-31,BAJAJFINSV,True
2024-01-31,BAJAJHLDNG,True
2024-01-31,BAJFINANCE,True
2024-01-31,BALKRISIND,True
2024-01-31,BANDHANBNK,True
2024-01-31,BANKBARODA,True
2024-01-31,BANKINDIA,True
2024-01-31,BATAINDIA,True
2024-01-31,BDL,True
2024-01-31,BEL,True
2024-01-31,BERGEPAINT,True
2024-01-31,BHARATFORG,True
2024-01-31,BHEL,True
2024-01-31,BIOCON,True
2024-01-31,BOSCHLTD,True
2024-01-31,BPCL,True
2024-01-31,CANBK,True
2024-01-31,CASTROLIND,True
2024-01-31,CGPOWER,True
2024-01-31,CHOLAFIN,True
2024-01-31,CIPLA,True
2024-01-31,COALINDIA,True
2024-01-31,COFORGE,True
2024-01-31,COLPAL,True
2024-01-31,CONCOR,True
2024-01-31,COROMANDEL,True
2024-01-31,CROMPTON,True
2024-01-31,CUB,True
2024-01-31,CUMMINSIND,True
2024-01-31,DABUR,True
2024-01-31,DALBHARAT,True
2024-01-31,DEEPAKNTR,True
2024-01-31,DELHIVERY,True
2024-01-31,DEVYANI,True
2024-01-31,DHANI,True
2024-01-31,DIVISLAB,True
2024-01-31,DIXON,True
2024-01-31,DLF,True
2024-01-31,DMART,True
2024-01-31,DRREDDY,True
2024-01-31,EICHERMOT,True
2024-01-31,ENDURANCE,True
2024-01-31,ESCORTS,True
2024-01-31,FACT,True
2024-01-31,FEDERALBNK,True
2024-01-31,FLUOROCHEM,True
2024-01-31,FORTIS,True
2024-01-31,GLAND,True
2024-01-31,GODREJCP,True
2024-01-31,GODREJIND,True
2024-01-31,GODREJPROP,True
2024-01-31,GRASIM,True
2024-01-31,GUJGASLTD,True
2024-01-31,HAL,True
2024-01-31,HAVELLS,True
2024-01-31,HCLTECH,True
2024-01-31,HDFC,True
2024-01-31,HDFCAMC,True
2024-01-31,HDFCBANK,True
2024-01-31,HDFCLIFE,True
2024-01-31,HEROMOTOCO,True
2024-01-31,HINDALCO,True
2024-01-31,HINDCOPPER,True
2024-01-31,HINDPETRO,True
2024-01-31,ICICIBANK,True
2024-01-31,ICICIGI,True
2024-01-31,IDEA,True
2024-01-31,IDFCFIRSTB,True
2024-01-31,IGL,True
2024-01-31,INDIANB,True
2024-01-31,INDIGO,True
2024-01-31,INDUSINDBK,True
2024-01-31,INDUSTOWER,True
2024-01-31,INFY,True
2024-01-31,IOC,True
2024-01-31,IPCALAB,True
2024-01-31,IRCTC,True
2024-01-31,IRFC,True
2024-01-31,ITC,True
2024-01-31,JINDALSTEL,True
2024-01-31,JSWENERGY,True
2024-01-31,JSWSTEEL,True
2024-01-31,JUBLFOOD,True
2024-01-31,KOTAKBANK,True
2024-01-31,KPITTECH,True
2024-01-31,LALPATHLAB,True
2024-01-31,LAURUSLABS,True
2024-01-31,LICHSGFIN,True
2024-01-31,LICI,True
2024-01-31,LODHA,True
2024-01-31,LT,True
2024-01-31,LTTS,True
2024-01-31,LUPIN,True
2024-01-31,MARICO,True
2024-01-31,MARUTI,True
2024-01-31,MAZDOCK,True
2024-01-31,MFSL,True
2024-01-31,MGL,True
2024-01-31,MOTHERSON,True
2024-01-31,MPHASIS,True
2024-01-31,MRF,True
2024-01-31,MSUMI,True
2024-01-31,NATCOPHARM,True
2024-01-31,NAUKRI,True
2024-01-31,NAVINFLUOR,True
2024-01-31,NHPC,True
2024-01-31,NMDC,True
2024-01-31,NTPC,True
2024-01-31,OBEROIRLTY,True
2024-01-31,OIL,True
2024-01-31,ONGC,True
2024-01-31,PATANJALI,True
2024-01-31,PEL,True
2024-01-31,PETRONET,True
2024-01-31,PFC,True
2024-01-31,PFIZER,True
2024-01-31,PGHH,True
2024-01-31,PIDILITIND,True
2024-01-31,PIIND,True
2024-01-31,PNB,True
2024-01-31,POLYCAB,True
2024-01-31,POONAWALLA,True
2024-01-31,POWERGRID,True
2024-01-31,PRESTIGE,True
2024-01-31,RAMCOCEM,True
2024-01-31,RBLBANK,True
2024-01-31,RECLTD,True
2024-01-31,RELIANCE,True
2024-01-31,RVNL,True
2024-01-31,SAIL,True
2024-01-31,SANOFI,True
2024-01-31,SBICARD,True
2024-01-31,SBILIFE,True
2024-01-31,SBIN,True
2024-01-31,SHREECEM,True
2024-01-31,SIEMENS,True
2024-01-31,SONACOMS,True
2024-01-31,SRF,True
2024-01-31,SUNPHARMA,True
2024-01-31,SUNTV,True
2024-01-31,SYNGENE,True
2024-01-31,TATACHEM,True
2024-01-31,TATACOMM,True
2024-01-31,TATACONSUM,True
2024-01-31,TATAELXSI,True
2024-01-31,TCS,True
2024-01-31,TECHM,True
2024-01-31,TIINDIA,True
2024-01-31,TITAN,True
2024-01-31,TORNTPHARM,True
2024-01-31,TORNTPOWER,True
2024-01-31,TRENT,True
2024-01-31,TVSMOTOR,True
2024-01-31,UBL,True
2024-01-31,ULTRACEMCO,True
2024-01-31,UNIONBANK,True
2024-01-31,UPL,True
2024-01-31,VBL,True
2024-01-31,VEDL,True
2024-01-31,VOLTAS,True
2024-01-31,WIPRO,True
2024-01-31,YESBANK,True
2024-01-31,ZEEL,True
2024-02-29,AARTIIND,True
2024-02-29,ABCAPITAL,True
2024-02-29,ABFRL,True
2024-02-29,ADANIGREEN,True
2024-02-29,ADANIPOWER,True
2024-02-29,AMBUJACEM,True
2024-02-29,APLAPOLLO,True
2024-02-29,APOLLOHOSP,True
2024-02-29,APOLLOTYRE,True
2024-02-29,ASIANPAINT,True
2024-02-29,ASTRAL,True
2024-02-29,ATGL,True
2024-02-29,AUBANK,True
2024-02-29,AUROPHARMA,True
2024-02-29,AWL,True
2024-02-29,AXISBANK,True
2024-02-29,BAJAJ-AUTO,True
2024-02-29,BAJAJFINSV,True
2024-02-29,BAJAJHLDNG,True
2024-02-29,BAJFINANCE,True
2024-02-29,BALKRISIND,True
2024-02-29,BANDHANBNK,True
2024-02-29,BANKBARODA,True
2024-02-29,BANKINDIA,True
2024-02-29,BATAINDIA,True
2024-02-29,BDL,True
2024-02-29,BEL,True
2024-02-29,BERGEPAINT,True
2024-02-29,BHARATFORG,True
2024-02-29,BHEL,True
2024-02-29,BIOCON,True
2024-02-29,BOSCHLTD,True
2024-02-29,BPCL,True
2024-02-29,CANBK,True
2024-02-29,CASTROLIND,True
2024-02-29,CGPOWER,True
2024-02-29,CHOLAFIN,True
2024-02-29,CIPLA,True
2024-02-29,COALINDIA,True
2024-02-29,COFORGE,True
2024-02-29,COLPAL,True
2024-02-29,CONCOR,True
2024-02-29,COROMANDEL,True
2024-02-29,CROMPTON,True
2024-02-29,CUB,True
2024-02-29,CUMMINSIND,True
2024-02-29,DABUR,True
2024-02-29,DALBHARAT,True
2024-02-29,DEEPAKNTR,True
2024-02-29,DELHIVERY,True
2024-02-29,DEVYANI,True
2024-02-29,DHANI,True
2024-02-29,DIVISLAB,True
2024-02-29,DIXON,True
2024-02-29,DLF,True
2024-02-29,DMART,True
2024-02-29,DRREDDY,True
2024-02-29,EICHERMOT,True
2024-02-29,ENDURANCE,True
2024-02-29,ESCORTS,True
2024-02-29,FACT,True
2024-02-29,FEDERALBNK,True
2024-02-29,FLUOROCHEM,True
2024-02-29,FORTIS,True
2024-02-29,GLAND,True
2024-02-29,GODREJCP,True
2024-02-29,GODREJIND,True
2024-02-29,GODREJPROP,True
2024-02-29,GRASIM,True
2024-02-29,GUJGASLTD,True
2024-02-29,HAL,True
2024-02-29,HAVELLS,True
2024-02-29,HCLTECH,True
2024-02-29,HDFC,True
2024-02-29,HDFCAMC,True
2024-02-29,HDFCBANK,True
2024-02-29,HDFCLIFE,True
2024-02-29,HEROMOTOCO,True
2024-02-29,HINDALCO,True
2024-02-29,HINDCOPPER,True
2024-02-29,HINDPETRO,True
2024-02-29,ICICIBANK,True
2024-02-29,ICICIGI,True
2024-02-29,IDEA,True
2024-02-29,IDFCFIRSTB,True
2024-02-29,IGL,True
2024-02-29,INDIANB,True
2024-02-29,INDIGO,True
2024-02-29,INDUSINDBK,True
2024-02-29,INDUSTOWER,True
2024-02-29,INFY,True
2024-02-29,IOC,True
2024-02-29,IPCALAB,True
2024-02-29,IRCTC,True
2024-02-29,IRFC,True
2024-02-29,ITC,True
2024-02-29,JINDALSTEL,True
2024-02-29,JSWENERGY,True
2024-02-29,JSWSTEEL,True
2024-02-29,JUBLFOOD,True
2024-02-29,KOTAKBANK,True
2024-02-29,KPITTECH,True
2024-02-29,LALPATHLAB,True
2024-02-29,LAURUSLABS,True
2024-02-29,LICHSGFIN,True
2024-02-29,LICI,True
2024-02-29,LODHA,True
2024-02-29,LT,True
2024-02-29,LTTS,True
2024-02-29,LUPIN,True
2024-02-29,MARICO,True
2024-02-29,MARUTI,True
2024-02-29,MAZDOCK,True
2024-02-29,MFSL,True
2024-02-29,MGL,True
2024-02-29,MOTHERSON,True
2024-02-29,MPHASIS,True
2024-02-29,MRF,True
2024-02-29,MSUMI,True
2024-02-29,NATCOPHARM,True
2024-02-29,NAUKRI,True
2024-02-29,NAVINFLUOR,True
2024-02-29,NHPC,True
2024-02-29,NMDC,True
2024-02-29,NTPC,True
2024-02-29,OBEROIRLTY,True
2024-02-29,OIL,True
2024-02-29,ONGC,True
2024-02-29,PATANJALI,True
2024-02-29,PEL,True
2024-02-29,PETRONET,True
2024-02-29,PFC,True
2024-02-29,PFIZER,True
2024-02-29,PGHH,True
2024-02-29,PIDILITIND,True
2024-02-29,PIIND,True
2024-02-29,PNB,True
2024-02-29,POLYCAB,True
2024-02-29,POONAWALLA,True
2024-02-29,POWERGRID,True
2024-02-29,PRESTIGE,True
2024-02-29,RAMCOCEM,True
2024-02-29,RBLBANK,True
2024-02-29,RECLTD,True
2024-02-29,RELIANCE,True
2024-02-29,RVNL,True
2024-02-29,SAIL,True
2024-02-29,SANOFI,True
2024-02-29,SBICARD,True
2024-02-29,SBILIFE,True
2024-02-29,SBIN,True
2024-02-29,SHREECEM,True
2024-02-29,SIEMENS,True
2024-02-29,SONACOMS,True
2024-02-29,SRF,True
2024-02-29,SUNPHARMA,True
2024-02-29,SUNTV,True
2024-02-29,SYNGENE,True
2024-02-29,TATACHEM,True
2024-02-29,TATACOMM,True
2024-02-29,TATACONSUM,True
2024-02-29,TATAELXSI,True
2024-02-29,TCS,True
2024-02-29,TECHM,True
2024-02-29,TIINDIA,True
2024-02-29,TITAN,True
2024-02-29,TORNTPHARM,True
2024-02-29,TORNTPOWER,True
2024-02-29,TRENT,True
2024-02-29,TVSMOTOR,True
2024-02-29,UBL,True
2024-02-29,ULTRACEMCO,True
2024-02-29,UNIONBANK,True
2024-02-29,UPL,True
2024-02-29,VBL,True
2024-02-29,VEDL,True
2024-02-29,VOLTAS,True
2024-02-29,WIPRO,True
2024-02-29,YESBANK,True
2024-02-29,ZEEL,True
2024-03-31,AARTIIND,True
2024-03-31,ABCAPITAL,True
2024-03-31,ABFRL,True
2024-03-31,ADANIGREEN,True
2024-03-31,ADANIPOWER,True
2024-03-31,AMBUJACEM,True
2024-03-31,APLAPOLLO,True
2024-03-31,APOLLOHOSP,True
2024-03-31,APOLLOTYRE,True
2024-03-31,ASIANPAINT,True
2024-03-31,ASTRAL,True
2024-03-31,ATGL,True
2024-03-31,AUBANK,True
2024-03-31,AUROPHARMA,True
2024-03-31,AXISBANK,True
2024-03-31,BAJAJ-AUTO,True
2024-03-31,BAJAJFINSV,True
2024-03-31,BAJAJHLDNG,True
2024-03-31,BAJFINANCE,True
2024-03-31,BALKRISIND,True
2024-03-31,BANDHANBNK,True
2024-03-31,BANKBARODA,True
2024-03-31,BANKINDIA,True
2024-03-31,BDL,True
2024-03-31,BEL,True
2024-03-31,BERGEPAINT,True
2024-03-31,BHARATFORG,True
2024-03-31,BHEL,True
2024-03-31,BIOCON,True
2024-03-31,BOSCHLTD,True
2024-03-31,BPCL,True
2024-03-31,CANBK,True
2024-03-31,CASTROLIND,True
2024-03-31,CGPOWER,True
2024-03-31,CHOLAFIN,True
2024-03-31,CIPLA,True
2024-03-31,COALINDIA,True
2024-03-31,COFORGE,True
2024-03-31,COLPAL,True
2024-03-31,CONCOR,True
2024-03-31,CUB,True
2024-03-31,CUMMINSIND,True
2024-03-31,DABUR,True
2024-03-31,DALBHARAT,True
2024-03-31,DEEPAKNTR,True
2024-03-31,DELHIVERY,True
2024-03-31,DHANI,True
2024-03-31,DIVISLAB,True
2024-03-31,DIXON,True
2024-03-31,DLF,True
2024-03-31,DMART,True
2024-03-31,DRREDDY,True
2024-03-31,EICHERMOT,True
2024-03-31,ENDURANCE,True
2024-03-31,ESCORTS,True
2024-03-31,FACT,True
2024-03-31,FEDERALBNK,True
2024-03-31,FORTIS,True
2024-03-31,GLAND,True
2024-03-31,GODREJCP,True
2024-03-31,GODREJIND,True
2024-03-31,GODREJPROP,True
2024-03-31,GRASIM,True
2024-03-31,GUJGASLTD,True
2024-03-31,HAL,True
2024-03-31,HAVELLS,True
2024-03-31,HCLTECH,True
2024-03-31,HDFC,True
2024-03-31,HDFCAMC,True
2024-03-31,HDFCBANK,True
2024-03-31,HDFCLIFE,True
2024-03-31,HEROMOTOCO,True
2024-03-31,HINDALCO,True
2024-03-31,HINDCOPPER,True
2024-03-31,HINDPETRO,True
2024-03-31,ICICIBANK,True
2024-03-31,ICICIGI,True
2024-03-31,IDBI,True
2024-03-31,IDEA,True
2024-03-31,IDFCFIRSTB,True
2024-03-31,IGL,True
2024-03-31,INDIANB,True
2024-03-31,INDIGO,True
2024-03-31,INDUSINDBK,True
2024-03-31,INDUSTOWER,True
2024-03-31,INFY,True
2024-03-31,IOC,True
2024-03-31,IPCALAB,True
2024-03-31,IRCTC,True
2024-03-31,IREDA,True
2024-03-31,IRFC,True
2024-03-31,ITC,True
2024-03-31,JINDALSTEL,True
2024-03-31,JIOFIN,True
2024-03-31,JSWENERGY,True
2024-03-31,JSWINFRA,True
2024-03-31,JSWSTEEL,True
2024-03-31,JUBLFOOD,True
2024-03-31,KALYANKJIL,True
2024-03-31,KOTAKBANK,True
2024-03-31,KPITTECH,True
2024-03-31,LALPATHLAB,True
2024-03-31,LAURUSLABS,True
2024-03-31,LICHSGFIN,True
2024-03-31,LICI,True
2024-03-31,LODHA,True
2024-03-31,LT,True
2024-03-31,LTTS,True
2024-03-31,LUPIN,True
2024-03-31,MARICO,True
2024-03-31,MARUTI,True
2024-03-31,MAZDOCK,True
2024-03-31,MFSL,True
2024-03-31,MGL,True
2024-03-31,MOTHERSON,True
2024-03-31,MPHASIS,True
2024-03-31,MRF,True
2024-03-31,NATCOPHARM,True
2024-03-31,NAUKRI,True
2024-03-31,NHPC,True
2024-03-31,NMDC,True
2024-03-31,NTPC,True
2024-03-31,OBEROIRLTY,True
2024-03-31,OIL,True
2024-03-31,ONGC,True
2024-03-31,PATANJALI,True
2024-03-31,PEL,True
2024-03-31,PETRONET,True
2024-03-31,PFC,True
2024-03-31,PFIZER,True
2024-03-31,PIDILITIND,True
2024-03-31,PIIND,True
2024-03-31,PNB,True
2024-03-31,POLYCAB,True
2024-03-31,POONAWALLA,True
2024-03-31,POWERGRID,True
2024-03-31,PRESTIGE,True
2024-03-31,RBLBANK,True
2024-03-31,RECLTD,True
2024-03-31,RELIANCE,True
2024-03-31,RVNL,True
2024-03-31,SAIL,True
2024-03-31,SANOFI,True
2024-03-31,SBICARD,True
2024-03-31,SBILIFE,True
2024-03-31,SBIN,True
2024-03-31,SHREECEM,True
2024-03-31,SIEMENS,True
2024-03-31,SJVN,True
2024-03-31,SONACOMS,True
2024-03-31,SRF,True
2024-03-31,SUNPHARMA,True
2024-03-31,SUNTV,True
2024-03-31,SUPREMEIND,True
2024-03-31,SUZLON,True
2024-03-31,SYNGENE,True
2024-03-31,TATACHEM,True
2024-03-31,TATACOMM,True
2024-03-31,TATACONSUM,True
2024-03-31,TATAELXSI,True
2024-03-31,TATATECH,True
2024-03-31,TCS,True
2024-03-31,TECHM,True
2024-03-31,TIINDIA,True
2024-03-31,TITAN,True
2024-03-31,TORNTPHARM,True
2024-03-31,TORNTPOWER,True
2024-03-31,TRENT,True
2024-03-31,TVSMOTOR,True
2024-03-31,ULTRACEMCO,True
2024-03-31,UNIONBANK,True
2024-03-31,UPL,True
2024-03-31,VBL,True
2024-03-31,VEDL,True
2024-03-31,VOLTAS,True
2024-03-31,WIPRO,True
2024-03-31,YESBANK,True
2024-03-31,ZEEL,True
2024-04-30,AARTIIND,True
2024-04-30,ABCAPITAL,True
2024-04-30,ABFRL,True
2024-04-30,ADANIGREEN,True
2024-04-30,ADANIPOWER,True
2024-04-30,AMBUJACEM,True
2024-04-30,APLAPOLLO,True
2024-04-30,APOLLOHOSP,True
2024-04-30,APOLLOTYRE,True
2024-04-30,ASIANPAINT,True
2024-04-30,ASTRAL,True
2024-04-30,ATGL,True
2024-04-30,AUBANK,True
2024-04-30,AUROPHARMA,True
2024-04-30,AXISBANK,True
2024-04-30,BAJAJ-AUTO,True
2024-04-30,BAJAJFINSV,True
2024-04-30,BAJAJHLDNG,True
2024-04-30,BAJFINANCE,True
2024-04-30,BALKRISIND,True
2024-04-30,BANDHANBNK,True
2024-04-30,BANKBARODA,True
2024-04-30,BANKINDIA,True
2024-04-30,BDL,True
2024-04-30,BEL,True
2024-04-30,BERGEPAINT,True
2024-04-30,BHARATFORG,True
2024-04-30,BHEL,True
2024-04-30,BIOCON,True
2024-04-30,BOSCHLTD,True
2024-04-30,BPCL,True
2024-04-30,CANBK,True
2024-04-30,CASTROLIND,True
2024-04-30,CGPOWER,True
2024-04-30,CHOLAFIN,True
2024-04-30,CIPLA,True
2024-04-30,COALINDIA,True
2024-04-30,COFORGE,True
2024-04-30,COLPAL,True
2024-04-30,CONCOR,True
2024-04-30,CUB,True
2024-04-30,CUMMINSIND,True
2024-04-30,DABUR,True
2024-04-30,DALBHARAT,True
2024-04-30,DEEPAKNTR,True
2024-04-30,DELHIVERY,True
2024-04-30,DHANI,True
2024-04-30,DIVISLAB,True
2024-04-30,DIXON,True
2024-04-30,DLF,True
2024-04-30,DMART,True
2024-04-30,DRREDDY,True
2024-04-30,EICHERMOT,True
2024-04-30,ENDURANCE,True
2024-04-30,ESCORTS,True
2024-04-30,FACT,True
2024-04-30,FEDERALBNK,True
2024-04-30,FORTIS,True
2024-04-30,GLAND,True
2024-04-30,GODREJCP,True
2024-04-30,GODREJIND,True
2024-04-30,GODREJPROP,True
2024-04-30,GRASIM,True
2024-04-30,GUJGASLTD,True
2024-04-30,HAL,True
2024-04-30,HAVELLS,True
2024-04-30,HCLTECH,True
2024-04-30,HDFC,True
2024-04-30,HDFCAMC,True
2024-04-30,HDFCBANK,True
2024-04-30,HDFCLIFE,True
2024-04-30,HEROMOTOCO,True
2024-04-30,HINDALCO,True
2024-04-30,HINDCOPPER,True
2024-04-30,HINDPETRO,True
2024-04-30,ICICIBANK,True
2024-04-30,ICICIGI,True
2024-04-30,IDBI,True
2024-04-30,IDEA,True
2024-04-30,IDFCFIRSTB,True
2024-04-30,IGL,True
2024-04-30,INDIANB,True
2024-04-30,INDIGO,True
2024-04-30,INDUSINDBK,True
2024-04-30,INDUSTOWER,True
2024-04-30,INFY,True
2024-04-30,IOC,True
2024-04-30,IPCALAB,True
2024-04-30,IRCTC,True
2024-04-30,IREDA,True
2024-04-30,IRFC,True
2024-04-30,ITC,True
2024-04-30,JINDALSTEL,True
2024-04-30,JIOFIN,True
2024-04-30,JSWENERGY,True
2024-04-30,JSWINFRA,True
2024-04-30,JSWSTEEL,True
2024-04-30,JUBLFOOD,True
2024-04-30,KALYANKJIL,True
2024-04-30,KOTAKBANK,True
2024-04-30,KPITTECH,True
2024-04-30,LALPATHLAB,True
2024-04-30,LAURUSLABS,True
2024-04-30,LICHSGFIN,True
2024-04-30,LICI,True
2024-04-30,LODHA,True
2024-04-30,LT,True
2024-04-30,LTTS,True
2024-04-30,LUPIN,True
2024-04-30,MARICO,True
2024-04-30,MARUTI,True
2024-04-30,MAZDOCK,True
2024-04-30,MFSL,True
2024-04-30,MGL,True
2024-04-30,MOTHERSON,True
2024-04-30,MPHASIS,True
2024-04-30,MRF,True
2024-04-30,NATCOPHARM,True
2024-04-30,NAUKRI,True
2024-04-30,NHPC,True
2024-04-30,NMDC,True
2024-04-30,NTPC,True
2024-04-30,OBEROIRLTY,True
2024-04-30,OIL,True
2024-04-30,ONGC,True
2024-04-30,PATANJALI,True
2024-04-30,PEL,True
2024-04-30,PETRONET,True
2024-04-30,PFC,True
2024-04-30,PFIZER,True
2024-04-30,PIDILITIND,True
2024-04-30,PIIND,True
2024-04-30,PNB,True
2024-04-30,POLYCAB,True
2024-04-30,POONAWALLA,True
2024-04-30,POWERGRID,True
2024-04-30,PRESTIGE,True
2024-04-30,RBLBANK,True
2024-04-30,RECLTD,True
2024-04-30,RELIANCE,True
2024-04-30,RVNL,True
2024-04-30,SAIL,True
2024-04-30,SANOFI,True
2024-04-30,SBICARD,True
2024-04-30,SBILIFE,True
2024-04-30,SBIN,True
2024-04-30,SHREECEM,True
2024-04-30,SIEMENS,True
2024-04-30,SJVN,True
2024-04-30,SONACOMS,True
2024-04-30,SRF,True
2024-04-30,SUNPHARMA,True
2024-04-30,SUNTV,True
2024-04-30,SUPREMEIND,True
2024-04-30,SUZLON,True
2024-04-30,SYNGENE,True
2024-04-30,TATACHEM,True
2024-04-30,TATACOMM,True
2024-04-30,TATACONSUM,True
2024-04-30,TATAELXSI,True
2024-04-30,TATATECH,True
2024-04-30,TCS,True
2024-04-30,TECHM,True
2024-04-30,TIINDIA,True
2024-04-30,TITAN,True
2024-04-30,TORNTPHARM,True
2024-04-30,TORNTPOWER,True
2024-04-30,TRENT,True
2024-04-30,TVSMOTOR,True
2024-04-30,ULTRACEMCO,True
2024-04-30,UNIONBANK,True
2024-04-30,UPL,True
2024-04-30,VBL,True
2024-04-30,VEDL,True
2024-04-30,VOLTAS,True
2024-04-30,WIPRO,True
2024-04-30,YESBANK,True
2024-04-30,ZEEL,True
2024-05-31,AARTIIND,True
2024-05-31,ABCAPITAL,True
2024-05-31,ABFRL,True
2024-05-31,ADANIGREEN,True
2024-05-31,ADANIPOWER,True
2024-05-31,AMBUJACEM,True
2024-05-31,APLAPOLLO,True
2024-05-31,APOLLOHOSP,True
2024-05-31,APOLLOTYRE,True
2024-05-31,ASIANPAINT,True
2024-05-31,ASTRAL,True
2024-05-31,ATGL,True
2024-05-31,AUBANK,True
2024-05-31,AUROPHARMA,True
2024-05-31,AXISBANK,True
2024-05-31,BAJAJ-AUTO,True
2024-05-31,BAJAJFINSV,True
2024-05-31,BAJAJHLDNG,True
2024-05-31,BAJFINANCE,True
2024-05-31,BALKRISIND,True
2024-05-31,BANDHANBNK,True
2024-05-31,BANKBARODA,True
2024-05-31,BANKINDIA,True
2024-05-31,BDL,True
2024-05-31,BEL,True
2024-05-31,BERGEPAINT,True
2024-05-31,BHARATFORG,True
2024-05-31,BHEL,True
2024-05-31,BIOCON,True
2024-05-31,BOSCHLTD,True
2024-05-31,BPCL,True
2024-05-31,CANBK,True
2024-05-31,CASTROLIND,True
2024-05-31,CGPOWER,True
2024-05-31,CHOLAFIN,True
2024-05-31,CIPLA,True
2024-05-31,COALINDIA,True
2024-05-31,COFORGE,True
2024-05-31,COLPAL,True
2024-05-31,CONCOR,True
2024-05-31,CUB,True
2024-05-31,CUMMINSIND,True
2024-05-31,DABUR,True
2024-05-31,DALBHARAT,True
2024-05-31,DEEPAKNTR,True
2024-05-31,DELHIVERY,True
2024-05-31,DHANI,True
2024-05-31,DIVISLAB,True
2024-05-31,DIXON,True
2024-05-31,DLF,True
2024-05-31,DMART,True
2024-05-31,DRREDDY,True
2024-05-31,EICHERMOT,True
2024-05-31,ENDURANCE,True
2024-05-31,ESCORTS,True
2024-05-31,FACT,True
2024-05-31,FEDERALBNK,True
2024-05-31,FORTIS,True
2024-05-31,GLAND,True
2024-05-31,GODREJCP,True
2024-05-31,GODREJIND,True
2024-05-31,GODREJPROP,True
2024-05-31,GRASIM,True
2024-05-31,GUJGASLTD,True
2024-05-31,HAL,True
2024-05-31,HAVELLS,True
2024-05-31,HCLTECH,True
2024-05-31,HDFC,True
2024-05-31,HDFCAMC,True
2024-05-31,HDFCBANK,True
2024-05-31,HDFCLIFE,True
2024-05-31,HEROMOTOCO,True
2024-05-31,HINDALCO,True
2024-05-31,HINDCOPPER,True
2024-05-31,HINDPETRO,True
2024-05-31,ICICIBANK,True
2024-05-31,ICICIGI,True
2024-05-31,IDBI,True
2024-05-31,IDEA,True
2024-05-31,IDFCFIRSTB,True
2024-05-31,IGL,True
2024-05-31,INDIANB,True
2024-05-31,INDIGO,True
2024-05-31,INDUSINDBK,True
2024-05-31,INDUSTOWER,True
2024-05-31,INFY,True
2024-05-31,IOC,True
2024-05-31,IPCALAB,True
2024-05-31,IRCTC,True
2024-05-31,IREDA,True
2024-05-31,IRFC,True
2024-05-31,ITC,True
2024-05-31,JINDALSTEL,True
2024-05-31,JIOFIN,True
2024-05-31,JSWENERGY,True
2024-05-31,JSWINFRA,True
2024-05-31,JSWSTEEL,True
2024-05-31,JUBLFOOD,True
2024-05-31,KALYANKJIL,True
2024-05-31,KOTAKBANK,True
2024-05-31,KPITTECH,True
2024-05-31,LALPATHLAB,True
2024-05-31,LAURUSLABS,True
2024-05-31,LICHSGFIN,True
2024-05-31,LICI,True
2024-05-31,LODHA,True
2024-05-31,LT,True
2024-05-31,LTTS,True
2024-05-31,LUPIN,True
2024-05-31,MARICO,True
2024-05-31,MARUTI,True
2024-05-31,MAZDOCK,True
2024-05-31,MFSL,True
2024-05-31,MGL,True
2024-05-31,MOTHERSON,True
2024-05-31,MPHASIS,True
2024-05-31,MRF,True
2024-05-31,NATCOPHARM,True
2024-05-31,NAUKRI,True
2024-05-31,NHPC,True
2024-05-31,NMDC,True
2024-05-31,NTPC,True
2024-05-31,OBEROIRLTY,True
2024-05-31,OIL,True
2024-05-31,ONGC,True
2024-05-31,PATANJALI,True
2024-05-31,PEL,True
2024-05-31,PETRONET,True
2024-05-31,PFC,True
2024-05-31,PFIZER,True
2024-05-31,PIDILITIND,True
2024-05-31,PIIND,True
2024-05-31,PNB,True
2024-05-31,POLYCAB,True
2024-05-31,POONAWALLA,True
2024-05-31,POWERGRID,True
2024-05-31,PRESTIGE,True
2024-05-31,RBLBANK,True
2024-05-31,RECLTD,True
2024-05-31,RELIANCE,True
2024-05-31,RVNL,True
2024-05-31,SAIL,True
2024-05-31,SANOFI,True
2024-05-31,SBICARD,True
2024-05-31,SBILIFE,True
2024-05-31,SBIN,True
2024-05-31,SHREECEM,True
2024-05-31,SIEMENS,True
2024-05-31,SJVN,True
2024-05-31,SONACOMS,True
2024-05-31,SRF,True
2024-05-31,SUNPHARMA,True
2024-05-31,SUNTV,True
2024-05-31,SUPREMEIND,True
2024-05-31,SUZLON,True
2024-05-31,SYNGENE,True
2024-05-31,TATACHEM,True
2024-05-31,TATACOMM,True
2024-05-31,TATACONSUM,True
2024-05-31,TATAELXSI,True
2024-05-31,TATATECH,True
2024-05-31,TCS,True
2024-05-31,TECHM,True
2024-05-31,TIINDIA,True
2024-05-31,TITAN,True
2024-05-31,TORNTPHARM,True
2024-05-31,TORNTPOWER,True
2024-05-31,TRENT,True
2024-05-31,TVSMOTOR,True
2024-05-31,ULTRACEMCO,True
2024-05-31,UNIONBANK,True
2024-05-31,UPL,True
2024-05-31,VBL,True
2024-05-31,VEDL,True
2024-05-31,VOLTAS,True
2024-05-31,WIPRO,True
2024-05-31,YESBANK,True
2024-05-31,ZEEL,True
2024-06-30,AARTIIND,True
2024-06-30,ABCAPITAL,True
2024-06-30,ABFRL,True
2024-06-30,ADANIGREEN,True
2024-06-30,ADANIPOWER,True
2024-06-30,AMBUJACEM,True
2024-06-30,APLAPOLLO,True
2024-06-30,APOLLOHOSP,True
2024-06-30,APOLLOTYRE,True
2024-06-30,ASIANPAINT,True
2024-06-30,ASTRAL,True
2024-06-30,ATGL,True
2024-06-30,AUBANK,True
2024-06-30,AUROPHARMA,True
2024-06-30,AXISBANK,True
2024-06-30,BAJAJ-AUTO,True
2024-06-30,BAJAJFINSV,True
2024-06-30,BAJAJHLDNG,True
2024-06-30,BAJFINANCE,True
2024-06-30,BALKRISIND,True
2024-06-30,BANDHANBNK,True
2024-06-30,BANKBARODA,True
2024-06-30,BANKINDIA,True
2024-06-30,BDL,True
2024-06-30,BEL,True
2024-06-30,BERGEPAINT,True
2024-06-30,BHARATFORG,True
2024-06-30,BHEL,True
2024-06-30,BIOCON,True
2024-06-30,BOSCHLTD,True
2024-06-30,BPCL,True
2024-06-30,CANBK,True
2024-06-30,CASTROLIND,True
2024-06-30,CGPOWER,True
2024-06-30,CHOLAFIN,True
2024-06-30,CIPLA,True
2024-06-30,COALINDIA,True
2024-06-30,COFORGE,True
2024-06-30,COLPAL,True
2024-06-30,CONCOR,True
2024-06-30,CUB,True
2024-06-30,CUMMINSIND,True
2024-06-30,DABUR,True
2024-06-30,DALBHARAT,True
2024-06-30,DEEPAKNTR,True
2024-06-30,DELHIVERY,True
2024-06-30,DHANI,True
2024-06-30,DIVISLAB,True
2024-06-30,DIXON,True
2024-06-30,DLF,True
2024-06-30,DMART,True
2024-06-30,DRREDDY,True
2024-06-30,EICHERMOT,True
2024-06-30,ENDURANCE,True
2024-06-30,ESCORTS,True
2024-06-30,FACT,True
2024-06-30,FEDERALBNK,True
2024-06-30,FORTIS,True
2024-06-30,GLAND,True
2024-06-30,GODREJCP,True
2024-06-30,GODREJIND,True
2024-06-30,GODREJPROP,True
2024-06-30,GRASIM,True
2024-06-30,GUJGASLTD,True
2024-06-30,HAL,True
2024-06-30,HAVELLS,True
2024-06-30,HCLTECH,True
2024-06-30,HDFC,True
2024-06-30,HDFCAMC,True
2024-06-30,HDFCBANK,True
2024-06-30,HDFCLIFE,True
2024-06-30,HEROMOTOCO,True
2024-06-30,HINDALCO,True
2024-06-30,HINDCOPPER,True
2024-06-30,HINDPETRO,True
2024-06-30,ICICIBANK,True
2024-06-30,ICICIGI,True
2024-06-30,IDBI,True
2024-06-30,IDEA,True
2024-06-30,IDFCFIRSTB,True
2024-06-30,IGL,True
2024-06-30,INDIANB,True
2024-06-30,INDIGO,True
2024-06-30,INDUSINDBK,True
2024-06-30,INDUSTOWER,True
2024-06-30,INFY,True
2024-06-30,IOC,True
2024-06-30,IPCALAB,True
2024-06-30,IRCTC,True
2024-06-30,IREDA,True
2024-06-30,IRFC,True
2024-06-30,ITC,True
2024-06-30,JINDALSTEL,True
2024-06-30,JIOFIN,True
2024-06-30,JSWENERGY,True
2024-06-30,JSWINFRA,True
2024-06-30,JSWSTEEL,True
2024-06-30,JUBLFOOD,True
2024-06-30,KALYANKJIL,True
2024-06-30,KOTAKBANK,True
2024-06-30,KPITTECH,True
2024-06-30,LALPATHLAB,True
2024-06-30,LAURUSLABS,True
2024-06-30,LICHSGFIN,True
2024-06-30,LICI,True
2024-06-30,LODHA,True
2024-06-30,LT,True
2024-06-30,LTTS,True
2024-06-30,LUPIN,True
2024-06-30,MARICO,True
2024-06-30,MARUTI,True
2024-06-30,MAZDOCK,True
2024-06-30,MFSL,True
2024-06-30,MGL,True
2024-06-30,MOTHERSON,True
2024-06-30,MPHASIS,True
2024-06-30,MRF,True
2024-06-30,NATCOPHARM,True
2024-06-30,NAUKRI,True
2024-06-30,NHPC,True
2024-06-30,NMDC,True
2024-06-30,NTPC,True
2024-06-30,OBEROIRLTY,True
2024-06-30,OIL,True
2024-06-30,ONGC,True
2024-06-30,PATANJALI,True
2024-06-30,PEL,True
2024-06-30,PETRONET,True
2024-06-30,PFC,True
2024-06-30,PFIZER,True
2024-06-30,PIDILITIND,True
2024-06-30,PIIND,True
2024-06-30,PNB,True
2024-06-30,POLYCAB,True
2024-06-30,POONAWALLA,True
2024-06-30,POWERGRID,True
2024-06-30,PRESTIGE,True
2024-06-30,RBLBANK,True
2024-06-30,RECLTD,True
2024-06-30,RELIANCE,True
2024-06-30,RVNL,True
2024-06-30,SAIL,True
2024-06-30,SANOFI,True
2024-06-30,SBICARD,True
2024-06-30,SBILIFE,True
2024-06-30,SBIN,True
2024-06-30,SHREECEM,True
2024-06-30,SIEMENS,True
2024-06-30,SJVN,True
2024-06-30,SONACOMS,True
2024-06-30,SRF,True
2024-06-30,SUNPHARMA,True
2024-06-30,SUNTV,True
2024-06-30,SUPREMEIND,True
2024-06-30,SUZLON,True
2024-06-30,SYNGENE,True
2024-06-30,TATACHEM,True
2024-06-30,TATACOMM,True
2024-06-30,TATACONSUM,True
2024-06-30,TATAELXSI,True
2024-06-30,TATATECH,True
2024-06-30,TCS,True
2024-06-30,TECHM,True
2024-06-30,TIINDIA,True
2024-06-30,TITAN,True
2024-06-30,TORNTPHARM,True
2024-06-30,TORNTPOWER,True
2024-06-30,TRENT,True
2024-06-30,TVSMOTOR,True
2024-06-30,ULTRACEMCO,True
2024-06-30,UNIONBANK,True
2024-06-30,UPL,True
2024-06-30,VBL,True
2024-06-30,VEDL,True
2024-06-30,VOLTAS,True
2024-06-30,WIPRO,True
2024-06-30,YESBANK,True
2024-06-30,ZEEL,True
2024-07-31,AARTIIND,True
2024-07-31,ABCAPITAL,True
2024-07-31,ABFRL,True
2024-07-31,ADANIGREEN,True
2024-07-31,ADANIPOWER,True
2024-07-31,AMBUJACEM,True
2024-07-31,APLAPOLLO,True
2024-07-31,APOLLOHOSP,True
2024-07-31,APOLLOTYRE,True
2024-07-31,ASIANPAINT,True
2024-07-31,ASTRAL,True
2024-07-31,ATGL,True
2024-07-31,AUBANK,True
2024-07-31,AUROPHARMA,True
2024-07-31,AXISBANK,True
2024-07-31,BAJAJ-AUTO,True
2024-07-31,BAJAJFINSV,True
2024-07-31,BAJAJHLDNG,True
2024-07-31,BAJFINANCE,True
2024-07-31,BALKRISIND,True
2024-07-31,BANDHANBNK,True
2024-07-31,BANKBARODA,True
2024-07-31,BANKINDIA,True
2024-07-31,BDL,True
2024-07-31,BEL,True
2024-07-31,BERGEPAINT,True
2024-07-31,BHARATFORG,True
2024-07-31,BHEL,True
2024-07-31,BIOCON,True
2024-07-31,BOSCHLTD,True
2024-07-31,BPCL,True
2024-07-31,CANBK,True
2024-07-31,CASTROLIND,True
2024-07-31,CGPOWER,True
2024-07-31,CHOLAFIN,True
2024-07-31,CIPLA,True
2024-07-31,COALINDIA,True
2024-07-31,COFORGE,True
2024-07-31,COLPAL,True
2024-07-31,CONCOR,True
2024-07-31,CUB,True
2024-07-31,CUMMINSIND,True
2024-07-31,DABUR,True
2024-07-31,DALBHARAT,True
2024-07-31,DEEPAKNTR,True
2024-07-31,DELHIVERY,True
2024-07-31,DHANI,True
2024-07-31,DIVISLAB,True
2024-07-31,DIXON,True
2024-07-31,DLF,True
2024-07-31,DMART,True
2024-07-31,DRREDDY,True
2024-07-31,EICHERMOT,True
2024-07-31,ENDURANCE,True
2024-07-31,ESCORTS,True
2024-07-31,FACT,True
2024-07-31,FEDERALBNK,True
2024-07-31,FORTIS,True
2024-07-31,GLAND,True
2024-07-31,GODREJCP,True
2024-07-31,GODREJIND,True
2024-07-31,GODREJPROP,True
2024-07-31,GRASIM,True
2024-07-31,GUJGASLTD,True
2024-07-31,HAL,True
2024-07-31,HAVELLS,True
2024-07-31,HCLTECH,True
2024-07-31,HDFC,True
2024-07-31,HDFCAMC,True
2024-07-31,HDFCBANK,True
2024-07-31,HDFCLIFE,True
2024-07-31,HEROMOTOCO,True
2024-07-31,HINDALCO,True
2024-07-31,HINDCOPPER,True
2024-07-31,HINDPETRO,True
2024-07-31,ICICIBANK,True
2024-07-31,ICICIGI,True
2024-07-31,IDBI,True
2024-07-31,IDEA,True
2024-07-31,IDFCFIRSTB,True
2024-07-31,IGL,True
2024-07-31,INDIANB,True
2024-07-31,INDIGO,True
2024-07-31,INDUSINDBK,True
2024-07-31,INDUSTOWER,True
2024-07-31,INFY,True
2024-07-31,IOC,True
2024-07-31,IPCALAB,True
2024-07-31,IRCTC,True
2024-07-31,IREDA,True
2024-07-31,IRFC,True
2024-07-31,ITC,True
2024-07-31,JINDALSTEL,True
2024-07-31,JIOFIN,True
2024-07-31,JSWENERGY,True
2024-07-31,JSWINFRA,True
2024-07-31,JSWSTEEL,True
2024-07-31,JUBLFOOD,True
2024-07-31,KALYANKJIL,True
2024-07-31,KOTAKBANK,True
2024-07-31,KPITTECH,True
2024-07-31,LALPATHLAB,True
2024-07-31,LAURUSLABS,True
2024-07-31,LICHSGFIN,True
2024-07-31,LICI,True
2024-07-31,LODHA,True
2024-07-31,LT,True
2024-07-31,LTTS,True
2024-07-31,LUPIN,True
2024-07-31,MARICO,True
2024-07-31,MARUTI,True
2024-07-31,MAZDOCK,True
2024-07-31,MFSL,True
2024-07-31,MGL,True
2024-07-31,MOTHERSON,True
2024-07-31,MPHASIS,True
2024-07-31,MRF,True
2024-07-31,NATCOPHARM,True
2024-07-31,NAUKRI,True
2024-07-31,NHPC,True
2024-07-31,NMDC,True
2024-07-31,NTPC,True
2024-07-31,OBEROIRLTY,True
2024-07-31,OIL,True
2024-07-31,ONGC,True
2024-07-31,PATANJALI,True
2024-07-31,PEL,True
2024-07-31,PETRONET,True
2024-07-31,PFC,True
2024-07-31,PFIZER,True
2024-07-31,PIDILITIND,True
2024-07-31,PIIND,True
2024-07-31,PNB,True
2024-07-31,POLYCAB,True
2024-07-31,POONAWALLA,True
2024-07-31,POWERGRID,True
2024-07-31,PRESTIGE,True
2024-07-31,RBLBANK,True
2024-07-31,RECLTD,True
2024-07-31,RELIANCE,True
2024-07-31,RVNL,True
2024-07-31,SAIL,True
2024-07-31,SANOFI,True
2024-07-31,SBICARD,True
2024-07-31,SBILIFE,True
2024-07-31,SBIN,True
2024-07-31,SHREECEM,True
2024-07-31,SIEMENS,True
2024-07-31,SJVN,True
2024-07-31,SONACOMS,True
2024-07-31,SRF,True
2024-07-31,SUNPHARMA,True
2024-07-31,SUNTV,True
2024-07-31,SUPREMEIND,True
2024-07-31,SUZLON,True
2024-07-31,SYNGENE,True
2024-07-31,TATACHEM,True
2024-07-31,TATACOMM,True
2024-07-31,TATACONSUM,True
2024-07-31,TATAELXSI,True
2024-07-31,TATATECH,True
2024-07-31,TCS,True
2024-07-31,TECHM,True
2024-07-31,TIINDIA,True
2024-07-31,TITAN,True
2024-07-31,TORNTPHARM,True
2024-07-31,TORNTPOWER,True
2024-07-31,TRENT,True
2024-07-31,TVSMOTOR,True
2024-07-31,ULTRACEMCO,True
2024-07-31,UNIONBANK,True
2024-07-31,UPL,True
2024-07-31,VBL,True
2024-07-31,VEDL,True
2024-07-31,VOLTAS,True
2024-07-31,WIPRO,True
2024-07-31,YESBANK,True
2024-07-31,ZEEL,True
2024-08-31,AARTIIND,True
2024-08-31,ABCAPITAL,True
2024-08-31,ABFRL,True
2024-08-31,ADANIGREEN,True
2024-08-31,ADANIPOWER,True
2024-08-31,AMBUJACEM,True
2024-08-31,APLAPOLLO,True
2024-08-31,APOLLOHOSP,True
2024-08-31,APOLLOTYRE,True
2024-08-31,ASIANPAINT,True
2024-08-31,ASTRAL,True
2024-08-31,ATGL,True
2024-08-31,AUBANK,True
2024-08-31,AUROPHARMA,True
2024-08-31,AXISBANK,True
2024-08-31,BAJAJ-AUTO,True
2024-08-31,BAJAJFINSV,True
2024-08-31,BAJAJHLDNG,True
2024-08-31,BAJFINANCE,True
2024-08-31,BALKRISIND,True
2024-08-31,BANDHANBNK,True
2024-08-31,BANKBARODA,True
2024-08-31,BANKINDIA,True
2024-08-31,BDL,True
2024-08-31,BEL,True
2024-08-31,BERGEPAINT,True
2024-08-31,BHARATFORG,True
2024-08-31,BHEL,True
2024-08-31,BIOCON,True
2024-08-31,BOSCHLTD,True
2024-08-31,BPCL,True
2024-08-31,CANBK,True
2024-08-31,CASTROLIND,True
2024-08-31,CGPOWER,True
2024-08-31,CHOLAFIN,True
2024-08-31,CIPLA,True
2024-08-31,COALINDIA,True
2024-08-31,COFORGE,True
2024-08-31,COLPAL,True
2024-08-31,CONCOR,True
2024-08-31,CUB,True
2024-08-31,CUMMINSIND,True
2024-08-31,DABUR,True
2024-08-31,DALBHARAT,True
2024-08-31,DEEPAKNTR,True
2024-08-31,DELHIVERY,True
2024-08-31,DHANI,True
2024-08-31,DIVISLAB,True
2024-08-31,DIXON,True
2024-08-31,DLF,True
2024-08-31,DMART,True
2024-08-31,DRREDDY,True
2024-08-31,EICHERMOT,True
2024-08-31,ENDURANCE,True
2024-08-31,ESCORTS,True
2024-08-31,FACT,True
2024-08-31,FEDERALBNK,True
2024-08-31,FORTIS,True
2024-08-31,GLAND,True
2024-08-31,GODREJCP,True
2024-08-31,GODREJIND,True
2024-08-31,GODREJPROP,True
2024-08-31,GRASIM,True
2024-08-31,GUJGASLTD,True
2024-08-31,HAL,True
2024-08-31,HAVELLS,True
2024-08-31,HCLTECH,True
2024-08-31,HDFC,True
2024-08-31,HDFCAMC,True
2024-08-31,HDFCBANK,True
2024-08-31,HDFCLIFE,True
2024-08-31,HEROMOTOCO,True
2024-08-31,HINDALCO,True
2024-08-31,HINDCOPPER,True
2024-08-31,HINDPETRO,True
2024-08-31,ICICIBANK,True
2024-08-31,ICICIGI,True
2024-08-31,IDBI,True
2024-08-31,IDEA,True
2024-08-31,IDFCFIRSTB,True
2024-08-31,IGL,True
2024-08-31,INDIANB,True
2024-08-31,INDIGO,True
2024-08-31,INDUSINDBK,True
2024-08-31,INDUSTOWER,True
2024-08-31,INFY,True
2024-08-31,IOC,True
2024-08-31,IPCALAB,True
2024-08-31,IRCTC,True
2024-08-31,IREDA,True
2024-08-31,IRFC,True
2024-08-31,ITC,True
2024-08-31,JINDALSTEL,True
2024-08-31,JIOFIN,True
2024-08-31,JSWENERGY,True
2024-08-31,JSWINFRA,True
2024-08-31,JSWSTEEL,True
2024-08-31,JUBLFOOD,True
2024-08-31,KALYANKJIL,True
2024-08-31,KOTAKBANK,True
2024-08-31,KPITTECH,True
2024-08-31,LALPATHLAB,True
2024-08-31,LAURUSLABS,True
2024-08-31,LICHSGFIN,True
2024-08-31,LICI,True
2024-08-31,LODHA,True
2024-08-31,LT,True
2024-08-31,LTTS,True
2024-08-31,LUPIN,True
2024-08-31,MARICO,True
2024-08-31,MARUTI,True
2024-08-31,MAZDOCK,True
2024-08-31,MFSL,True
2024-08-31,MGL,True
2024-08-31,MOTHERSON,True
2024-08-31,MPHASIS,True
2024-08-31,MRF,True
2024-08-31,NATCOPHARM,True
2024-08-31,NAUKRI,True
2024-08-31,NHPC,True
2024-08-31,NMDC,True
2024-08-31,NTPC,True
2024-08-31,OBEROIRLTY,True
2024-08-31,OIL,True
2024-08-31,ONGC,True
2024-08-31,PATANJALI,True
2024-08-31,PEL,True
2024-08-31,PETRONET,True
2024-08-31,PFC,True
2024-08-31,PFIZER,True
2024-08-31,PIDILITIND,True
2024-08-31,PIIND,True
2024-08-31,PNB,True
2024-08-31,POLYCAB,True
2024-08-31,POONAWALLA,True
2024-08-31,POWERGRID,True
2024-08-31,PRESTIGE,True
2024-08-31,RBLBANK,True
2024-08-31,RECLTD,True
2024-08-31,RELIANCE,True
2024-08-31,RVNL,True
2024-08-31,SAIL,True
2024-08-31,SANOFI,True
2024-08-31,SBICARD,True
2024-08-31,SBILIFE,True
2024-08-31,SBIN,True
2024-08-31,SHREECEM,True
2024-08-31,SIEMENS,True
2024-08-31,SJVN,True
2024-08-31,SONACOMS,True
2024-08-31,SRF,True
2024-08-31,SUNPHARMA,True
2024-08-31,SUNTV,True
2024-08-31,SUPREMEIND,True
2024-08-31,SUZLON,True
2024-08-31,SYNGENE,True
2024-08-31,TATACHEM,True
2024-08-31,TATACOMM,True
2024-08-31,TATACONSUM,True
2024-08-31,TATAELXSI,True
2024-08-31,TATATECH,True
2024-08-31,TCS,True
2024-08-31,TECHM,True
2024-08-31,TIINDIA,True
2024-08-31,TITAN,True
2024-08-31,TORNTPHARM,True
2024-08-31,TORNTPOWER,True
2024-08-31,TRENT,True
2024-08-31,TVSMOTOR,True
2024-08-31,ULTRACEMCO,True
2024-08-31,UNIONBANK,True
2024-08-31,UPL,True
2024-08-31,VBL,True
2024-08-31,VEDL,True
2024-08-31,VOLTAS,True
2024-08-31,WIPRO,True
2024-08-31,YESBANK,True
2024-08-31,ZEEL,True
2024-09-30,AARTIIND,True
2024-09-30,ABCAPITAL,True
2024-09-30,ABFRL,True
2024-09-30,ADANIGREEN,True
2024-09-30,ADANIPOWER,True
2024-09-30,AMBUJACEM,True
2024-09-30,APLAPOLLO,True
2024-09-30,APOLLOHOSP,True
2024-09-30,APOLLOTYRE,True
2024-09-30,ASIANPAINT,True
2024-09-30,ASTRAL,True
2024-09-30,ATGL,True
2024-09-30,AUBANK,True
2024-09-30,AUROPHARMA,True
2024-09-30,AXISBANK,True
2024-09-30,BAJAJ-AUTO,True
2024-09-30,BAJAJFINSV,True
2024-09-30,BAJAJHLDNG,True
2024-09-30,BAJFINANCE,True
2024-09-30,BALKRISIND,True
2024-09-30,BANDHANBNK,True
2024-09-30,BANKBARODA,True
2024-09-30,BANKINDIA,True
2024-09-30,BDL,True
2024-09-30,BEL,True
2024-09-30,BHARATFORG,True
2024-09-30,BHARTIHEXA,True
2024-09-30,BHEL,True
2024-09-30,BIOCON,True
2024-09-30,BOSCHLTD,True
2024-09-30,BPCL,True
2024-09-30,CANBK,True
2024-09-30,CASTROLIND,True
2024-09-30,CENTRALBK,True
2024-09-30,CGPOWER,True
2024-09-30,CHOLAFIN,True
2024-09-30,CIPLA,True
2024-09-30,COALINDIA,True
2024-09-30,COCHINSHIP,True
2024-09-30,COFORGE,True
2024-09-30,COLPAL,True
2024-09-30,CONCOR,True
2024-09-30,CUB,True
2024-09-30,CUMMINSIND,True
2024-09-30,DABUR,True
2024-09-30,DELHIVERY,True
2024-09-30,DHANI,True
2024-09-30,DIVISLAB,True
2024-09-30,DIXON,True
2024-09-30,DLF,True
2024-09-30,DMART,True
2024-09-30,DRREDDY,True
2024-09-30,EICHERMOT,True
2024-09-30,ENDURANCE,True
2024-09-30,ESCORTS,True
2024-09-30,EXIDEIND,True
2024-09-30,FACT,True
2024-09-30,FEDERALBNK,True
2024-09-30,GODREJCP,True
2024-09-30,GODREJIND,True
2024-09-30,GODREJPROP,True
2024-09-30,GRASIM,True
2024-09-30,HAL,True
2024-09-30,HAVELLS,True
2024-09-30,HCLTECH,True
2024-09-30,HDFC,True
2024-09-30,HDFCAMC,True
2024-09-30,HDFCBANK,True
2024-09-30,HDFCLIFE,True
2024-09-30,HEROMOTOCO,True
2024-09-30,HINDALCO,True
2024-09-30,HINDCOPPER,True
2024-09-30,HINDPETRO,True
2024-09-30,HINDZINC,True
2024-09-30,HUDCO,True
2024-09-30,ICICIBANK,True
2024-09-30,ICICIGI,True
2024-09-30,IDBI,True
2024-09-30,IDFCFIRSTB,True
2024-09-30,IGL,True
2024-09-30,INDIANB,True
2024-09-30,INDIGO,True
2024-09-30,INDUSINDBK,True
2024-09-30,INDUSTOWER,True
2024-09-30,INFY,True
2024-09-30,IOB,True
2024-09-30,IOC,True
2024-09-30,IRB,True
2024-09-30,IRCTC,True
2024-09-30,IREDA,True
2024-09-30,IRFC,True
2024-09-30,ITC,True
2024-09-30,JINDALSTEL,True
2024-09-30,JIOFIN,True
2024-09-30,JSWENERGY,True
2024-09-30,JSWINFRA,True
2024-09-30,JSWSTEEL,True
2024-09-30,JUBLFOOD,True
2024-09-30,KALYANKJIL,True
2024-09-30,KOTAKBANK,True
2024-09-30,KPITTECH,True
2024-09-30,LICHSGFIN,True
2024-09-30,LICI,True
2024-09-30,LODHA,True
2024-09-30,LT,True
2024-09-30,LUPIN,True
2024-09-30,MARICO,True
2024-09-30,MARUTI,True
2024-09-30,MAZDOCK,True
2024-09-30,MFSL,True
2024-09-30,MGL,True
2024-09-30,MOTHERSON,True
2024-09-30,MPHASIS,True
2024-09-30,MRF,True
2024-09-30,MRPL,True
2024-09-30,NATCOPHARM,True
2024-09-30,NAUKRI,True
2024-09-30,NHPC,True
2024-09-30,NLCINDIA,True
2024-09-30,NMDC,True
2024-09-30,NTPC,True
2024-09-30,OBEROIRLTY,True
2024-09-30,OIL,True
2024-09-30,ONGC,True
2024-09-30,PATANJALI,True
2024-09-30,PETRONET,True
2024-09-30,PFC,True
2024-09-30,PFIZER,True
2024-09-30,PIDILITIND,True
2024-09-30,PIIND,True
2024-09-30,PNB,True
2024-09-30,POLYCAB,True
2024-09-30,POONAWALLA,True
2024-09-30,POWERGRID,True
2024-09-30,PRESTIGE,True
2024-09-30,RBLBANK,True
2024-09-30,RECLTD,True
2024-09-30,RELIANCE,True
2024-09-30,RVNL,True
2024-09-30,SAIL,True
2024-09-30,SANOFI,True
2024-09-30,SBICARD,True
2024-09-30,SBILIFE,True
2024-09-30,SBIN,True
2024-09-30,SHREECEM,True
2024-09-30,SIEMENS,True
2024-09-30,SJVN,True
2024-09-30,SOLARINDS,True
2024-09-30,SONACOMS,True
2024-09-30,SRF,True
2024-09-30,SUNDARMFIN,True
2024-09-30,SUNPHARMA,True
2024-09-30,SUPREMEIND,True
2024-09-30,SUZLON,True
2024-09-30,TATACHEM,True
2024-09-30,TATACOMM,True
2024-09-30,TATACONSUM,True
2024-09-30,TATAELXSI,True
2024-09-30,TATATECH,True
2024-09-30,TCS,True
2024-09-30,TECHM,True
2024-09-30,TIINDIA,True
2024-09-30,TITAN,True
2024-09-30,TORNTPHARM,True
2024-09-30,TORNTPOWER,True
2024-09-30,TRENT,True
2024-09-30,TVSMOTOR,True
2024-09-30,ULTRACEMCO,True
2024-09-30,UNIONBANK,True
2024-09-30,UPL,True
2024-09-30,VBL,True
2024-09-30,VEDL,True
2024-09-30,VOLTAS,True
2024-09-30,WIPRO,True
2024-09-30,YESBANK,True
2024-10-31,AARTIIND,True
2024-10-31,ABCAPITAL,True
2024-10-31,ABFRL,True
2024-10-31,ADANIGREEN,True
2024-10-31,ADANIPOWER,True
2024-10-31,AMBUJACEM,True
2024-10-31,APLAPOLLO,True
2024-10-31,APOLLOHOSP,True
2024-10-31,APOLLOTYRE,True
2024-10-31,ASIANPAINT,True
2024-10-31,ASTRAL,True
2024-10-31,ATGL,True
2024-10-31,AUBANK,True
2024-10-31,AUROPHARMA,True
2024-10-31,AXISBANK,True
2024-10-31,BAJAJ-AUTO,True
2024-10-31,BAJAJFINSV,True
2024-10-31,BAJAJHLDNG,True
2024-10-31,BAJFINANCE,True
2024-10-31,BALKRISIND,True
2024-10-31,BANDHANBNK,True
2024-10-31,BANKBARODA,True
2024-10-31,BANKINDIA,True
2024-10-31,BDL,True
2024-10-31,BEL,True
2024-10-31,BHARATFORG,True
2024-10-31,BHARTIHEXA,True
2024-10-31,BHEL,True
2024-10-31,BIOCON,True
2024-10-31,BOSCHLTD,True
2024-10-31,BPCL,True
2024-10-31,CANBK,True
2024-10-31,CASTROLIND,True
2024-10-31,CENTRALBK,True
2024-10-31,CGPOWER,True
2024-10-31,CHOLAFIN,True
2024-10-31,CIPLA,True
2024-10-31,COALINDIA,True
2024-10-31,COCHINSHIP,True
2024-10-31,COFORGE,True
2024-10-31,COLPAL,True
2024-10-31,CONCOR,True
2024-10-31,CUB,True
2024-10-31,CUMMINSIND,True
2024-10-31,DABUR,True
2024-10-31,DELHIVERY,True
2024-10-31,DHANI,True
2024-10-31,DIVISLAB,True
2024-10-31,DIXON,True
2024-10-31,DLF,True
2024-10-31,DMART,True
2024-10-31,DRREDDY,True
2024-10-31,EICHERMOT,True
2024-10-31,ENDURANCE,True
2024-10-31,ESCORTS,True
2024-10-31,EXIDEIND,True
2024-10-31,FACT,True
2024-10-31,FEDERALBNK,True
2024-10-31,GODREJCP,True
2024-10-31,GODREJIND,True
2024-10-31,GODREJPROP,True
2024-10-31,GRASIM,True
2024-10-31,HAL,True
2024-10-31,HAVELLS,True
2024-10-31,HCLTECH,True
2024-10-31,HDFC,True
2024-10-31,HDFCAMC,True
2024-10-31,HDFCBANK,True
2024-10-31,HDFCLIFE,True
2024-10-31,HEROMOTOCO,True
2024-10-31,HINDALCO,True
2024-10-31,HINDCOPPER,True
2024-10-31,HINDPETRO,True
2024-10-31,HINDZINC,True
2024-10-31,HUDCO,True
2024-10-31,ICICIBANK,True
2024-10-31,ICICIGI,True
2024-10-31,IDBI,True
2024-10-31,IDFCFIRSTB,True
2024-10-31,IGL,True
2024-10-31,INDIANB,True
2024-10-31,INDIGO,True
2024-10-31,INDUSINDBK,True
2024-10-31,INDUSTOWER,True
2024-10-31,INFY,True
2024-10-31,IOB,True
2024-10-31,IOC,True
2024-10-31,IRB,True
2024-10-31,IRCTC,True
2024-10-31,IREDA,True
2024-10-31,IRFC,True
2024-10-31,ITC,True
2024-10-31,JINDALSTEL,True
2024-10-31,JIOFIN,True
2024-10-31,JSWENERGY,True
2024-10-31,JSWINFRA,True
2024-10-31,JSWSTEEL,True
2024-10-31,JUBLFOOD,True
2024-10-31,KALYANKJIL,True
2024-10-31,KOTAKBANK,True
2024-10-31,KPITTECH,True
2024-10-31,LICHSGFIN,True
2024-10-31,LICI,True
2024-10-31,LODHA,True
2024-10-31,LT,True
2024-10-31,LUPIN,True
2024-10-31,MARICO,True
2024-10-31,MARUTI,True
2024-10-31,MAZDOCK,True
2024-10-31,MFSL,True
2024-10-31,MGL,True
2024-10-31,MOTHERSON,True
2024-10-31,MPHASIS,True
2024-10-31,MRF,True
2024-10-31,MRPL,True
2024-10-31,NATCOPHARM,True
2024-10-31,NAUKRI,True
2024-10-31,NHPC,True
2024-10-31,NLCINDIA,True
2024-10-31,NMDC,True
2024-10-31,NTPC,True
2024-10-31,OBEROIRLTY,True
2024-10-31,OIL,True
2024-10-31,ONGC,True
2024-10-31,PATANJALI,True
2024-10-31,PETRONET,True
2024-10-31,PFC,True
2024-10-31,PFIZER,True
2024-10-31,PIDILITIND,True
2024-10-31,PIIND,True
2024-10-31,PNB,True
2024-10-31,POLYCAB,True
2024-10-31,POONAWALLA,True
2024-10-31,POWERGRID,True
2024-10-31,PRESTIGE,True
2024-10-31,RBLBANK,True
2024-10-31,RECLTD,True
2024-10-31,RELIANCE,True
2024-10-31,RVNL,True
2024-10-31,SAIL,True
2024-10-31,SANOFI,True
2024-10-31,SBICARD,True
2024-10-31,SBILIFE,True
2024-10-31,SBIN,True
2024-10-31,SHREECEM,True
2024-10-31,SIEMENS,True
2024-10-31,SJVN,True
2024-10-31,SOLARINDS,True
2024-10-31,SONACOMS,True
2024-10-31,SRF,True
2024-10-31,SUNDARMFIN,True
2024-10-31,SUNPHARMA,True
2024-10-31,SUPREMEIND,True
2024-10-31,SUZLON,True
2024-10-31,TATACHEM,True
2024-10-31,TATACOMM,True
2024-10-31,TATACONSUM,True
2024-10-31,TATAELXSI,True
2024-10-31,TATATECH,True
2024-10-31,TCS,True
2024-10-31,TECHM,True
2024-10-31,TIINDIA,True
2024-10-31,TITAN,True
2024-10-31,TORNTPHARM,True
2024-10-31,TORNTPOWER,True
2024-10-31,TRENT,True
2024-10-31,TVSMOTOR,True
2024-10-31,ULTRACEMCO,True
2024-10-31,UNIONBANK,True
2024-10-31,UPL,True
2024-10-31,VBL,True
2024-10-31,VEDL,True
2024-10-31,VOLTAS,True
2024-10-31,WIPRO,True
2024-10-31,YESBANK,True
2024-11-30,AARTIIND,True
2024-11-30,ABCAPITAL,True
2024-11-30,ABFRL,True
2024-11-30,ADANIGREEN,True
2024-11-30,ADANIPOWER,True
2024-11-30,AMBUJACEM,True
2024-11-30,APLAPOLLO,True
2024-11-30,APOLLOHOSP,True
2024-11-30,APOLLOTYRE,True
2024-11-30,ASIANPAINT,True
2024-11-30,ASTRAL,True
2024-11-30,ATGL,True
2024-11-30,AUBANK,True
2024-11-30,AUROPHARMA,True
2024-11-30,AXISBANK,True
2024-11-30,BAJAJ-AUTO,True
2024-11-30,BAJAJFINSV,True
2024-11-30,BAJAJHLDNG,True
2024-11-30,BAJFINANCE,True
2024-11-30,BALKRISIND,True
2024-11-30,BANDHANBNK,True
2024-11-30,BANKBARODA,True
2024-11-30,BANKINDIA,True
2024-11-30,BDL,True
2024-11-30,BEL,True
2024-11-30,BHARATFORG,True
2024-11-30,BHARTIHEXA,True
2024-11-30,BHEL,True
2024-11-30,BIOCON,True
2024-11-30,BOSCHLTD,True
2024-11-30,BPCL,True
2024-11-30,CANBK,True
2024-11-30,CASTROLIND,True
2024-11-30,CENTRALBK,True
2024-11-30,CGPOWER,True
2024-11-30,CHOLAFIN,True
2024-11-30,CIPLA,True
2024-11-30,COALINDIA,True
2024-11-30,COCHINSHIP,True
2024-11-30,COFORGE,True
2024-11-30,COLPAL,True
2024-11-30,CONCOR,True
2024-11-30,CUB,True
2024-11-30,CUMMINSIND,True
2024-11-30,DABUR,True
2024-11-30,DELHIVERY,True
2024-11-30,DHANI,True
2024-11-30,DIVISLAB,True
2024-11-30,DIXON,True
2024-11-30,DLF,True
2024-11-30,DMART,True
2024-11-30,DRREDDY,True
2024-11-30,EICHERMOT,True
2024-11-30,ENDURANCE,True
2024-11-30,ESCORTS,True
2024-11-30,EXIDEIND,True
2024-11-30,FACT,True
2024-11-30,FEDERALBNK,True
2024-11-30,GODREJCP,True
2024-11-30,GODREJIND,True
2024-11-30,GODREJPROP,True
2024-11-30,GRASIM,True
2024-11-30,HAL,True
2024-11-30,HAVELLS,True
2024-11-30,HCLTECH,True
2024-11-30,HDFC,True
2024-11-30,HDFCAMC,True
2024-11-30,HDFCBANK,True
2024-11-30,HDFCLIFE,True
2024-11-30,HEROMOTOCO,True
2024-11-30,HINDALCO,True
2024-11-30,HINDCOPPER,True
2024-11-30,HINDPETRO,True
2024-11-30,HINDZINC,True
2024-11-30,HUDCO,True
2024-11-30,ICICIBANK,True
2024-11-30,ICICIGI,True
2024-11-30,IDBI,True
2024-11-30,IDFCFIRSTB,True
2024-11-30,IGL,True
2024-11-30,INDIANB,True
2024-11-30,INDIGO,True
2024-11-30,INDUSINDBK,True
2024-11-30,INDUSTOWER,True
2024-11-30,INFY,True
2024-11-30,IOB,True
2024-11-30,IOC,True
2024-11-30,IRB,True
2024-11-30,IRCTC,True
2024-11-30,IREDA,True
2024-11-30,IRFC,True
2024-11-30,ITC,True
2024-11-30,JINDALSTEL,True
2024-11-30,JIOFIN,True
2024-11-30,JSWENERGY,True
2024-11-30,JSWINFRA,True
2024-11-30,JSWSTEEL,True
2024-11-30,JUBLFOOD,True
2024-11-30,KALYANKJIL,True
2024-11-30,KOTAKBANK,True
2024-11-30,KPITTECH,True
2024-11-30,LICHSGFIN,True
2024-11-30,LICI,True
2024-11-30,LODHA,True
2024-11-30,LT,True
2024-11-30,LUPIN,True
2024-11-30,MARICO,True
2024-11-30,MARUTI,True
2024-11-30,MAZDOCK,True
2024-11-30,MFSL,True
2024-11-30,MGL,True
2024-11-30,MOTHERSON,True
2024-11-30,MPHASIS,True
2024-11-30,MRF,True
2024-11-30,MRPL,True
2024-11-30,NATCOPHARM,True
2024-11-30,NAUKRI,True
2024-11-30,NHPC,True
2024-11-30,NLCINDIA,True
2024-11-30,NMDC,True
2024-11-30,NTPC,True
2024-11-30,OBEROIRLTY,True
2024-11-30,OIL,True
2024-11-30,ONGC,True
2024-11-30,PATANJALI,True
2024-11-30,PETRONET,True
2024-11-30,PFC,True
2024-11-30,PFIZER,True
2024-11-30,PIDILITIND,True
2024-11-30,PIIND,True
2024-11-30,PNB,True
2024-11-30,POLYCAB,True
2024-11-30,POONAWALLA,True
2024-11-30,POWERGRID,True
2024-11-30,PRESTIGE,True
2024-11-30,RBLBANK,True
2024-11-30,RECLTD,True
2024-11-30,RELIANCE,True
2024-11-30,RVNL,True
2024-11-30,SAIL,True
2024-11-30,SANOFI,True
2024-11-30,SBICARD,True
2024-11-30,SBILIFE,True
2024-11-30,SBIN,True
2024-11-30,SHREECEM,True
2024-11-30,SIEMENS,True
2024-11-30,SJVN,True
2024-11-30,SOLARINDS,True
2024-11-30,SONACOMS,True
2024-11-30,SRF,True
2024-11-30,SUNDARMFIN,True
2024-11-30,SUNPHARMA,True
2024-11-30,SUPREMEIND,True
2024-11-30,SUZLON,True
2024-11-30,TATACHEM,True
2024-11-30,TATACOMM,True
2024-11-30,TATACONSUM,True
2024-11-30,TATAELXSI,True
2024-11-30,TATATECH,True
2024-11-30,TCS,True
2024-11-30,TECHM,True
2024-11-30,TIINDIA,True
2024-11-30,TITAN,True
2024-11-30,TORNTPHARM,True
2024-11-30,TORNTPOWER,True
2024-11-30,TRENT,True
2024-11-30,TVSMOTOR,True
2024-11-30,ULTRACEMCO,True
2024-11-30,UNIONBANK,True
2024-11-30,UPL,True
2024-11-30,VBL,True
2024-11-30,VEDL,True
2024-11-30,VOLTAS,True
2024-11-30,WIPRO,True
2024-11-30,YESBANK,True
2024-12-31,AARTIIND,True
2024-12-31,ABCAPITAL,True
2024-12-31,ABFRL,True
2024-12-31,ADANIGREEN,True
2024-12-31,ADANIPOWER,True
2024-12-31,AMBUJACEM,True
2024-12-31,APLAPOLLO,True
2024-12-31,APOLLOHOSP,True
2024-12-31,APOLLOTYRE,True
2024-12-31,ASIANPAINT,True
2024-12-31,ASTRAL,True
2024-12-31,ATGL,True
2024-12-31,AUBANK,True
2024-12-31,AUROPHARMA,True
2024-12-31,AXISBANK,True
2024-12-31,BAJAJ-AUTO,True
2024-12-31,BAJAJFINSV,True
2024-12-31,BAJAJHLDNG,True
2024-12-31,BAJFINANCE,True
2024-12-31,BALKRISIND,True
2024-12-31,BANDHANBNK,True
2024-12-31,BANKBARODA,True
2024-12-31,BANKINDIA,True
2024-12-31,BDL,True
2024-12-31,BEL,True
2024-12-31,BHARATFORG,True
2024-12-31,BHARTIHEXA,True
2024-12-31,BHEL,True
2024-12-31,BIOCON,True
2024-12-31,BOSCHLTD,True
2024-12-31,BPCL,True
2024-12-31,CANBK,True
2024-12-31,CASTROLIND,True
2024-12-31,CENTRALBK,True
2024-12-31,CGPOWER,True
2024-12-31,CHOLAFIN,True
2024-12-31,CIPLA,True
2024-12-31,COALINDIA,True
2024-12-31,COCHINSHIP,True
2024-12-31,COFORGE,True
2024-12-31,COLPAL,True
2024-12-31,CONCOR,True
2024-12-31,CUB,True
2024-12-31,CUMMINSIND,True
2024-12-31,DABUR,True
2024-12-31,DELHIVERY,True
2024-12-31,DHANI,True
2024-12-31,DIVISLAB,True
2024-12-31,DIXON,True
2024-12-31,DLF,True
2024-12-31,DMART,True
2024-12-31,DRREDDY,True
2024-12-31,EICHERMOT,True
2024-12-31,ENDURANCE,True
2024-12-31,ESCORTS,True
2024-12-31,EXIDEIND,True
2024-12-31,FACT,True
2024-12-31,FEDERALBNK,True
2024-12-31,GODREJCP,True
2024-12-31,GODREJIND,True
2024-12-31,GODREJPROP,True
2024-12-31,GRASIM,True
2024-12-31,HAL,True
2024-12-31,HAVELLS,True
2024-12-31,HCLTECH,True
2024-12-31,HDFC,True
2024-12-31,HDFCAMC,True
2024-12-31,HDFCBANK,True
2024-12-31,HDFCLIFE,True
2024-12-31,HEROMOTOCO,True
2024-12-31,HINDALCO,True
2024-12-31,HINDCOPPER,True
2024-12-31,HINDPETRO,True
2024-12-31,HINDZINC,True
2024-12-31,HUDCO,True
2024-12-31,ICICIBANK,True
2024-12-31,ICICIGI,True
2024-12-31,IDBI,True
2024-12-31,IDFCFIRSTB,True
2024-12-31,IGL,True
2024-12-31,INDIANB,True
2024-12-31,INDIGO,True
2024-12-31,INDUSINDBK,True
2024-12-31,INDUSTOWER,True
2024-12-31,INFY,True
2024-12-31,IOB,True
2024-12-31,IOC,True
2024-12-31,IRB,True
2024-12-31,IRCTC,True
2024-12-31,IREDA,True
2024-12-31,IRFC,True
2024-12-31,ITC,True
2024-12-31,JINDALSTEL,True
2024-12-31,JIOFIN,True
2024-12-31,JSWENERGY,True
2024-12-31,JSWINFRA,True
2024-12-31,JSWSTEEL,True
2024-12-31,JUBLFOOD,True
2024-12-31,KALYANKJIL,True
2024-12-31,KOTAKBANK,True
2024-12-31,KPITTECH,True
2024-12-31,LICHSGFIN,True
2024-12-31,LICI,True
2024-12-31,LODHA,True
2024-12-31,LT,True
2024-12-31,LUPIN,True
2024-12-31,MARICO,True
2024-12-31,MARUTI,True
2024-12-31,MAZDOCK,True
2024-12-31,MFSL,True
2024-12-31,MGL,True
2024-12-31,MOTHERSON,True
2024-12-31,MPHASIS,True
2024-12-31,MRF,True
2024-12-31,MRPL,True
2024-12-31,NATCOPHARM,True
2024-12-31,NAUKRI,True
2024-12-31,NHPC,True
2024-12-31,NLCINDIA,True
2024-12-31,NMDC,True
2024-12-31,NTPC,True
2024-12-31,OBEROIRLTY,True
2024-12-31,OIL,True
2024-12-31,ONGC,True
2024-12-31,PATANJALI,True
2024-12-31,PETRONET,True
2024-12-31,PFC,True
2024-12-31,PFIZER,True
2024-12-31,PIDILITIND,True
2024-12-31,PIIND,True
2024-12-31,PNB,True
2024-12-31,POLYCAB,True
2024-12-31,POONAWALLA,True
2024-12-31,POWERGRID,True
2024-12-31,PRESTIGE,True
2024-12-31,RBLBANK,True
2024-12-31,RECLTD,True
2024-12-31,RELIANCE,True
2024-12-31,RVNL,True
2024-12-31,SAIL,True
2024-12-31,SANOFI,True
2024-12-31,SBICARD,True
2024-12-31,SBILIFE,True
2024-12-31,SBIN,True
2024-12-31,SHREECEM,True
2024-12-31,SIEMENS,True
2024-12-31,SJVN,True
2024-12-31,SOLARINDS,True
2024-12-31,SONACOMS,True
2024-12-31,SRF,True
2024-12-31,SUNDARMFIN,True
2024-12-31,SUNPHARMA,True
2024-12-31,SUPREMEIND,True
2024-12-31,SUZLON,True
2024-12-31,TATACHEM,True
2024-12-31,TATACOMM,True
2024-12-31,TATACONSUM,True
2024-12-31,TATAELXSI,True
2024-12-31,TATATECH,True
2024-12-31,TCS,True
2024-12-31,TECHM,True
2024-12-31,TIINDIA,True
2024-12-31,TITAN,True
2024-12-31,TORNTPHARM,True
2024-12-31,TORNTPOWER,True
2024-12-31,TRENT,True
2024-12-31,TVSMOTOR,True
2024-12-31,ULTRACEMCO,True
2024-12-31,UNIONBANK,True
2024-12-31,UPL,True
2024-12-31,VBL,True
2024-12-31,VEDL,True
2024-12-31,VOLTAS,True
2024-12-31,WIPRO,True
2024-12-31,YESBANK,True
2025-01-31,AARTIIND,True
2025-01-31,ABCAPITAL,True
2025-01-31,ABFRL,True
2025-01-31,ADANIGREEN,True
2025-01-31,ADANIPOWER,True
2025-01-31,AMBUJACEM,True
2025-01-31,APLAPOLLO,True
2025-01-31,APOLLOHOSP,True
2025-01-31,APOLLOTYRE,True
2025-01-31,ASIANPAINT,True
2025-01-31,ASTRAL,True
2025-01-31,ATGL,True
2025-01-31,AUBANK,True
2025-01-31,AUROPHARMA,True
2025-01-31,AXISBANK,True
2025-01-31,BAJAJ-AUTO,True
2025-01-31,BAJAJFINSV,True
2025-01-31,BAJAJHLDNG,True
2025-01-31,BAJFINANCE,True
2025-01-31,BALKRISIND,True
2025-01-31,BANDHANBNK,True
2025-01-31,BANKBARODA,True
2025-01-31,BANKINDIA,True
2025-01-31,BDL,True
2025-01-31,BEL,True
2025-01-31,BHARATFORG,True
2025-01-31,BHARTIHEXA,True
2025-01-31,BHEL,True
2025-01-31,BIOCON,True
2025-01-31,BOSCHLTD,True
2025-01-31,BPCL,True
2025-01-31,CANBK,True
2025-01-31,CASTROLIND,True
2025-01-31,CENTRALBK,True
2025-01-31,CGPOWER,True
2025-01-31,CHOLAFIN,True
2025-01-31,CIPLA,True
2025-01-31,COALINDIA,True
2025-01-31,COCHINSHIP,True
2025-01-31,COFORGE,True
2025-01-31,COLPAL,True
2025-01-31,CONCOR,True
2025-01-31,CUB,True
2025-01-31,CUMMINSIND,True
2025-01-31,DABUR,True
2025-01-31,DELHIVERY,True
2025-01-31,DHANI,True
2025-01-31,DIVISLAB,True
2025-01-31,DIXON,True
2025-01-31,DLF,True
2025-01-31,DMART,True
2025-01-31,DRREDDY,True
2025-01-31,EICHERMOT,True
2025-01-31,ENDURANCE,True
2025-01-31,ESCORTS,True
2025-01-31,EXIDEIND,True
2025-01-31,FACT,True
2025-01-31,FEDERALBNK,True
2025-01-31,GODREJCP,True
2025-01-31,GODREJIND,True
2025-01-31,GODREJPROP,True
2025-01-31,GRASIM,True
2025-01-31,HAL,True
2025-01-31,HAVELLS,True
2025-01-31,HCLTECH,True
2025-01-31,HDFC,True
2025-01-31,HDFCAMC,True
2025-01-31,HDFCBANK,True
2025-01-31,HDFCLIFE,True
2025-01-31,HEROMOTOCO,True
2025-01-31,HINDALCO,True
2025-01-31,HINDCOPPER,True
2025-01-31,HINDPETRO,True
2025-01-31,HINDZINC,True
2025-01-31,HUDCO,True
2025-01-31,ICICIBANK,True
2025-01-31,ICICIGI,True
2025-01-31,IDBI,True
2025-01-31,IDFCFIRSTB,True
2025-01-31,IGL,True
2025-01-31,INDIANB,True
2025-01-31,INDIGO,True
2025-01-31,INDUSINDBK,True
2025-01-31,INDUSTOWER,True
2025-01-31,INFY,True
2025-01-31,IOB,True
2025-01-31,IOC,True
2025-01-31,IRB,True
2025-01-31,IRCTC,True
2025-01-31,IREDA,True
2025-01-31,IRFC,True
2025-01-31,ITC,True
2025-01-31,JINDALSTEL,True
2025-01-31,JIOFIN,True
2025-01-31,JSWENERGY,True
2025-01-31,JSWINFRA,True
2025-01-31,JSWSTEEL,True
2025-01-31,JUBLFOOD,True
2025-01-31,KALYANKJIL,True
2025-01-31,KOTAKBANK,True
2025-01-31,KPITTECH,True
2025-01-31,LICHSGFIN,True
2025-01-31,LICI,True
2025-01-31,LODHA,True
2025-01-31,LT,True
2025-01-31,LUPIN,True
2025-01-31,MARICO,True
2025-01-31,MARUTI,True
2025-01-31,MAZDOCK,True
2025-01-31,MFSL,True
2025-01-31,MGL,True
2025-01-31,MOTHERSON,True
2025-01-31,MPHASIS,True
2025-01-31,MRF,True
2025-01-31,MRPL,True
2025-01-31,NATCOPHARM,True
2025-01-31,NAUKRI,True
2025-01-31,NHPC,True
2025-01-31,NLCINDIA,True
2025-01-31,NMDC,True
2025-01-31,NTPC,True
2025-01-31,OBEROIRLTY,True
2025-01-31,OIL,True
2025-01-31,ONGC,True
2025-01-31,PATANJALI,True
2025-01-31,PETRONET,True
2025-01-31,PFC,True
2025-01-31,PFIZER,True
2025-01-31,PIDILITIND,True
2025-01-31,PIIND,True
2025-01-31,PNB,True
2025-01-31,POLYCAB,True
2025-01-31,POONAWALLA,True
2025-01-31,POWERGRID,True
2025-01-31,PRESTIGE,True
2025-01-31,RBLBANK,True
2025-01-31,RECLTD,True
2025-01-31,RELIANCE,True
2025-01-31,RVNL,True
2025-01-31,SAIL,True
2025-01-31,SANOFI,True
2025-01-31,SBICARD,True
2025-01-31,SBILIFE,True
2025-01-31,SBIN,True
2025-01-31,SHREECEM,True
2025-01-31,SIEMENS,True
2025-01-31,SJVN,True
2025-01-31,SOLARINDS,True
2025-01-31,SONACOMS,True
2025-01-31,SRF,True
2025-01-31,SUNDARMFIN,True
2025-01-31,SUNPHARMA,True
2025-01-31,SUPREMEIND,True
2025-01-31,SUZLON,True
2025-01-31,TATACHEM,True
2025-01-31,TATACOMM,True
2025-01-31,TATACONSUM,True
2025-01-31,TATAELXSI,True
2025-01-31,TATATECH,True
2025-01-31,TCS,True
2025-01-31,TECHM,True
2025-01-31,TIINDIA,True
2025-01-31,TITAN,True
2025-01-31,TORNTPHARM,True
2025-01-31,TORNTPOWER,True
2025-01-31,TRENT,True
2025-01-31,TVSMOTOR,True
2025-01-31,ULTRACEMCO,True
2025-01-31,UNIONBANK,True
2025-01-31,UPL,True
2025-01-31,VBL,True
2025-01-31,VEDL,True
2025-01-31,VOLTAS,True
2025-01-31,WIPRO,True
2025-01-31,YESBANK,True
2025-02-28,AARTIIND,True
2025-02-28,ABCAPITAL,True
2025-02-28,ABFRL,True
2025-02-28,ADANIGREEN,True
2025-02-28,ADANIPOWER,True
2025-02-28,AMBUJACEM,True
2025-02-28,APLAPOLLO,True
2025-02-28,APOLLOHOSP,True
2025-02-28,APOLLOTYRE,True
2025-02-28,ASIANPAINT,True
2025-02-28,ASTRAL,True
2025-02-28,ATGL,True
2025-02-28,AUBANK,True
2025-02-28,AUROPHARMA,True
2025-02-28,AXISBANK,True
2025-02-28,BAJAJ-AUTO,True
2025-02-28,BAJAJFINSV,True
2025-02-28,BAJAJHLDNG,True
2025-02-28,BAJFINANCE,True
2025-02-28,BALKRISIND,True
2025-02-28,BANDHANBNK,True
2025-02-28,BANKBARODA,True
2025-02-28,BANKINDIA,True
2025-02-28,BDL,True
2025-02-28,BEL,True
2025-02-28,BHARATFORG,True
2025-02-28,BHARTIHEXA,True
2025-02-28,BHEL,True
2025-02-28,BIOCON,True
2025-02-28,BOSCHLTD,True
2025-02-28,BPCL,True
2025-02-28,CANBK,True
2025-02-28,CASTROLIND,True
2025-02-28,CENTRALBK,True
2025-02-28,CGPOWER,True
2025-02-28,CHOLAFIN,True
2025-02-28,CIPLA,True
2025-02-28,COALINDIA,True
2025-02-28,COCHINSHIP,True
2025-02-28,COFORGE,True
2025-02-28,COLPAL,True
2025-02-28,CONCOR,True
2025-02-28,CUB,True
2025-02-28,CUMMINSIND,True
2025-02-28,DABUR,True
2025-02-28,DELHIVERY,True
2025-02-28,DHANI,True
2025-02-28,DIVISLAB,True
2025-02-28,DIXON,True
2025-02-28,DLF,True
2025-02-28,DMART,True
2025-02-28,DRREDDY,True
2025-02-28,EICHERMOT,True
2025-02-28,ENDURANCE,True
2025-02-28,ESCORTS,True
2025-02-28,EXIDEIND,True
2025-02-28,FACT,True
2025-02-28,FEDERALBNK,True
2025-02-28,GODREJCP,True
2025-02-28,GODREJIND,True
2025-02-28,GODREJPROP,True
2025-02-28,GRASIM,True
2025-02-28,HAL,True
2025-02-28,HAVELLS,True
2025-02-28,HCLTECH,True
2025-02-28,HDFC,True
2025-02-28,HDFCAMC,True
2025-02-28,HDFCBANK,True
2025-02-28,HDFCLIFE,True
2025-02-28,HEROMOTOCO,True
2025-02-28,HINDALCO,True
2025-02-28,HINDCOPPER,True
2025-02-28,HINDPETRO,True
2025-02-28,HINDZINC,True
2025-02-28,HUDCO,True
2025-02-28,ICICIBANK,True
2025-02-28,ICICIGI,True
2025-02-28,IDBI,True
2025-02-28,IDFCFIRSTB,True
2025-02-28,IGL,True
2025-02-28,INDIANB,True
2025-02-28,INDIGO,True
2025-02-28,INDUSINDBK,True
2025-02-28,INDUSTOWER,True
2025-02-28,INFY,True
2025-02-28,IOB,True
2025-02-28,IOC,True
2025-02-28,IRB,True
2025-02-28,IRCTC,True
2025-02-28,IREDA,True
2025-02-28,IRFC,True
2025-02-28,ITC,True
2025-02-28,JINDALSTEL,True
2025-02-28,JIOFIN,True
2025-02-28,JSWENERGY,True
2025-02-28,JSWINFRA,True
2025-02-28,JSWSTEEL,True
2025-02-28,JUBLFOOD,True
2025-02-28,KALYANKJIL,True
2025-02-28,KOTAKBANK,True
2025-02-28,KPITTECH,True
2025-02-28,LICHSGFIN,True
2025-02-28,LICI,True
2025-02-28,LODHA,True
2025-02-28,LT,True
2025-02-28,LUPIN,True
2025-02-28,MARICO,True
2025-02-28,MARUTI,True
2025-02-28,MAZDOCK,True
2025-02-28,MFSL,True
2025-02-28,MGL,True
2025-02-28,MOTHERSON,True
2025-02-28,MPHASIS,True
2025-02-28,MRF,True
2025-02-28,MRPL,True
2025-02-28,NATCOPHARM,True
2025-02-28,NAUKRI,True
2025-02-28,NHPC,True
2025-02-28,NLCINDIA,True
2025-02-28,NMDC,True
2025-02-28,NTPC,True
2025-02-28,OBEROIRLTY,True
2025-02-28,OIL,True
2025-02-28,ONGC,True
2025-02-28,PATANJALI,True
2025-02-28,PETRONET,True
2025-02-28,PFC,True
2025-02-28,PFIZER,True
2025-02-28,PIDILITIND,True
2025-02-28,PIIND,True
2025-02-28,PNB,True
2025-02-28,POLYCAB,True
2025-02-28,POONAWALLA,True
2025-02-28,POWERGRID,True
2025-02-28,PRESTIGE,True
2025-02-28,RBLBANK,True
2025-02-28,RECLTD,True
2025-02-28,RELIANCE,True
2025-02-28,RVNL,True
2025-02-28,SAIL,True
2025-02-28,SANOFI,True
2025-02-28,SBICARD,True
2025-02-28,SBILIFE,True
2025-02-28,SBIN,True
2025-02-28,SHREECEM,True
2025-02-28,SIEMENS,True
2025-02-28,SJVN,True
2025-02-28,SOLARINDS,True
2025-02-28,SONACOMS,True
2025-02-28,SRF,True
2025-02-28,SUNDARMFIN,True
2025-02-28,SUNPHARMA,True
2025-02-28,SUPREMEIND,True
2025-02-28,SUZLON,True
2025-02-28,TATACHEM,True
2025-02-28,TATACOMM,True
2025-02-28,TATACONSUM,True
2025-02-28,TATAELXSI,True
2025-02-28,TATATECH,True
2025-02-28,TCS,True
2025-02-28,TECHM,True
2025-02-28,TIINDIA,True
2025-02-28,TITAN,True
2025-02-28,TORNTPHARM,True
2025-02-28,TORNTPOWER,True
2025-02-28,TRENT,True
2025-02-28,TVSMOTOR,True
2025-02-28,ULTRACEMCO,True
2025-02-28,UNIONBANK,True
2025-02-28,UPL,True
2025-02-28,VBL,True
2025-02-28,VEDL,True
2025-02-28,VOLTAS,True
2025-02-28,WIPRO,True
2025-02-28,YESBANK,True
2025-03-31,AARTIIND,True
2025-03-31,ABCAPITAL,True
2025-03-31,ABFRL,True
2025-03-31,ADANIGREEN,True
2025-03-31,ADANIPOWER,True
2025-03-31,AMBUJACEM,True
2025-03-31,APLAPOLLO,True
2025-03-31,APOLLOHOSP,True
2025-03-31,APOLLOTYRE,True
2025-03-31,ASIANPAINT,True
2025-03-31,ASTRAL,True
2025-03-31,ATGL,True
2025-03-31,AUBANK,True
2025-03-31,AUROPHARMA,True
2025-03-31,AXISBANK,True
2025-03-31,BAJAJ-AUTO,True
2025-03-31,BAJAJFINSV,True
2025-03-31,BAJAJHFL,True
2025-03-31,BAJAJHLDNG,True
2025-03-31,BAJFINANCE,True
2025-03-31,BANDHANBNK,True
2025-03-31,BANKBARODA,True
2025-03-31,BANKINDIA,True
2025-03-31,BDL,True
2025-03-31,BEL,True
2025-03-31,BHARATFORG,True
2025-03-31,BHARTIHEXA,True
2025-03-31,BHEL,True
2025-03-31,BIOCON,True
2025-03-31,BOSCHLTD,True
2025-03-31,BPCL,True
2025-03-31,CANBK,True
2025-03-31,CASTROLIND,True
2025-03-31,CENTRALBK,True
2025-03-31,CGPOWER,True
2025-03-31,CHOLAFIN,True
2025-03-31,CIPLA,True
2025-03-31,COALINDIA,True
2025-03-31,COCHINSHIP,True
2025-03-31,COFORGE,True
2025-03-31,COLPAL,True
2025-03-31,CONCOR,True
2025-03-31,CUB,True
2025-03-31,CUMMINSIND,True
2025-03-31,DABUR,True
2025-03-31,DHANI,True
2025-03-31,DIVISLAB,True
2025-03-31,DIXON,True
2025-03-31,DLF,True
2025-03-31,DMART,True
2025-03-31,DRREDDY,True
2025-03-31,EICHERMOT,True
2025-03-31,ENDURANCE,True
2025-03-31,ESCORTS,True
2025-03-31,EXIDEIND,True
2025-03-31,FEDERALBNK,True
2025-03-31,GLENMARK,True
2025-03-31,GODREJCP,True
2025-03-31,GODREJIND,True
2025-03-31,GODREJPROP,True
2025-03-31,GRASIM,True
2025-03-31,HAL,True
2025-03-31,HAVELLS,True
2025-03-31,HCLTECH,True
2025-03-31,HDFC,True
2025-03-31,HDFCAMC,True
2025-03-31,HDFCBANK,True
2025-03-31,HDFCLIFE,True
2025-03-31,HEROMOTOCO,True
2025-03-31,HINDALCO,True
2025-03-31,HINDCOPPER,True
2025-03-31,HINDPETRO,True
2025-03-31,HINDZINC,True
2025-03-31,HUDCO,True
2025-03-31,HYUNDAI,True
2025-03-31,ICICIBANK,True
2025-03-31,ICICIGI,True
2025-03-31,IDFCFIRSTB,True
2025-03-31,IGL,True
2025-03-31,INDIANB,True
2025-03-31,INDIGO,True
2025-03-31,INDUSINDBK,True
2025-03-31,INDUSTOWER,True
2025-03-31,INFY,True
2025-03-31,IOC,True
2025-03-31,IRB,True
2025-03-31,IRCTC,True
2025-03-31,IREDA,True
2025-03-31,IRFC,True
2025-03-31,ITC,True
2025-03-31,JINDALSTEL,True
2025-03-31,JIOFIN,True
2025-03-31,JSWENERGY,True
2025-03-31,JSWSTEEL,True
2025-03-31,JUBLFOOD,True
2025-03-31,KALYANKJIL,True
2025-03-31,KOTAKBANK,True
2025-03-31,KPITTECH,True
2025-03-31,LICHSGFIN,True
2025-03-31,LICI,True
2025-03-31,LODHA,True
2025-03-31,LT,True
2025-03-31,LUPIN,True
2025-03-31,MARICO,True
2025-03-31,MARUTI,True
2025-03-31,MAZDOCK,True
2025-03-31,MFSL,True
2025-03-31,MGL,True
2025-03-31,MOTHERSON,True
2025-03-31,MPHASIS,True
2025-03-31,MRF,True
2025-03-31,NATCOPHARM,True
2025-03-31,NATIONALUM,True
2025-03-31,NAUKRI,True
2025-03-31,NHPC,True
2025-03-31,NMDC,True
2025-03-31,NTPC,True
2025-03-31,NTPCGREEN,True
2025-03-31,OBEROIRLTY,True
2025-03-31,OIL,True
2025-03-31,OLAELEC,True
2025-03-31,ONGC,True
2025-03-31,PATANJALI,True
2025-03-31,PETRONET,True
2025-03-31,PFC,True
2025-03-31,PFIZER,True
2025-03-31,PIDILITIND,True
2025-03-31,PIIND,True
2025-03-31,PNB,True
2025-03-31,POLYCAB,True
2025-03-31,POWERGRID,True
2025-03-31,PREMIERENE,True
2025-03-31,PRESTIGE,True
2025-03-31,RBLBANK,True
2025-03-31,RECLTD,True
2025-03-31,RELIANCE,True
2025-03-31,RVNL,True
2025-03-31,SAIL,True
2025-03-31,SANOFI,True
2025-03-31,SBICARD,True
2025-03-31,SBILIFE,True
2025-03-31,SBIN,True
2025-03-31,SHREECEM,True
2025-03-31,SIEMENS,True
2025-03-31,SJVN,True
2025-03-31,SOLARINDS,True
2025-03-31,SONACOMS,True
2025-03-31,SRF,True
2025-03-31,SUNPHARMA,True
2025-03-31,SUPREMEIND,True
2025-03-31,SUZLON,True
2025-03-31,SWIGGY,True
2025-03-31,TATACOMM,True
2025-03-31,TATACONSUM,True
2025-03-31,TATAELXSI,True
2025-03-31,TATATECH,True
2025-03-31,TCS,True
2025-03-31,TECHM,True
2025-03-31,TIINDIA,True
2025-03-31,TITAN,True
2025-03-31,TORNTPHARM,True
2025-03-31,TORNTPOWER,True
2025-03-31,TRENT,True
2025-03-31,TVSMOTOR,True
2025-03-31,ULTRACEMCO,True
2025-03-31,UNIONBANK,True
2025-03-31,UPL,True
2025-03-31,VBL,True
2025-03-31,VEDL,True
2025-03-31,VMM,True
2025-03-31,VOLTAS,True
2025-03-31,WAAREEENER,True
2025-03-31,WIPRO,True
2025-03-31,YESBANK,True
2025-04-30,AARTIIND,True
2025-04-30,ABCAPITAL,True
2025-04-30,ABFRL,True
2025-04-30,ADANIGREEN,True
2025-04-30,ADANIPOWER,True
2025-04-30,AMBUJACEM,True
2025-04-30,APLAPOLLO,True
2025-04-30,APOLLOHOSP,True
2025-04-30,APOLLOTYRE,True
2025-04-30,ASIANPAINT,True
2025-04-30,ASTRAL,True
2025-04-30,ATGL,True
2025-04-30,AUBANK,True
2025-04-30,AUROPHARMA,True
2025-04-30,AXISBANK,True
2025-04-30,BAJAJ-AUTO,True
2025-04-30,BAJAJFINSV,True
2025-04-30,BAJAJHFL,True
2025-04-30,BAJAJHLDNG,True
2025-04-30,BAJFINANCE,True
2025-04-30,BANDHANBNK,True
2025-04-30,BANKBARODA,True
2025-04-30,BANKINDIA,True
2025-04-30,BDL,True
2025-04-30,BEL,True
2025-04-30,BHARATFORG,True
2025-04-30,BHARTIHEXA,True
2025-04-30,BHEL,True
2025-04-30,BIOCON,True
2025-04-30,BOSCHLTD,True
2025-04-30,BPCL,True
2025-04-30,CANBK,True
2025-04-30,CASTROLIND,True
2025-04-30,CENTRALBK,True
2025-04-30,CGPOWER,True
2025-04-30,CHOLAFIN,True
2025-04-30,CIPLA,True
2025-04-30,COALINDIA,True
2025-04-30,COCHINSHIP,True
2025-04-30,COFORGE,True
2025-04-30,COLPAL,True
2025-04-30,CONCOR,True
2025-04-30,CUB,True
2025-04-30,CUMMINSIND,True
2025-04-30,DABUR,True
2025-04-30,DHANI,True
2025-04-30,DIVISLAB,True
2025-04-30,DIXON,True
2025-04-30,DLF,True
2025-04-30,DMART,True
2025-04-30,DRREDDY,True
2025-04-30,EICHERMOT,True
2025-04-30,ENDURANCE,True
2025-04-30,ESCORTS,True
2025-04-30,EXIDEIND,True
2025-04-30,FEDERALBNK,True
2025-04-30,GLENMARK,True
2025-04-30,GODREJCP,True
2025-04-30,GODREJIND,True
2025-04-30,GODREJPROP,True
2025-04-30,GRASIM,True
2025-04-30,HAL,True
2025-04-30,HAVELLS,True
2025-04-30,HCLTECH,True
2025-04-30,HDFC,True
2025-04-30,HDFCAMC,True
2025-04-30,HDFCBANK,True
2025-04-30,HDFCLIFE,True
2025-04-30,HEROMOTOCO,True
2025-04-30,HINDALCO,True
2025-04-30,HINDCOPPER,True
2025-04-30,HINDPETRO,True
2025-04-30,HINDZINC,True
2025-04-30,HUDCO,True
2025-04-30,HYUNDAI,True
2025-04-30,ICICIBANK,True
2025-04-30,ICICIGI,True
2025-04-30,IDFCFIRSTB,True
2025-04-30,IGL,True
2025-04-30,INDIANB,True
2025-04-30,INDIGO,True
2025-04-30,INDUSINDBK,True
2025-04-30,INDUSTOWER,True
2025-04-30,INFY,True
2025-04-30,IOC,True
2025-04-30,IRB,True
2025-04-30,IRCTC,True
2025-04-30,IREDA,True
2025-04-30,IRFC,True
2025-04-30,ITC,True
2025-04-30,JINDALSTEL,True
2025-04-30,JIOFIN,True
2025-04-30,JSWENERGY,True
2025-04-30,JSWSTEEL,True
2025-04-30,JUBLFOOD,True
2025-04-30,KALYANKJIL,True
2025-04-30,KOTAKBANK,True
2025-04-30,KPITTECH,True
2025-04-30,LICHSGFIN,True
2025-04-30,LICI,True
2025-04-30,LODHA,True
2025-04-30,LT,True
2025-04-30,LUPIN,True
2025-04-30,MARICO,True
2025-04-30,MARUTI,True
2025-04-30,MAZDOCK,True
2025-04-30,MFSL,True
2025-04-30,MGL,True
2025-04-30,MOTHERSON,True
2025-04-30,MPHASIS,True
2025-04-30,MRF,True
2025-04-30,NATCOPHARM,True
2025-04-30,NATIONALUM,True
2025-04-30,NAUKRI,True
2025-04-30,NHPC,True
2025-04-30,NMDC,True
2025-04-30,NTPC,True
2025-04-30,NTPCGREEN,True
2025-04-30,OBEROIRLTY,True
2025-04-30,OIL,True
2025-04-30,OLAELEC,True
2025-04-30,ONGC,True
2025-04-30,PATANJALI,True
2025-04-30,PETRONET,True
2025-04-30,PFC,True
2025-04-30,PFIZER,True
2025-04-30,PIDILITIND,True
2025-04-30,PIIND,True
2025-04-30,PNB,True
2025-04-30,POLYCAB,True
2025-04-30,POWERGRID,True
2025-04-30,PREMIERENE,True
2025-04-30,PRESTIGE,True
2025-04-30,RBLBANK,True
2025-04-30,RECLTD,True
2025-04-30,RELIANCE,True
2025-04-30,RVNL,True
2025-04-30,SAIL,True
2025-04-30,SANOFI,True
2025-04-30,SBICARD,True
2025-04-30,SBILIFE,True
2025-04-30,SBIN,True
2025-04-30,SHREECEM,True
2025-04-30,SIEMENS,True
2025-04-30,SJVN,True
2025-04-30,SOLARINDS,True
2025-04-30,SONACOMS,True
2025-04-30,SRF,True
2025-04-30,SUNPHARMA,True
2025-04-30,SUPREMEIND,True
2025-04-30,SUZLON,True
2025-04-30,SWIGGY,True
2025-04-30,TATACOMM,True
2025-04-30,TATACONSUM,True
2025-04-30,TATAELXSI,True
2025-04-30,TATATECH,True
2025-04-30,TCS,True
2025-04-30,TECHM,True
2025-04-30,TIINDIA,True
2025-04-30,TITAN,True
2025-04-30,TORNTPHARM,True
2025-04-30,TORNTPOWER,True
2025-04-30,TRENT,True
2025-04-30,TVSMOTOR,True
2025-04-30,ULTRACEMCO,True
2025-04-30,UNIONBANK,True
2025-04-30,UPL,True
2025-04-30,VBL,True
2025-04-30,VEDL,True
2025-04-30,VMM,True
2025-04-30,VOLTAS,True
2025-04-30,WAAREEENER,True
2025-04-30,WIPRO,True
2025-04-30,YESBANK,True
2025-05-31,AARTIIND,True
2025-05-31,ABCAPITAL,True
2025-05-31,ABFRL,True
2025-05-31,ADANIGREEN,True
2025-05-31,ADANIPOWER,True
2025-05-31,AMBUJACEM,True
2025-05-31,APLAPOLLO,True
2025-05-31,APOLLOHOSP,True
2025-05-31,APOLLOTYRE,True
2025-05-31,ASIANPAINT,True
2025-05-31,ASTRAL,True
2025-05-31,ATGL,True
2025-05-31,AUBANK,True
2025-05-31,AUROPHARMA,True
2025-05-31,AXISBANK,True
2025-05-31,BAJAJ-AUTO,True
2025-05-31,BAJAJFINSV,True
2025-05-31,BAJAJHFL,True
2025-05-31,BAJAJHLDNG,True
2025-05-31,BAJFINANCE,True
2025-05-31,BANDHANBNK,True
2025-05-31,BANKBARODA,True
2025-05-31,BANKINDIA,True
2025-05-31,BDL,True
2025-05-31,BEL,True
2025-05-31,BHARATFORG,True
2025-05-31,BHARTIHEXA,True
2025-05-31,BHEL,True
2025-05-31,BIOCON,True
2025-05-31,BOSCHLTD,True
2025-05-31,BPCL,True
2025-05-31,CANBK,True
2025-05-31,CASTROLIND,True
2025-05-31,CENTRALBK,True
2025-05-31,CGPOWER,True
2025-05-31,CHOLAFIN,True
2025-05-31,CIPLA,True
2025-05-31,COALINDIA,True
2025-05-31,COCHINSHIP,True
2025-05-31,COFORGE,True
2025-05-31,COLPAL,True
2025-05-31,CONCOR,True
2025-05-31,CUB,True
2025-05-31,CUMMINSIND,True
2025-05-31,DABUR,True
2025-05-31,DHANI,True
2025-05-31,DIVISLAB,True
2025-05-31,DIXON,True
2025-05-31,DLF,True
2025-05-31,DMART,True
2025-05-31,DRREDDY,True
2025-05-31,EICHERMOT,True
2025-05-31,ENDURANCE,True
2025-05-31,ESCORTS,True
2025-05-31,EXIDEIND,True
2025-05-31,FEDERALBNK,True
2025-05-31,GLENMARK,True
2025-05-31,GODREJCP,True
2025-05-31,GODREJIND,True
2025-05-31,GODREJPROP,True
2025-05-31,GRASIM,True
2025-05-31,HAL,True
2025-05-31,HAVELLS,True
2025-05-31,HCLTECH,True
2025-05-31,HDFC,True
2025-05-31,HDFCAMC,True
2025-05-31,HDFCBANK,True
2025-05-31,HDFCLIFE,True
2025-05-31,HEROMOTOCO,True
2025-05-31,HINDALCO,True
2025-05-31,HINDCOPPER,True
2025-05-31,HINDPETRO,True
2025-05-31,HINDZINC,True
2025-05-31,HUDCO,True
2025-05-31,HYUNDAI,True
2025-05-31,ICICIBANK,True
2025-05-31,ICICIGI,True
2025-05-31,IDFCFIRSTB,True
2025-05-31,IGL,True
2025-05-31,INDIANB,True
2025-05-31,INDIGO,True
2025-05-31,INDUSINDBK,True
2025-05-31,INDUSTOWER,True
2025-05-31,INFY,True
2025-05-31,IOC,True
2025-05-31,IRB,True
2025-05-31,IRCTC,True
2025-05-31,IREDA,True
2025-05-31,IRFC,True
2025-05-31,ITC,True
2025-05-31,JINDALSTEL,True
2025-05-31,JIOFIN,True
2025-05-31,JSWENERGY,True
2025-05-31,JSWSTEEL,True
2025-05-31,JUBLFOOD,True
2025-05-31,KALYANKJIL,True
2025-05-31,KOTAKBANK,True
2025-05-31,KPITTECH,True
2025-05-31,LICHSGFIN,True
2025-05-31,LICI,True
2025-05-31,LODHA,True
2025-05-31,LT,True
2025-05-31,LUPIN,True
2025-05-31,MARICO,True
2025-05-31,MARUTI,True
2025-05-31,MAZDOCK,True
2025-05-31,MFSL,True
2025-05-31,MGL,True
2025-05-31,MOTHERSON,True
2025-05-31,MPHASIS,True
2025-05-31,MRF,True
2025-05-31,NATCOPHARM,True
2025-05-31,NATIONALUM,True
2025-05-31,NAUKRI,True
2025-05-31,NHPC,True
2025-05-31,NMDC,True
2025-05-31,NTPC,True
2025-05-31,NTPCGREEN,True
2025-05-31,OBEROIRLTY,True
2025-05-31,OIL,True
2025-05-31,OLAELEC,True
2025-05-31,ONGC,True
2025-05-31,PATANJALI,True
2025-05-31,PETRONET,True
2025-05-31,PFC,True
2025-05-31,PFIZER,True
2025-05-31,PIDILITIND,True
2025-05-31,PIIND,True
2025-05-31,PNB,True
2025-05-31,POLYCAB,True
2025-05-31,POWERGRID,True
2025-05-31,PREMIERENE,True
2025-05-31,PRESTIGE,True
2025-05-31,RBLBANK,True
2025-05-31,RECLTD,True
2025-05-31,RELIANCE,True
2025-05-31,RVNL,True
2025-05-31,SAIL,True
2025-05-31,SANOFI,True
2025-05-31,SBICARD,True
2025-05-31,SBILIFE,True
2025-05-31,SBIN,True
2025-05-31,SHREECEM,True
2025-05-31,SIEMENS,True
2025-05-31,SJVN,True
2025-05-31,SOLARINDS,True
2025-05-31,SONACOMS,True
2025-05-31,SRF,True
2025-05-31,SUNPHARMA,True
2025-05-31,SUPREMEIND,True
2025-05-31,SUZLON,True
2025-05-31,SWIGGY,True
2025-05-31,TATACOMM,True
2025-05-31,TATACONSUM,True
2025-05-31,TATAELXSI,True
2025-05-31,TATATECH,True
2025-05-31,TCS,True
2025-05-31,TECHM,True
2025-05-31,TIINDIA,True
2025-05-31,TITAN,True
2025-05-31,TORNTPHARM,True
2025-05-31,TORNTPOWER,True
2025-05-31,TRENT,True
2025-05-31,TVSMOTOR,True
2025-05-31,ULTRACEMCO,True
2025-05-31,UNIONBANK,True
2025-05-31,UPL,True
2025-05-31,VBL,True
2025-05-31,VEDL,True
2025-05-31,VMM,True
2025-05-31,VOLTAS,True
2025-05-31,WAAREEENER,True
2025-05-31,WIPRO,True
2025-05-31,YESBANK,True
2025-06-30,AARTIIND,True
2025-06-30,ABCAPITAL,True
2025-06-30,ABFRL,True
2025-06-30,ADANIGREEN,True
2025-06-30,ADANIPOWER,True
2025-06-30,AMBUJACEM,True
2025-06-30,APLAPOLLO,True
2025-06-30,APOLLOHOSP,True
2025-06-30,APOLLOTYRE,True
2025-06-30,ASIANPAINT,True
2025-06-30,ASTRAL,True
2025-06-30,ATGL,True
2025-06-30,AUBANK,True
2025-06-30,AUROPHARMA,True
2025-06-30,AXISBANK,True
2025-06-30,BAJAJ-AUTO,True
2025-06-30,BAJAJFINSV,True
2025-06-30,BAJAJHFL,True
2025-06-30,BAJAJHLDNG,True
2025-06-30,BAJFINANCE,True
2025-06-30,BANDHANBNK,True
2025-06-30,BANKBARODA,True
2025-06-30,BANKINDIA,True
2025-06-30,BDL,True
2025-06-30,BEL,True
2025-06-30,BHARATFORG,True
2025-06-30,BHARTIHEXA,True
2025-06-30,BHEL,True
2025-06-30,BIOCON,True
2025-06-30,BOSCHLTD,True
2025-06-30,BPCL,True
2025-06-30,CANBK,True
2025-06-30,CASTROLIND,True
2025-06-30,CENTRALBK,True
2025-06-30,CGPOWER,True
2025-06-30,CHOLAFIN,True
2025-06-30,CIPLA,True
2025-06-30,COALINDIA,True
2025-06-30,COCHINSHIP,True
2025-06-30,COFORGE,True
2025-06-30,COLPAL,True
2025-06-30,CONCOR,True
2025-06-30,CUB,True
2025-06-30,CUMMINSIND,True
2025-06-30,DABUR,True
2025-06-30,DHANI,True
2025-06-30,DIVISLAB,True
2025-06-30,DIXON,True
2025-06-30,DLF,True
2025-06-30,DMART,True
2025-06-30,DRREDDY,True
2025-06-30,EICHERMOT,True
2025-06-30,ENDURANCE,True
2025-06-30,ESCORTS,True
2025-06-30,EXIDEIND,True
2025-06-30,FEDERALBNK,True
2025-06-30,GLENMARK,True
2025-06-30,GODREJCP,True
2025-06-30,GODREJIND,True
2025-06-30,GODREJPROP,True
2025-06-30,GRASIM,True
2025-06-30,HAL,True
2025-06-30,HAVELLS,True
2025-06-30,HCLTECH,True
2025-06-30,HDFC,True
2025-06-30,HDFCAMC,True
2025-06-30,HDFCBANK,True
2025-06-30,HDFCLIFE,True
2025-06-30,HEROMOTOCO,True
2025-06-30,HINDALCO,True
2025-06-30,HINDCOPPER,True
2025-06-30,HINDPETRO,True
2025-06-30,HINDZINC,True
2025-06-30,HUDCO,True
2025-06-30,HYUNDAI,True
2025-06-30,ICICIBANK,True
2025-06-30,ICICIGI,True
2025-06-30,IDFCFIRSTB,True
2025-06-30,IGL,True
2025-06-30,INDIANB,True
2025-06-30,INDIGO,True
2025-06-30,INDUSINDBK,True
2025-06-30,INDUSTOWER,True
2025-06-30,INFY,True
2025-06-30,IOC,True
2025-06-30,IRB,True
2025-06-30,IRCTC,True
2025-06-30,IREDA,True
2025-06-30,IRFC,True
2025-06-30,ITC,True
2025-06-30,JINDALSTEL,True
2025-06-30,JIOFIN,True
2025-06-30,JSWENERGY,True
2025-06-30,JSWSTEEL,True
2025-06-30,JUBLFOOD,True
2025-06-30,KALYANKJIL,True
2025-06-30,KOTAKBANK,True
2025-06-30,KPITTECH,True
2025-06-30,LICHSGFIN,True
2025-06-30,LICI,True
2025-06-30,LODHA,True
2025-06-30,LT,True
2025-06-30,LUPIN,True
2025-06-30,MARICO,True
2025-06-30,MARUTI,True
2025-06-30,MAZDOCK,True
2025-06-30,MFSL,True
2025-06-30,MGL,True
2025-06-30,MOTHERSON,True
2025-06-30,MPHASIS,True
2025-06-30,MRF,True
2025-06-30,NATCOPHARM,True
2025-06-30,NATIONALUM,True
2025-06-30,NAUKRI,True
2025-06-30,NHPC,True
2025-06-30,NMDC,True
2025-06-30,NTPC,True
2025-06-30,NTPCGREEN,True
2025-06-30,OBEROIRLTY,True
2025-06-30,OIL,True
2025-06-30,OLAELEC,True
2025-06-30,ONGC,True
2025-06-30,PATANJALI,True
2025-06-30,PETRONET,True
2025-06-30,PFC,True
2025-06-30,PFIZER,True
2025-06-30,PIDILITIND,True
2025-06-30,PIIND,True
2025-06-30,PNB,True
2025-06-30,POLYCAB,True
2025-06-30,POWERGRID,True
2025-06-30,PREMIERENE,True
2025-06-30,PRESTIGE,True
2025-06-30,RBLBANK,True
2025-06-30,RECLTD,True
2025-06-30,RELIANCE,True
2025-06-30,RVNL,True
2025-06-30,SAIL,True
2025-06-30,SANOFI,True
2025-06-30,SBICARD,True
2025-06-30,SBILIFE,True
2025-06-30,SBIN,True
2025-06-30,SHREECEM,True
2025-06-30,SIEMENS,True
2025-06-30,SJVN,True
2025-06-30,SOLARINDS,True
2025-06-30,SONACOMS,True
2025-06-30,SRF,True
2025-06-30,SUNPHARMA,True
2025-06-30,SUPREMEIND,True
2025-06-30,SUZLON,True
2025-06-30,SWIGGY,True
2025-06-30,TATACOMM,True
2025-06-30,TATACONSUM,True
2025-06-30,TATAELXSI,True
2025-06-30,TATATECH,True
2025-06-30,TCS,True
2025-06-30,TECHM,True
2025-06-30,TIINDIA,True
2025-06-30,TITAN,True
2025-06-30,TORNTPHARM,True
2025-06-30,TORNTPOWER,True
2025-06-30,TRENT,True
2025-06-30,TVSMOTOR,True
2025-06-30,ULTRACEMCO,True
2025-06-30,UNIONBANK,True
2025-06-30,UPL,True
2025-06-30,VBL,True
2025-06-30,VEDL,True
2025-06-30,VMM,True
2025-06-30,VOLTAS,True
2025-06-30,WAAREEENER,True
2025-06-30,WIPRO,True
2025-06-30,YESBANK,True
2025-07-31,AARTIIND,True
2025-07-31,ABCAPITAL,True
2025-07-31,ABFRL,True
2025-07-31,ADANIGREEN,True
2025-07-31,ADANIPOWER,True
2025-07-31,AMBUJACEM,True
2025-07-31,APLAPOLLO,True
2025-07-31,APOLLOHOSP,True
2025-07-31,APOLLOTYRE,True
2025-07-31,ASIANPAINT,True
2025-07-31,ASTRAL,True
2025-07-31,ATGL,True
2025-07-31,AUBANK,True
2025-07-31,AUROPHARMA,True
2025-07-31,AXISBANK,True
2025-07-31,BAJAJ-AUTO,True
2025-07-31,BAJAJFINSV,True
2025-07-31,BAJAJHFL,True
2025-07-31,BAJAJHLDNG,True
2025-07-31,BAJFINANCE,True
2025-07-31,BANDHANBNK,True
2025-07-31,BANKBARODA,True
2025-07-31,BANKINDIA,True
2025-07-31,BDL,True
2025-07-31,BEL,True
2025-07-31,BHARATFORG,True
2025-07-31,BHARTIHEXA,True
2025-07-31,BHEL,True
2025-07-31,BIOCON,True
2025-07-31,BOSCHLTD,True
2025-07-31,BPCL,True
2025-07-31,CANBK,True
2025-07-31,CASTROLIND,True
2025-07-31,CENTRALBK,True
2025-07-31,CGPOWER,True
2025-07-31,CHOLAFIN,True
2025-07-31,CIPLA,True
2025-07-31,COALINDIA,True
2025-07-31,COCHINSHIP,True
2025-07-31,COFORGE,True
2025-07-31,COLPAL,True
2025-07-31,CONCOR,True
2025-07-31,CUB,True
2025-07-31,CUMMINSIND,True
2025-07-31,DABUR,True
2025-07-31,DHANI,True
2025-07-31,DIVISLAB,True
2025-07-31,DIXON,True
2025-07-31,DLF,True
2025-07-31,DMART,True
2025-07-31,DRREDDY,True
2025-07-31,EICHERMOT,True
2025-07-31,ENDURANCE,True
2025-07-31,ESCORTS,True
2025-07-31,EXIDEIND,True
2025-07-31,FEDERALBNK,True
2025-07-31,GLENMARK,True
2025-07-31,GODREJCP,True
2025-07-31,GODREJIND,True
2025-07-31,GODREJPROP,True
2025-07-31,GRASIM,True
2025-07-31,HAL,True
2025-07-31,HAVELLS,True
2025-07-31,HCLTECH,True
2025-07-31,HDFC,True
2025-07-31,HDFCAMC,True
2025-07-31,HDFCBANK,True
2025-07-31,HDFCLIFE,True
2025-07-31,HEROMOTOCO,True
2025-07-31,HINDALCO,True
2025-07-31,HINDCOPPER,True
2025-07-31,HINDPETRO,True
2025-07-31,HINDZINC,True
2025-07-31,HUDCO,True
2025-07-31,HYUNDAI,True
2025-07-31,ICICIBANK,True
2025-07-31,ICICIGI,True
2025-07-31,IDFCFIRSTB,True
2025-07-31,IGL,True
2025-07-31,INDIANB,True
2025-07-31,INDIGO,True
2025-07-31,INDUSINDBK,True
2025-07-31,INDUSTOWER,True
2025-07-31,INFY,True
2025-07-31,IOC,True
2025-07-31,IRB,True
2025-07-31,IRCTC,True
2025-07-31,IREDA,True
2025-07-31,IRFC,True
2025-07-31,ITC,True
2025-07-31,JINDALSTEL,True
2025-07-31,JIOFIN,True
2025-07-31,JSWENERGY,True
2025-07-31,JSWSTEEL,True
2025-07-31,JUBLFOOD,True
2025-07-31,KALYANKJIL,True
2025-07-31,KOTAKBANK,True
2025-07-31,KPITTECH,True
2025-07-31,LICHSGFIN,True
2025-07-31,LICI,True
2025-07-31,LODHA,True
2025-07-31,LT,True
2025-07-31,LUPIN,True
2025-07-31,MARICO,True
2025-07-31,MARUTI,True
2025-07-31,MAZDOCK,True
2025-07-31,MFSL,True
2025-07-31,MGL,True
2025-07-31,MOTHERSON,True
2025-07-31,MPHASIS,True
2025-07-31,MRF,True
2025-07-31,NATCOPHARM,True
2025-07-31,NATIONALUM,True
2025-07-31,NAUKRI,True
2025-07-31,NHPC,True
2025-07-31,NMDC,True
2025-07-31,NTPC,True
2025-07-31,NTPCGREEN,True
2025-07-31,OBEROIRLTY,True
2025-07-31,OIL,True
2025-07-31,OLAELEC,True
2025-07-31,ONGC,True
2025-07-31,PATANJALI,True
2025-07-31,PETRONET,True
2025-07-31,PFC,True
2025-07-31,PFIZER,True
2025-07-31,PIDILITIND,True
2025-07-31,PIIND,True
2025-07-31,PNB,True
2025-07-31,POLYCAB,True
2025-07-31,POWERGRID,True
2025-07-31,PREMIERENE,True
2025-07-31,PRESTIGE,True
2025-07-31,RBLBANK,True
2025-07-31,RECLTD,True
2025-07-31,RELIANCE,True
2025-07-31,RVNL,True
2025-07-31,SAIL,True
2025-07-31,SANOFI,True
2025-07-31,SBICARD,True
2025-07-31,SBILIFE,True
2025-07-31,SBIN,True
2025-07-31,SHREECEM,True
2025-07-31,SIEMENS,True
2025-07-31,SJVN,True
2025-07-31,SOLARINDS,True
2025-07-31,SONACOMS,True
2025-07-31,SRF,True
2025-07-31,SUNPHARMA,True
2025-07-31,SUPREMEIND,True
2025-07-31,SUZLON,True
2025-07-31,SWIGGY,True
2025-07-31,TATACOMM,True
2025-07-31,TATACONSUM,True
2025-07-31,TATAELXSI,True
2025-07-31,TATATECH,True
2025-07-31,TCS,True
2025-07-31,TECHM,True
2025-07-31,TIINDIA,True
2025-07-31,TITAN,True
2025-07-31,TORNTPHARM,True
2025-07-31,TORNTPOWER,True
2025-07-31,TRENT,True
2025-07-31,TVSMOTOR,True
2025-07-31,ULTRACEMCO,True
2025-07-31,UNIONBANK,True
2025-07-31,UPL,True
2025-07-31,VBL,True
2025-07-31,VEDL,True
2025-07-31,VMM,True
2025-07-31,VOLTAS,True
2025-07-31,WAAREEENER,True
2025-07-31,WIPRO,True
2025-07-31,YESBANK,True
2025-08-31,AARTIIND,True
2025-08-31,ABCAPITAL,True
2025-08-31,ABFRL,True
2025-08-31,ADANIGREEN,True
2025-08-31,ADANIPOWER,True
2025-08-31,AMBUJACEM,True
2025-08-31,APLAPOLLO,True
2025-08-31,APOLLOHOSP,True
2025-08-31,APOLLOTYRE,True
2025-08-31,ASIANPAINT,True
2025-08-31,ASTRAL,True
2025-08-31,ATGL,True
2025-08-31,AUBANK,True
2025-08-31,AUROPHARMA,True
2025-08-31,AXISBANK,True
2025-08-31,BAJAJ-AUTO,True
2025-08-31,BAJAJFINSV,True
2025-08-31,BAJAJHFL,True
2025-08-31,BAJAJHLDNG,True
2025-08-31,BAJFINANCE,True
2025-08-31,BANDHANBNK,True
2025-08-31,BANKBARODA,True
2025-08-31,BANKINDIA,True
2025-08-31,BDL,True
2025-08-31,BEL,True
2025-08-31,BHARATFORG,True
2025-08-31,BHARTIHEXA,True
2025-08-31,BHEL,True
2025-08-31,BIOCON,True
2025-08-31,BOSCHLTD,True
2025-08-31,BPCL,True
2025-08-31,CANBK,True
2025-08-31,CASTROLIND,True
2025-08-31,CENTRALBK,True
2025-08-31,CGPOWER,True
2025-08-31,CHOLAFIN,True
2025-08-31,CIPLA,True
2025-08-31,COALINDIA,True
2025-08-31,COCHINSHIP,True
2025-08-31,COFORGE,True
2025-08-31,COLPAL,True
2025-08-31,CONCOR,True
2025-08-31,CUB,True
2025-08-31,CUMMINSIND,True
2025-08-31,DABUR,True
2025-08-31,DHANI,True
2025-08-31,DIVISLAB,True
2025-08-31,DIXON,True
2025-08-31,DLF,True
2025-08-31,DMART,True
2025-08-31,DRREDDY,True
2025-08-31,EICHERMOT,True
2025-08-31,ENDURANCE,True
2025-08-31,ESCORTS,True
2025-08-31,EXIDEIND,True
2025-08-31,FEDERALBNK,True
2025-08-31,GLENMARK,True
2025-08-31,GODREJCP,True
2025-08-31,GODREJIND,True
2025-08-31,GODREJPROP,True
2025-08-31,GRASIM,True
2025-08-31,HAL,True
2025-08-31,HAVELLS,True
2025-08-31,HCLTECH,True
2025-08-31,HDFC,True
2025-08-31,HDFCAMC,True
2025-08-31,HDFCBANK,True
2025-08-31,HDFCLIFE,True
2025-08-31,HEROMOTOCO,True
2025-08-31,HINDALCO,True
2025-08-31,HINDCOPPER,True
2025-08-31,HINDPETRO,True
2025-08-31,HINDZINC,True
2025-08-31,HUDCO,True
2025-08-31,HYUNDAI,True
2025-08-31,ICICIBANK,True
2025-08-31,ICICIGI,True
2025-08-31,IDFCFIRSTB,True
2025-08-31,IGL,True
2025-08-31,INDIANB,True
2025-08-31,INDIGO,True
2025-08-31,INDUSINDBK,True
2025-08-31,INDUSTOWER,True
2025-08-31,INFY,True
2025-08-31,IOC,True
2025-08-31,IRB,True
2025-08-31,IRCTC,True
2025-08-31,IREDA,True
2025-08-31,IRFC,True
2025-08-31,ITC,True
2025-08-31,JINDALSTEL,True
2025-08-31,JIOFIN,True
2025-08-31,JSWENERGY,True
2025-08-31,JSWSTEEL,True
2025-08-31,JUBLFOOD,True
2025-08-31,KALYANKJIL,True
2025-08-31,KOTAKBANK,True
2025-08-31,KPITTECH,True
2025-08-31,LICHSGFIN,True
2025-08-31,LICI,True
2025-08-31,LODHA,True
2025-08-31,LT,True
2025-08-31,LUPIN,True
2025-08-31,MARICO,True
2025-08-31,MARUTI,True
2025-08-31,MAZDOCK,True
2025-08-31,MFSL,True
2025-08-31,MGL,True
2025-08-31,MOTHERSON,True
2025-08-31,MPHASIS,True
2025-08-31,MRF,True
2025-08-31,NATCOPHARM,True
2025-08-31,NATIONALUM,True
2025-08-31,NAUKRI,True
2025-08-31,NHPC,True
2025-08-31,NMDC,True
2025-08-31,NTPC,True
2025-08-31,NTPCGREEN,True
2025-08-31,OBEROIRLTY,True
2025-08-31,OIL,True
2025-08-31,OLAELEC,True
2025-08-31,ONGC,True
2025-08-31,PATANJALI,True
2025-08-31,PETRONET,True
2025-08-31,PFC,True
2025-08-31,PFIZER,True
2025-08-31,PIDILITIND,True
2025-08-31,PIIND,True
2025-08-31,PNB,True
2025-08-31,POLYCAB,True
2025-08-31,POWERGRID,True
2025-08-31,PREMIERENE,True
2025-08-31,PRESTIGE,True
2025-08-31,RBLBANK,True
2025-08-31,RECLTD,True
2025-08-31,RELIANCE,True
2025-08-31,RVNL,True
2025-08-31,SAIL,True
2025-08-31,SANOFI,True
2025-08-31,SBICARD,True
2025-08-31,SBILIFE,True
2025-08-31,SBIN,True
2025-08-31,SHREECEM,True
2025-08-31,SIEMENS,True
2025-08-31,SJVN,True
2025-08-31,SOLARINDS,True
2025-08-31,SONACOMS,True
2025-08-31,SRF,True
2025-08-31,SUNPHARMA,True
2025-08-31,SUPREMEIND,True
2025-08-31,SUZLON,True
2025-08-31,SWIGGY,True
2025-08-31,TATACOMM,True
2025-08-31,TATACONSUM,True
2025-08-31,TATAELXSI,True
2025-08-31,TATATECH,True
2025-08-31,TCS,True
2025-08-31,TECHM,True
2025-08-31,TIINDIA,True
2025-08-31,TITAN,True
2025-08-31,TORNTPHARM,True
2025-08-31,TORNTPOWER,True
2025-08-31,TRENT,True
2025-08-31,TVSMOTOR,True
2025-08-31,ULTRACEMCO,True
2025-08-31,UNIONBANK,True
2025-08-31,UPL,True
2025-08-31,VBL,True
2025-08-31,VEDL,True
2025-08-31,VMM,True
2025-08-31,VOLTAS,True
2025-08-31,WAAREEENER,True
2025-08-31,WIPRO,True
2025-08-31,YESBANK,True
2025-09-30,360ONE,True
2025-09-30,AARTIIND,True
2025-09-30,ABCAPITAL,True
2025-09-30,ADANIGREEN,True
2025-09-30,ADANIPOWER,True
2025-09-30,AMBUJACEM,True
2025-09-30,APLAPOLLO,True
2025-09-30,APOLLOHOSP,True
2025-09-30,ASIANPAINT,True
2025-09-30,ASTRAL,True
2025-09-30,ATGL,True
2025-09-30,AUBANK,True
2025-09-30,AUROPHARMA,True
2025-09-30,AXISBANK,True
2025-09-30,BAJAJ-AUTO,True
2025-09-30,BAJAJFINSV,True
2025-09-30,BAJAJHFL,True
2025-09-30,BAJAJHLDNG,True
2025-09-30,BAJFINANCE,True
2025-09-30,BANKBARODA,True
2025-09-30,BANKINDIA,True
2025-09-30,BDL,True
2025-09-30,BEL,True
2025-09-30,BHARATFORG,True
2025-09-30,BHARTIHEXA,True
2025-09-30,BHEL,True
2025-09-30,BIOCON,True
2025-09-30,BLUESTARCO,True
2025-09-30,BOSCHLTD,True
2025-09-30,BPCL,True
2025-09-30,CANBK,True
2025-09-30,CASTROLIND,True
2025-09-30,CENTRALBK,True
2025-09-30,CGPOWER,True
2025-09-30,CHOLAFIN,True
2025-09-30,CIPLA,True
2025-09-30,COALINDIA,True
2025-09-30,COCHINSHIP,True
2025-09-30,COFORGE,True
2025-09-30,COLPAL,True
2025-09-30,CONCOR,True
2025-09-30,COROMANDEL,True
2025-09-30,CUB,True
2025-09-30,CUMMINSIND,True
2025-09-30,DABUR,True
2025-09-30,DHANI,True
2025-09-30,DIVISLAB,True
2025-09-30,DIXON,True
2025-09-30,DLF,True
2025-09-30,DMART,True
2025-09-30,DRREDDY,True
2025-09-30,EICHERMOT,True
2025-09-30,ENDURANCE,True
2025-09-30,ENRIN,True
2025-09-30,EXIDEIND,True
2025-09-30,FEDERALBNK,True
2025-09-30,FORTIS,True
2025-09-30,GLENMARK,True
2025-09-30,GODFRYPHLP,True
2025-09-30,GODREJCP,True
2025-09-30,GODREJIND,True
2025-09-30,GODREJPROP,True
2025-09-30,GRASIM,True
2025-09-30,HAL,True
2025-09-30,HAVELLS,True
2025-09-30,HCLTECH,True
2025-09-30,HDFC,True
2025-09-30,HDFCAMC,True
2025-09-30,HDFCBANK,True
2025-09-30,HDFCLIFE,True
2025-09-30,HEROMOTOCO,True
2025-09-30,HINDALCO,True
2025-09-30,HINDCOPPER,True
2025-09-30,HINDPETRO,True
2025-09-30,HINDZINC,True
2025-09-30,HUDCO,True
2025-09-30,HYUNDAI,True
2025-09-30,ICICIBANK,True
2025-09-30,ICICIGI,True
2025-09-30,IDFCFIRSTB,True
2025-09-30,IGL,True
2025-09-30,INDIANB,True
2025-09-30,INDIGO,True
2025-09-30,INDUSINDBK,True
2025-09-30,INDUSTOWER,True
2025-09-30,INFY,True
2025-09-30,IOC,True
2025-09-30,IRB,True
2025-09-30,IRCTC,True
2025-09-30,IREDA,True
2025-09-30,IRFC,True
2025-09-30,ITC,True
2025-09-30,ITCHOTELS,True
2025-09-30,JINDALSTEL,True
2025-09-30,JIOFIN,True
2025-09-30,JSWENERGY,True
2025-09-30,JSWSTEEL,True
2025-09-30,JUBLFOOD,True
2025-09-30,KALYANKJIL,True
2025-09-30,KEI,True
2025-09-30,KOTAKBANK,True
2025-09-30,KPITTECH,True
2025-09-30,LICHSGFIN,True
2025-09-30,LICI,True
2025-09-30,LODHA,True
2025-09-30,LT,True
2025-09-30,LUPIN,True
2025-09-30,MARICO,True
2025-09-30,MARUTI,True
2025-09-30,MAZDOCK,True
2025-09-30,MFSL,True
2025-09-30,MGL,True
2025-09-30,MOTHERSON,True
2025-09-30,MPHASIS,True
2025-09-30,MRF,True
2025-09-30,NATCOPHARM,True
2025-09-30,NATIONALUM,True
2025-09-30,NAUKRI,True
2025-09-30,NHPC,True
2025-09-30,NMDC,True
2025-09-30,NTPC,True
2025-09-30,NTPCGREEN,True
2025-09-30,OBEROIRLTY,True
2025-09-30,OIL,True
2025-09-30,ONGC,True
2025-09-30,PATANJALI,True
2025-09-30,PFC,True
2025-09-30,PFIZER,True
2025-09-30,PIDILITIND,True
2025-09-30,PIIND,True
2025-09-30,PNB,True
2025-09-30,POLYCAB,True
2025-09-30,POWERGRID,True
2025-09-30,POWERINDIA,True
2025-09-30,PREMIERENE,True
2025-09-30,PRESTIGE,True
2025-09-30,RBLBANK,True
2025-09-30,RECLTD,True
2025-09-30,RELIANCE,True
2025-09-30,RVNL,True
2025-09-30,SAIL,True
2025-09-30,SANOFI,True
2025-09-30,SBICARD,True
2025-09-30,SBILIFE,True
2025-09-30,SBIN,True
2025-09-30,SHREECEM,True
2025-09-30,SIEMENS,True
2025-09-30,SOLARINDS,True
2025-09-30,SONACOMS,True
2025-09-30,SRF,True
2025-09-30,SUNPHARMA,True
2025-09-30,SUPREMEIND,True
2025-09-30,SUZLON,True
2025-09-30,SWIGGY,True
2025-09-30,TATACOMM,True
2025-09-30,TATACONSUM,True
2025-09-30,TATAELXSI,True
2025-09-30,TATATECH,True
2025-09-30,TCS,True
2025-09-30,TECHM,True
2025-09-30,TIINDIA,True
2025-09-30,TITAN,True
2025-09-30,TORNTPHARM,True
2025-09-30,TORNTPOWER,True
2025-09-30,TRENT,True
2025-09-30,TVSMOTOR,True
2025-09-30,ULTRACEMCO,True
2025-09-30,UNIONBANK,True
2025-09-30,UPL,True
2025-09-30,VBL,True
2025-09-30,VEDL,True
2025-09-30,VMM,True
2025-09-30,VOLTAS,True
2025-09-30,WAAREEENER,True
2025-09-30,WIPRO,True
2025-09-30,YESBANK,True
2025-10-31,360ONE,True
2025-10-31,AARTIIND,True
2025-10-31,ABCAPITAL,True
2025-10-31,ADANIGREEN,True
2025-10-31,ADANIPOWER,True
2025-10-31,AMBUJACEM,True
2025-10-31,APLAPOLLO,True
2025-10-31,APOLLOHOSP,True
2025-10-31,ASIANPAINT,True
2025-10-31,ASTRAL,True
2025-10-31,ATGL,True
2025-10-31,AUBANK,True
2025-10-31,AUROPHARMA,True
2025-10-31,AXISBANK,True
2025-10-31,BAJAJ-AUTO,True
2025-10-31,BAJAJFINSV,True
2025-10-31,BAJAJHFL,True
2025-10-31,BAJAJHLDNG,True
2025-10-31,BAJFINANCE,True
2025-10-31,BANKBARODA,True
2025-10-31,BANKINDIA,True
2025-10-31,BDL,True
2025-10-31,BEL,True
2025-10-31,BHARATFORG,True
2025-10-31,BHARTIHEXA,True
2025-10-31,BHEL,True
2025-10-31,BIOCON,True
2025-10-31,BLUESTARCO,True
2025-10-31,BOSCHLTD,True
2025-10-31,BPCL,True
2025-10-31,CANBK,True
2025-10-31,CASTROLIND,True
2025-10-31,CENTRALBK,True
2025-10-31,CGPOWER,True
2025-10-31,CHOLAFIN,True
2025-10-31,CIPLA,True
2025-10-31,COALINDIA,True
2025-10-31,COCHINSHIP,True
2025-10-31,COFORGE,True
2025-10-31,COLPAL,True
2025-10-31,CONCOR,True
2025-10-31,COROMANDEL,True
2025-10-31,CUB,True
2025-10-31,CUMMINSIND,True
2025-10-31,DABUR,True
2025-10-31,DHANI,True
2025-10-31,DIVISLAB,True
2025-10-31,DIXON,True
2025-10-31,DLF,True
2025-10-31,DMART,True
2025-10-31,DRREDDY,True
2025-10-31,EICHERMOT,True
2025-10-31,ENDURANCE,True
2025-10-31,ENRIN,True
2025-10-31,EXIDEIND,True
2025-10-31,FEDERALBNK,True
2025-10-31,FORTIS,True
2025-10-31,GLENMARK,True
2025-10-31,GODFRYPHLP,True
2025-10-31,GODREJCP,True
2025-10-31,GODREJIND,True
2025-10-31,GODREJPROP,True
2025-10-31,GRASIM,True
2025-10-31,HAL,True
2025-10-31,HAVELLS,True
2025-10-31,HCLTECH,True
2025-10-31,HDFC,True
2025-10-31,HDFCAMC,True
2025-10-31,HDFCBANK,True
2025-10-31,HDFCLIFE,True
2025-10-31,HEROMOTOCO,True
2025-10-31,HINDALCO,True
2025-10-31,HINDCOPPER,True
2025-10-31,HINDPETRO,True
2025-10-31,HINDZINC,True
2025-10-31,HUDCO,True
2025-10-31,HYUNDAI,True
2025-10-31,ICICIBANK,True
2025-10-31,ICICIGI,True
2025-10-31,IDFCFIRSTB,True
2025-10-31,IGL,True
2025-10-31,INDIANB,True
2025-10-31,INDIGO,True
2025-10-31,INDUSINDBK,True
2025-10-31,INDUSTOWER,True
2025-10-31,INFY,True
2025-10-31,IOC,True
2025-10-31,IRB,True
2025-10-31,IRCTC,True
2025-10-31,IREDA,True
2025-10-31,IRFC,True
2025-10-31,ITC,True
2025-10-31,ITCHOTELS,True
2025-10-31,JINDALSTEL,True
2025-10-31,JIOFIN,True
2025-10-31,JSWENERGY,True
2025-10-31,JSWSTEEL,True
2025-10-31,JUBLFOOD,True
2025-10-31,KALYANKJIL,True
2025-10-31,KEI,True
2025-10-31,KOTAKBANK,True
2025-10-31,KPITTECH,True
2025-10-31,LICHSGFIN,True
2025-10-31,LICI,True
2025-10-31,LODHA,True
2025-10-31,LT,True
2025-10-31,LUPIN,True
2025-10-31,MARICO,True
2025-10-31,MARUTI,True
2025-10-31,MAZDOCK,True
2025-10-31,MFSL,True
2025-10-31,MGL,True
2025-10-31,MOTHERSON,True
2025-10-31,MPHASIS,True
2025-10-31,MRF,True
2025-10-31,NATCOPHARM,True
2025-10-31,NATIONALUM,True
2025-10-31,NAUKRI,True
2025-10-31,NHPC,True
2025-10-31,NMDC,True
2025-10-31,NTPC,True
2025-10-31,NTPCGREEN,True
2025-10-31,OBEROIRLTY,True
2025-10-31,OIL,True
2025-10-31,ONGC,True
2025-10-31,PATANJALI,True
2025-10-31,PFC,True
2025-10-31,PFIZER,True
2025-10-31,PIDILITIND,True
2025-10-31,PIIND,True
2025-10-31,PNB,True
2025-10-31,POLYCAB,True
2025-10-31,POWERGRID,True
2025-10-31,POWERINDIA,True
2025-10-31,PREMIERENE,True
2025-10-31,PRESTIGE,True
2025-10-31,RBLBANK,True
2025-10-31,RECLTD,True
2025-10-31,RELIANCE,True
2025-10-31,RVNL,True
2025-10-31,SAIL,True
2025-10-31,SANOFI,True
2025-10-31,SBICARD,True
2025-10-31,SBILIFE,True
2025-10-31,SBIN,True
2025-10-31,SHREECEM,True
2025-10-31,SIEMENS,True
2025-10-31,SOLARINDS,True
2025-10-31,SONACOMS,True
2025-10-31,SRF,True
2025-10-31,SUNPHARMA,True
2025-10-31,SUPREMEIND,True
2025-10-31,SUZLON,True
2025-10-31,SWIGGY,True
2025-10-31,TATACOMM,True
2025-10-31,TATACONSUM,True
2025-10-31,TATAELXSI,True
2025-10-31,TATATECH,True
2025-10-31,TCS,True
2025-10-31,TECHM,True
2025-10-31,TIINDIA,True
2025-10-31,TITAN,True
2025-10-31,TORNTPHARM,True
2025-10-31,TORNTPOWER,True
2025-10-31,TRENT,True
2025-10-31,TVSMOTOR,True
2025-10-31,ULTRACEMCO,True
2025-10-31,UNIONBANK,True
2025-10-31,UPL,True
2025-10-31,VBL,True
2025-10-31,VEDL,True
2025-10-31,VMM,True
2025-10-31,VOLTAS,True
2025-10-31,WAAREEENER,True
2025-10-31,WIPRO,True
2025-10-31,YESBANK,True
2025-11-30,360ONE,True
2025-11-30,AARTIIND,True
2025-11-30,ABCAPITAL,True
2025-11-30,ADANIGREEN,True
2025-11-30,ADANIPOWER,True
2025-11-30,AMBUJACEM,True
2025-11-30,APLAPOLLO,True
2025-11-30,APOLLOHOSP,True
2025-11-30,ASIANPAINT,True
2025-11-30,ASTRAL,True
2025-11-30,ATGL,True
2025-11-30,AUBANK,True
2025-11-30,AUROPHARMA,True
2025-11-30,AXISBANK,True
2025-11-30,BAJAJ-AUTO,True
2025-11-30,BAJAJFINSV,True
2025-11-30,BAJAJHFL,True
2025-11-30,BAJAJHLDNG,True
2025-11-30,BAJFINANCE,True
2025-11-30,BANKBARODA,True
2025-11-30,BANKINDIA,True
2025-11-30,BDL,True
2025-11-30,BEL,True
2025-11-30,BHARATFORG,True
2025-11-30,BHARTIHEXA,True
2025-11-30,BHEL,True
2025-11-30,BIOCON,True
2025-11-30,BLUESTARCO,True
2025-11-30,BOSCHLTD,True
2025-11-30,BPCL,True
2025-11-30,CANBK,True
2025-11-30,CASTROLIND,True
2025-11-30,CENTRALBK,True
2025-11-30,CGPOWER,True
2025-11-30,CHOLAFIN,True
2025-11-30,CIPLA,True
2025-11-30,COALINDIA,True
2025-11-30,COCHINSHIP,True
2025-11-30,COFORGE,True
2025-11-30,COLPAL,True
2025-11-30,CONCOR,True
2025-11-30,COROMANDEL,True
2025-11-30,CUB,True
2025-11-30,CUMMINSIND,True
2025-11-30,DABUR,True
2025-11-30,DHANI,True
2025-11-30,DIVISLAB,True
2025-11-30,DIXON,True
2025-11-30,DLF,True
2025-11-30,DMART,True
2025-11-30,DRREDDY,True
2025-11-30,EICHERMOT,True
2025-11-30,ENDURANCE,True
2025-11-30,ENRIN,True
2025-11-30,EXIDEIND,True
2025-11-30,FEDERALBNK,True
2025-11-30,FORTIS,True
2025-11-30,GLENMARK,True
2025-11-30,GODFRYPHLP,True
2025-11-30,GODREJCP,True
2025-11-30,GODREJIND,True
2025-11-30,GODREJPROP,True
2025-11-30,GRASIM,True
2025-11-30,HAL,True
2025-11-30,HAVELLS,True
2025-11-30,HCLTECH,True
2025-11-30,HDFC,True
2025-11-30,HDFCAMC,True
2025-11-30,HDFCBANK,True
2025-11-30,HDFCLIFE,True
2025-11-30,HEROMOTOCO,True
2025-11-30,HINDALCO,True
2025-11-30,HINDCOPPER,True
2025-11-30,HINDPETRO,True
2025-11-30,HINDZINC,True
2025-11-30,HUDCO,True
2025-11-30,HYUNDAI,True
2025-11-30,ICICIBANK,True
2025-11-30,ICICIGI,True
2025-11-30,IDFCFIRSTB,True
2025-11-30,IGL,True
2025-11-30,INDIANB,True
2025-11-30,INDIGO,True
2025-11-30,INDUSINDBK,True
2025-11-30,INDUSTOWER,True
2025-11-30,INFY,True
2025-11-30,IOC,True
2025-11-30,IRB,True
2025-11-30,IRCTC,True
2025-11-30,IREDA,True
2025-11-30,IRFC,True
2025-11-30,ITC,True
2025-11-30,ITCHOTELS,True
2025-11-30,JINDALSTEL,True
2025-11-30,JIOFIN,True
2025-11-30,JSWENERGY,True
2025-11-30,JSWSTEEL,True
2025-11-30,JUBLFOOD,True
2025-11-30,KALYANKJIL,True
2025-11-30,KEI,True
2025-11-30,KOTAKBANK,True
2025-11-30,KPITTECH,True
2025-11-30,LICHSGFIN,True
2025-11-30,LICI,True
2025-11-30,LODHA,True
2025-11-30,LT,True
2025-11-30,LUPIN,True
2025-11-30,MARICO,True
2025-11-30,MARUTI,True
2025-11-30,MAZDOCK,True
2025-11-30,MFSL,True
2025-11-30,MGL,True
2025-11-30,MOTHERSON,True
2025-11-30,MPHASIS,True
2025-11-30,MRF,True
2025-11-30,NATCOPHARM,True
2025-11-30,NATIONALUM,True
2025-11-30,NAUKRI,True
2025-11-30,NHPC,True
2025-11-30,NMDC,True
2025-11-30,NTPC,True
2025-11-30,NTPCGREEN,True
2025-11-30,OBEROIRLTY,True
2025-11-30,OIL,True
2025-11-30,ONGC,True
2025-11-30,PATANJALI,True
2025-11-30,PFC,True
2025-11-30,PFIZER,True
2025-11-30,PIDILITIND,True
2025-11-30,PIIND,True
2025-11-30,PNB,True
2025-11-30,POLYCAB,True
2025-11-30,POWERGRID,True
2025-11-30,POWERINDIA,True
2025-11-30,PREMIERENE,True
2025-11-30,PRESTIGE,True
2025-11-30,RBLBANK,True
2025-11-30,RECLTD,True
2025-11-30,RELIANCE,True
2025-11-30,RVNL,True
2025-11-30,SAIL,True
2025-11-30,SANOFI,True
2025-11-30,SBICARD,True
2025-11-30,SBILIFE,True
2025-11-30,SBIN,True
2025-11-30,SHREECEM,True
2025-11-30,SIEMENS,True
2025-11-30,SOLARINDS,True
2025-11-30,SONACOMS,True
2025-11-30,SRF,True
2025-11-30,SUNPHARMA,True
2025-11-30,SUPREMEIND,True
2025-11-30,SUZLON,True
2025-11-30,SWIGGY,True
2025-11-30,TATACOMM,True
2025-11-30,TATACONSUM,True
2025-11-30,TATAELXSI,True
2025-11-30,TATATECH,True
2025-11-30,TCS,True
2025-11-30,TECHM,True
2025-11-30,TIINDIA,True
2025-11-30,TITAN,True
2025-11-30,TORNTPHARM,True
2025-11-30,TORNTPOWER,True
2025-11-30,TRENT,True
2025-11-30,TVSMOTOR,True
2025-11-30,ULTRACEMCO,True
2025-11-30,UNIONBANK,True
2025-11-30,UPL,True
2025-11-30,VBL,True
2025-11-30,VEDL,True
2025-11-30,VMM,True
2025-11-30,VOLTAS,True
2025-11-30,WAAREEENER,True
2025-11-30,WIPRO,True
2025-11-30,YESBANK,True
2025-12-31,360ONE,True
2025-12-31,AARTIIND,True
2025-12-31,ABCAPITAL,True
2025-12-31,ADANIGREEN,True
2025-12-31,ADANIPOWER,True
2025-12-31,AMBUJACEM,True
2025-12-31,APLAPOLLO,True
2025-12-31,APOLLOHOSP,True
2025-12-31,ASIANPAINT,True
2025-12-31,ASTRAL,True
2025-12-31,ATGL,True
2025-12-31,AUBANK,True
2025-12-31,AUROPHARMA,True
2025-12-31,AXISBANK,True
2025-12-31,BAJAJ-AUTO,True
2025-12-31,BAJAJFINSV,True
2025-12-31,BAJAJHFL,True
2025-12-31,BAJAJHLDNG,True
2025-12-31,BAJFINANCE,True
2025-12-31,BANKBARODA,True
2025-12-31,BANKINDIA,True
2025-12-31,BDL,True
2025-12-31,BEL,True
2025-12-31,BHARATFORG,True
2025-12-31,BHARTIHEXA,True
2025-12-31,BHEL,True
2025-12-31,BIOCON,True
2025-12-31,BLUESTARCO,True
2025-12-31,BOSCHLTD,True
2025-12-31,BPCL,True
2025-12-31,CANBK,True
2025-12-31,CASTROLIND,True
2025-12-31,CENTRALBK,True
2025-12-31,CGPOWER,True
2025-12-31,CHOLAFIN,True
2025-12-31,CIPLA,True
2025-12-31,COALINDIA,True
2025-12-31,COCHINSHIP,True
2025-12-31,COFORGE,True
2025-12-31,COLPAL,True
2025-12-31,CONCOR,True
2025-12-31,COROMANDEL,True
2025-12-31,CUB,True
2025-12-31,CUMMINSIND,True
2025-12-31,DABUR,True
2025-12-31,DHANI,True
2025-12-31,DIVISLAB,True
2025-12-31,DIXON,True
2025-12-31,DLF,True
2025-12-31,DMART,True
2025-12-31,DRREDDY,True
2025-12-31,EICHERMOT,True
2025-12-31,ENDURANCE,True
2025-12-31,ENRIN,True
2025-12-31,EXIDEIND,True
2025-12-31,FEDERALBNK,True
2025-12-31,FORTIS,True
2025-12-31,GLENMARK,True
2025-12-31,GODFRYPHLP,True
2025-12-31,GODREJCP,True
2025-12-31,GODREJIND,True
2025-12-31,GODREJPROP,True
2025-12-31,GRASIM,True
2025-12-31,HAL,True
2025-12-31,HAVELLS,True
2025-12-31,HCLTECH,True
2025-12-31,HDFC,True
2025-12-31,HDFCAMC,True
2025-12-31,HDFCBANK,True
2025-12-31,HDFCLIFE,True
2025-12-31,HEROMOTOCO,True
2025-12-31,HINDALCO,True
2025-12-31,HINDCOPPER,True
2025-12-31,HINDPETRO,True
2025-12-31,HINDZINC,True
2025-12-31,HUDCO,True
2025-12-31,HYUNDAI,True
2025-12-31,ICICIBANK,True
2025-12-31,ICICIGI,True
2025-12-31,IDFCFIRSTB,True
2025-12-31,IGL,True
2025-12-31,INDIANB,True
2025-12-31,INDIGO,True
2025-12-31,INDUSINDBK,True
2025-12-31,INDUSTOWER,True
2025-12-31,INFY,True
2025-12-31,IOC,True
2025-12-31,IRB,True
2025-12-31,IRCTC,True
2025-12-31,IREDA,True
2025-12-31,IRFC,True
2025-12-31,ITC,True
2025-12-31,ITCHOTELS,True
2025-12-31,JINDALSTEL,True
2025-12-31,JIOFIN,True
2025-12-31,JSWENERGY,True
2025-12-31,JSWSTEEL,True
2025-12-31,JUBLFOOD,True
2025-12-31,KALYANKJIL,True
2025-12-31,KEI,True
2025-12-31,KOTAKBANK,True
2025-12-31,KPITTECH,True
2025-12-31,LICHSGFIN,True
2025-12-31,LICI,True
2025-12-31,LODHA,True
2025-12-31,LT,True
2025-12-31,LUPIN,True
2025-12-31,MARICO,True
2025-12-31,MARUTI,True
2025-12-31,MAZDOCK,True
2025-12-31,MFSL,True
2025-12-31,MGL,True
2025-12-31,MOTHERSON,True
2025-12-31,MPHASIS,True
2025-12-31,MRF,True
2025-12-31,NATCOPHARM,True
2025-12-31,NATIONALUM,True
2025-12-31,NAUKRI,True
2025-12-31,NHPC,True
2025-12-31,NMDC,True
2025-12-31,NTPC,True
2025-12-31,NTPCGREEN,True
2025-12-31,OBEROIRLTY,True
2025-12-31,OIL,True
2025-12-31,ONGC,True
2025-12-31,PATANJALI,True
2025-12-31,PFC,True
2025-12-31,PFIZER,True
2025-12-31,PIDILITIND,True
2025-12-31,PIIND,True
2025-12-31,PNB,True
2025-12-31,POLYCAB,True
2025-12-31,POWERGRID,True
2025-12-31,POWERINDIA,True
2025-12-31,PREMIERENE,True
2025-12-31,PRESTIGE,True
2025-12-31,RBLBANK,True
2025-12-31,RECLTD,True
2025-12-31,RELIANCE,True
2025-12-31,RVNL,True
2025-12-31,SAIL,True
2025-12-31,SANOFI,True
2025-12-31,SBICARD,True
2025-12-31,SBILIFE,True
2025-12-31,SBIN,True
2025-12-31,SHREECEM,True
2025-12-31,SIEMENS,True
2025-12-31,SOLARINDS,True
2025-12-31,SONACOMS,True
2025-12-31,SRF,True
2025-12-31,SUNPHARMA,True
2025-12-31,SUPREMEIND,True
2025-12-31,SUZLON,True
2025-12-31,SWIGGY,True
2025-12-31,TATACOMM,True
2025-12-31,TATACONSUM,True
2025-12-31,TATAELXSI,True
2025-12-31,TATATECH,True
2025-12-31,TCS,True
2025-12-31,TECHM,True
2025-12-31,TIINDIA,True
2025-12-31,TITAN,True
2025-12-31,TORNTPHARM,True
2025-12-31,TORNTPOWER,True
2025-12-31,TRENT,True
2025-12-31,TVSMOTOR,True
2025-12-31,ULTRACEMCO,True
2025-12-31,UNIONBANK,True
2025-12-31,UPL,True
2025-12-31,VBL,True
2025-12-31,VEDL,True
2025-12-31,VMM,True
2025-12-31,VOLTAS,True
2025-12-31,WAAREEENER,True
2025-12-31,WIPRO,True
2025-12-31,YESBANK,True
