Ticker,Quarter_End,Promoter_Group,Dominant_Promoter_Entity,Dominant_Promoter_Shares
360ONE,2019-09-18,Independent,Nirmal Bhanwarlal Jain,6628856.0
360ONE,2019-09-30,Independent,Nirmal Bhanwarlal Jain,6628856.0
360ONE,2019-12-31,Independent,Nirmal Bhanwarlal Jain,6628856.0
360ONE,2020-03-31,Independent,Nirmal Bhanwarlal Jain,6228856.0
360ONE,2020-09-30,Independent,Nirmal Bhanwarlal Jain,6228856.0
360ONE,2020-12-31,Independent,Nirmal Bhanwarlal Jain,6228856.0
360ONE,2021-03-31,Independent,Nirmal Bhanwarlal Jain,6228856.0
360ONE,2021-06-30,Independent,Nirmal Bhanwarlal Jain,6228856.0
360ONE,2021-09-30,Independent,Nirmal Bhanwarlal Jain,6228856.0
360ONE,2021-12-31,Independent,Nirmal Bhanwarlal Jain,6228856.0
360ONE,2022-03-31,Independent,Nirmal Bhanwarlal Jain,6228856.0
360ONE,2022-06-30,Independent,Nirmal Bhanwarlal Jain,6228856.0
360ONE,2022-09-30,Independent,Nirmal Bhanwarlal Jain,6228856.0
360ONE,2022-12-31,Independent,Nirmal Bhanwarlal Jain,6228856.0
360ONE,2023-03-03,Independent,Nirmal Bhanwarlal Jain,24915424.0
360ONE,2023-03-31,Independent,Nirmal Bhanwarlal Jain,24915424.0
360ONE,2023-06-30,Independent,Nirmal Bhanwarlal Jain,24915424.0
360ONE,2023-09-30,Independent,Nirmal Bhanwarlal Jain,24915424.0
360ONE,2023-12-31,Independent,Nirmal Bhanwarlal Jain,19915424.0
360ONE,2024-03-31,Independent,Nirmal Bhanwarlal Jain,19915424.0
360ONE,2024-06-30,Independent,Nirmal Bhanwarlal Jain,17915424.0
360ONE,2024-09-30,Independent,Nirmal Bhanwarlal Jain,17915424.0
360ONE,2024-10-29,Independent,Nirmal Bhanwarlal Jain,17915424.0
360ONE,2024-12-31,Independent,Nirmal Bhanwarlal Jain,17915424.0
360ONE,2025-03-31,Independent,Nirmal Bhanwarlal Jain,16415424.0
360ONE,2025-05-27,Independent,Yatin Shah,13425960.0
360ONE,2025-06-30,Independent,Yatin Shah,10742104.0
360ONE,2025-09-30,Independent,Yatin Shah,10742104.0
360ONE,2025-12-31,Independent,Yatin Shah,10699820.0
AARTIIND,2014-03-31,Independent,,0.0
AARTIIND,2014-06-30,Independent,,0.0
AARTIIND,2014-09-30,Independent,,0.0
AARTIIND,2014-12-31,Independent,,0.0
AARTIIND,2015-03-31,Independent,,0.0
AARTIIND,2015-06-30,Independent,,0.0
AARTIIND,2015-09-11,Independent,,0.0
AARTIIND,2015-09-30,Independent,,0.0
AARTIIND,2015-12-31,Independent,RAJENDRA VALLABHAJI GOGRI,3108801.0
AARTIIND,2016-03-31,Independent,RASHESH CHANDRAKANT GOGRI,6214118.0
AARTIIND,2016-06-30,Independent,Rashesh Chandrakant Gogri,6214118.0
AARTIIND,2016-09-30,Independent,Rashesh Chandrakant Gogri,5937566.0
AARTIIND,2016-12-31,Independent,Rashesh Chandrakant Gogri,5848307.0
AARTIIND,2017-03-31,Independent,Chandrakant Vallabhaji Gogri,7404834.0
AARTIIND,2017-06-30,Independent,Chandrakant Vallabhaji Gogri,7758051.0
AARTIIND,2017-09-30,Independent,Chandrakant Vallabhaji Gogri,7758051.0
AARTIIND,2017-12-31,Independent,Chandrakant Vallabhaji Gogri,7747899.0
AARTIIND,2018-03-31,Independent,Rashesh Chandrakant Gogri,5334404.0
AARTIIND,2018-06-30,Independent,Rashesh Chandrakant Gogri,5334404.0
AARTIIND,2018-09-30,Independent,Rashesh Chandrakant Gogri,5334404.0
AARTIIND,2018-12-31,Independent,Rashesh Chandrakant Gogri,5334404.0
AARTIIND,2019-03-23,Independent,Rashesh Chandrakant Gogri,5334404.0
AARTIIND,2019-03-31,Independent,Jaya Chandrakant Gogri,3994494.0
AARTIIND,2019-06-30,Independent,Jaya Chandrakant Gogri,3994494.0
AARTIIND,2019-07-08,Independent,Jaya Chandrakant Gogri,3994494.0
AARTIIND,2019-09-30,Independent,Rashesh Chandrakant Gogri,3834404.0
AARTIIND,2019-10-01,Independent,Rashesh Chandrakant Gogri,7668808.0
AARTIIND,2019-12-31,Independent,Rashesh Chandrakant Gogri,7668808.0
AARTIIND,2020-03-31,Independent,Rashesh Chandrakant Gogri,7668808.0
AARTIIND,2020-06-30,Independent,Rashesh Chandrakant Gogri,7668808.0
AARTIIND,2020-09-30,Independent,Rashesh Chandrakant Gogri,7668808.0
AARTIIND,2020-12-31,Independent,Rashesh Chandrakant Gogri,7668808.0
AARTIIND,2021-03-31,Independent,Rashesh Chandrakant Gogri,7668808.0
AARTIIND,2021-06-24,Independent,Rashesh Chandrakant Gogri,15337616.0
AARTIIND,2021-06-30,Independent,Rashesh Chandrakant Gogri,15337616.0
AARTIIND,2021-09-30,Independent,Rashesh Chandrakant Gogri,15337616.0
AARTIIND,2021-12-31,Independent,Rashesh Chandrakant Gogri,15337616.0
AARTIIND,2022-03-31,Independent,Rashesh Chandrakant Gogri,15337616.0
AARTIIND,2022-06-30,Independent,Rashesh Chandrakant Gogri,15337616.0
AARTIIND,2022-09-30,Independent,Rashesh Chandrakant Gogri,15337616.0
AARTIIND,2022-12-31,Independent,Rashesh Chandrakant Gogri,15337616.0
AARTIIND,2023-03-31,Independent,Rashesh Chandrakant Gogri,15337616.0
AARTIIND,2023-06-30,Independent,Rashesh Chandrakant Gogri,14987616.0
AARTIIND,2023-09-30,Independent,Rashesh Chandrakant Gogri,14837616.0
AARTIIND,2023-12-31,Independent,Rashesh Chandrakant Gogri,14837616.0
AARTIIND,2024-03-31,Independent,Rashesh Chandrakant Gogri,14837616.0
AARTIIND,2024-06-30,Independent,Rashesh Chandrakant Gogri,14837616.0
AARTIIND,2024-09-30,Independent,Rashesh Chandrakant Gogri,14837616.0
AARTIIND,2024-12-31,Independent,Rashesh Chandrakant Gogri,14837616.0
AARTIIND,2025-03-31,Independent,Rashesh Chandrakant Gogri,14837616.0
AARTIIND,2025-06-30,Independent,Rashesh Chandrakant Gogri,14837616.0
AARTIIND,2025-09-30,Independent,Rashesh Chandrakant Gogri,14837616.0
AARTIIND,2025-12-31,Independent,Rashesh Chandrakant Gogri,14837616.0
ABB,2014-03-31,Independent,,0.0
ABB,2014-06-30,Independent,,0.0
ABB,2014-09-30,Independent,,0.0
ABB,2014-12-31,Independent,,0.0
ABB,2015-03-31,Independent,,0.0
ABB,2015-06-30,Independent,,0.0
ABB,2015-09-30,Independent,,0.0
ABB,2015-12-31,Independent,ABB Asea Brown Boveri Ltd.,146390951.0
ABB,2016-03-31,Independent,ABB Asea Brown Boveri Limited,146390951.0
ABB,2016-06-30,Independent,ABB Asea Brown Boveri Limited,146390951.0
ABB,2016-09-30,Independent,ABB Asea Brown Boveri Limited,146390951.0
ABB,2016-12-31,Independent,Body Corporate,158931281.0
ABB,2017-03-31,Independent,Body Corporate,158931281.0
ABB,2017-06-30,Independent,Body Corporate,158931281.0
ABB,2017-09-30,Independent,Body Corporate,158931281.0
ABB,2017-12-31,Independent,Body Corporate,158931281.0
ABB,2018-03-31,Independent,ABBASEA BROWN BOVERI LTD,146390951.0
ABB,2018-06-30,Independent,ABB ASEA BROWN BOVERI LTD,146390951.0
ABB,2018-09-30,Independent,ABBASEA BROWN BOVERI LTD,146390951.0
ABB,2018-12-31,Independent,ABBASEA BROWN BOVERI LTD,158931281.0
ABB,2019-03-31,Independent,ABB Asea Brown Boveri Limited,158931281.0
ABB,2019-06-30,Independent,ABB Asea Brown Boveri Limited,158931281.0
ABB,2019-09-30,Independent,ABB Asea Brown Boveri Limited,158931281.0
ABB,2019-12-31,Independent,ABB Asea Brown Boveri Limited,158931281.0
ABB,2020-03-31,Independent,ABB Asea Brown Boveri Limited,158931281.0
ABB,2020-06-30,Independent,ABB Asea Brown Boveri Limited,158931281.0
ABB,2020-09-30,Independent,ABB Asea Brown Boveri Limited,158931281.0
ABB,2020-12-31,Independent,ABB Asea Brown Boveri Limited,158931281.0
ABB,2021-03-31,Independent,ABB Asea Brown Boveri Limited,158931281.0
ABB,2021-06-30,Independent,ABB Asea Brown Boveri Limited,158931281.0
ABB,2021-09-30,Independent,ABB Asea Brown Boveri Limited,158931281.0
ABB,2021-12-31,Independent,ABB Asea Brown Boveri Limited,158931281.0
ABB,2022-03-31,Independent,ABB Asea Brown Boveri Limited,158931281.0
ABB,2022-06-30,Independent,ABB Asea Brown Boveri Limited,158931281.0
ABB,2022-09-30,Independent,ABB Asea Brown Boveri Limited,158931281.0
ABB,2022-12-31,Independent,ABB Asea Brown Boveri Limited,158931281.0
ABB,2023-03-31,Independent,ABB Asea Brown Boveri Limited,158931281.0
ABB,2023-06-30,Independent,ABB Asea Brown Boveri Limited,158931281.0
ABB,2023-09-30,Independent,ABB Asea Brown Boveri Limited,158931281.0
ABB,2023-12-31,Independent,ABB Asea Brown Boveri Limited,158931281.0
ABB,2024-03-31,Independent,ABB Asea Brown Boveri Limited,158931281.0
ABB,2024-06-30,Independent,ABB Asea Brown Boveri Limited,158931281.0
ABB,2024-09-30,Independent,ABB Asea Brown Boveri Limited,158931281.0
ABB,2024-12-31,Independent,ABB Asea Brown Boveri Limited,158931281.0
ABB,2025-03-31,Independent,ABB Asea Brown Boveri Limited,158931281.0
ABB,2025-06-30,Independent,ABB Asea Brown Boveri Limited,158931281.0
ABB,2025-09-30,Independent,ABB Asea Brown Boveri Limited,158931281.0
ABB,2025-12-31,Independent,ABB Asea Brown Boveri Limited,158931281.0
ABBOTINDIA,2014-03-31,Independent,,0.0
ABBOTINDIA,2014-06-30,Independent,,0.0
ABBOTINDIA,2014-09-30,Independent,,0.0
ABBOTINDIA,2014-12-31,Independent,,0.0
ABBOTINDIA,2015-03-31,Independent,,0.0
ABBOTINDIA,2015-06-30,Independent,,0.0
ABBOTINDIA,2015-09-30,Independent,,0.0
ABBOTINDIA,2016-03-31,Independent,BODY CORPORATE,15934048.0
ABBOTINDIA,2016-06-30,Independent,BODY CORPORATE,15934048.0
ABBOTINDIA,2016-09-30,Independent,BODY CORPORATE,15934048.0
ABBOTINDIA,2016-12-31,Independent,Other,15934048.0
ABBOTINDIA,2017-03-31,Independent,Other,15934048.0
ABBOTINDIA,2017-06-30,Independent,Body Corporate,15934048.0
ABBOTINDIA,2017-09-30,Independent,Other,15934048.0
ABBOTINDIA,2017-12-31,Independent,Body Corporate,15934048.0
ABBOTINDIA,2018-03-31,Independent,Other,15934048.0
ABBOTINDIA,2018-06-30,Independent,Other,15934048.0
ABBOTINDIA,2018-09-30,Independent,ABBOTT CAPITAL INDIA LIMITED,10719097.0
ABBOTINDIA,2018-12-31,Independent,ABBOTT CAPITAL INDIA LIMITED,10719097.0
ABCAPITAL,2017-08-31,Birla,GRASIM INDUSTRIES LIMITED,1232240000.0
ABCAPITAL,2017-09-30,Birla,GRASIM INDUSTRIES LIMITED,1232240000.0
ABCAPITAL,2017-12-31,Birla,GRASIM INDUSTRIES LIMITED,1232240000.0
ABCAPITAL,2018-03-31,Birla,GRASIM INDUSTRIES LIMITED,1232240000.0
ABCAPITAL,2018-06-30,Birla,GRASIM INDUSTRIES LIMITED,1232240000.0
ABCAPITAL,2018-09-30,Birla,GRASIM INDUSTRIES LIMITED,1232240000.0
ABCAPITAL,2018-12-31,Birla,GRASIM INDUSTRIES LIMITED,1232240000.0
ABCAPITAL,2019-03-31,Birla,GRASIM INDUSTRIES LIMITED,1232240000.0
ABCAPITAL,2019-06-30,Birla,GRASIM INDUSTRIES LIMITED,1232240000.0
ABCAPITAL,2019-09-30,Birla,GRASIM INDUSTRIES LIMITED,1232240000.0
ABCAPITAL,2019-10-16,Birla,GRASIM INDUSTRIES LIMITED,1309240000.0
ABCAPITAL,2019-12-31,Birla,GRASIM INDUSTRIES LIMITED,1309240000.0
ABCAPITAL,2020-02-27,Birla,Grasim Industries Limited,1309240000.0
ABCAPITAL,2020-03-31,Birla,Grasim Industries Limited,1309240000.0
ABCAPITAL,2020-06-30,Birla,Grasim Industries Limited,1309240000.0
ABCAPITAL,2020-09-30,Birla,Grasim Industries Limited,1309240000.0
ABCAPITAL,2020-12-31,Birla,Grasim Industries Limited,1309240000.0
ABCAPITAL,2021-03-31,Birla,Grasim Industries Limited,1309240000.0
ABCAPITAL,2021-06-30,Birla,Grasim Industries Limited,1309240000.0
ABCAPITAL,2021-09-30,Birla,Grasim Industries Limited,1309240000.0
ABCAPITAL,2021-12-31,Birla,Grasim Industries Limited,1309240000.0
ABCAPITAL,2022-03-31,Birla,GRASIM INDUSTRIES LIMITED,1309240000.0
ABCAPITAL,2022-06-30,Birla,GRASIM INDUSTRIES LIMITED,1309240000.0
ABCAPITAL,2022-09-30,Birla,GRASIM INDUSTRIES LIMITED,1309240000.0
ABCAPITAL,2022-12-31,Birla,GRASIM INDUSTRIES LIMITED,1309240000.0
ABCAPITAL,2023-03-31,Birla,GRASIM INDUSTRIES LIMITED,1309240000.0
ABCAPITAL,2023-06-26,Birla,GRASIM INDUSTRIES LIMITED,1369809351.0
ABCAPITAL,2023-06-30,Birla,GRASIM INDUSTRIES LIMITED,1369809351.0
ABCAPITAL,2023-09-30,Birla,GRASIM INDUSTRIES LIMITED,1369809351.0
ABCAPITAL,2023-12-31,Birla,GRASIM INDUSTRIES LIMITED,1369809351.0
ABCAPITAL,2024-03-31,Birla,GRASIM INDUSTRIES LIMITED,1369809351.0
ABCAPITAL,2024-06-30,Birla,GRASIM INDUSTRIES LIMITED,1369809351.0
ABCAPITAL,2024-09-30,Birla,GRASIM INDUSTRIES LIMITED,1369809351.0
ABCAPITAL,2024-12-31,Birla,GRASIM INDUSTRIES LIMITED,1369809351.0
ABCAPITAL,2025-03-31,Birla,GRASIM INDUSTRIES LIMITED,1369809351.0
ABCAPITAL,2025-06-30,Birla,GRASIM INDUSTRIES LIMITED,1369809351.0
ABCAPITAL,2025-09-30,Birla,GRASIM INDUSTRIES LIMITED,1369809351.0
ABCAPITAL,2025-12-31,Birla,GRASIM INDUSTRIES LIMITED,1369809351.0
ABFRL,2014-03-31,Independent,,0.0
ABFRL,2014-06-30,Independent,,0.0
ABFRL,2014-09-30,Independent,,0.0
ABFRL,2014-12-31,Independent,,0.0
ABFRL,2015-03-31,Independent,,0.0
ABFRL,2015-06-30,Independent,,0.0
ABFRL,2015-09-30,Independent,,0.0
ABFRL,2016-01-27,Birla,Hindalco Industries Limited,44982142.0
ABFRL,2016-03-31,Birla,Aditya Birla Nuvo Limited,69982370.0
ABFRL,2016-06-30,Birla,Aditya Birla Nuvo Limited,69982370.0
ABFRL,2016-09-30,Birla,Aditya Birla Nuvo Limited,69982370.0
ABFRL,2016-12-31,Birla,Aditya Birla Nuvo Limited,69982370.0
ABFRL,2017-03-31,Birla,Aditya Birla Nuvo Limited,69982370.0
ABFRL,2017-06-30,Birla,Aditya Birla Nuvo Limited,69982370.0
ABFRL,2017-09-30,Birla,Grasim Industries Ltd,87380613.0
ABFRL,2017-12-31,Birla,Grasim Industries Ltd.,87380613.0
ABFRL,2018-03-31,Birla,Grasim Industries Ltd.,87380613.0
ABFRL,2018-06-30,Birla,Grasim Industries Limited,87380613.0
ABFRL,2018-09-30,Birla,Grasim Industries Ltd.,87380613.0
ABFRL,2018-12-31,Birla,Grasim Industries Limited,87380613.0
ABFRL,2019-03-31,Birla,Grasim Industries Limited,87380613.0
ABFRL,2019-06-30,Birla,Grasim Industries Limited,87380613.0
ABFRL,2019-09-30,Birla,Birla Group Holdings Private Limited,171506727.0
ABFRL,2019-12-31,Birla,Birla Group Holdings Private Limited,171506727.0
ABFRL,2020-03-31,Birla,Birla Group Holdings Private Limited,171506727.0
ABFRL,2020-06-30,Birla,Birla Group Holdings Private Limited,171506727.0
ABFRL,2020-07-28,Birla,Birla Group Holdings Private Limited,171529847.0
ABFRL,2020-09-30,Birla,Birla Group Holdings Private Limited,171529847.0
ABFRL,2020-12-31,Birla,Birla Group Holdings Private Limited,171529847.0
ABFRL,2021-01-28,Birla,Birla Group Holdings Private Limited,171529847.0
ABFRL,2021-02-15,Birla,Birla Group Holdings Private Limited,171541407.0
ABFRL,2021-03-31,Birla,Birla Group Holdings Private Limited,171541407.0
ABFRL,2021-06-30,Birla,Birla Group Holdings Private Limited,171541407.0
ABFRL,2021-08-23,Birla,Birla Group Holdings Private Limited,171552967.0
ABFRL,2021-09-30,Birla,Birla Group Holdings Private Limited,171552967.0
ABFRL,2021-12-31,Birla,Birla Group Holdings Private Limited,171552967.0
ABFRL,2022-03-31,Birla,Birla Group Holdings Private Limited,171552967.0
ABFRL,2022-06-30,Birla,Birla Group Holdings Private Limited,171552967.0
ABFRL,2022-09-30,Birla,Birla Group Holdings Private Limited,171552967.0
ABFRL,2022-12-31,Birla,Birla Group Holdings Private Limited,171552967.0
ABFRL,2023-03-31,Birla,Birla Group Holdings Private Limited,171552967.0
ABFRL,2023-06-30,Birla,Birla Group Holdings Private Limited,171552967.0
ABFRL,2023-09-30,Birla,Birla Group Holdings Private Limited,171552967.0
ABFRL,2023-12-31,Birla,Birla Group Holdings Private Limited,171552967.0
ABFRL,2024-03-11,Birla,Birla Group Holdings Private Limited,171552967.0
ABFRL,2024-03-31,Birla,Birla Group Holdings Private Limited,171552967.0
ABFRL,2024-06-30,Birla,Birla Group Holdings Private Limited,236619965.0
ABFRL,2024-09-05,Birla,Birla Group Holdings Private Limited,236619965.0
ABFRL,2024-09-30,Birla,Birla Group Holdings Private Limited,236619965.0
ABFRL,2024-12-31,Birla,Birla Group Holdings Private Limited,236619965.0
ABFRL,2025-01-21,Birla,Birla Group Holdings Private Limited,236619965.0
ABFRL,2025-02-24,Birla,Birla Group Holdings Private Limited,236619965.0
ABFRL,2025-03-31,Birla,Birla Group Holdings Private Limited,236619965.0
ABFRL,2025-06-30,Birla,Birla Group Holdings Private Limited,236619965.0
ABFRL,2025-09-30,Birla,Birla Group Holdings Private Limited,236619965.0
ABFRL,2025-12-31,Birla,Birla Group Holdings Private Limited,212354965.0
ABIRLANUVO,2014-03-31,Independent,,0.0
ABIRLANUVO,2014-06-30,Independent,,0.0
ABIRLANUVO,2014-09-30,Independent,,0.0
ABIRLANUVO,2014-12-31,Independent,,0.0
ABIRLANUVO,2015-03-31,Independent,,0.0
ABIRLANUVO,2015-06-30,Independent,,0.0
ABIRLANUVO,2015-09-30,Independent,,0.0
ABIRLANUVO,2015-12-31,Birla,HINDALCO INDUSTRIES LIMITED,8650412.0
ABIRLANUVO,2016-03-31,Birla,HINDALCO INDUSTRIES LIMITED,8650412.0
ABIRLANUVO,2016-06-30,Birla,HINDALCO INDUSTRIES LIMITED,8650412.0
ABIRLANUVO,2016-09-30,Birla,HINDALCO INDUSTRIES LIMITED,8650412.0
ABIRLANUVO,2016-12-31,Birla,HINDALCO INDUSTRIES LIMITED,8650412.0
ABIRLANUVO,2017-03-31,Birla,HINDALCO INDUSTRIES LIMITED,8650412.0
ACC,2014-03-31,Independent,,0.0
ACC,2014-06-30,Independent,,0.0
ACC,2014-09-30,Independent,,0.0
ACC,2014-12-31,Independent,,0.0
ACC,2015-03-31,Independent,,0.0
ACC,2015-06-30,Independent,,0.0
ACC,2015-09-30,Independent,,0.0
ACC,2016-03-31,Independent,Holcim (India) Private Limited,93888120.0
ACC,2016-06-30,Independent,Holcim (India) Private Limited,93984120.0
ACC,2016-09-30,Independent,Ambuja Cements Limited,93984120.0
ACC,2016-12-31,Independent,Ambuja Cements Limited,93984120.0
ACC,2017-03-31,Independent,Ambuja Cements Limited,93984120.0
ACC,2017-06-30,Independent,Ambuja Cements Limited,93984120.0
ACC,2017-09-30,Independent,Ambuja Cements Limited,93984120.0
ACC,2017-12-31,Independent,Ambuja Cements Limited,93984120.0
ACC,2018-03-31,Independent,Ambuja Cements Limited,93984120.0
ACC,2018-06-30,Independent,Ambuja Cements Limited,93984120.0
ACC,2018-09-30,Independent,Ambuja Cements Limited,93984120.0
ACC,2018-12-31,Independent,Ambuja Cements Limited,93984120.0
ACC,2019-03-31,Independent,Ambuja Cements Limited,93984120.0
ACC,2019-06-30,Independent,Ambuja Cements Limited,93984120.0
ACC,2019-09-30,Independent,Ambuja Cements Limited,93984210.0
ACC,2019-12-31,Independent,Ambuja Cements Limited,93984210.0
ACC,2020-03-31,Independent,Ambuja Cements Limited,93984120.0
ACC,2020-06-30,Independent,Ambuja Cements Limited,93984120.0
ACC,2020-09-30,Independent,Ambuja Cements Limited,93984120.0
ACC,2020-12-31,Independent,Ambuja Cements Limited,93984120.0
ACC,2021-03-31,Independent,AMBUJA CEMENTS LIMITED,93984120.0
ACC,2021-06-30,Independent,AMBUJA CEMENTS LIMITED,93984120.0
ACC,2021-09-30,Independent,AMBUJA CEMENTS LIMITED,93984120.0
ACC,2021-12-31,Independent,AMBUJA CEMENTS LIMITED,93984120.0
ACC,2022-03-31,Independent,AMBUJA CEMENTS LIMITED,93984120.0
ACC,2022-06-30,Independent,AMBUJA CEMENTS LIMITED,93984120.0
ACC,2022-09-30,Adani,ENDEAVOUR TRADE AND INVESTMENT LIMITED,4051465.0
ACC,2022-12-31,Adani,ENDEAVOUR TRADE AND INVESTMENT LIMITED,4061807.0
ACC,2023-03-31,Adani,ENDEAVOUR TRADE AND INVESTMENT LIMITED,4061807.0
ACC,2023-06-30,Adani,ENDEAVOUR TRADE AND INVESTMENT LIMITED,4061807.0
ACC,2023-09-30,Adani,ENDEAVOUR TRADE AND INVESTMENT LIMITED,4061807.0
ACC,2023-12-31,Adani,ENDEAVOUR TRADE AND INVESTMENT LIMITED,4061807.0
ACC,2024-03-31,Adani,ENDEAVOUR TRADE AND INVESTMENT LIMITED,4061807.0
ACC,2024-06-30,Adani,ENDEAVOUR TRADE AND INVESTMENT LIMITED,4061807.0
ACC,2024-09-30,Adani,ENDEAVOUR TRADE AND INVESTMENT LIMITED,4061807.0
ACC,2024-12-31,Adani,ENDEAVOUR TRADE AND INVESTMENT LIMITED,4061807.0
ACC,2025-03-31,Adani,ENDEAVOUR TRADE AND INVESTMENT LIMITED,4061807.0
ACC,2025-06-30,Adani,ENDEAVOUR TRADE AND INVESTMENT LIMITED,4061807.0
ACC,2025-09-30,Adani,ENDEAVOUR TRADE AND INVESTMENT LIMITED,4061807.0
ACC,2025-12-31,Adani,ENDEAVOUR TRADE AND INVESTMENT LIMITED,4061807.0
ADANIENT,2014-03-31,Independent,,0.0
ADANIENT,2014-06-30,Independent,,0.0
ADANIENT,2014-09-30,Independent,,0.0
ADANIENT,2014-12-31,Independent,,0.0
ADANIENT,2015-03-31,Independent,,0.0
ADANIENT,2015-06-30,Independent,,0.0
ADANIENT,2015-09-30,Independent,,0.0
ADANIENT,2015-12-31,Adani,Shri Gautam S. Adani/Shri Rajesh S. Adani (on behalf S. B. Adani Family Trust),621197910.0
ADANIENT,2016-03-31,Adani,Shri Gautam S. Adani/Shri Rajesh S. Adani (on behalf S. B. Adani Family Trust),621197910.0
ADANIENT,2016-06-30,Adani,Shri Gautam S. Adani/Shri Rajesh S. Adani (on behalf S. B. Adani Family Trust),621197910.0
ADANIENT,2016-09-30,Adani,Shri Gautam S. Adani/Shri Rajesh S. Adani (on behalf S. B. Adani Family Trust),621197910.0
ADANIENT,2016-12-31,Adani,Shri Gautam S. Adani/Shri Rajesh S. Adani (on behalf S. B. Adani Family Trust),621197910.0
ADANIENT,2017-03-31,Adani,Shri Gautam S. Adani/Shri Rajesh S. Adani (on behalf S. B. Adani Family Trust),621197910.0
ADANIENT,2017-06-30,Adani,Shri Gautam S. Adani/Shri Rajesh S. Adani (on behalf of S. B. Adani Family Trust),621197910.0
ADANIENT,2017-09-30,Adani,Shri Gautam S. Adani/Shri Rajesh S. Adani (on of behalf S. B. Adani Family Trust),621197910.0
ADANIENT,2017-12-31,Adani,Shri Gautam S. Adani/Shri Rajesh S. Adani (on behalf of S. B. Adani Family Trust),621197910.0
ADANIENT,2018-03-31,Adani,Shri Gautam S. Adani/Shri Rajesh S. Adani (on behalf of S. B. Adani Family Trust),621197910.0
ADANIENT,2018-06-30,Adani,Shri Gautam S. Adani/Shri Rajesh S. Adani (on behalf of S. B. Adani Family Trust),621197910.0
ADANIENT,2018-09-30,Adani,Shri Gautam S. Adani/Shri Rajesh S. Adani (on behalf of S. B. Adani Family Trust),621197910.0
ADANIENT,2018-12-31,Adani,Shri Gautam S. Adani/Shri Rajesh S. Adani (on behalf of S. B. Adani Family Trust),621197910.0
ADANIENT,2019-03-31,Adani,Shri Gautam S. Adani/Shri Rajesh S. Adani (on behalf of S. B. Adani Family Trust),621197910.0
ADANIENT,2019-06-30,Adani,Shri Gautam S. Adani/Shri Rajesh S. Adani (on behalf of S. B. Adani Family Trust),621197910.0
ADANIENT,2019-09-30,Adani,Shri Gautam S. Adani/Shri Rajesh S. Adani (on behalf of S. B. Adani Family Trust),621197910.0
ADANIENT,2020-06-30,Adani,Shri Gautam S. Adani/Shri Rajesh S. Adani (on behalf of S. B. Adani Family Trust),621197910.0
ADANIENT,2020-09-30,Adani,Shri Gautam S. Adani/Shri Rajesh S. Adani (on behalf of S. B. Adani Family Trust),621197910.0
ADANIENT,2020-12-31,Adani,Shri Gautam S. Adani/Shri Rajesh S. Adani (on behalf of S. B. Adani Family Trust),621197910.0
ADANIENT,2021-03-31,Adani,Shri Gautam S. Adani/Shri Rajesh S. Adani (on behalf of S. B. Adani Family Trust),621197910.0
ADANIENT,2021-06-30,Adani,Shri Gautam S. Adani/Shri Rajesh S. Adani (on behalf of S. B. Adani Family Trust),621197910.0
ADANIENT,2021-09-30,Adani,Shri Gautam S. Adani/Shri Rajesh S. Adani (on behalf of S. B. Adani Family Trust),621197910.0
ADANIENT,2021-12-31,Adani,Shri Gautam S. Adani/Shri Rajesh S. Adani (on behalf of S. B. Adani Family Trust),621197910.0
ADANIENT,2022-03-31,Adani,Shri Gautam S. Adani/Shri Rajesh S. Adani (on behalf of S. B. Adani Family Trust),621197910.0
ADANIENT,2022-05-12,Adani,Shri Gautam S. Adani/Shri Rajesh S. Adani (on behalf of S. B. Adani Family Trust),621197910.0
ADANIENT,2022-06-30,Adani,Shri Gautam S. Adani/Shri Rajesh S. Adani (on behalf of S. B. Adani Family Trust),630034660.0
ADANIENT,2022-09-30,Adani,Shri Gautam S. Adani/Shri Rajesh S. Adani (on behalf of S. B. Adani Family Trust),630034660.0
ADANIENT,2022-12-31,Adani,Shri Gautam S. Adani/Shri Rajesh S. Adani (on behalf of S. B. Adani Family Trust),630034660.0
ADANIENT,2023-03-31,Adani,Shri Gautam S. Adani/Shri Rajesh S. Adani (on behalf of S. B. Adani Family Trust),591333492.0
ADANIENT,2023-06-30,Adani,Shri Gautam S. Adani/Shri Rajesh S. Adani (on behalf of S. B. Adani Family Trust),573333492.0
ADANIENT,2023-09-30,Adani,Shri Gautam S. Adani/Shri Rajesh S. Adani (on behalf of S. B. Adani Family Trust),573333492.0
ADANIENT,2023-12-31,Adani,Shri GautamS.Adani/Shri RajeshSAdani(onbehalfof S. B. Adani Family Trust),573333492.0
ADANIENT,2024-03-31,Adani,Gautambhai Shantilal Adani and Rajeshbhai Shantilal Adani (on behalf of S.B. Adani Family Trust,573333492.0
ADANIENT,2024-06-30,Adani,Gautambhai Shantilal Adani and Rajeshbhai Shantilal Adani (on behalf of S.B. Adani Family Trust,573333492.0
ADANIENT,2024-09-30,Adani,Gautambhai Shantilal Adani and Rajeshbhai Shantilal Adani (on behalf of S.B. Adani Family Trust,573333492.0
ADANIENT,2024-12-31,Adani,Gautambhai Shantilal Adani and Rajeshbhai Shantilal Adani (on behalf of S.B. Adani Family Trust,573333492.0
ADANIENT,2025-03-31,Adani,Gautambhai Shantilal Adani and Rajeshbhai Shantilal Adani (on behalf of S.B. Adani Family Trust,573333492.0
ADANIENT,2025-06-30,Adani,Gautambhai Shantilal Adani and Rajeshbhai Shantilal Adani (on behalf of S.B. Adani Family Trust,573333492.0
ADANIENT,2025-09-30,Adani,Gautambhai Shantilal Adani and Rajeshbhai Shantilal Adani (on behalf of S.B. Adani Family Trust),573333492.0
ADANIENT,2025-12-11,Adani,Gautambhai Shantilal Adani and Rajeshbhai Shantilal Adani (on behalf of S.B. Adani Family Trust),573333492.0
ADANIENT,2025-12-31,Adani,Gautambhai Shantilal Adani and Rajeshbhai Shantilal Adani (on behalf of S.B. Adani Family Trust),642133511.0
ADANIGREEN,2018-06-15,Adani,Adani Trading Services Llp,530579350.0
ADANIGREEN,2018-06-30,Adani,Adani Trading Services LLP,530579350.0
ADANIGREEN,2018-09-30,Adani,Adani Trading Services LLP,530579350.0
ADANIGREEN,2018-12-31,Adani,Adani Trading Services LLP,530579350.0
ADANIGREEN,2019-03-31,Adani,Adani Trading Services Llp,530579350.0
ADANIGREEN,2019-06-30,Adani,Adani Trading Services LLP,530579350.0
ADANIGREEN,2019-09-30,Adani,Adani Trading Services LLP,530579350.0
ADANIGREEN,2019-12-31,Adani,Adani Trading Services LLP,530579350.0
ADANIGREEN,2020-03-31,Adani,Adani Trading Services LLP,530579350.0
ADANIGREEN,2020-09-30,Adani,Adani Trading Services LLP,530579350.0
ADANIGREEN,2020-12-31,Adani,Adani Trading Services LLP,530579350.0
ADANIGREEN,2021-03-31,Adani,Adani Trading Services LLP,474335779.0
ADANIGREEN,2021-06-30,Adani,Adani Trading Services LLP,474335779.0
ADANIGREEN,2021-09-30,Adani,Adani Trading Services LLP,474335779.0
ADANIGREEN,2021-12-31,Adani,Adani Trading Services LLP,474335779.0
ADANIGREEN,2022-03-31,Adani,Adani Trading Services LLP,474335779.0
ADANIGREEN,2022-06-30,Adani,Adani Trading Services LLP,474335779.0
ADANIGREEN,2022-09-30,Adani,Adani Trading Services Llp,474335779.0
ADANIGREEN,2022-12-31,Adani,Adani Trading Services Llp,474335779.0
ADANIGREEN,2023-03-31,Adani,Adani Trading Services Llp,474335779.0
ADANIGREEN,2023-06-30,Adani,Adani Trading Services Llp,474335779.0
ADANIGREEN,2023-09-30,Adani,Adani Trading Services LLP,474335779.0
ADANIGREEN,2023-12-31,Adani,Adani Trading Services LLP,474335779.0
ADANIGREEN,2024-03-31,Adani,Adani Trading Services LLP,474335779.0
ADANIGREEN,2024-06-30,Adani,Adani Trading Services Llp,474335779.0
ADANIGREEN,2024-09-30,Adani,Adani Trading Services Llp,474335779.0
ADANIGREEN,2024-12-31,Adani,Adani Trading Services Llp,474335779.0
ADANIGREEN,2025-03-31,Adani,Adani Trading Services Llp,474335779.0
ADANIGREEN,2025-06-30,Adani,Adani Trading Services Llp,474335779.0
ADANIGREEN,2025-09-30,Adani,Adani Trading Services Llp,474335779.0
ADANIGREEN,2025-12-31,Adani,Adani Trading Services Llp,474335779.0
ADANIPORTS,2014-03-31,Independent,,0.0
ADANIPORTS,2014-06-30,Independent,,0.0
ADANIPORTS,2014-09-30,Independent,,0.0
ADANIPORTS,2014-12-31,Independent,,0.0
ADANIPORTS,2015-03-31,Independent,,0.0
ADANIPORTS,2015-06-08,Independent,,0.0
ADANIPORTS,2015-06-30,Independent,,0.0
ADANIPORTS,2015-09-30,Independent,,0.0
ADANIPORTS,2016-03-31,Adani,Gautambhai Shantilal Adani & Rajeshbhai Shantilal Adani (on behalf of S. B. Adani Family Trust),877317807.0
ADANIPORTS,2016-06-30,Adani,Gautambhai Shantilal Adani & Rajeshbhai Shantilal Adani (on behalf of S. B. Adani Family Trust),877317807.0
ADANIPORTS,2016-09-30,Adani,Gautambhai Shantilal Adani & Rajeshbhai Shantilal Adani (on behalf of S. B. Adani Family Trust),877317807.0
ADANIPORTS,2016-12-31,Adani,Gautambhai Shantilal Adani & Rajeshbhai Shantilal Adani (on behalf of S. B. Adani Family Trust),877317807.0
ADANIPORTS,2017-03-31,Adani,Gautam Shantilal Adani & Rajeshbhai Shantilal Adani (on behalf of S. B. Adani Family Trust),877317807.0
ADANIPORTS,2017-06-30,Adani,Gautam Shantilal Adani & Rajeshbhai Shantilal Adani (on behalf of S. B. Adani Family Trust),877317807.0
ADANIPORTS,2017-09-30,Adani,Gautam Shantilal Adani & Rajeshbhai Shantilal Adani (on behalf of S. B. Adani Family Trust),877317807.0
ADANIPORTS,2017-12-31,Adani,Gautam Shantilal Adani & Rajeshbhai Shantilal Adani (on behalf of S. B. Adani Family Trust),877317807.0
ADANIPORTS,2018-03-31,Adani,Gautambhai Shantilal Adani & Rajeshbhai Shantilal Adani (on behalf of S. B. Adani Family Trust),877317807.0
ADANIPORTS,2018-06-30,Adani,Gautambhai Shantilal Adani & Rajeshbhai Shantilal Adani (on behalf of S. B. Adani Family Trust),812765189.0
ADANIPORTS,2018-09-30,Adani,Gautambhai Shantilal Adani & Rajeshbhai Shantilal Adani (on behalf of S. B. Adani Family Trust),812765189.0
ADANIPORTS,2018-12-31,Adani,Gautambhai Shantilal Adani & Rajeshbhai Shantilal Adani (on behalf of S. B. Adani Family Trust),812765189.0
ADANIPORTS,2019-03-31,Adani,Gautambhai Shantilal Adani & Rajeshbhai Shantilal Adani (on behalf of S. B. Adani Family Trust),812765189.0
ADANIPORTS,2019-06-30,Adani,Gautambhai Shantilal Adani & Rajeshbhai Shantilal Adani (on behalf of S. B. Adani Family Trust),812765189.0
ADANIPORTS,2019-09-30,Adani,Gautambhai Shantilal Adani & Rajeshbhai Shantilal Adani (on behalf of S. B. Adani Family Trust),799353935.0
ADANIPORTS,2019-12-31,Adani,Gautambhai Shantilal Adani & Rajeshbhai Shantilal Adani (on behalf of S. B. Adani Family Trust),799353935.0
ADANIPORTS,2020-03-31,Adani,Gautambhai Shantilal Adani & Rajeshbhai Shantilal Adani (on behalf of S. B. Adani Family Trust),799353935.0
ADANIPORTS,2020-09-30,Adani,Gautambhai Shantilal Adani & Rajeshbhai Shantilal Adani (on behalf of S. B. Adani Family Trust),799353935.0
ADANIPORTS,2020-12-31,Adani,Gautambhai Shantilal Adani & Rajeshbhai Shantilal Adani (on behalf of S. B. Adani Family Trust),799353935.0
ADANIPORTS,2021-03-31,Adani,Gautambhai Shantilal Adani & Rajeshbhai Shantilal Adani (on behalf of S. B. Adani Family Trust),799353935.0
ADANIPORTS,2021-06-30,Adani,Gautambhai Shantilal Adani & Rajeshbhai Shantilal Adani (on behalf of S. B. Adani Family Trust),799353935.0
ADANIPORTS,2021-09-30,Adani,Gautambhai Shantilal Adani & Rajeshbhai Shantilal Adani (on behalf of S. B. Adani Family Trust),799353935.0
ADANIPORTS,2021-12-31,Adani,Gautambhai Shantilal Adani & Rajeshbhai Shantilal Adani (on behalf of S. B. Adani Family Trust),799353935.0
ADANIPORTS,2022-02-21,Adani,Gautambhai Shantilal Adani & Rajeshbhai Shantilal Adani (on behalf of S. B. Adani Family Trust),799353935.0
ADANIPORTS,2022-03-31,Adani,Gautambhai Shantilal Adani & Rajeshbhai Shantilal Adani (on behalf of S. B. Adani Family Trust),799353935.0
ADANIPORTS,2022-06-30,Adani,Gautambhai Shantilal Adani & Rajeshbhai Shantilal Adani (on behalf of S. B. Adani Family Trust),799353935.0
ADANIPORTS,2022-09-30,Adani,Gautambhai Shantilal Adani & Rajeshbhai Shantilal Adani (on behalf of S. B. Adani Family Trust),799353935.0
ADANIPORTS,2022-10-19,Adani,Gautambhai Shantilal Adani & Rajeshbhai Shantilal Adani (on behalf of S. B. Adani Family Trust),799353935.0
ADANIPORTS,2022-12-31,Adani,Gautambhai Shantilal Adani & Rajeshbhai Shantilal Adani (on behalf of S. B. Adani Family Trust),799353935.0
ADANIPORTS,2023-03-31,Adani,Gautambhai Shantilal Adani & Rajeshbhai Shantilal Adani (on behalf of S. B. Adani Family Trust),710753935.0
ADANIPORTS,2023-06-30,Adani,Gautambhai Shantilal Adani & Rajeshbhai Shantilal Adani (on behalf of S. B. Adani Family Trust),710753935.0
ADANIPORTS,2023-09-30,Adani,Gautambhai Shantilal Adani & Rajeshbhai Shantilal Adani (on behalf of S. B. Adani Family Trust),710753935.0
ADANIPORTS,2023-12-31,Adani,Gautambhai Shantilal Adani & Rajeshbhai Shantilal Adani (on behalf of S. B. Adani Family Trust),710753935.0
ADANIPORTS,2024-03-31,Adani,Gautambhai Shantilal Adani & Rajeshbhai Shantilal Adani (on behalf of S. B. Adani Family Trust),710753935.0
ADANIPORTS,2024-06-30,Adani,Gautambhai Shantilal Adani & Rajeshbhai Shantilal Adani (on behalf of S. B. Adani Family Trust),710753935.0
ADANIPORTS,2024-09-30,Adani,Gautambhai Shantilal Adani & Rajeshbhai Shantilal Adani (on behalf of S. B. Adani Family Trust),710753935.0
ADANIPORTS,2024-12-31,Adani,Gautambhai Shantilal Adani & Rajeshbhai Shantilal Adani (on behalf of S. B. Adani Family Trust),710753935.0
ADANIPORTS,2025-03-31,Adani,Gautambhai Shantilal Adani & Rajeshbhai Shantilal Adani (on behalf of S. B. Adani Family Trust),710753935.0
ADANIPORTS,2025-06-30,Adani,Gautambhai Shantilal Adani & Rajeshbhai Shantilal Adani (on behalf of S. B. Adani Family Trust),710753935.0
ADANIPORTS,2025-09-30,Adani,Gautambhai Shantilal Adani & Rajeshbhai Shantilal Adani (on behalf of S. B. Adani Family Trust),710753935.0
ADANIPORTS,2025-12-23,Adani,Gautambhai Shantilal Adani & Rajeshbhai Shantilal Adani (on behalf of S. B. Adani Family Trust),710753935.0
ADANIPORTS,2025-12-31,Adani,Gautambhai Shantilal Adani & Rajeshbhai Shantilal Adani (on behalf of S. B. Adani Family Trust),710753935.0
ADANIPOWER,2014-03-31,Independent,,0.0
ADANIPOWER,2014-06-30,Independent,,0.0
ADANIPOWER,2014-09-30,Independent,,0.0
ADANIPOWER,2014-12-31,Independent,,0.0
ADANIPOWER,2015-03-31,Independent,,0.0
ADANIPOWER,2015-06-08,Independent,,0.0
ADANIPOWER,2015-06-30,Independent,,0.0
ADANIPOWER,2015-09-30,Independent,,0.0
ADANIPOWER,2015-12-31,Adani,GAUTAMBHAI SHANTILAL ADANI & RAJESHBHAI SHANTILAL ADANI (ON BEHALF OF S.B. ADANI FAMILY TRUST),1155179633.0
ADANIPOWER,2016-03-31,Adani,GAUTAMBHAI SHANTILAL ADANI & RAJESHBHAI SHANTILAL ADANI (ON BEHALF OF S.B. ADANI FAMILY TRUST),1405179633.0
ADANIPOWER,2016-06-30,Adani,GAUTAMBHAI SHANTILAL ADANI & RAJESHBHAI SHANTILAL ADANI (ON BEHALF OF S.B. ADANI FAMILY TRUST),1405179633.0
ADANIPOWER,2016-09-30,Adani,GAUTAMBHAI SHANTILAL ADANI & RAJESHBHAI SHANTILAL ADANI (ON BEHALF OF S.B. ADANI FAMILY TRUST),1405179633.0
ADANIPOWER,2016-12-31,Adani,GAUTAMBHAI SHANTILAL ADANI & RAJESHBHAI SHANTILAL ADANI (ON BEHALF OF S.B. ADANI FAMILY TRUST),1405179633.0
ADANIPOWER,2017-02-16,Adani,GAUTAMBHAI SHANTILAL ADANI & RAJESHBHAI SHANTILAL ADANI (ON BEHALF OF S.B. ADANI FAMILY TRUST),1405179633.0
ADANIPOWER,2017-03-10,Adani,GAUTAMBHAI SHANTILAL ADANI & RAJESHBHAI SHANTILAL ADANI (ON BEHALF OF S.B. ADANI FAMILY TRUST),1405179633.0
ADANIPOWER,2017-03-23,Adani,GAUTAMBHAI SHANTILAL ADANI & RAJESHBHAI SHANTILAL ADANI (ON BEHALF OF S.B. ADANI FAMILY TRUST),1405179633.0
ADANIPOWER,2017-03-31,Adani,GAUTAMBHAI SHANTILAL ADANI & RAJESHBHAI SHANTILAL ADANI (ON BEHALF OF S.B. ADANI FAMILY TRUST),1405179633.0
ADANIPOWER,2017-06-30,Adani,GAUTAMBHAI SHANTILAL ADANI & RAJESHBHAI SHANTILAL ADANI (ON BEHALF OF S.B. ADANI FAMILY TRUST),1405179633.0
ADANIPOWER,2017-09-30,Adani,GAUTAMBHAI SHANTILAL ADANI & RAJESHBHAI SHANTILAL ADANI (ON BEHALF OF S.B. ADANI FAMILY TRUST),1405179633.0
ADANIPOWER,2017-12-31,Adani,GAUTAMBHAI SHANTILAL ADANI & RAJESHBHAI SHANTILAL ADANI (ON BEHALF OF S.B. ADANI FAMILY TRUST),1405179633.0
ADANIPOWER,2018-03-31,Adani,GAUTAMBHAI SHANTILAL ADANI & RAJESHBHAI SHANTILAL ADANI (ON BEHALF OF S.B. ADANI FAMILY TRUST),1405179633.0
ADANIPOWER,2018-06-30,Adani,GAUTAMBHAI SHANTILAL ADANI & RAJESHBHAI SHANTILAL ADANI (ON BEHALF OF S.B. ADANI FAMILY TRUST),1405179633.0
ADANIPOWER,2018-09-30,Adani,GAUTAMBHAI SHANTILAL ADANI & RAJESHBHAI SHANTILAL ADANI (ON BEHALF OF S.B. ADANI FAMILY TRUST),1405179633.0
ADANIPOWER,2018-12-31,Adani,GAUTAMBHAI SHANTILAL ADANI & RAJESHBHAI SHANTILAL ADANI (ON BEHALF OF S.B. ADANI FAMILY TRUST),1405179633.0
ADANIPOWER,2019-03-31,Adani,GAUTAMBHAI SHANTILAL ADANI  & RAJESHBHAI SHANTILAL ADANI (ON BEHALF OF S. B. ADANI FAMILY TRUST),1405179633.0
ADANIPOWER,2019-06-30,Adani,GAUTAMBHAI SHANTILAL ADANI  & RAJESHBHAI SHANTILAL ADANI (ON BEHALF OF S. B. ADANI FAMILY TRUST),1405179633.0
ADANIPOWER,2019-09-30,Adani,GAUTAMBHAI SHANTILAL ADANI  & RAJESHBHAI SHANTILAL ADANI (ON BEHALF OF S. B. ADANI FAMILY TRUST),1405179633.0
ADANIPOWER,2019-12-31,Adani,GAUTAMBHAI SHANTILAL ADANI  & RAJESHBHAI SHANTILAL ADANI (ON BEHALF OF S. B. ADANI FAMILY TRUST),1405179633.0
ADANIPOWER,2020-03-31,Adani,GAUTAMBHAI SHANTILAL ADANI  & RAJESHBHAI SHANTILAL ADANI (ON BEHALF OF S. B. ADANI FAMILY TRUST),1405179633.0
ADANIPOWER,2020-06-30,Adani,GAUTAMBHAI SHANTILAL ADANI  & RAJESHBHAI SHANTILAL ADANI (ON BEHALF OF S. B. ADANI FAMILY TRUST),1405179633.0
ADANIPOWER,2020-09-30,Adani,GAUTAMBHAI SHANTILAL ADANI  & RAJESHBHAI SHANTILAL ADANI (ON BEHALF OF S. B. ADANI FAMILY TRUST),1405179633.0
ADANIPOWER,2020-12-31,Adani,GAUTAMBHAI SHANTILAL ADANI  & RAJESHBHAI SHANTILAL ADANI (ON BEHALF OF S. B. ADANI FAMILY TRUST),1405179633.0
ADANIPOWER,2021-03-31,Adani,GAUTAMBHAI SHANTILAL ADANI  & RAJESHBHAI SHANTILAL ADANI (ON BEHALF OF S. B. ADANI FAMILY TRUST),1405179633.0
ADANIPOWER,2021-06-30,Adani,GAUTAMBHAI SHANTILAL ADANI  & RAJESHBHAI SHANTILAL ADANI (ON BEHALF OF S. B. ADANI FAMILY TRUST),1405179633.0
ADANIPOWER,2021-09-30,Adani,GAUTAMBHAI SHANTILAL ADANI  & RAJESHBHAI SHANTILAL ADANI (ON BEHALF OF S. B. ADANI FAMILY TRUST),1405179633.0
ADANIPOWER,2021-12-31,Adani,GAUTAMBHAI SHANTILAL ADANI  & RAJESHBHAI SHANTILAL ADANI (ON BEHALF OF S. B. ADANI FAMILY TRUST),1405179633.0
ADANIPOWER,2022-03-31,Adani,GAUTAMBHAI SHANTILAL ADANI  & RAJESHBHAI SHANTILAL ADANI (ON BEHALF OF S. B. ADANI FAMILY TRUST),1405179633.0
ADANIPOWER,2022-06-30,Adani,GAUTAMBHAI SHANTILAL ADANI  & RAJESHBHAI SHANTILAL ADANI (ON BEHALF OF S. B. ADANI FAMILY TRUST),1421612453.0
ADANIPOWER,2022-09-30,Adani,GAUTAMBHAI SHANTILAL ADANI  & RAJESHBHAI SHANTILAL ADANI (ON BEHALF OF S. B. ADANI FAMILY TRUST),1421612453.0
ADANIPOWER,2022-12-31,Adani,GAUTAMBHAI SHANTILAL ADANI  & RAJESHBHAI SHANTILAL ADANI (ON BEHALF OF S. B. ADANI FAMILY TRUST),1421612453.0
ADANIPOWER,2023-03-31,Adani,GAUTAMBHAI SHANTILAL ADANI  & RAJESHBHAI SHANTILAL ADANI (ON BEHALF OF S. B. ADANI FAMILY TRUST),1421612453.0
ADANIPOWER,2023-06-30,Adani,GAUTAMBHAI SHANTILAL ADANI  & RAJESHBHAI SHANTILAL ADANI (ON BEHALF OF S. B. ADANI FAMILY TRUST),1421612453.0
ADANIPOWER,2023-09-30,Adani,GAUTAMBHAI SHANTILAL ADANI  & RAJESHBHAI SHANTILAL ADANI (ON BEHALF OF S. B. ADANI FAMILY TRUST),1421612453.0
ADANIPOWER,2023-12-31,Adani,GAUTAMBHAI SHANTILAL ADANI  & RAJESHBHAI SHANTILAL ADANI (ON BEHALF OF S. B. ADANI FAMILY TRUST),1421612453.0
ADANIPOWER,2024-03-31,Adani,GAUTAMBHAI SHANTILAL ADANI  & RAJESHBHAI SHANTILAL ADANI (ON BEHALF OF S. B. ADANI FAMILY TRUST),1421612453.0
ADANIPOWER,2024-06-30,Adani,GAUTAMBHAI SHANTILAL ADANI  & RAJESHBHAI SHANTILAL ADANI (ON BEHALF OF S. B. ADANI FAMILY TRUST),1421612453.0
ADANIPOWER,2024-09-30,Adani,GAUTAMBHAI SHANTILAL ADANI  & RAJESHBHAI SHANTILAL ADANI (ON BEHALF OF S. B. ADANI FAMILY TRUST),1421612453.0
ADANIPOWER,2024-12-31,Adani,GAUTAMBHAI SHANTILAL ADANI  & RAJESHBHAI SHANTILAL ADANI (ON BEHALF OF S. B. ADANI FAMILY TRUST),1421612453.0
ADANIPOWER,2025-03-31,Adani,GAUTAMBHAI SHANTILAL ADANI  & RAJESHBHAI SHANTILAL ADANI (ON BEHALF OF S. B. ADANI FAMILY TRUST),1421612453.0
ADANIPOWER,2025-06-30,Adani,GAUTAMBHAI SHANTILAL ADANI  & RAJESHBHAI SHANTILAL ADANI (ON BEHALF OF S. B. ADANI FAMILY TRUST),1421612453.0
ADANIPOWER,2025-09-30,Adani,GAUTAMBHAI SHANTILAL ADANI & RAJESHBHAI SHANTILAL ADANI (ON BEHALF OF S. B. ADANI FAMILY TRUST),7108062265.0
ADANIPOWER,2025-12-31,Adani,GAUTAMBHAI SHANTILAL ADANI & RAJESHBHAI SHANTILAL ADANI (ON BEHALF OF S. B. ADANI FAMILY TRUST),7108062265.0
AIAENG,2014-03-31,Independent,,0.0
AIAENG,2014-06-30,Independent,,0.0
AIAENG,2014-09-19,Independent,,0.0
AIAENG,2014-09-30,Independent,,0.0
AIAENG,2014-12-31,Independent,,0.0
AIAENG,2015-03-31,Independent,,0.0
AIAENG,2015-06-30,Independent,,0.0
AIAENG,2015-09-30,Independent,,0.0
AIAENG,2015-12-31,Independent,Bhadersh Kantilal Shah,58120530.0
AIAENG,2016-03-31,Independent,Bhadresh  Kantilal  Shah,58128900.0
AIAENG,2016-06-30,Independent,Bhadresh Kantilal Shah,58120530.0
AIAENG,2016-09-30,Independent,Bhadresh Kantilal Shah,58120530.0
AIAENG,2016-12-31,Independent,Bhadresh Kantilal Shah,58120530.0
AIAENG,2017-03-31,Independent,Bhadresh Kantilal Shah,58120530.0
AIAENG,2017-06-30,Independent,Bhadresh Kantilal Shah,58120530.0
AIAENG,2017-09-30,Independent,Bhadresh Kantilal Shah,58120530.0
AIAENG,2017-12-31,Independent,Bhadresh Kantilal Shah,58128900.0
AIAENG,2018-03-31,Independent,Bhadresh Kantilal Shah,58128900.0
AIAENG,2018-06-30,Independent,Bhadresh Kantilal Shah,55128901.0
AIAENG,2018-09-30,Independent,Bhadresh Kantilal Shah,55128901.0
AIAENG,2018-12-31,Independent,Bhadresh Kantilal Shah,55128901.0
AIAENG,2019-03-31,Independent,Bhadresh Kantilal Shah,55128901.0
AIAENG,2019-06-30,Independent,Bhadresh  Kantilal  Shah,55128901.0
AIAENG,2019-09-30,Independent,Bhadresh  Kantilal  Shah,55128901.0
AIAENG,2019-12-31,Independent,Bhadresh Kantilal Shah,55128901.0
AIAENG,2020-03-31,Independent,Bhadresh Kantilal Shah,55128901.0
AIAENG,2020-06-30,Independent,Bhadresh Kantilal Shah,55128901.0
AIAENG,2020-09-30,Independent,Bhadresh  Kantilal  Shah,55128901.0
AIAENG,2020-12-31,Independent,Bhadresh  Kantilal  Shah,55128901.0
AIAENG,2021-03-31,Independent,Bhadresh  Kantilal  Shah,55128901.0
AIAENG,2021-06-30,Independent,Bhadresh  Kantilal  Shah,55128901.0
AIAENG,2021-09-30,Independent,Bhadresh  Kantilal  Shah,55128901.0
AIAENG,2021-12-31,Independent,Bhadresh  Kantilal  Shah,55128901.0
AIAENG,2022-03-31,Independent,Bhadresh  Kantilal  Shah,55128901.0
AIAENG,2022-06-30,Independent,Bhadresh  Kantilal  Shah,55128901.0
AIAENG,2022-09-30,Independent,Bhadresh  Kantilal  Shah,55128901.0
AIAENG,2022-12-31,Independent,Bhadresh  Kantilal  Shah,55128901.0
AIAENG,2023-03-31,Independent,Bhadresh  Kantilal  Shah,55128901.0
AIAENG,2023-06-30,Independent,Bhadresh  Kantilal  Shah,55128901.0
AIAENG,2023-09-30,Independent,Bhadresh  Kantilal  Shah,55128901.0
AIAENG,2023-12-31,Independent,Bhadresh  Kantilal  Shah,55128901.0
AIAENG,2024-03-31,Independent,Bhadresh  Kantilal  Shah,55128901.0
AIAENG,2024-06-30,Independent,Bhadresh  Kantilal  Shah,55128901.0
AIAENG,2024-09-30,Independent,Bhadresh  Kantilal  Shah,54568663.0
AIAENG,2024-12-31,Independent,Bhadresh  Kantilal  Shah,54568663.0
AIAENG,2025-03-31,Independent,Bhadresh  Kantilal  Shah,54568663.0
AIAENG,2025-06-30,Independent,Bhadresh  Kantilal  Shah,54568663.0
AIAENG,2025-09-30,Independent,Bhadresh Kantilal Shah,54568663.0
AIAENG,2025-12-31,Independent,Bhadresh Kantilal Shah,54568663.0
AJANTPHARM,2014-03-31,Independent,,0.0
AJANTPHARM,2014-06-30,Independent,,0.0
AJANTPHARM,2014-09-30,Independent,,0.0
AJANTPHARM,2014-12-31,Independent,,0.0
AJANTPHARM,2015-03-31,Independent,,0.0
AJANTPHARM,2015-06-30,Independent,,0.0
AJANTPHARM,2015-09-30,Independent,,0.0
AJANTPHARM,2016-03-31,Independent,Gabs Investment Private Limited,7392262.0
AJANTPHARM,2016-06-30,Independent,Gabs Investment Private Limited,7392262.0
AJANTPHARM,2016-09-22,Independent,Aayush M Agrawal,10146639.0
AJANTPHARM,2016-09-30,Independent,Aayush M Agrawal,10146639.0
AJANTPHARM,2016-11-18,Independent,Rajesh M Agrawal,11498319.0
AJANTPHARM,2016-12-31,Independent,Rajesh M Agrawal,11498319.0
AJANTPHARM,2017-03-27,Independent,"Aayush M Agrawal, trustee Aayush Agrawal Trust",12660000.0
AJANTPHARM,2017-03-31,Independent,"Aayush M Agrawal, trustee Aayush Agrawal Trust",12660000.0
AJANTPHARM,2017-06-30,Independent,"Aayush M Agrawal, trustee Aayush Agrawal Trust",12660000.0
AJANTPHARM,2017-07-11,Independent,"Aayush M Agrawal, trustee Aayush Agrawal Trust",12660000.0
AJANTPHARM,2017-09-30,Independent,"Aayush M Agrawal, trustee Aayush Agrawal Trust",12660000.0
AJANTPHARM,2017-12-31,Independent,"Rajesh M Agrawal, trustee Rajesh Agrawal Trust",12749999.0
AJANTPHARM,2018-03-31,Independent,"Rajesh M Agrawal, trustee Rajesh Agrawal Trust",12749999.0
AJANTPHARM,2018-06-30,Independent,"Rajesh M Agrawal, trustee Rajesh Agrawal Trust",12749999.0
AJANTPHARM,2018-09-30,Independent,"Rajesh M Agrawal, trustee Rajesh Agrawal Trust",12749999.0
AJANTPHARM,2018-12-31,Independent,"Rajesh M Agrawal, trustee Rajesh Agrawal Trust",12749999.0
AJANTPHARM,2019-03-31,Independent,"Yogesh M Agrawal, trustee Yogesh Agrawal Trust",12639934.0
AJANTPHARM,2019-06-30,Independent,Yogesh M Agrawal trustee Yogesh Agrawal Trust,12639934.0
AJANTPHARM,2019-09-30,Independent,"Yogesh M Agrawal, trustee Yogesh Agrawal Trust",12639934.0
AJANTPHARM,2019-12-31,Independent,"Yogesh M Agrawal, trustee Yogesh Agrawal Trust",12639934.0
AJANTPHARM,2020-03-31,Independent,"Yogesh M Agrawal, trustee Yogesh Agrawal Trust",12639934.0
AJANTPHARM,2020-06-30,Independent,"Yogesh M Agrawal, trustee Yogesh Agrawal Trust",12639934.0
AJANTPHARM,2020-09-30,Independent,"Yogesh M Agrawal, trustee Yogesh Agrawal Trust",12639934.0
AJANTPHARM,2020-12-31,Independent,"Yogesh M Agrawal, trustee Yogesh Agrawal Trust",12533346.0
AJANTPHARM,2021-03-31,Independent,"Yogesh M Agrawal, trustee Yogesh Agrawal Trust",12533346.0
AJANTPHARM,2021-06-30,Independent,"Yogesh M Agrawal, trustee Yogesh Agrawal Trust",12533346.0
AJANTPHARM,2021-09-30,Independent,"Yogesh M Agrawal, trustee Yogesh Agrawal Trust",12533346.0
AJANTPHARM,2021-12-31,Independent,"Yogesh M Agrawal, trustee Yogesh Agrawal Trust",12533346.0
AJANTPHARM,2022-03-31,Independent,"Rajesh M Agrawal, trustee Rajesh Agrawal Trust",12380262.0
AJANTPHARM,2022-06-30,Independent,"Rajesh M Agrawal, trustee Rajesh Agrawal Trust",18570392.0
AJANTPHARM,2022-09-30,Independent,"Rajesh M Agrawal, trustee Rajesh Agrawal Trust",18570392.0
AJANTPHARM,2022-12-31,Independent,"Rajesh M Agrawal, trustee Rajesh Agrawal Trust",18570392.0
AJANTPHARM,2023-03-31,Independent,"Rajesh M Agrawal, trustee Rajesh Agrawal Trust",18570392.0
AJANTPHARM,2023-04-19,Independent,"Rajesh M Agrawal, trustee Rajesh Agrawal Trust",18233039.0
AJANTPHARM,2023-06-30,Independent,"Rajesh M Agrawal, trustee Rajesh Agrawal Trust",18233039.0
AJANTPHARM,2023-09-30,Independent,"Rajesh M Agrawal, trustee Rajesh Agrawal Trust",18233039.0
AJANTPHARM,2023-12-31,Independent,"Rajesh M Agrawal, trustee Rajesh Agrawal Trust",18233039.0
AJANTPHARM,2024-03-31,Independent,"Rajesh M Agrawal, trustee Rajesh Agrawal Trust",18233039.0
AJANTPHARM,2024-06-30,Independent,"Rajesh M Agrawal, trustee Rajesh Agrawal Trust",18078148.0
AJANTPHARM,2024-09-30,Independent,"Rajesh M Agrawal, trustee Rajesh Agrawal Trust",18078148.0
AJANTPHARM,2024-12-31,Independent,"Rajesh M Agrawal, trustee Rajesh Agrawal Trust",18078148.0
AJANTPHARM,2025-03-31,Independent,"Rajesh M Agrawal, trustee Rajesh Agrawal Trust",18078148.0
AJANTPHARM,2025-06-30,Independent,"Rajesh M Agrawal, trustee Rajesh Agrawal Trust",18078148.0
AJANTPHARM,2025-09-30,Independent,"Rajesh M Agrawal, trustee Rajesh Agrawal Trust",18078148.0
AJANTPHARM,2025-12-31,Independent,"Rajesh M Agrawal, trustee Rajesh Agrawal Trust",18078148.0
ALBK,2014-03-31,Independent,,0.0
ALBK,2014-06-30,Independent,,0.0
ALBK,2014-09-30,Independent,,0.0
ALBK,2014-12-31,Independent,,0.0
ALBK,2015-03-31,Independent,,0.0
ALBK,2015-06-30,Independent,,0.0
ALBK,2015-09-30,Independent,,0.0
ALBK,2015-12-31,GOI_PSU,Central Government (President of India),376749121.0
ALBK,2016-03-31,GOI_PSU,Central Government (President of India),376749121.0
ALBK,2016-06-30,GOI_PSU,Central Government (President of India),485978185.0
ALBK,2016-09-30,GOI_PSU,Central Government/ State Government(s),485978185.0
ALBK,2016-10-24,GOI_PSU,Central Government/ State Government(s),490208411.0
ALBK,2016-12-31,GOI_PSU,Central Government/ State Government(s),490208411.0
ALBK,2017-03-31,GOI_PSU,Central Government/ State Government(s),490208411.0
ALBK,2017-06-30,GOI_PSU,Central Government/ State Government(s),490208411.0
ALBK,2017-08-07,GOI_PSU,Central Government/ State Government(s),546733089.0
ALBK,2017-09-30,GOI_PSU,Central Government/ State Government(s),546733089.0
ALBK,2017-12-31,GOI_PSU,Central Government/ State Government(s),546733089.0
ALBK,2018-03-03,GOI_PSU,Central Government/ State Government(s),546733089.0
ALBK,2018-03-31,GOI_PSU,Central Government/ State Government(s),546733089.0
ALBK,2018-05-29,GOI_PSU,Central Government/ State Government(s),757466441.0
ALBK,2018-06-30,GOI_PSU,Central Government/ State Government(s),757466441.0
ALBK,2018-09-30,GOI_PSU,Central Government/ State Government(s),757466441.0
ALBK,2018-10-15,GOI_PSU,Central Government/ State Government(s),1146681487.0
ALBK,2018-12-31,GOI_PSU,Central Government/ State Government(s),1146681487.0
ALBK,2019-02-18,GOI_PSU,Central Government/ State Government(s),1799524582.0
ALBK,2019-03-31,GOI_PSU,Central Government/ State Government(s),1799524582.0
ALBK,2019-04-24,GOI_PSU,Central Government/ State Government(s),3424406768.0
ALBK,2019-06-30,GOI_PSU,Central Government/ State Government(s),3424406768.0
ALBK,2019-09-30,GOI_PSU,Central Government/ State Government(s),3424406768.0
ALBK,2019-12-31,GOI_PSU,Central Government/ State Government(s),3424406768.0
ALBK,2020-03-05,GOI_PSU,Central Government/ State Government(s),4230170241.0
ALKEM,2015-12-23,Independent,BASUDEO NARAIN SINGH,8332950.0
ALKEM,2016-03-31,Independent,Basudeo Narain Singh,8405950.0
ALKEM,2016-06-30,Independent,Basudeo Narain Singh,8479950.0
ALKEM,2016-09-30,Independent,Basudeo Narain Singh,8479950.0
ALKEM,2016-12-31,Independent,Basudeo Narain Singh,8479950.0
ALKEM,2017-03-31,Independent,Sarandhar Singh,25205800.0
ALKEM,2017-06-30,Independent,Sarandhar Singh*,25205800.0
ALKEM,2017-09-30,Independent,Sarandhar Singh*,25205800.0
ALKEM,2017-12-31,Independent,Sarandhar Singh - Shares held on behalf of Samprada & Nanhamati Singh Family Trust,25205800.0
ALKEM,2018-03-31,Independent,Sarandhar Singh - Shares held on behalf of Samprada & Nanhamati Singh Family Trust,25205800.0
ALKEM,2018-06-30,Independent,Sarandhar Singh,25205800.0
ALKEM,2018-09-30,Independent,Sarandhar Singh* (Shares held on behalf of Samprada & Nanhamati Singh Family Trust),25205800.0
ALKEM,2018-12-31,Independent,Sarandhar Singh* (Shares held on behalf of Samprada & Nanhamati Singh Family Trust.),25205800.0
ALKEM,2019-03-31,Independent,Sarandhar Singh - *Shares held on behalf of Samprada & Nanhamati Singh Family Trust (?Trust?).,25205800.0
ALKEM,2019-06-30,Independent,Sarandhar Singh*,25205800.0
ALKEM,2019-09-30,Independent,Sarandhar Singh,25205800.0
ALKEM,2019-12-31,Independent,Sarandhar Singh,25205800.0
ALKEM,2020-03-31,Independent,Sarandhar Singh* (please refer notes.),25205800.0
ALKEM,2020-06-30,Independent,Sarandhar Singh* (please refer notes),25205800.0
ALKEM,2020-09-30,Independent,Sarandhar Singh* (Please refer notes),25205800.0
ALKEM,2020-12-31,Independent,Sarandhar Singh* (Please refer notes),25205800.0
ALKEM,2021-03-31,Independent,Sarandhar Singh* (Please refer notes),25205800.0
ALKEM,2021-06-30,Independent,Sarandhar Singh* (Please refer notes),25205800.0
ALKEM,2021-09-30,Independent,Sarandhar Singh* (Please refer notes),25205800.0
ALKEM,2021-12-31,Independent,Sarandhar Singh* (Please refer notes),25205800.0
ALKEM,2022-03-31,Independent,Sarandhar Singh* (Please refer notes),25205800.0
ALKEM,2022-06-30,Independent,Sarandhar Singh* (Please refer notes),25205800.0
ALKEM,2022-09-30,Independent,Sarandhar Singh* (Please refer notes),25205800.0
ALKEM,2022-12-31,Independent,Sarandhar Singh* (Please refer notes),25205800.0
ALKEM,2023-03-31,Independent,Sarandhar Singh* (Please refer notes),25205800.0
ALKEM,2023-06-30,Independent,Sarandhar Singh* (Please refer notes),25205800.0
ALKEM,2023-09-30,Independent,Sarandhar Singh* (Please refer notes),24705800.0
ALKEM,2023-12-31,Independent,Sarandhar Singh* (please refer notes),24705800.0
ALKEM,2024-03-31,Independent,Sarandhar Singh* (please refer notes),24705800.0
ALKEM,2024-06-30,Independent,Sarandhar Singh* (please refer notes),24705800.0
ALKEM,2024-09-30,Independent,Sarandhar Singh* (please refer notes),23855800.0
ALKEM,2024-12-31,Independent,Sarandhar Singh* (please refer notes),23855800.0
ALKEM,2025-03-31,Independent,Sarandhar Singh* (please refer notes),23214088.0
ALKEM,2025-06-30,Independent,Sarandhar Singh * (please refer notes),22414088.0
ALKEM,2025-09-30,Independent,Sarandhar Singh * (please refer notes),22414088.0
ALKEM,2025-12-31,Independent,Sarandhar Singh * (please refer notes),22414088.0
AMBUJACEM,2014-03-31,Independent,,0.0
AMBUJACEM,2014-06-30,Independent,,0.0
AMBUJACEM,2014-09-30,Independent,,0.0
AMBUJACEM,2014-12-31,Independent,,0.0
AMBUJACEM,2015-03-31,Independent,,0.0
AMBUJACEM,2015-06-30,Independent,,0.0
AMBUJACEM,2015-09-30,Independent,,0.0
AMBUJACEM,2015-12-31,Independent,HOLDERIND INVESTMENTS LTD,629638433.0
AMBUJACEM,2016-03-31,Independent,HOLDERIND INVESTMENTS LTD,629638433.0
AMBUJACEM,2016-06-30,Independent,Body Corporate,780308553.0
AMBUJACEM,2016-08-12,Independent,BODIES CORPROATE,1214056361.0
AMBUJACEM,2016-09-30,Independent,Holderind Investments Ltd,1214056361.0
AMBUJACEM,2016-12-31,Independent,Body Corporate,1253156361.0
AMBUJACEM,2017-03-31,Independent,Body Corporate,1253156361.0
AMBUJACEM,2017-06-30,Independent,Body Corporate,1253156361.0
AMBUJACEM,2017-09-30,Independent,Body Corporate,1253156361.0
AMBUJACEM,2017-12-31,Independent,Body Corporate,1253156361.0
AMBUJACEM,2018-03-31,Independent,HOLDERIND INVSTMENTS LIMITED,1253156361.0
AMBUJACEM,2018-06-30,Independent,HOLDERIND INVESTMENTS LIMITED,1253156361.0
AMBUJACEM,2018-09-30,Independent,Holderind Investments Ltd,1253156361.0
AMBUJACEM,2018-12-31,Independent,Holderind Investments Ltd,1253156361.0
AMBUJACEM,2019-03-31,Independent,Holderind Investments Ltd,1253156361.0
AMBUJACEM,2019-06-30,Independent,HOLDERIND INVESTMENTS LIMITED,1253156361.0
AMBUJACEM,2019-09-30,Independent,HOLDERIND INVESTMENTS LIMITED,1253156361.0
AMBUJACEM,2019-12-31,Independent,Holderind Investments Ltd,1253156361.0
AMBUJACEM,2020-03-31,Independent,HOLDERIND INVESTMENTS LIMITED,1253156361.0
AMBUJACEM,2020-06-30,Independent,HOLDERIND INVESTMENTS LIMITED,1253156361.0
AMBUJACEM,2020-09-30,Independent,Holderind Investments Ltd,1253156361.0
AMBUJACEM,2020-12-31,Independent,Holderind Investments Ltd,1253156361.0
AMBUJACEM,2021-03-31,Independent,Holderind Investments Ltd,1253156361.0
AMBUJACEM,2021-06-30,Independent,Holderind Investments Ltd,1253156361.0
AMBUJACEM,2021-09-30,Independent,Holderind Investments Ltd,1253156361.0
AMBUJACEM,2021-12-31,Independent,Holderind Investments Ltd,1253156361.0
AMBUJACEM,2022-03-31,Independent,Holderind Investments Ltd,1253156361.0
AMBUJACEM,2022-06-30,Independent,Holderind Investments Ltd,1253156361.0
AMBUJACEM,2022-09-30,Adani,Endeavour Trade And Investment Limited,697144.0
AMBUJACEM,2022-12-31,Adani,Endeavour Trade And Investment Limited,702402.0
AMBUJACEM,2023-03-31,Adani,Endeavour Trade And Investment Limited,702442.0
AMBUJACEM,2023-06-30,Adani,Endeavour Trade And Investment Limited,702442.0
AMBUJACEM,2023-09-30,Adani,Endeavour Trade And Investment Limited,702442.0
AMBUJACEM,2023-12-31,Adani,Endeavour Trade And Investment Limited,702442.0
AMBUJACEM,2024-03-28,Adani,Endeavour Trade And Investment Limited,702442.0
AMBUJACEM,2024-03-31,Adani,Endeavour Trade And Investment Limited,702442.0
AMBUJACEM,2024-04-17,Adani,Endeavour Trade And Investment Limited,702442.0
AMBUJACEM,2024-06-30,Adani,Endeavour Trade And Investment Limited,702442.0
AMBUJACEM,2024-09-30,Adani,Endeavour Trade And Investment Limited,702442.0
AMBUJACEM,2024-12-31,Adani,Endeavour Trade And Investment Limited,702442.0
AMBUJACEM,2025-03-31,Adani,Endeavour Trade And Investment Limited,702442.0
AMBUJACEM,2025-06-30,Adani,Endeavour Trade And Investment Limited,702442.0
AMBUJACEM,2025-09-30,Adani,ADANI ENTERPRISES LIMITED,8700000.0
AMBUJACEM,2025-12-31,Adani,ADANI ENTERPRISES LIMITED,8700000.0
AMTEKAUTO,2014-03-31,Independent,,0.0
AMTEKAUTO,2014-06-30,Independent,,0.0
AMTEKAUTO,2014-09-30,Independent,,0.0
AMTEKAUTO,2014-12-31,Independent,,0.0
AMTEKAUTO,2015-03-31,Independent,,0.0
AMTEKAUTO,2015-06-30,Independent,,0.0
AMTEKAUTO,2015-09-30,Independent,,0.0
AMTEKAUTO,2015-12-31,Independent,Forbes Builders Pvt Ltd,17859895.0
AMTEKAUTO,2016-03-31,Independent,BODY CORPORATE,109552910.0
AMTEKAUTO,2016-06-30,Independent,BODY CORPORATE,103783679.0
AMTEKAUTO,2016-09-30,Independent,BODY CORPORATE,103783679.0
AMTEKAUTO,2016-12-31,Independent,Body Corporate,103783679.0
AMTEKAUTO,2017-03-31,Independent,Body Corporate,127283679.0
AMTEKAUTO,2017-06-30,Independent,Body Corporate,127283679.0
AMTEKAUTO,2017-09-30,Independent,Body Corporate,127283679.0
AMTEKAUTO,2017-12-31,Independent,Body Corporate,127283679.0
AMTEKAUTO,2018-03-31,Independent,AMTEK LABORATORIES LTD,28240895.0
AMTEKAUTO,2018-06-30,Independent,AMTEK LABORATORIES LTD,28240895.0
AMTEKAUTO,2018-09-30,Independent,AMTEK LABORATORIES LTD,28240895.0
AMTEKAUTO,2018-12-31,Independent,Amtek Laboratories Limited,28240895.0
AMTEKAUTO,2019-03-31,Independent,Amtek Laboratories Limited,28240895.0
AMTEKAUTO,2019-06-30,Independent,Amtek Laboratories Limited,28240895.0
AMTEKAUTO,2019-09-30,Independent,Amtek Laboratories Limited,28240895.0
AMTEKAUTO,2019-12-31,Independent,Amtek Laboratories Limited,28240895.0
AMTEKAUTO,2020-03-31,Independent,Amtek Laboratories Limited,28240895.0
AMTEKAUTO,2020-06-30,Independent,Amtek Laboratories Limited,28240895.0
AMTEKAUTO,2020-09-30,Independent,Amtek Laboratories Limited,28240895.0
AMTEKAUTO,2020-12-31,Independent,Amtek Laboratories Limited,28240895.0
AMTEKAUTO,2021-03-31,Independent,Amtek Laboratories Limited,28240895.0
AMTEKAUTO,2021-06-30,Independent,Amtek Laboratories Limited,28240895.0
ANDHRABANK,2014-03-31,Independent,,0.0
ANDHRABANK,2014-06-30,Independent,,0.0
ANDHRABANK,2014-09-30,Independent,,0.0
ANDHRABANK,2014-12-31,Independent,,0.0
ANDHRABANK,2015-03-31,Independent,,0.0
ANDHRABANK,2015-06-30,Independent,,0.0
ANDHRABANK,2015-09-30,Independent,,0.0
ANDHRABANK,2016-03-31,GOI_PSU,Central Government/ State Government(s),417310282.0
ANDHRABANK,2016-06-30,GOI_PSU,Central Government/ State Government(s),417310282.0
ANDHRABANK,2016-09-30,GOI_PSU,Central Government/ State Government(s),417310282.0
ANDHRABANK,2016-12-31,GOI_PSU,Central Government/ State Government(s),417310282.0
ANDHRABANK,2017-03-31,GOI_PSU,Central Government/ State Government(s),417310282.0
ANDHRABANK,2017-06-30,GOI_PSU,Central Government/ State Government(s),417310282.0
ANDHRABANK,2017-08-05,GOI_PSU,Central Government/ State Government(s),608947912.0
ANDHRABANK,2017-09-30,GOI_PSU,Central Government/ State Government(s),608947912.0
ANDHRABANK,2017-12-31,GOI_PSU,Central Government/ State Government(s),608947912.0
ANDHRABANK,2018-03-28,GOI_PSU,Central Government/ State Government(s),934978617.0
ANDHRABANK,2018-03-31,GOI_PSU,Central Government/ State Government(s),934978617.0
ANDHRABANK,2018-06-30,GOI_PSU,Central Government/ State Government(s),934978617.0
ANDHRABANK,2018-09-30,GOI_PSU,Central Government/ State Government(s),934978617.0
ANDHRABANK,2018-10-11,GOI_PSU,Central Government/ State Government(s),1474962569.0
ANDHRABANK,2018-12-31,GOI_PSU,Central Government/ State Government(s),1474962569.0
ANDHRABANK,2019-03-28,GOI_PSU,Central Government/ State Government(s),2620634630.0
ANDHRABANK,2019-03-31,GOI_PSU,Central Government/ State Government(s),2620634630.0
ANDHRABANK,2019-04-24,GOI_PSU,Central Government/ State Government(s),2620634630.0
ANDHRABANK,2019-06-30,GOI_PSU,Central Government/ State Government(s),2620634630.0
ANDHRABANK,2019-09-30,GOI_PSU,Central Government/ State Government(s),2620634630.0
ANDHRABANK,2019-12-31,GOI_PSU,Central Government/ State Government(s),2620634630.0
ANDHRABANK,2020-03-04,GOI_PSU,Central Government/ State Government(s),2731684046.0
APLAPOLLO,2014-03-31,Independent,,0.0
APLAPOLLO,2014-06-30,Independent,,0.0
APLAPOLLO,2014-09-30,Independent,,0.0
APLAPOLLO,2014-12-31,Independent,,0.0
APLAPOLLO,2015-03-31,Independent,,0.0
APLAPOLLO,2015-06-30,Independent,,0.0
APLAPOLLO,2015-09-30,Independent,,0.0
APLAPOLLO,2015-12-31,Independent,APL Infrastructure Pvt. Ltd.,8025187.0
APLAPOLLO,2016-03-31,Independent,APL Infrastructure Private Limited,8025187.0
APLAPOLLO,2016-06-30,Independent,APL Infrastructure Private Limited,8025187.0
APLAPOLLO,2016-09-30,Independent,APL INFRASTRUCTURE PRIVATE LIMITED,8025187.0
APLAPOLLO,2016-12-31,Independent,APL INFRASTRUCTURE PRIVATE LIMITED,8025187.0
APLAPOLLO,2017-03-31,Independent,APL INFRASTRUCTURE PRIVATE LIMITED,8025187.0
APLAPOLLO,2017-06-30,Independent,APL INFRASTRUCTURE PRIVATE LIMITED,8025187.0
APLAPOLLO,2017-09-30,Independent,APL INFRASTRUCTURE PRIVATE LIMITED,8025187.0
APLAPOLLO,2017-12-31,Independent,APL INFRASTRUCTURE PRIVATE LIMITED,8025187.0
APLAPOLLO,2018-03-31,Independent,APL INFRASTRUCTURE PRIVATE LIMITED,8025187.0
APLAPOLLO,2018-06-30,Independent,APL INFRASTRUCTURE PRIVATE LIMITED,8025187.0
APLAPOLLO,2018-09-30,Independent,APL INFRASTRUCTURE PRIVATE LIMITED,8025187.0
APLAPOLLO,2018-12-31,Independent,APL INFRASTRUCTURE PRIVATE LIMITED,8025187.0
APLAPOLLO,2019-03-31,Independent,APL INFRASTRUCTURE PRIVATE LIMITED,8025187.0
APLAPOLLO,2019-04-12,Independent,APL INFRASTRUCTURE PRIVATE LIMITED,8425187.0
APLAPOLLO,2019-06-30,Independent,APL INFRASTRUCTURE PRIVATE LIMITED,8425187.0
APLAPOLLO,2019-09-30,Independent,APL INFRASTRUCTURE PRIVATE LIMITED,8425187.0
APLAPOLLO,2019-10-28,Independent,APL INFRASTRUCTURE PRIVATE LIMITED,8925187.0
APLAPOLLO,2019-12-31,Independent,APL INFRASTRUCTURE PRIVATE LIMITED,8925187.0
APLAPOLLO,2020-03-31,Independent,APL INFRASTRUCTURE PRIVATE LIMITED,8925187.0
APLAPOLLO,2020-06-30,Independent,APL INFRASTRUCTURE PRIVATE LIMITED,8925187.0
APLAPOLLO,2020-09-30,Independent,APL INFRASTRUCTURE PRIVATE LIMITED,8925187.0
APLAPOLLO,2020-12-31,Independent,APL INFRASTRUCTURE PRIVATE LIMITED,43500935.0
APLAPOLLO,2021-03-31,Independent,APL INFRASTRUCTURE PRIVATE LIMITED,40500935.0
APLAPOLLO,2021-06-30,Independent,APL INFRASTRUCTURE PRIVATE LIMITED,40500935.0
APLAPOLLO,2021-09-20,Independent,APL INFRASTRUCTURE PRIVATE LIMITED,81001870.0
APLAPOLLO,2021-09-30,Independent,APL INFRASTRUCTURE PRIVATE LIMITED,81001870.0
APLAPOLLO,2021-12-31,Independent,APL INFRASTRUCTURE PRIVATE LIMITED,78000000.0
APLAPOLLO,2022-03-31,Independent,APL INFRASTRUCTURE PRIVATE LIMITED,78000000.0
APLAPOLLO,2022-06-30,Independent,APL INFRASTRUCTURE PRIVATE LIMITED,78000000.0
APLAPOLLO,2022-09-30,Independent,APL INFRASTRUCTURE PRIVATE LIMITED,78000000.0
APLAPOLLO,2022-11-09,Independent,APL INFRASTRUCTURE PRIVATE LIMITED,78000000.0
APLAPOLLO,2022-12-31,Independent,APL INFRASTRUCTURE PRIVATE LIMITED,78000000.0
APLAPOLLO,2023-03-31,Independent,APL INFRASTRUCTURE PRIVATE LIMITED,78000000.0
APLAPOLLO,2023-06-30,Independent,APL INFRASTRUCTURE PRIVATE LIMITED,76860062.0
APLAPOLLO,2023-09-30,Independent,APL INFRASTRUCTURE PRIVATE LIMITED,76860062.0
APLAPOLLO,2023-12-31,Independent,APL INFRASTRUCTURE PRIVATE LIMITED,76860062.0
APLAPOLLO,2024-03-31,Independent,APL INFRASTRUCTURE PRIVATE LIMITED,76860062.0
APLAPOLLO,2024-06-30,Independent,APL INFRASTRUCTURE PRIVATE LIMITED,73860062.0
APLAPOLLO,2024-09-30,Independent,APL INFRASTRUCTURE PRIVATE LIMITED,73860062.0
APLAPOLLO,2024-12-31,Independent,S GUPTA HOLDING PRIVATE LIMITED,73860062.0
APLAPOLLO,2025-03-31,Independent,S GUPTA HOLDING PRIVATE LIMITED,73860062.0
APLAPOLLO,2025-06-30,Independent,S GUPTA HOLDING PRIVATE LIMITED,73860062.0
APLAPOLLO,2025-09-30,Independent,S GUPTA HOLDING PRIVATE LIMITED,73860062.0
APLAPOLLO,2025-12-31,Independent,S GUPTA HOLDING PRIVATE LIMITED,73860062.0
APLLTD,2014-03-31,Independent,,0.0
APLLTD,2014-06-30,Independent,,0.0
APLLTD,2014-09-30,Independent,,0.0
APLLTD,2014-12-31,Independent,,0.0
APLLTD,2015-03-31,Independent,,0.0
APLLTD,2015-06-30,Independent,,0.0
APLLTD,2015-09-30,Independent,,0.0
APLLTD,2016-03-31,Independent,Alembic Limited,55000000.0
APLLTD,2016-06-30,Independent,Alembic Limited,55000000.0
APLLTD,2016-09-30,Independent,Alembic Limited,55000000.0
APLLTD,2016-12-31,Independent,Body Corporate,125037190.0
APLLTD,2017-03-31,Independent,Body Corporate,125036290.0
APLLTD,2017-06-30,Independent,Body Corporate,125036290.0
APLLTD,2017-09-30,Independent,Body Corporate,125036290.0
APLLTD,2017-12-31,Independent,Body Corporate,125036290.0
APLLTD,2018-03-31,Independent,Alembic Limited,55471208.0
APLLTD,2018-06-30,Independent,Alembic Limited,55541528.0
APLLTD,2018-09-30,Independent,Alembic Limited,55541528.0
APLLTD,2018-12-31,Independent,Alembic Limited,55541528.0
APLLTD,2019-03-31,Independent,Alembic Limited,55551528.0
APLLTD,2019-06-30,Independent,Alembic Limited,55551528.0
APLLTD,2019-09-30,Independent,Nirayu  Pvt  Limited,70035435.0
APLLTD,2019-12-31,Independent,Nirayu Limited,70035435.0
APLLTD,2020-03-31,Independent,Nirayu Limited,70035435.0
APLLTD,2020-06-30,Independent,Nirayu Limited,70035435.0
APLLTD,2020-08-07,Independent,Nirayu Limited,70035435.0
APLLTD,2020-09-30,Independent,Nirayu Limited,70035435.0
APLLTD,2020-12-31,Independent,Nirayu Limited,70035435.0
APLLTD,2021-03-31,Independent,Nirayu Limited,70035435.0
APLLTD,2021-06-30,Independent,Nirayu Limited,70035435.0
APLLTD,2021-09-30,Independent,Nirayu Limited,70035435.0
APLLTD,2021-12-31,Independent,Nirayu Limited,70035435.0
APLLTD,2022-03-31,Independent,Nirayu Limited,70035435.0
APLLTD,2022-06-30,Independent,Nirayu Limited,70035435.0
APLLTD,2022-09-30,Independent,Nirayu Limited,70035435.0
APLLTD,2022-12-31,Independent,Nirayu Limited,70035435.0
APLLTD,2023-03-31,Independent,Nirayu Limited,70035435.0
APLLTD,2023-06-30,Independent,Nirayu Limited,70035435.0
APLLTD,2023-09-30,Independent,Nirayu Limited,70035435.0
APLLTD,2023-12-31,Independent,Nirayu Limited,70035435.0
APLLTD,2024-03-31,Independent,Nirayu Limited,70035435.0
APLLTD,2024-06-30,Independent,Nirayu Limited,70035435.0
APLLTD,2024-09-30,Independent,Nirayu Limited,70035435.0
APLLTD,2024-12-31,Independent,Nirayu Limited,70035435.0
APLLTD,2025-03-31,Independent,Nirayu Limited,70047035.0
APLLTD,2025-06-30,Independent,Nirayu Limited,70055700.0
APLLTD,2025-09-30,Independent,Nirayu Private Limited,70070700.0
APLLTD,2025-12-31,Independent,Nirayu Private Limited,70070700.0
APOLLOHOSP,2014-03-31,Independent,,0.0
APOLLOHOSP,2014-06-30,Independent,,0.0
APOLLOHOSP,2014-09-30,Independent,,0.0
APOLLOHOSP,2014-12-31,Independent,,0.0
APOLLOHOSP,2015-03-31,Independent,,0.0
APOLLOHOSP,2015-06-30,Independent,,0.0
APOLLOHOSP,2015-09-30,Independent,,0.0
APOLLOHOSP,2015-12-31,Independent,PCR INVESTMENTS LIMITED,27223124.0
APOLLOHOSP,2016-03-31,Independent,CORPORATE BODY,27237924.0
APOLLOHOSP,2016-06-30,Independent,CORPORATE BODY,27237924.0
APOLLOHOSP,2016-09-30,Independent,CORPORATE BODY,27237924.0
APOLLOHOSP,2016-12-31,Independent,Body Corporate,27237924.0
APOLLOHOSP,2017-03-31,Independent,Body Corporate,27237924.0
APOLLOHOSP,2017-06-30,Independent,Body Corporate,27237924.0
APOLLOHOSP,2017-09-30,Independent,Body Corporate,27270624.0
APOLLOHOSP,2017-12-31,Independent,Body Corporate,27278724.0
APOLLOHOSP,2018-03-31,Independent,PCR INVESTMENTS,27223124.0
APOLLOHOSP,2018-06-30,Independent,PCR INVESTMENTS,27223124.0
APOLLOHOSP,2018-09-30,Independent,PCR INVESTMENTS,27223124.0
APOLLOHOSP,2018-12-31,Independent,PCR INVESTMENTS,27223124.0
APOLLOHOSP,2019-03-31,Independent,PCR INVESTMENTS,27223124.0
APOLLOHOSP,2019-06-30,Independent,PCR INVESTMENTS,27223124.0
APOLLOHOSP,2019-09-30,Independent,M/s. PCR Investments Ltd,27223124.0
APOLLOHOSP,2019-12-31,Independent,M/s. PCR Investments Ltd,27223124.0
APOLLOHOSP,2020-03-31,Independent,M/s. PCR Investments Ltd,27223124.0
APOLLOHOSP,2020-06-30,Independent,M/s. PCR Investments Ltd,27223124.0
APOLLOHOSP,2020-09-30,Independent,M/s. PCR Investments Ltd,27223124.0
APOLLOHOSP,2020-12-31,Independent,M/s. PCR Investments Ltd,27223124.0
APOLLOHOSP,2021-01-23,Independent,M/s. PCR Investments Ltd,27223124.0
APOLLOHOSP,2021-03-31,Independent,M/s. PCR Investments Ltd,27223124.0
APOLLOHOSP,2021-06-30,Independent,M/s. PCR Investments Ltd,27223124.0
APOLLOHOSP,2021-09-30,Independent,M/s. PCR Investments Ltd,27223124.0
APOLLOHOSP,2021-12-31,Independent,M/s. PCR Investments Ltd,27223124.0
APOLLOHOSP,2022-03-31,Independent,M/s. PCR Investments Ltd,27223124.0
APOLLOHOSP,2022-06-30,Independent,M/s. PCR Investments Ltd,27223124.0
APOLLOHOSP,2022-09-30,Independent,M/s. PCR Investments Ltd,27223124.0
APOLLOHOSP,2022-12-31,Independent,M/s. PCR Investments Ltd,27223124.0
APOLLOHOSP,2023-03-31,Independent,M/s. PCR Investments Ltd,27223124.0
APOLLOHOSP,2023-06-30,Independent,M/s. PCR Investments Ltd,27223124.0
APOLLOHOSP,2023-09-30,Independent,M/s. PCR Investments Ltd,27223124.0
APOLLOHOSP,2023-12-31,Independent,M/s. PCR Investments Ltd,27223124.0
APOLLOHOSP,2024-03-31,Independent,M/s. PCR Investments Ltd,27223124.0
APOLLOHOSP,2024-06-30,Independent,M/s. PCR Investments Ltd,27223124.0
APOLLOHOSP,2024-09-30,Independent,M/s. PCR Investments Ltd,27223124.0
APOLLOHOSP,2024-12-31,Independent,M/s. PCR Investments Ltd,27223124.0
APOLLOHOSP,2025-03-31,Independent,M/s. PCR Investments Ltd,27223124.0
APOLLOHOSP,2025-06-30,Independent,M/s. PCR Investments Ltd,27223124.0
APOLLOHOSP,2025-09-30,Independent,M/s. PCR Investments Ltd,27223124.0
APOLLOHOSP,2025-12-31,Independent,M/s. PCR Investments Ltd,27223124.0
APOLLOTYRE,2014-03-31,Independent,,0.0
APOLLOTYRE,2014-06-30,Independent,,0.0
APOLLOTYRE,2014-09-30,Independent,,0.0
APOLLOTYRE,2014-12-31,Independent,,0.0
APOLLOTYRE,2015-03-31,Independent,,0.0
APOLLOTYRE,2015-06-30,Independent,,0.0
APOLLOTYRE,2015-09-30,Independent,,0.0
APOLLOTYRE,2015-12-31,Independent,NEERAJ CONSULTANTS PVT LTD,42508142.0
APOLLOTYRE,2016-03-31,Independent,NEERAJ CONSULTANTS PVT LTD,42508142.0
APOLLOTYRE,2016-06-30,Independent,NEERAJ CONSULTANTS PVT LTD,42508142.0
APOLLOTYRE,2016-09-30,Independent,Body Corporates,216949951.0
APOLLOTYRE,2016-12-31,Independent,Body Corporate,216949951.0
APOLLOTYRE,2017-03-31,Independent,Body Corporate,221056732.0
APOLLOTYRE,2017-06-30,Independent,Body Corporate,221856732.0
APOLLOTYRE,2017-09-30,Independent,Body Corporate,221856732.0
APOLLOTYRE,2017-10-10,Independent,NEERAJ CONSULTANTS PVT LTD,72138999.0
APOLLOTYRE,2017-12-31,Independent,Body Corporate,222716712.0
APOLLOTYRE,2018-03-31,Independent,NEERAJ CONSULTANTS PVT LTD,73827161.0
APOLLOTYRE,2018-06-30,Independent,NEERAJ CONSULTANTS PVT LTD,73827161.0
APOLLOTYRE,2018-09-30,Independent,NEERAJ CONSULTANTS PVT LTD,73827161.0
APOLLOTYRE,2018-12-31,Independent,NEERAJ CONSULTANTS PVT LTD,73827161.0
APOLLOTYRE,2019-03-31,Independent,NEERAJ CONSULTANTS PVT LTD,73827161.0
APOLLOTYRE,2019-06-30,Independent,Neeraj Consultants Pvt. Ltd,73827161.0
APOLLOTYRE,2019-09-30,Independent,Neeraj Consultants Pvt Ltd.,73827161.0
APOLLOTYRE,2019-12-31,Independent,Neeraj Consultants Pvt Ltd.,73827161.0
APOLLOTYRE,2020-03-31,Independent,Neeraj Consultants Pvt Ltd.,73827161.0
APOLLOTYRE,2020-06-30,Independent,Neeraj Consultants Pvt Ltd.,73827161.0
APOLLOTYRE,2020-09-30,Independent,Sunrays Properties & Investment Co. Pvt Ltd.,130293784.0
APOLLOTYRE,2020-12-05,Independent,Sunrays Properties & Investment Co. Pvt Ltd.,130293784.0
APOLLOTYRE,2020-12-31,Independent,Sunrays Properties & Investment Co. Pvt Ltd.,130293784.0
APOLLOTYRE,2021-03-31,Independent,Sunrays Properties & Investment Co. Pvt Ltd.,128393784.0
APOLLOTYRE,2021-06-30,Independent,Sunrays Properties & Investment Co. Pvt Ltd.,128393784.0
APOLLOTYRE,2021-09-30,Independent,Sunrays Properties & Investment Co. Pvt Ltd.,126593324.0
APOLLOTYRE,2021-12-31,Independent,Sunrays Properties & Investment Co. Pvt Ltd.,126593324.0
APOLLOTYRE,2022-03-31,Independent,Sunrays Properties & Investment Co. Pvt Ltd.,126593324.0
APOLLOTYRE,2022-06-30,Independent,Sunrays Properties & Investment Co. Pvt Ltd.,126593324.0
APOLLOTYRE,2022-09-30,Independent,Sunrays Properties & Investment Co. Pvt Ltd.,126593324.0
APOLLOTYRE,2022-12-31,Independent,Sunrays Properties & Investment Co. Pvt Ltd.,126593324.0
APOLLOTYRE,2023-03-31,Independent,Sunrays Properties & Investment Co. Pvt. Ltd,125613324.0
APOLLOTYRE,2023-06-30,Independent,Sunrays Properties & Investment Co. Pvt. Ltd.,202184076.0
APOLLOTYRE,2023-09-30,Independent,Sunrays Properties & Investment Co. Pvt. Ltd.,202184076.0
APOLLOTYRE,2023-12-31,Independent,Sunrays Properties & Investment Co. Pvt. Ltd.,202184076.0
APOLLOTYRE,2024-03-31,Independent,Sunrays Properties & Investment Co. Pvt. Ltd.,202284076.0
APOLLOTYRE,2024-06-30,Independent,Sunrays Properties & Investment Co. Pvt. Ltd.,202284076.0
APOLLOTYRE,2024-09-30,Independent,Sunrays Properties & Investment Co. Pvt. Ltd.,202284076.0
APOLLOTYRE,2024-12-31,Independent,Sunrays Properties & Investment Co. Pvt. Ltd.,202284076.0
APOLLOTYRE,2025-03-31,Independent,Sunrays Properties & Investment Co. Pvt. Ltd.,202284076.0
APOLLOTYRE,2025-06-30,Independent,Sunrays Properties & Investment Co. Pvt. Ltd.,202284076.0
APOLLOTYRE,2025-09-30,Independent,SUNRAYS PROPERTIES AND INVESTMENT COMPANY PVT LTD,202284076.0
APOLLOTYRE,2025-12-31,Independent,SUNRAYS PROPERTIES & INVESTMENT CO. PVT. LTD.,202284076.0
ARVIND,2014-03-31,Independent,,0.0
ARVIND,2014-06-30,Independent,,0.0
ARVIND,2014-09-30,Independent,,0.0
ARVIND,2014-12-31,Independent,,0.0
ARVIND,2015-03-31,Independent,,0.0
ARVIND,2015-06-30,Independent,,0.0
ARVIND,2015-09-30,Independent,,0.0
ARVIND,2016-03-31,Independent,Sanjaybhai Shrenikbhai Lalbhai,811564.0
ARVIND,2016-06-30,Independent,Aura Securities Private Limited,97362310.0
ARVIND,2016-09-30,Independent,Aura Securities Private Limited,97362310.0
ARVIND,2016-12-31,Independent,Body Corporate,111913049.0
ARVIND,2017-03-31,Independent,Body Corporate,110922549.0
ARVIND,2017-06-30,Independent,Body Corporate,110922549.0
ARVIND,2017-09-30,Independent,Body Corporate,110922549.0
ARVIND,2017-12-31,Independent,Body Corporate,110922549.0
ARVIND,2018-03-31,Independent,Aura Securities Private Limited,95561810.0
ARVIND,2018-06-30,Independent,Aura Securities Private Limited,95561810.0
ARVIND,2018-09-30,Independent,Aura Securities Private Limited,95561810.0
ARVIND,2018-12-31,Independent,Aura Securities Private Limited,95561810.0
ARVIND,2019-03-31,Independent,Aura Securities Private Limited,95561810.0
ARVIND,2019-06-30,Independent,Aura Securities Private Limited,95561810.0
ARVIND,2019-09-30,Independent,Aura Securities Private Limited,95561810.0
ARVIND,2019-12-31,Independent,Aura Securities Private Limited,95561810.0
ARVIND,2020-03-31,Independent,Aura Securities Private Limited,95561810.0
ARVIND,2020-06-30,Independent,Aura Securities Private Limited,95561810.0
ARVIND,2020-09-30,Independent,Aura Securities Private Limited,95561810.0
ARVIND,2020-12-31,Independent,Aura Securities Private Limited,95561810.0
ARVIND,2021-03-31,Independent,Aura Securities Private Limited,95561810.0
ARVIND,2021-06-30,Independent,Aura Securities Private Limited,95561810.0
ARVIND,2021-09-30,Independent,Aura Securities Private Limited,95561810.0
ARVIND,2021-12-31,Independent,Aura Securities Private Limited,93730590.0
ARVIND,2022-03-31,Independent,Aura Securities Private Limited,93730590.0
ARVIND,2022-06-30,Independent,Aura Securities Private Limited,93730590.0
ARVIND,2022-09-30,Independent,Aura Securities Private Limited,93730590.0
ARVIND,2022-12-31,Independent,Aura Securities Private Limited,93730590.0
ARVIND,2023-03-31,Independent,Aura Securities Private Limited,93730590.0
ARVIND,2023-06-30,Independent,Aura Securities Private Limited,93730590.0
ARVIND,2023-09-30,Independent,Aura Securities Private Limited,93730590.0
ARVIND,2023-12-31,Independent,Aura Securities Private Limited,93730590.0
ARVIND,2024-03-31,Independent,Aura Securities Private Limited,93730590.0
ARVIND,2024-06-30,Independent,Aura Securities Private Limited,89730590.0
ARVIND,2024-09-30,Independent,Aura Securities Private Limited,89730590.0
ARVIND,2024-12-31,Independent,Aura Securities Private Limited,89730590.0
ARVIND,2025-03-31,Independent,Aura Securities Private Limited,89730590.0
ARVIND,2025-06-30,Independent,Aura Securities Private Limited,89730590.0
ARVIND,2025-09-30,Independent,Aura Securities Private Limited,89730590.0
ARVIND,2025-12-31,Independent,Aura Securities Private Limited,89730590.0
ASHOKLEY,2014-03-31,Independent,,0.0
ASHOKLEY,2014-06-30,Independent,,0.0
ASHOKLEY,2014-07-04,Independent,,0.0
ASHOKLEY,2014-09-30,Independent,,0.0
ASHOKLEY,2014-12-31,Independent,,0.0
ASHOKLEY,2015-03-31,Independent,,0.0
ASHOKLEY,2015-06-30,Independent,,0.0
ASHOKLEY,2015-09-30,Independent,,0.0
ASHOKLEY,2016-03-31,Independent,CORPORATE BODY -FOREIGN BODY,959742835.0
ASHOKLEY,2016-06-30,Independent,CORPORATE BODY -FOREIGN BODY,959742835.0
ASHOKLEY,2016-09-30,Independent,CORPORATE BODY -FOREIGN BODY,959742835.0
ASHOKLEY,2016-12-31,Independent,Hinduja Automotive Limited,959742835.0
ASHOKLEY,2017-03-31,Independent,Hinduja Automotive Limited- Corporate Body - Foreign Body,959742835.0
ASHOKLEY,2017-06-13,Independent,Body Corporate,965668678.0
ASHOKLEY,2017-06-30,Independent,Body Corporate,965668678.0
ASHOKLEY,2017-09-30,Independent,Body Corporate,965668678.0
ASHOKLEY,2017-12-31,Independent,Hinduja Automotive Limited- Corporate Body - Foreign Body,1019428678.0
ASHOKLEY,2018-03-31,Independent,Hinduja Automotive Limited- Corporate Body - Foreign Body,1019428678.0
ASHOKLEY,2018-06-30,Independent,Hinduja Automotive Limited- Corporate Body - Foreign Body,1019428678.0
ASHOKLEY,2018-09-30,Independent,Hinduja Automotive Limited- Corporate Body - Foreign Body,1019428678.0
ASHOKLEY,2018-12-31,Independent,HINDUJA AUTOMOTIVE LIMITED,1019428678.0
ASHOKLEY,2019-03-31,Independent,HINDUJA AUTOMOTIVE LIMITED,1019428678.0
ASHOKLEY,2019-06-30,Independent,HINDUJA AUTOMOTIVE LIMITED,1019428678.0
ASHOKLEY,2019-09-30,Independent,HINDUJA AUTOMOTIVE LIMITED,1019428678.0
ASHOKLEY,2019-12-31,Independent,HINDUJA AUTOMOTIVE LIMITED,1019428678.0
ASHOKLEY,2020-03-31,Independent,HINDUJA AUTOMOTIVE LIMITED,1019428678.0
ASHOKLEY,2020-06-30,Independent,HINDUJA AUTOMOTIVE LIMITED,1019428678.0
ASHOKLEY,2020-09-30,Independent,HINDUJA AUTOMOTIVE LIMITED,1019428678.0
ASHOKLEY,2020-12-31,Independent,HINDUJA AUTOMOTIVE LIMITED,1019428678.0
ASHOKLEY,2021-03-31,Independent,HINDUJA AUTOMOTIVE LIMITED,1019428678.0
ASHOKLEY,2021-06-30,Independent,HINDUJA AUTOMOTIVE LIMITED,1019428678.0
ASHOKLEY,2021-09-30,Independent,HINDUJA AUTOMOTIVE LIMITED,1019428678.0
ASHOKLEY,2021-12-31,Independent,HINDUJA AUTOMOTIVE LIMITED,1019428678.0
ASHOKLEY,2022-03-31,Independent,HINDUJA AUTOMOTIVE LIMITED,1019428678.0
ASHOKLEY,2022-06-30,Independent,HINDUJA AUTOMOTIVE LIMITED,1019428678.0
ASHOKLEY,2022-09-30,Independent,HINDUJA AUTOMOTIVE LIMITED,1019428678.0
ASHOKLEY,2022-12-31,Independent,HINDUJA AUTOMOTIVE LIMITED,1019428678.0
ASHOKLEY,2023-03-31,Independent,HINDUJA AUTOMOTIVE LIMITED,1019428678.0
ASHOKLEY,2023-06-30,Independent,HINDUJA AUTOMOTIVE LIMITED,1019428678.0
ASHOKLEY,2023-09-30,Independent,HINDUJA AUTOMOTIVE LIMITED,1019428678.0
ASHOKLEY,2023-12-31,Independent,HINDUJA AUTOMOTIVE LIMITED,1019428678.0
ASHOKLEY,2024-03-31,Independent,HINDUJA AUTOMOTIVE LIMITED,1019428678.0
ASHOKLEY,2024-06-30,Independent,HINDUJA AUTOMOTIVE LIMITED,1019428678.0
ASHOKLEY,2024-09-30,Independent,HINDUJA AUTOMOTIVE LIMITED,1019428678.0
ASHOKLEY,2024-12-31,Independent,HINDUJA AUTOMOTIVE LIMITED,1019428678.0
ASHOKLEY,2025-03-31,Independent,HINDUJA AUTOMOTIVE LIMITED,1019428678.0
ASHOKLEY,2025-06-30,Independent,HINDUJA AUTOMOTIVE LIMITED,1019428678.0
ASHOKLEY,2025-07-17,Independent,HINDUJA AUTOMOTIVE LIMITED,2038857356.0
ASHOKLEY,2025-09-30,Independent,HINDUJA AUTOMOTIVE LIMITED,2038857356.0
ASHOKLEY,2025-12-31,Independent,HINDUJA AUTOMOTIVE LIMITED,2038857356.0
ASIANPAINT,2014-03-31,Independent,,0.0
ASIANPAINT,2014-06-30,Independent,,0.0
ASIANPAINT,2014-09-30,Independent,,0.0
ASIANPAINT,2014-12-31,Independent,,0.0
ASIANPAINT,2015-03-31,Independent,,0.0
ASIANPAINT,2015-06-30,Independent,,0.0
ASIANPAINT,2015-09-30,Independent,,0.0
ASIANPAINT,2015-12-31,Independent,SMITI HOLDING AND TRADING COMPANY PRIVATE LIMITED,54084120.0
ASIANPAINT,2016-03-31,Independent,SMITI HOLDING AND TRADING COMPANY PRIVATE LIMITED,54084120.0
ASIANPAINT,2016-06-30,Independent,SMITI HOLDING AND TRADING COMPANY PRIVATE LIMITED,54084120.0
ASIANPAINT,2016-09-30,Independent,SMITI HOLDING AND TRADING COMPANY PRIVATE LIMITED,54084120.0
ASIANPAINT,2016-12-31,Independent,Body Corporate,403922685.0
ASIANPAINT,2017-03-31,Independent,Body Corporate,403922685.0
ASIANPAINT,2017-06-30,Independent,Body Corporate,403922685.0
ASIANPAINT,2017-09-30,Independent,Body Corporate,403922685.0
ASIANPAINT,2017-12-31,Independent,Body Corporate,403922685.0
ASIANPAINT,2018-03-31,Independent,SMITI HOLDING AND TRADING COMPANY PRIVATE LIMITED,54084120.0
ASIANPAINT,2018-06-30,Independent,SMITI HOLDING AND TRADING COMPANY PRIVATE LIMITED,54084120.0
ASIANPAINT,2018-09-30,Independent,SMITI HOLDING AND TRADING COMPANY PRIVATE LIMITED,54084120.0
ASIANPAINT,2018-12-31,Independent,SMITI HOLDING AND TRADING COMPANY PRIVATE LIMITED,54084120.0
ASIANPAINT,2019-03-31,Independent,SMITI HOLDING AND TRADING COMPANY PRIVATE LIMITED,54084120.0
ASIANPAINT,2019-06-30,Independent,SMITI HOLDING AND TRADING COMPANY PRIVATE LIMITED,54084120.0
ASIANPAINT,2019-09-30,Independent,SMITI HOLDING AND TRADING COMPANY PRIVATE LIMITED,54714120.0
ASIANPAINT,2019-12-31,Independent,SMITI HOLDING AND TRADING COMPANY PRIVATE LIMITED,54771620.0
ASIANPAINT,2020-03-31,Independent,SATTVA HOLDING AND TRADING PRIVATE LIMITED,56388682.0
ASIANPAINT,2020-06-30,Independent,SATTVA HOLDING AND TRADING PRIVATE LIMITED,56388682.0
ASIANPAINT,2020-09-30,Independent,SATTVA HOLDING AND TRADING PRIVATE LIMITED,56388682.0
ASIANPAINT,2020-12-31,Independent,SATTVA HOLDING AND TRADING PRIVATE LIMITED,56388682.0
ASIANPAINT,2021-03-31,Independent,Sattva Holding And Trading Private Limited,56388682.0
ASIANPAINT,2021-06-30,Independent,Sattva Holding And Trading Private Limited,56388682.0
ASIANPAINT,2021-09-30,Independent,Sattva Holding And Trading Private Limited,56388682.0
ASIANPAINT,2021-12-31,Independent,Smiti Holding And Trading Company Private Limited,55339068.0
ASIANPAINT,2022-03-31,Independent,Smiti Holding And Trading Company Private Limited,55339068.0
ASIANPAINT,2022-06-30,Independent,Smiti Holding And Trading Company Private Limited,55339068.0
ASIANPAINT,2022-09-30,Independent,Smiti Holding And Trading Company Private Limited,55339068.0
ASIANPAINT,2022-12-31,Independent,Smiti Holding And Trading Company Private Limited,55339068.0
ASIANPAINT,2023-03-31,Independent,Smiti Holding and Trading Company Private Limited,55339068.0
ASIANPAINT,2023-06-30,Independent,Smiti Holding and Trading Company Private Limited,55339068.0
ASIANPAINT,2023-09-30,Independent,Smiti Holding and Trading Company Private Limited,55339068.0
ASIANPAINT,2023-12-31,Independent,Smiti Holding and Trading Company Private Limited,55339068.0
ASIANPAINT,2024-03-31,Independent,Sattva Holding and Trading Private Limited,54789183.0
ASIANPAINT,2024-06-30,Independent,Sattva Holding and Trading Private Limited,54789183.0
ASIANPAINT,2024-09-30,Independent,Sattva Holding and Trading Private Limited,54789183.0
ASIANPAINT,2024-12-31,Independent,Sattva Holding and Trading Private Limited,54789183.0
ASIANPAINT,2025-03-31,Independent,Sattva Holding and Trading Private Limited,54789183.0
ASIANPAINT,2025-06-30,Independent,Sattva Holding and Trading Private Limited,54789183.0
ASIANPAINT,2025-09-30,Independent,Sattva Holding and Trading Private Limited,54789183.0
ASIANPAINT,2025-12-31,Independent,Sattva Holding and Trading Private Limited,54789183.0
ASTRAL,2014-03-31,Independent,,0.0
ASTRAL,2014-06-30,Independent,,0.0
ASTRAL,2014-09-30,Independent,,0.0
ASTRAL,2014-12-10,Independent,,0.0
ASTRAL,2014-12-31,Independent,,0.0
ASTRAL,2015-03-31,Independent,,0.0
ASTRAL,2015-06-30,Independent,,0.0
ASTRAL,2015-09-30,Independent,,0.0
ASTRAL,2015-12-31,Independent,SANDEEP PRAVINBHAI ENGINEER,23671410.0
ASTRAL,2016-03-31,Independent,SANDEEP PRAVINBHAI ENGINEER,23671410.0
ASTRAL,2016-06-30,Independent,SANDEEP PRAVINBHAI ENGINEER,23671410.0
ASTRAL,2016-09-30,Independent,BODY CORPORATE,25624810.0
ASTRAL,2016-12-31,Independent,Body Corporate,25624810.0
ASTRAL,2017-03-31,Independent,Mr.	SANDEEP PRAVINBHAI ENGINEER,37842460.0
ASTRAL,2017-06-30,Independent,SANDEEP PRAVINBHAI ENGINEER,37842460.0
ASTRAL,2017-09-30,Independent,SANDEEP PRAVINBHAI ENGINEER,37842460.0
ASTRAL,2017-12-31,Independent,SANDEEP PRAVINBHAI ENGINEER,37842460.0
ASTRAL,2018-03-31,Independent,SANDEEP PRAVINBHAI ENGINEER,37842460.0
ASTRAL,2018-06-30,Independent,SANDEEP PRAVINBHAI ENGINEER,37842460.0
ASTRAL,2018-09-30,Independent,SANDEEP PRAVINBHAI ENGINEER,37842460.0
ASTRAL,2018-12-31,Independent,SANDEEP PRAVINBHAI ENGINEER,37842460.0
ASTRAL,2019-03-31,Independent,SANDEEP PRAVINBHAI ENGINEER,37842460.0
ASTRAL,2019-06-30,Independent,SANDEEP PRAVINBHAI ENGINEER,37842460.0
ASTRAL,2019-09-19,Independent,SANDEEP PRAVINBHAI ENGINEER,47303074.0
ASTRAL,2019-09-30,Independent,SANDEEP PRAVINBHAI ENGINEER,47303074.0
ASTRAL,2019-12-31,Independent,SANDEEP PRAVINBHAI ENGINEER,47303074.0
ASTRAL,2020-03-31,Independent,SANDEEP PRAVINBHAI ENGINEER,47303074.0
ASTRAL,2020-06-30,Independent,SANDEEP PRAVINBHAI ENGINEER,47303074.0
ASTRAL,2020-09-30,Independent,SANDEEP PRAVINBHAI ENGINEER,47303074.0
ASTRAL,2020-12-31,Independent,SANDEEP PRAVINBHAI ENGINEER,47303074.0
ASTRAL,2021-03-20,Independent,SANDEEP PRAVINBHAI ENGINEER,63070765.0
ASTRAL,2021-03-31,Independent,SANDEEP PRAVINBHAI ENGINEER,63070765.0
ASTRAL,2021-06-30,Independent,SANDEEP PRAVINBHAI ENGINEER,63070765.0
ASTRAL,2021-09-30,Independent,SANDEEP PRAVINBHAI ENGINEER,63070765.0
ASTRAL,2021-12-31,Independent,SANDEEP PRAVINBHAI ENGINEER,63070765.0
ASTRAL,2022-03-31,Independent,SANDEEP PRAVINBHAI ENGINEER,63070765.0
ASTRAL,2022-06-30,Independent,SANDEEP PRAVINBHAI ENGINEER,63070765.0
ASTRAL,2022-09-30,Independent,SANDEEP PRAVINBHAI ENGINEER,63603265.0
ASTRAL,2022-12-31,Independent,SANDEEP PRAVINBHAI ENGINEER,63612914.0
ASTRAL,2023-03-15,Independent,SANDEEP PRAVINBHAI ENGINEER,84817218.0
ASTRAL,2023-03-31,Independent,SANDEEP PRAVINBHAI ENGINEER,84817218.0
ASTRAL,2023-06-30,Independent,SANDEEP PRAVINBHAI ENGINEER,84817218.0
ASTRAL,2023-09-30,Independent,SANDEEP PRAVINBHAI ENGINEER,84817218.0
ASTRAL,2023-12-31,Independent,SANDEEP PRAVINBHAI ENGINEER,84817218.0
ASTRAL,2024-03-31,Independent,SANDEEP PRAVINBHAI ENGINEER,84817218.0
ASTRAL,2024-06-30,Independent,SANDEEP PRAVINBHAI ENGINEER,84817218.0
ASTRAL,2024-09-30,Independent,SANDEEP PRAVINBHAI ENGINEER,84817218.0
ASTRAL,2024-12-31,Independent,SANDEEP PRAVINBHAI ENGINEER,84817118.0
ASTRAL,2025-03-31,Independent,SANDEEP PRAVINBHAI ENGINEER,84817118.0
ASTRAL,2025-06-30,Independent,SANDEEP PRAVINBHAI ENGINEER,84817118.0
ASTRAL,2025-09-30,Independent,SANDEEP PRAVINBHAI ENGINEER,84817118.0
ASTRAL,2025-12-31,Independent,SANDEEP PRAVINBHAI ENGINEER,84817118.0
ATGL,2018-11-03,Adani,Shri Gautam S. Adani/Shri Rajesh S. Adani (on behalf of S. B. Adani Family Trust),621197910.0
ATGL,2018-12-31,Adani,Shri Gautam S. Adani/Shri Rajesh S. Adani (on behalf of S. B. Adani Family Trust),619697910.0
ATGL,2019-03-31,Adani,Shri Gautam S. Adani/Shri Rajesh S. Adani (on behalf of S. B. Adani Family Trust),619697910.0
ATGL,2019-06-30,Adani,Shri Gautam S. Adani/Shri Rajesh S. Adani (on behalf of S. B. Adani Family Trust),619697910.0
ATGL,2019-09-30,Adani,Shri Gautam S. Adani/Shri Rajesh S. Adani (on behalf of S. B. Adani Family Trust),619697910.0
ATGL,2019-12-31,Adani,Shri Gautam S. Adani/Shri Rajesh S. Adani (on behalf of S. B. Adani Family Trust),619697910.0
ATGL,2020-03-31,Adani,Shri Gautam S. Adani/Shri Rajesh S. Adani (on behalf of S. B. Adani Family Trust),402295584.0
ATGL,2020-06-30,Adani,Shri Gautam S. Adani/Shri Rajesh S. Adani (on behalf of S. B. Adani Family Trust),402295584.0
ATGL,2020-09-30,Adani,Shri Gautam S. Adani/Shri Rajesh S. Adani (on behalf of S. B. Adani Family Trust),402295584.0
ATGL,2020-12-31,Adani,Shri Gautam S. Adani/Shri Rajesh S. Adani (on behalf of S. B. Adani Family Trust),402295584.0
ATGL,2021-03-31,Adani,Shri Gautam S. Adani/Shri Rajesh S. Adani (on behalf of S. B. Adani Family Trust),402294988.0
ATGL,2021-06-30,Adani,Shri Gautam S. Adani/Shri Rajesh S. Adani (on behalf of S. B. Adani Family Trust),402294988.0
ATGL,2021-09-30,Adani,Shri Gautam S. Adani/Shri Rajesh S. Adani (on behalf of S. B. Adani Family Trust),402294988.0
ATGL,2021-12-31,Adani,Shri Gautam S. Adani/Shri Rajesh S. Adani (on behalf of S. B. Adani Family Trust),402294988.0
ATGL,2022-03-31,Adani,Shri Gautam S. Adani/Shri Rajesh S. Adani (on behalf of S. B. Adani Family Trust),402294988.0
ATGL,2022-06-30,Adani,Shri Gautam S. Adani/Shri Rajesh S. Adani (on behalf of S. B. Adani Family Trust),411131738.0
ATGL,2022-09-30,Adani,Shri Gautam S. Adani/Shri Rajesh S. Adani (on behalf of S. B. Adani Family Trust),411131738.0
ATGL,2022-12-31,Adani,Shri Gautam S. Adani/Shri Rajesh S. Adani (on behalf of S. B. Adani Family Trust),411131738.0
ATGL,2023-03-31,Adani,Shri Gautam S. Adani/Shri Rajesh S. Adani (on behalf of S. B. Adani Family Trust),411131738.0
ATGL,2023-06-30,Adani,Shri Gautam S. Adani/Shri Rajesh S. Adani (on behalf of S. B. Adani Family Trust),411131738.0
ATGL,2023-09-30,Adani,Shri Gautam S. Adani/Shri Rajesh S. Adani (on behalf of S. B. Adani Family Trust),411131738.0
ATGL,2023-12-31,Adani,Shri Gautam S. Adani/Shri Rajesh S. Adani (on behalf of S. B. Adani Family Trust),411131738.0
ATGL,2024-03-31,Adani,Gautambhai Shantilal Adani and Rajeshbhai Shantilal Adani (on behalf of S. B. Adani Family Trust),411131738.0
ATGL,2024-06-30,Adani,Gautambhai Shantilal Adani and Rajeshbhai Shantilal Adani (on behalf of S. B. Adani Family Trust),411131738.0
ATGL,2024-09-30,Adani,Gautambhai Shantilal Adani and Rajeshbhai Shantilal Adani (on behalf of S. B. Adani Family Trust),411131738.0
ATGL,2024-12-31,Adani,Gautambhai Shantilal Adani and Rajeshbhai Shantilal Adani (on behalf of S. B. Adani Family Trust),411131738.0
ATGL,2025-03-31,Adani,Gautambhai Shantilal Adani and Rajeshbhai Shantilal Adani (on behalf of S. B. Adani Family Trust),411131738.0
ATGL,2025-06-30,Adani,Gautambhai Shantilal Adani and Rajeshbhai Shantilal Adani (on behalf of S. B. Adani Family Trust),411131738.0
ATGL,2025-09-30,Adani,Gautambhai Shantilal Adani and Rajeshbhai Shantilal Adani (on behalf of S. B. Adani Family Trust),411131738.0
ATGL,2025-12-31,Adani,Gautambhai Shantilal Adani and Rajeshbhai Shantilal Adani (on behalf of S. B. Adani Family Trust),411131738.0
AUBANK,2017-07-07,Independent,Sanjay Agarwal,55982359.0
AUBANK,2017-09-30,Independent,Sanjay Agarwal,55982359.0
AUBANK,2017-12-31,Independent,Sanjay Agarwal,55982359.0
AUBANK,2018-03-31,Independent,Sanjay Agarwal,55982359.0
AUBANK,2018-06-30,Independent,Sanjay Agarwal,55982359.0
AUBANK,2018-09-30,Independent,Sanjay Agarwal,56766359.0
AUBANK,2018-12-31,Independent,Sanjay Agarwal,56766359.0
AUBANK,2019-03-31,Independent,Sanjay Agarwal,56766359.0
AUBANK,2019-06-30,Independent,Sanjay Agarwal,56766359.0
AUBANK,2019-09-30,Independent,Sanjay Agarwal,56766359.0
AUBANK,2019-12-13,Independent,Sanjay Agarwal,56766359.0
AUBANK,2019-12-31,Independent,Sanjay Agarwal,56766359.0
AUBANK,2020-03-31,Independent,Sanjay Agarwal,56766359.0
AUBANK,2020-06-30,Independent,Sanjay Agarwal,56766359.0
AUBANK,2020-09-30,Independent,Sanjay Agarwal,56766359.0
AUBANK,2020-12-31,Independent,Sanjay Agarwal,56766359.0
AUBANK,2021-03-31,Independent,Sanjay Agarwal,56766359.0
AUBANK,2021-06-30,Independent,Sanjay Agarwal,56766359.0
AUBANK,2021-09-30,Independent,Sanjay Agarwal,56766359.0
AUBANK,2021-12-31,Independent,Sanjay Agarwal,56766359.0
AUBANK,2022-03-31,Independent,Sanjay Agarwal,56766359.0
AUBANK,2022-06-12,Independent,Sanjay Agarwal,113532718.0
AUBANK,2022-06-30,Independent,Sanjay Agarwal,113532718.0
AUBANK,2022-08-09,Independent,Sanjay Agarwal,113532718.0
AUBANK,2022-09-30,Independent,Sanjay Agarwal,117191360.0
AUBANK,2022-12-31,Independent,Sanjay Agarwal,117191360.0
AUBANK,2023-03-31,Independent,Sanjay Agarwal,117191360.0
AUBANK,2023-06-30,Independent,Sanjay Agarwal,117191360.0
AUBANK,2023-09-30,Independent,Sanjay Agarwal,117191360.0
AUBANK,2023-12-31,Independent,Sanjay Agarwal,117191360.0
AUBANK,2024-03-31,Independent,Sanjay Agarwal,117191360.0
AUBANK,2024-04-01,Independent,Sanjay Agarwal,117191360.0
AUBANK,2024-06-30,Independent,Sanjay Agarwal,117191360.0
AUBANK,2024-09-30,Independent,Sanjay Agarwal,117191360.0
AUBANK,2024-12-31,Independent,Sanjay Agarwal,117191360.0
AUBANK,2025-03-31,Independent,Sanjay Agarwal,117191360.0
AUBANK,2025-06-30,Independent,Sanjay Agarwal,117191360.0
AUBANK,2025-09-30,Independent,Sanjay Agarwal,117191360.0
AUBANK,2025-12-31,Independent,Sanjay Agarwal,117191360.0
AUROPHARMA,2014-03-31,Independent,,0.0
AUROPHARMA,2014-06-30,Independent,,0.0
AUROPHARMA,2014-09-30,Independent,,0.0
AUROPHARMA,2014-12-31,Independent,,0.0
AUROPHARMA,2015-03-31,Independent,,0.0
AUROPHARMA,2015-06-30,Independent,,0.0
AUROPHARMA,2015-07-22,Independent,,0.0
AUROPHARMA,2015-09-30,Independent,,0.0
AUROPHARMA,2015-12-31,Independent,PENAKA SUNEELA RANI,205036760.0
AUROPHARMA,2016-03-31,Independent,P SUNEELA RANI,205036760.0
AUROPHARMA,2016-06-30,Independent,P SUNEELA RANI,205036760.0
AUROPHARMA,2016-09-30,Independent,P SUNEELA RANI,205036760.0
AUROPHARMA,2016-12-31,Independent,PENAKA SUNEELA RANI,196376250.0
AUROPHARMA,2017-03-31,Independent,Body Corporate,213760966.0
AUROPHARMA,2017-06-30,Independent,Body Corporate,213760966.0
AUROPHARMA,2017-09-30,Independent,Body Corporate,213760966.0
AUROPHARMA,2017-12-31,Independent,Body Corporate,213760966.0
AUROPHARMA,2018-03-31,Independent,"RPR SONS ADVISORS PRIVATE LIMITED, MRS.P SUNEELA RANI (JOINTLY HOLDING)",196376250.0
AUROPHARMA,2018-06-30,Independent,"RPR SONS ADVISORS PRIVATE LIMITED, MRS.P SUNEELA RANI (JOINTLY HOLDING)",196376250.0
AUROPHARMA,2018-09-30,Independent,"RPR SONS ADVISORS PRIVATE LIMITED, MRS.P SUNEELA RANI (JOINTLY HOLDING)",196376250.0
AUROPHARMA,2018-12-31,Independent,"RPR SONS ADVISORS PRIVATE, MRS.P.SUNEELA RANI (JOINTLY HOLDING)",196376250.0
AUROPHARMA,2019-03-31,Independent,"RPR SONS ADVISORS PRIVATE LIMITED, MRS.P.SUNEELA RANI (JOINTLY HOLDING)",196376250.0
AUROPHARMA,2019-06-30,Independent,"RPR SONS ADVISORS PRIVATE LIMITED, MRS.P.SUNEELA RANI (JOINTLY HOLDING)",196376250.0
AUROPHARMA,2019-09-30,Independent,"RPR SONS ADVISORS PRIVATE LIMITED, MRS.P.SUNEELA RANI (JOINTLY HOLDING)",196376250.0
AUROPHARMA,2019-12-31,Independent,"RPR SONS ADVISORS PRIVATE LIMITED, MRS.P.SUNEELA RANI (JOINTLY HOLDING)",196376250.0
AUROPHARMA,2020-03-31,Independent,"RPR SONS ADVISORS PRIVATE LIMITED, MRS.P.SUNEELA RANI (JOINTLY HOLDING)",196376250.0
AUROPHARMA,2020-06-30,Independent,"RPR SONS ADVISORS PRIVATE LIMITED, MRS.P.SUNEELA RANI (JOINTLY HOLDING)",196376250.0
AUROPHARMA,2020-09-30,Independent,"RPR SONS ADVISORS PRIVATE LIMITED, MRS.P.SUNEELA RANI (JOINTLY HOLDING)",196376250.0
AUROPHARMA,2020-12-31,Independent,"RPR SONS ADVISORS PRIVATE LIMITED, MRS.P.SUNEELA RANI (JOINTLY HOLDING)",196376250.0
AUROPHARMA,2021-03-31,Independent,"RPR SONS ADVISORS PRIVATE LIMITED, MRS.P.SUNEELA RANI (JOINTLY HOLDING)",196376250.0
AUROPHARMA,2021-06-30,Independent,"RPR SONS ADVISORS PRIVATE LIMITED, MRS.P.SUNEELA RANI (JOINTLY HOLDING)",196376250.0
AUROPHARMA,2021-09-30,Independent,"RPR SONS ADVISORS PRIVATE LIMITED, MRS.P.SUNEELA RANI (JOINTLY HOLDING)",196376250.0
AUROPHARMA,2021-12-31,Independent,"RPR SONS ADVISORS PRIVATE LIMITED, MRS.P.SUNEELA RANI (JOINTLY HOLDING)",196376250.0
AUROPHARMA,2022-03-31,Independent,"RPR SONS ADVISORS PRIVATE LIMITED, MRS.P.SUNEELA RANI (JOINTLY HOLDING)",196376250.0
AUROPHARMA,2022-06-30,Independent,"RPR SONS ADVISORS PRIVATE LIMITED, MRS.P.SUNEELA RANI (JOINTLY HOLDING)",196376250.0
AUROPHARMA,2022-09-30,Independent,"RPR SONS ADVISORS PRIVATE LIMITED, MRS.P.SUNEELA RANI (JOINTLY HOLDING)",196376250.0
AUROPHARMA,2022-12-31,Independent,"RPR SONS ADVISORS PRIVATE LIMITED, MRS.P.SUNEELA RANI (JOINTLY HOLDING)",196376250.0
AUROPHARMA,2023-03-31,Independent,"RPR SONS ADVISORS PRIVATE LIMITED, MRS.P.SUNEELA RANI (JOINTLY HOLDING)",196376250.0
AUROPHARMA,2023-06-30,Independent,"RPR SONS ADVISORS PRIVATE LIMITED, MRS.P.SUNEELA RANI (JOINTLY HOLDING)",196376250.0
AUROPHARMA,2023-09-30,Independent,"RPR SONS ADVISORS PRIVATE LIMITED, MRS.P.SUNEELA RANI (JOINTLY HOLDING)",196376250.0
AUROPHARMA,2023-12-31,Independent,"RPR SONS ADVISORS PRIVATE LIMITED, MRS.P.SUNEELA RANI (JOINTLY HOLDING)",196376250.0
AUROPHARMA,2024-03-31,Independent,"RPR SONS ADVISORS PRIVATE LIMITED, MRS.P.SUNEELA RANI (JOINTLY HOLDING)",196376250.0
AUROPHARMA,2024-06-30,Independent,"RPR SONS ADVISORS PRIVATE LIMITED, MRS.P.SUNEELA RANI (JOINTLY HOLDING)",196376250.0
AUROPHARMA,2024-09-30,Independent,"RPR SONS ADVISORS PRIVATE LIMITED, MRS.P.SUNEELA RANI (JOINTLY HOLDING)",194561357.0
AUROPHARMA,2024-12-31,Independent,"RPR SONS ADVISORS PRIVATE LIMITED, MRS.P.SUNEELA RANI (JOINTLY HOLDING)",194561357.0
AUROPHARMA,2025-03-31,Independent,"RPR SONS ADVISORS PRIVATE LIMITED, MRS.P.SUNEELA RANI (JOINTLY HOLDING)",194561357.0
AUROPHARMA,2025-06-30,Independent,"RPR SONS ADVISORS PRIVATE LIMITED, MRS.P.SUNEELA RANI (JOINTLY HOLDING)",194561357.0
AUROPHARMA,2025-09-30,Independent,"RPR SONS ADVISORS PRIVATE LIMITED, MRS.P.SUNEELA RANI (JOINTLY HOLDING)",194561357.0
AUROPHARMA,2025-12-31,Independent,"RPR SONS ADVISORS PRIVATE LIMITED, MRS.P.SUNEELA RANI (JOINTLY HOLDING)",194561357.0
AVANTIFEED,2014-12-31,Independent,,0.0
AVANTIFEED,2015-06-30,Independent,,0.0
AVANTIFEED,2015-09-30,Independent,,0.0
AVANTIFEED,2015-12-31,Independent,SRINIVASA CYSTINE PRIVATE LIMITED,12099705.0
AVANTIFEED,2016-03-31,Independent,SRINIVASA CYSTINE PRIVATE LIMITED,12099705.0
AVANTIFEED,2016-06-30,Independent,SRINIVASA CYSTINE PRIVATE LIMITED,12099705.0
AVANTIFEED,2016-09-30,Independent,SRINIVASA CYSTINE PRIVATE LIMITED,12099705.0
AVANTIFEED,2016-12-31,Independent,Body Corporate,13511460.0
AVANTIFEED,2017-03-31,Independent,Other,13511460.0
AVANTIFEED,2017-06-30,Independent,Body Corporate,13511460.0
AVANTIFEED,2017-09-30,Independent,Other,13511460.0
AVANTIFEED,2017-12-31,Independent,Body Corporate,13511460.0
AVANTIFEED,2018-03-31,Independent,SRINIVASA CYSTINE PRIVATE LIMITED,12099705.0
AVANTIFEED,2018-06-30,Independent,SRINIVASA CYSTINE PRIVATE LIMITED,36299115.0
AVANTIFEED,2018-09-30,Independent,SRINIVASA CYSTINE PRIVATE LIMITED,36299115.0
AVANTIFEED,2018-12-31,Independent,SRINIVASA CYSTINE PRIVATE LIMITED,36299115.0
AVANTIFEED,2019-03-31,Independent,SRINIVASA CYSTINE PRIVATE LIMITED,36299115.0
AVANTIFEED,2019-06-30,Independent,SRINIVASA CYSTINE PRIVATE LIMITED,36299115.0
AVANTIFEED,2019-09-30,Independent,SRINIVASA CYSTINE PRIVATE LIMITED,36299115.0
AVANTIFEED,2019-12-31,Independent,SRINIVASA CYSTINE PRIVATE LIMITED,36299115.0
AVANTIFEED,2020-03-31,Independent,SRINIVASA CYSTINE PRIVATE LIMITED,36299115.0
AVANTIFEED,2020-06-30,Independent,SRINIVASA CYSTINE PRIVATE LIMITED,36299115.0
AVANTIFEED,2020-09-30,Independent,SRINIVASA CYSTINE PRIVATE LIMITED,36299115.0
AVANTIFEED,2020-12-31,Independent,SRINIVASA CYSTINE PRIVATE LIMITED,36299115.0
AVANTIFEED,2021-03-31,Independent,SRINIVASA CYSTINE PRIVATE LIMITED,36299115.0
AVANTIFEED,2021-06-30,Independent,SRINIVASA CYSTINE PRIVATE LIMITED,36299115.0
AVANTIFEED,2021-09-30,Independent,SRINIVASA CYSTINE PRIVATE LIMITED,36299115.0
AVANTIFEED,2021-12-31,Independent,SRINIVASA CYSTINE PRIVATE LIMITED,36299115.0
AVANTIFEED,2022-03-31,Independent,SRINIVASA CYSTINE PRIVATE LIMITED,36299115.0
AVANTIFEED,2022-06-30,Independent,SRINIVASA CYSTINE PRIVATE LIMITED,36299115.0
AVANTIFEED,2022-09-30,Independent,SRINIVASA CYSTINE PRIVATE LIMITED,36299115.0
AVANTIFEED,2022-12-31,Independent,SRINIVASA CYSTINE PRIVATE LIMITED,36299115.0
AVANTIFEED,2023-03-31,Independent,SRINIVASA CYSTINE PRIVATE LIMITED,36299115.0
AVANTIFEED,2023-06-30,Independent,SRINIVASA CYSTINE PRIVATE LIMITED,36299115.0
AVANTIFEED,2023-09-30,Independent,SRINIVASA CYSTINE PRIVATE LIMITED,36299115.0
AVANTIFEED,2023-12-31,Independent,SRINIVASA CYSTINE PRIVATE LIMITED,36299115.0
AVANTIFEED,2024-03-31,Independent,SRINIVASA CYSTINE PRIVATE LIMITED,36299115.0
AVANTIFEED,2024-06-30,Independent,SRINIVASA CYSTINE PRIVATE LIMITED,36299115.0
AVANTIFEED,2024-09-30,Independent,SRINIVASA CYSTINE PRIVATE LIMITED,36299115.0
AVANTIFEED,2024-12-31,Independent,SRINIVASA CYSTINE PRIVATE LIMITED,36299115.0
AVANTIFEED,2025-03-31,Independent,SRINIVASA CYSTINE PRIVATE LIMITED,36299115.0
AVANTIFEED,2025-06-30,Independent,SRINIVASA CYSTINE PRIVATE LIMITED,36299115.0
AVANTIFEED,2025-09-30,Independent,SRINIVASA CYSTINE PRIVATE LIMITED,36299115.0
AVANTIFEED,2025-12-31,Independent,SRINIVASA CYSTINE PRIVATE LIMITED,36299115.0
AWL,2022-02-04,Adani,ADANI COMMODITIES LLP,571414430.0
AWL,2022-03-31,Adani,ADANI COMMODITIES LLP,571414430.0
AWL,2022-06-30,Adani,ADANI COMMODITIES LLP,571414430.0
AWL,2022-09-30,Adani,ADANI COMMODITIES LLP,571414430.0
AWL,2022-12-31,Adani,ADANI COMMODITIES LLP,571414430.0
AWL,2023-03-31,Adani,ADANI COMMODITIES LLP,571464430.0
AWL,2023-06-30,Adani,ADANI COMMODITIES LLP,571474430.0
AWL,2023-09-30,Adani,ADANI COMMODITIES LLP,571474430.0
AWL,2023-12-31,Adani,ADANI COMMODITIES LLP,571019435.0
AWL,2024-03-31,Adani,ADANI COMMODITIES LLP,571019435.0
AWL,2024-06-30,Adani,ADANI COMMODITIES LLP,571019435.0
AWL,2024-09-30,Adani,ADANI COMMODITIES LLP,571019435.0
AWL,2024-12-31,Adani,Adani Commodities LLP,571019435.0
AWL,2025-01-13,Adani,Adani Commodities LLP,395418121.0
AWL,2025-02-14,Adani,Adani Commodities LLP,395418121.0
AWL,2025-03-31,Adani,Adani Commodities LLP,395418121.0
AWL,2025-06-30,Adani,Adani Commodities LLP,395418121.0
AWL,2025-09-30,Adani,Adani Commodities LLP,259935721.0
AWL,2025-12-31,Independent,Lence Pte Ltd.,739977654.0
AXISBANK,2014-03-31,Independent,,0.0
AXISBANK,2014-06-30,Independent,,0.0
AXISBANK,2014-09-30,Independent,,0.0
AXISBANK,2014-12-31,Independent,,0.0
AXISBANK,2015-03-31,Independent,,0.0
AXISBANK,2015-06-30,Independent,,0.0
AXISBANK,2015-09-30,Independent,,0.0
AXISBANK,2015-12-31,Independent,LIFE INSURANCE CORPORATION OF INDIA,302037043.0
AXISBANK,2016-03-31,Independent,LIFE INSURANCE CORPORATION OF INDIA,307037043.0
AXISBANK,2016-06-30,Independent,LIFE INSURANCE CORPORATION OF INDIA,348860225.0
AXISBANK,2016-09-30,Independent,LIFE INSURANCE CORPORATION OF INDIA,331308553.0
AXISBANK,2016-12-31,Independent,LIFE INSURANCE CORPORATION OF INDIA,331308553.0
AXISBANK,2017-03-31,Independent,LIFE INSURANCE CORPORATION OF INDIA,331308553.0
AXISBANK,2017-06-30,Independent,LIFE INSURANCE CORPORATION OF INDIA,330077184.0
AXISBANK,2017-09-30,Independent,LIFE INSURANCE CORPORATION OF INDIA,330077184.0
AXISBANK,2017-12-18,Independent,LIFE INSURANCE CORPORATION OF INDIA,352934326.0
AXISBANK,2017-12-31,Independent,LIFE INSURANCE CORPORATION OF INDIA,352934326.0
AXISBANK,2018-03-31,Independent,LIFE INSURANCE CORPORATION OF INDIA,349451108.0
AXISBANK,2018-06-30,Independent,LIFE INSURANCE CORPORATION OF INDIA,335678433.0
AXISBANK,2018-09-30,Independent,LIFE INSURANCE CORPORATION OF INDIA,335678433.0
AXISBANK,2018-12-31,Independent,LIFE INSURANCE CORPORATION OF INDIA,288034867.0
AXISBANK,2019-03-31,Independent,LIFE INSURANCE CORPORATION OF INDIA,270583548.0
AXISBANK,2019-06-30,Independent,LIFE INSURANCE CORPORATION OF INDIA,264838680.0
AXISBANK,2019-09-26,Independent,LIFE INSURANCE CORPORATION OF INDIA,259977246.0
AXISBANK,2019-09-30,Independent,LIFE INSURANCE CORPORATION OF INDIA,259977246.0
AXISBANK,2019-12-31,Independent,LIFE INSURANCE CORPORATION OF INDIA,254377246.0
AXISBANK,2020-03-31,Independent,LIFE INSURANCE CORPORATION OF INDIA,254377246.0
AXISBANK,2020-06-30,Independent,LIFE INSURANCE CORPORATION OF INDIA,254377246.0
AXISBANK,2020-08-11,Independent,LIFE INSURANCE CORPORATION OF INDIA,254377246.0
AXISBANK,2020-09-30,Independent,LIFE INSURANCE CORPORATION OF INDIA,254377246.0
AXISBANK,2020-12-31,Independent,LIC OF INDIA MONEY PLUS GROWTH FUND,254117246.0
AXISBANK,2021-03-31,Independent,LIFE INSURANCE CORPORATION OF INDIA,244821645.0
AXISBANK,2021-06-30,Independent,LIFE INSURANCE CORPORATION OF INDIA,244821645.0
AXISBANK,2021-09-30,Independent,LIFE INSURANCE CORPORATION OF INDIA,244821645.0
AXISBANK,2021-12-31,Independent,LIFE INSURANCE CORPORATION OF INDIA,244821645.0
AXISBANK,2022-03-31,Independent,LIFE INSURANCE CORPORATION OF INDIA,244870645.0
AXISBANK,2022-06-30,Independent,LIFE INSURANCE CORPORATION OF INDIA,244870645.0
AXISBANK,2022-09-30,Independent,LIFE INSURANCE CORPORATION OF INDIA,244870645.0
AXISBANK,2022-12-31,Independent,LIFE INSURANCE CORPORATION OF INDIA,244870645.0
AXISBANK,2023-03-31,Independent,LIFE INSURANCE CORPORATION OF INDIA,244860645.0
AXISBANK,2023-06-30,Independent,LIFE INSURANCE CORPORATION OF INDIA,244860645.0
AXISBANK,2023-09-30,Independent,LIFE INSURANCE CORPORATION OF INDIA,244860645.0
AXISBANK,2023-12-31,Independent,LIFE INSURANCE CORPORATION OF INDIA,244860645.0
AXISBANK,2024-03-31,Independent,LIFE INSURANCE CORPORATION OF INDIA,244860645.0
AXISBANK,2024-06-30,Independent,LIFE INSURANCE CORPORATION OF INDIA,244860645.0
AXISBANK,2024-09-30,Independent,LIFE INSURANCE CORPORATION OF INDIA,244860645.0
AXISBANK,2024-12-31,Independent,LIFE INSURANCE CORPORATION OF INDIA,244860645.0
AXISBANK,2025-03-31,Independent,LIFE INSURANCE CORPORATION OF INDIA,244860645.0
AXISBANK,2025-06-30,Independent,LIFE INSURANCE CORPORATION OF INDIA,244860645.0
AXISBANK,2025-09-30,Independent,LIFE INSURANCE CORPORATION OF INDIA,244860645.0
AXISBANK,2025-12-31,Independent,LIFE INSURANCE CORPORATION OF INDIA,244860645.0
BAJAJ-AUTO,2014-03-31,Independent,,0.0
BAJAJ-AUTO,2014-06-30,Independent,,0.0
BAJAJ-AUTO,2014-09-30,Independent,,0.0
BAJAJ-AUTO,2014-12-31,Independent,,0.0
BAJAJ-AUTO,2015-03-31,Independent,,0.0
BAJAJ-AUTO,2015-06-30,Independent,,0.0
BAJAJ-AUTO,2015-09-30,Independent,,0.0
BAJAJ-AUTO,2015-12-31,Bajaj,BAJAJ HOLDINGS AND INVESTMENT LTD,91119000.0
BAJAJ-AUTO,2016-03-31,Bajaj,BAJAJ HOLDINGS AND INVESTMENT LTD,91119000.0
BAJAJ-AUTO,2016-06-30,Bajaj,BAJAJ HOLDINGS AND INVESTMENT LTD,91119000.0
BAJAJ-AUTO,2016-09-30,Bajaj,BAJAJ HOLDINGS AND INVESTMENT LTD,91119000.0
BAJAJ-AUTO,2016-12-31,Bajaj,BAJAJ HOLDINGS AND INVESTMENT LTD,91119000.0
BAJAJ-AUTO,2017-03-31,Bajaj,BAJAJ HOLDINGS AND INVESTMENT LTD,91280000.0
BAJAJ-AUTO,2017-06-30,Bajaj,BAJAJ HOLDINGS AND INVESTMENT LTD,91280000.0
BAJAJ-AUTO,2017-09-30,Bajaj,BAJAJ HOLDINGS AND INVESTMENT LTD,91280000.0
BAJAJ-AUTO,2017-12-31,Bajaj,BAJAJ HOLDINGS AND INVESTMENT LTD,91280000.0
BAJAJ-AUTO,2018-03-31,Bajaj,BAJAJ HOLDINGS AND INVESTMENT LTD,91280000.0
BAJAJ-AUTO,2018-06-30,Bajaj,BAJAJ HOLDINGS AND INVESTMENT LTD,91280000.0
BAJAJ-AUTO,2018-09-30,Bajaj,BAJAJ HOLDINGS AND INVESTMENT LTD,91280000.0
BAJAJ-AUTO,2018-12-31,Bajaj,BAJAJ HOLDINGS AND INVESTMENT LTD,91280000.0
BAJAJ-AUTO,2019-03-31,Bajaj,BAJAJ HOLDINGS AND INVESTMENT LTD Note 2,96727050.0
BAJAJ-AUTO,2019-06-30,Bajaj,BAJAJ HOLDINGS AND INVESTMENT LTD,96727050.0
BAJAJ-AUTO,2019-09-30,Bajaj,BAJAJ HOLDINGS AND INVESTMENT LTD,96727050.0
BAJAJ-AUTO,2019-12-31,Bajaj,BAJAJ HOLDINGS AND INVESTMENT LTD,96727050.0
BAJAJ-AUTO,2020-03-31,Bajaj,BAJAJ HOLDINGS AND INVESTMENT LTD,96727050.0
BAJAJ-AUTO,2020-06-30,Bajaj,BAJAJ HOLDINGS AND INVESTMENT LTD,96727050.0
BAJAJ-AUTO,2020-09-30,Bajaj,BAJAJ HOLDINGS AND INVESTMENT LTD,96727050.0
BAJAJ-AUTO,2020-12-31,Bajaj,BAJAJ HOLDINGS AND INVESTMENT LTD,96727050.0
BAJAJ-AUTO,2021-03-31,Bajaj,BAJAJ HOLDINGS AND INVESTMENT LIMITED,96727050.0
BAJAJ-AUTO,2021-06-30,Bajaj,BAJAJ HOLDINGS AND INVESTMENT LIMITED,96727050.0
BAJAJ-AUTO,2021-09-30,Bajaj,BAJAJ HOLDINGS AND INVESTMENT LIMITED,96727050.0
BAJAJ-AUTO,2021-12-31,Bajaj,BAJAJ HOLDINGS AND INVESTMENT LIMITED,96727050.0
BAJAJ-AUTO,2022-03-31,Bajaj,BAJAJ HOLDINGS AND INVESTMENT LIMITED,96727050.0
BAJAJ-AUTO,2022-06-30,Bajaj,BAJAJ HOLDINGS AND INVESTMENT LIMITED,96727050.0
BAJAJ-AUTO,2022-09-30,Bajaj,BAJAJ HOLDINGS AND INVESTMENT LIMITED,96727050.0
BAJAJ-AUTO,2022-12-31,Bajaj,BAJAJ HOLDINGS AND INVESTMENT LIMITED,96727050.0
BAJAJ-AUTO,2023-03-31,Bajaj,BAJAJ HOLDINGS AND INVESTMENT LIMITED,96727050.0
BAJAJ-AUTO,2023-06-30,Bajaj,BAJAJ HOLDINGS AND INVESTMENT LIMITED,96727050.0
BAJAJ-AUTO,2023-09-30,Bajaj,BAJAJ HOLDINGS AND INVESTMENT LIMITED,96727050.0
BAJAJ-AUTO,2023-12-31,Bajaj,BAJAJ HOLDINGS AND INVESTMENT LIMITED,96727050.0
BAJAJ-AUTO,2024-03-31,Bajaj,BAJAJ HOLDINGS AND INVESTMENT LIMITED,95547251.0
BAJAJ-AUTO,2024-06-30,Bajaj,BAJAJ HOLDINGS AND INVESTMENT LIMITED,95547251.0
BAJAJ-AUTO,2024-09-30,Bajaj,BAJAJ HOLDINGS AND INVESTMENT LIMITED,95547251.0
BAJAJ-AUTO,2024-12-31,Bajaj,BAJAJ HOLDINGS AND INVESTMENT LIMITED,95547251.0
BAJAJ-AUTO,2025-03-31,Bajaj,BAJAJ HOLDINGS AND INVESTMENT LIMITED,95547251.0
BAJAJ-AUTO,2025-06-30,Bajaj,BAJAJ HOLDINGS AND INVESTMENT LIMITED,95547251.0
BAJAJ-AUTO,2025-09-30,Bajaj,BAJAJ HOLDINGS AND INVESTMENT LIMITED,95547251.0
BAJAJ-AUTO,2025-12-31,Bajaj,BAJAJ HOLDINGS AND INVESTMENT LIMITED,95547251.0
BAJAJFINSV,2014-03-31,Independent,,0.0
BAJAJFINSV,2014-06-30,Independent,,0.0
BAJAJFINSV,2014-09-30,Independent,,0.0
BAJAJFINSV,2014-12-31,Independent,,0.0
BAJAJFINSV,2015-03-31,Independent,,0.0
BAJAJFINSV,2015-06-30,Independent,,0.0
BAJAJFINSV,2015-09-30,Independent,,0.0
BAJAJFINSV,2015-12-31,Bajaj,BAJAJ HOLDINGS AND INVESTMENT LTD,62314214.0
BAJAJFINSV,2016-03-31,Bajaj,BAJAJ HOLDINGS AND INVESTMENT LTD,62314214.0
BAJAJFINSV,2016-06-30,Bajaj,BAJAJ HOLDINGS AND INVESTMENT LTD,62314214.0
BAJAJFINSV,2016-09-30,Bajaj,BAJAJ HOLDINGS AND INVESTMENT LTD,62314214.0
BAJAJFINSV,2016-12-31,Bajaj,BAJAJ HOLDINGS AND INVESTMENT LTD,62314214.0
BAJAJFINSV,2017-03-31,Bajaj,BAJAJ HOLDINGS AND INVESTMENT LTD,62314214.0
BAJAJFINSV,2017-06-30,Bajaj,BAJAJ HOLDINGS AND INVESTMENT LTD,62314214.0
BAJAJFINSV,2017-09-30,Bajaj,BAJAJ HOLDINGS AND INVESTMENT LTD,62314214.0
BAJAJFINSV,2017-12-31,Bajaj,BAJAJ HOLDINGS AND INVESTMENT LTD,62314214.0
BAJAJFINSV,2018-03-31,Bajaj,BAJAJ HOLDINGS AND INVESTMENT LTD,62314214.0
BAJAJFINSV,2018-06-30,Bajaj,BAJAJ HOLDINGS AND INVESTMENT LIMITED,62314214.0
BAJAJFINSV,2018-09-30,Bajaj,BAJAJ HOLDINGS AND INVESTMENT LIMITED,62314214.0
BAJAJFINSV,2018-12-31,Bajaj,BAJAJ HOLDINGS AND INVESTMENT LIMITED,62314214.0
BAJAJFINSV,2019-03-31,Bajaj,BAJAJ HOLDINGS AND INVESTMENT LIMITED,62314214.0
BAJAJFINSV,2019-06-30,Bajaj,BAJAJ HOLDINGS AND INVESTMENT LIMITED,62314214.0
BAJAJFINSV,2019-09-30,Bajaj,BAJAJ HOLDINGS AND INVESTMENT LIMITED,62314214.0
BAJAJFINSV,2019-12-31,Bajaj,BAJAJ HOLDINGS AND INVESTMENT LIMITED,62314214.0
BAJAJFINSV,2020-03-31,Bajaj,BAJAJ HOLDINGS AND INVESTMENT LIMITED,62314214.0
BAJAJFINSV,2020-06-30,Bajaj,BAJAJ HOLDINGS AND INVESTMENT LIMITED,62314214.0
BAJAJFINSV,2020-09-30,Bajaj,BAJAJ HOLDINGS AND INVESTMENT LIMITED,62314214.0
BAJAJFINSV,2020-12-31,Bajaj,BAJAJ HOLDINGS AND INVESTMENT LIMITED,62314214.0
BAJAJFINSV,2021-03-31,Bajaj,BAJAJ HOLDINGS AND INVESTMENT LIMITED,62314214.0
BAJAJFINSV,2021-06-30,Bajaj,BAJAJ HOLDINGS AND INVESTMENT LIMITED,62314214.0
BAJAJFINSV,2021-09-30,Bajaj,BAJAJ HOLDINGS AND INVESTMENT LIMITED,62314214.0
BAJAJFINSV,2021-12-31,Bajaj,BAJAJ HOLDINGS AND INVESTMENT LIMITED,62314214.0
BAJAJFINSV,2022-03-31,Bajaj,BAJAJ HOLDINGS AND INVESTMENT LIMITED,62314214.0
BAJAJFINSV,2022-06-30,Bajaj,BAJAJ HOLDINGS AND INVESTMENT LIMITED,62314214.0
BAJAJFINSV,2022-09-30,Bajaj,BAJAJ HOLDINGS AND INVESTMENT LIMITED,623142140.0
BAJAJFINSV,2022-12-31,Bajaj,BAJAJ HOLDINGS AND INVESTMENT LIMITED,623142140.0
BAJAJFINSV,2023-03-31,Bajaj,BAJAJ HOLDINGS AND INVESTMENT LIMITED,623142140.0
BAJAJFINSV,2023-06-30,Bajaj,BAJAJ HOLDINGS AND INVESTMENT LIMITED,623142140.0
BAJAJFINSV,2023-09-30,Bajaj,BAJAJ HOLDINGS AND INVESTMENT LIMITED,623142140.0
BAJAJFINSV,2023-12-31,Bajaj,BAJAJ HOLDINGS AND INVESTMENT LIMITED,623142140.0
BAJAJFINSV,2024-03-31,Bajaj,BAJAJ HOLDINGS AND INVESTMENT LIMITED,623142140.0
BAJAJFINSV,2024-06-30,Bajaj,BAJAJ HOLDINGS AND INVESTMENT LIMITED,623142140.0
BAJAJFINSV,2024-09-30,Bajaj,BAJAJ HOLDINGS AND INVESTMENT LIMITED,623142140.0
BAJAJFINSV,2024-12-31,Bajaj,BAJAJ HOLDINGS AND INVESTMENT LIMITED,623142140.0
BAJAJFINSV,2025-03-31,Bajaj,BAJAJ HOLDINGS AND INVESTMENT LIMITED,623142140.0
BAJAJFINSV,2025-06-30,Bajaj,BAJAJ HOLDINGS AND INVESTMENT LIMITED,612742140.0
BAJAJFINSV,2025-09-30,Bajaj,BAJAJ HOLDINGS AND INVESTMENT LIMITED,612742140.0
BAJAJFINSV,2025-12-31,Bajaj,BAJAJ HOLDINGS AND INVESTMENT LIMITED,612742140.0
BAJAJHFL,2024-09-13,Bajaj,Bajaj Finance Limited,7391003245.0
BAJAJHFL,2024-09-30,Bajaj,Bajaj Finance Limited,7391003845.0
BAJAJHFL,2024-12-31,Bajaj,Bajaj Finance Limited,7391003845.0
BAJAJHFL,2025-03-31,Bajaj,Bajaj Finance Limited,7391003845.0
BAJAJHFL,2025-06-30,Bajaj,Bajaj Finance Limited,7391003845.0
BAJAJHFL,2025-09-30,Bajaj,Bajaj Finance Limited,7391003845.0
BAJAJHFL,2025-12-31,Bajaj,Bajaj Finance Limited,7224403845.0
BAJAJHLDNG,2014-03-31,Independent,,0.0
BAJAJHLDNG,2014-06-30,Independent,,0.0
BAJAJHLDNG,2014-09-30,Independent,,0.0
BAJAJHLDNG,2014-12-31,Independent,,0.0
BAJAJHLDNG,2015-03-31,Independent,,0.0
BAJAJHLDNG,2015-06-30,Independent,,0.0
BAJAJHLDNG,2015-09-30,Independent,,0.0
BAJAJHLDNG,2015-12-31,Bajaj,RAHUL KUMAR BAJAJ,5126285.0
BAJAJHLDNG,2016-03-31,Bajaj,RAHUL KUMAR BAJAJ,5126285.0
BAJAJHLDNG,2016-06-30,Bajaj,RAHUL KUMAR BAJAJ,5126285.0
BAJAJHLDNG,2016-09-30,Bajaj,RAHUL KUMAR BAJAJ,5126285.0
BAJAJHLDNG,2016-12-31,Bajaj,RAHUL KUMAR BAJAJ,5126285.0
BAJAJHLDNG,2017-03-31,Bajaj,RAHUL KUMAR BAJAJ,5126285.0
BAJAJHLDNG,2017-06-30,Bajaj,RAHUL KUMAR BAJAJ,5126285.0
BAJAJHLDNG,2017-09-30,Bajaj,RAHUL KUMAR BAJAJ,5126285.0
BAJAJHLDNG,2017-12-31,Bajaj,RAHUL KUMAR BAJAJ,5126285.0
BAJAJHLDNG,2018-03-31,Bajaj,NIRAJ BAJAJ (Nirav Trust),5176529.0
BAJAJHLDNG,2018-06-30,Bajaj,NIRAJ  BAJAJ  (Nirav Trust),5176529.0
BAJAJHLDNG,2018-09-30,Bajaj,NIRAJ  BAJAJ  (Nirav Trust),5236757.0
BAJAJHLDNG,2018-12-31,Bajaj,NIRAJ  BAJAJ  (Nirav Trust),5378257.0
BAJAJHLDNG,2019-03-31,Bajaj,NIRAJ  BAJAJ Nirav Trust,5378257.0
BAJAJHLDNG,2019-06-30,Bajaj,NIRAJ  BAJAJ Nirav Trust,5378257.0
BAJAJHLDNG,2019-09-30,Bajaj,NIRAJ  BAJAJ Nirav Trust,5378257.0
BAJAJHLDNG,2019-12-31,Bajaj,NIRAJ  BAJAJ Nirav Trust,5378257.0
BAJAJHLDNG,2020-03-31,Bajaj,NIRAJ  BAJAJ Nirav Trust,5378257.0
BAJAJHLDNG,2020-06-30,Bajaj,NIRAJ  BAJAJ Nirav Trust,5378257.0
BAJAJHLDNG,2020-09-30,Bajaj,NIRAJ BAJAJ Nirav Trust,5378257.0
BAJAJHLDNG,2020-12-31,Bajaj,NIRAJ BAJAJ Nirav Trust,5378257.0
BAJAJHLDNG,2021-03-31,Bajaj,NIRAJ BAJAJ Nirav Trust,5378257.0
BAJAJHLDNG,2021-06-30,Bajaj,NIRAJ BAJAJ Nirav Trust,5378257.0
BAJAJHLDNG,2021-09-30,Bajaj,NIRAJ BAJAJ Nirav Trust,5378257.0
BAJAJHLDNG,2021-12-31,Bajaj,NIRAJ BAJAJ Nirav Trust,5378257.0
BAJAJHLDNG,2022-03-31,Bajaj,NIRAJ BAJAJ Nirav Trust,5378257.0
BAJAJHLDNG,2022-06-30,Bajaj,NIRAJ BAJAJ Nirav Trust,5378257.0
BAJAJHLDNG,2022-09-30,Bajaj,NIRAJ BAJAJ Nirav Trust,5378257.0
BAJAJHLDNG,2022-12-31,Bajaj,NIRAJ BAJAJ Nirav Trust,5378257.0
BAJAJHLDNG,2023-03-31,Bajaj,NIRAJ BAJAJ Nirav Trust,5378257.0
BAJAJHLDNG,2023-06-30,Bajaj,NIRAJ BAJAJ Nirav Trust,5378257.0
BAJAJHLDNG,2023-09-30,Bajaj,NIRAJ BAJAJ Nirav Trust,5378257.0
BAJAJHLDNG,2023-12-31,Bajaj,NIRAJ BAJAJ Nirav Trust,5378257.0
BAJAJHLDNG,2024-03-31,Bajaj,NIRAJ BAJAJ Nirav Trust,5378257.0
BAJAJHLDNG,2024-06-30,Bajaj,NIRAJ BAJAJ Nirav Trust,5378257.0
BAJAJHLDNG,2024-09-30,Bajaj,NIRAJ BAJAJ Nirav Trust,5378257.0
BAJAJHLDNG,2024-12-31,Bajaj,NIRAJ BAJAJ Nirav Trust,5378257.0
BAJAJHLDNG,2025-03-31,Bajaj,NIRAJ BAJAJ Nirav Trust,5378257.0
BAJAJHLDNG,2025-06-30,Bajaj,NIRAJ BAJAJ Nirav Trust,5378257.0
BAJAJHLDNG,2025-09-30,Bajaj,NIRAJ BAJAJ Nirav Trust,5378257.0
BAJAJHLDNG,2025-12-31,Bajaj,NIRAJ BAJAJ Nirav Trust,5378257.0
BAJFINANCE,2014-03-31,Independent,,0.0
BAJFINANCE,2014-06-30,Independent,,0.0
BAJFINANCE,2014-09-30,Independent,,0.0
BAJFINANCE,2014-12-31,Independent,,0.0
BAJFINANCE,2015-03-31,Independent,,0.0
BAJFINANCE,2015-06-12,Independent,,0.0
BAJFINANCE,2015-06-30,Independent,,0.0
BAJFINANCE,2015-09-30,Independent,,0.0
BAJFINANCE,2015-12-31,Bajaj,BAJAJ FINSERV LIMITED,30856613.0
BAJFINANCE,2016-03-31,Bajaj,BAJAJ FINSERV LIMITED,30856613.0
BAJFINANCE,2016-06-30,Bajaj,BAJAJ FINSERV LIMITED,30856613.0
BAJFINANCE,2016-09-14,Bajaj,BAJAJ FINSERV LIMITED,308566130.0
BAJFINANCE,2016-09-30,Bajaj,BAJAJ FINSERV LTD,308566130.0
BAJFINANCE,2016-12-31,Bajaj,BAJAJ FINSERV LIMITED,317816130.0
BAJFINANCE,2017-03-31,Bajaj,BAJAJ FINSERV LIMITED,317816130.0
BAJFINANCE,2017-06-30,Bajaj,BAJAJ FINSERV LIMITED,317816130.0
BAJFINANCE,2017-09-12,Bajaj,BAJAJ FINSERV LIMITED,317816130.0
BAJFINANCE,2017-09-30,Bajaj,BAJAJ FINSERV LIMITED,317816130.0
BAJFINANCE,2017-12-31,Bajaj,BAJAJ FINSERV LIMITED,317816130.0
BAJFINANCE,2018-03-31,Bajaj,BAJAJ FINSERV LIMITED,317816130.0
BAJFINANCE,2018-06-30,Bajaj,BAJAJ FINSERV LIMITED,317816130.0
BAJFINANCE,2018-09-30,Bajaj,BAJAJ FINSERV LIMITED,317816130.0
BAJFINANCE,2018-12-31,Bajaj,BAJAJ FINSERV LIMITED,317816130.0
BAJFINANCE,2019-03-31,Bajaj,BAJAJ FINSERV LIMITED,317816130.0
BAJFINANCE,2019-06-30,Bajaj,BAJAJ FINSERV LIMITED,317816130.0
BAJFINANCE,2019-09-30,Bajaj,BAJAJ FINSERV LIMITED,317816130.0
BAJFINANCE,2019-11-07,Bajaj,BAJAJ FINSERV LIMITED,317816130.0
BAJFINANCE,2019-12-31,Bajaj,BAJAJ FINSERV LTD,317816130.0
BAJFINANCE,2020-03-31,Bajaj,BAJAJ FINSERV LIMITED,317816130.0
BAJFINANCE,2020-09-30,Bajaj,BAJAJ FINSERV LIMITED,317816130.0
BAJFINANCE,2020-12-31,Bajaj,BAJAJ FINSERV LTD,317816130.0
BAJFINANCE,2021-03-31,Bajaj,BAJAJ FINSERV LTD,317816130.0
BAJFINANCE,2021-06-30,Bajaj,BAJAJ FINSERV LTD,317816130.0
BAJFINANCE,2021-09-30,Bajaj,BAJAJ FINSERV LIMITED,317816130.0
BAJFINANCE,2021-12-31,Bajaj,BAJAJ FINSERV LTD,317816130.0
BAJFINANCE,2022-03-31,Bajaj,BAJAJ FINSERV LIMITED,317816130.0
BAJFINANCE,2022-06-30,Bajaj,BAJAJ FINSERV LIMITED,317816130.0
BAJFINANCE,2022-09-30,Bajaj,BAJAJ FINSERV LIMITED,317816130.0
BAJFINANCE,2022-12-31,Bajaj,BAJAJ FINSERV LIMITED,317816130.0
BAJFINANCE,2023-03-31,Bajaj,Bajaj Finserv Limited,317816130.0
BAJFINANCE,2023-06-30,Bajaj,Bajaj Finserv Limited,317816130.0
BAJFINANCE,2023-09-30,Bajaj,BAJAJ FINSERV LIMITED,317816130.0
BAJFINANCE,2023-11-09,Bajaj,BAJAJ FINSERV LIMITED,317816130.0
BAJFINANCE,2023-12-31,Bajaj,BAJAJ FINSERV LIMITED,317816130.0
BAJFINANCE,2024-03-31,Bajaj,BAJAJ FINSERV LIMITED,317816130.0
BAJFINANCE,2024-06-30,Bajaj,BAJAJ FINSERV LIMITED,317816130.0
BAJFINANCE,2024-09-30,Bajaj,BAJAJ FINSERV LIMITED,317816130.0
BAJFINANCE,2024-12-31,Bajaj,BAJAJ FINSERV LIMITED,317816130.0
BAJFINANCE,2025-03-31,Bajaj,BAJAJ FINSERV LIMITED,319366130.0
BAJFINANCE,2025-06-17,Bajaj,BAJAJ FINSERV LIMITED,3193661300.0
BAJFINANCE,2025-06-30,Bajaj,BAJAJ FINSERV LIMITED,3193661300.0
BAJFINANCE,2025-09-30,Bajaj,BAJAJ FINSERV LIMITED,3193661300.0
BAJFINANCE,2025-12-31,Bajaj,BAJAJ FINSERV LIMITED,3193661300.0
BALKRISIND,2014-03-31,Independent,,0.0
BALKRISIND,2014-06-30,Independent,,0.0
BALKRISIND,2014-09-30,Independent,,0.0
BALKRISIND,2014-12-31,Independent,,0.0
BALKRISIND,2015-03-31,Independent,,0.0
BALKRISIND,2015-06-30,Independent,,0.0
BALKRISIND,2015-09-30,Independent,,0.0
BALKRISIND,2015-12-31,Independent,AKP Enterprises LLP,23998445.0
BALKRISIND,2016-03-31,Independent,AKP Enterprises LLP,23998445.0
BALKRISIND,2016-06-30,Independent,AKP ENTERPRISES LLP,23998445.0
BALKRISIND,2016-09-30,Independent,AKP ENTERPRISES LLP,23998445.0
BALKRISIND,2016-12-31,Independent,AKP ENTERPRISES LLP,23998445.0
BALKRISIND,2017-03-31,Independent,VKP ENTERPRISES LLP,24116440.0
BALKRISIND,2017-06-30,Independent,VKP ENTERPRISES LLP,24116440.0
BALKRISIND,2017-09-30,Independent,VKP ENTERPRISES LLP,24116440.0
BALKRISIND,2017-12-27,Independent,RAJIV A PODDAR,53577010.0
BALKRISIND,2017-12-31,Independent,VKP ENTERPRISES LLP,48232630.0
BALKRISIND,2018-03-31,Independent,RAJIV A PODDAR,53577010.0
BALKRISIND,2018-06-30,Independent,RAJIV A PODDAR,53577010.0
BALKRISIND,2018-09-30,Independent,RAJIV A PODDAR,53577010.0
BALKRISIND,2018-12-31,Independent,RAJIV A PODDAR,53577010.0
BALKRISIND,2019-03-31,Independent,RAJIV A PODDAR,53577010.0
BALKRISIND,2019-06-30,Independent,RAJIV A PODDAR,53577010.0
BALKRISIND,2019-09-30,Independent,RAJIV A PODDAR,53577010.0
BALKRISIND,2019-12-31,Independent,RAJIV A PODDAR,53577010.0
BALKRISIND,2020-03-31,Independent,RAJIV A PODDAR,53577010.0
BALKRISIND,2020-06-30,Independent,RAJIV A PODDAR,53577010.0
BALKRISIND,2020-09-30,Independent,RAJIV A PODDAR,53577010.0
BALKRISIND,2020-12-31,Independent,RAJIV A PODDAR,53577010.0
BALKRISIND,2021-03-31,Independent,RAJIV A PODDAR,53577010.0
BALKRISIND,2021-06-30,Independent,RAJIV A PODDAR,53577010.0
BALKRISIND,2021-09-30,Independent,RAJIV A PODDAR,53577010.0
BALKRISIND,2021-12-31,Independent,RAJIV  PODDAR,53577010.0
BALKRISIND,2022-03-31,Independent,RAJIV  PODDAR,53577010.0
BALKRISIND,2022-06-30,Independent,RAJIV  PODDAR,53577010.0
BALKRISIND,2022-09-30,Independent,RAJIV  PODDAR,53577010.0
BALKRISIND,2022-12-31,Independent,RAJIV  PODDAR,53577010.0
BALKRISIND,2023-03-31,Independent,RAJIV  PODDAR,53577010.0
BALKRISIND,2023-06-30,Independent,RAJIV  PODDAR,53577010.0
BALKRISIND,2023-09-30,Independent,RAJIV  PODDAR,53577010.0
BALKRISIND,2023-12-31,Independent,RAJIV A PODDAR,53577010.0
BALKRISIND,2024-03-31,Independent,RAJIV  PODDAR,53577010.0
BALKRISIND,2024-06-30,Independent,RAJIV  PODDAR,53577010.0
BALKRISIND,2024-09-30,Independent,RAJIV  PODDAR,53577010.0
BALKRISIND,2024-12-31,Independent,RAJIV  PODDAR,53577010.0
BALKRISIND,2025-03-31,Independent,RAJIV  PODDAR,53577010.0
BALKRISIND,2025-06-30,Independent,RAJIV  PODDAR,53577010.0
BALKRISIND,2025-09-30,Independent,RAJIV  PODDAR,53577010.0
BALKRISIND,2025-12-31,Independent,RAJIV  PODDAR,53577010.0
BANDHANBNK,2018-03-26,Independent,BANDHAN FINANCIAL HOLDINGS LIMITED,981483040.0
BANDHANBNK,2018-03-31,Independent,BANDHAN FINANCIAL HOLDINGS LIITED,981483040.0
BANDHANBNK,2018-06-30,Independent,BANDHAN FINANCIAL HOLDINGS LIITED,981483040.0
BANDHANBNK,2018-09-30,Independent,BANDHAN FINANCIAL HOLDINGS LIMITED,981483040.0
BANDHANBNK,2018-12-31,Independent,BANDHAN FINANCIAL HOLDINGS LIMITED,981483040.0
BANDHANBNK,2019-03-31,Independent,BANDHAN FINANCIAL HOLDINGS LIMITED,981483040.0
BANDHANBNK,2019-06-30,Independent,BANDHAN FINANCIAL HOLDINGS LIMITED,981483040.0
BANDHANBNK,2019-09-30,Independent,BANDHAN FINANCIAL HOLDINGS LIMITED,981483040.0
BANDHANBNK,2019-10-21,Independent,BANDHAN FINANCIAL HOLDINGS LIMITED,981483040.0
BANDHANBNK,2019-12-31,Independent,BANDHAN FINANCIAL HOLDINGS LIMITED,981483040.0
BANDHANBNK,2020-03-31,Independent,BANDHAN FINANCIAL HOLDINGS LIMITED,981483040.0
BANDHANBNK,2020-06-30,Independent,BANDHAN FINANCIAL HOLDINGS LIMITED,981483040.0
BANDHANBNK,2020-08-03,Independent,BANDHAN FINANCIAL HOLDINGS LIMITED,644115851.0
BANDHANBNK,2020-09-30,Independent,BANDHAN FINANCIAL HOLDINGS LIMITED,644115851.0
BANDHANBNK,2020-12-31,Independent,BANDHAN FINANCIAL HOLDINGS LIMITED,644115851.0
BANDHANBNK,2021-03-31,Independent,BANDHAN FINANCIAL HOLDINGS LIMITED,644115851.0
BANDHANBNK,2021-06-30,Independent,BANDHAN FINANCIAL HOLDINGS LIMITED,644115851.0
BANDHANBNK,2021-09-30,Independent,BANDHAN FINANCIAL HOLDINGS LIMITED,644115851.0
BANDHANBNK,2021-12-31,Independent,BANDHAN FINANCIAL HOLDINGS LIMITED,644115851.0
BANDHANBNK,2022-03-31,Independent,BANDHAN FINANCIAL HOLDINGS LIMITED,644115851.0
BANDHANBNK,2022-06-30,Independent,BANDHAN FINANCIAL HOLDINGS LIMITED,644115857.0
BANDHANBNK,2022-09-30,Independent,BANDHAN FINANCIAL HOLDINGS LIMITED,644115857.0
BANDHANBNK,2022-12-31,Independent,BANDHAN FINANCIAL HOLDINGS LIMITED,644115857.0
BANDHANBNK,2023-03-31,Independent,BANDHAN FINANCIAL HOLDINGS LIMITED,644115857.0
BANDHANBNK,2023-06-30,Independent,BANDHAN FINANCIAL HOLDINGS LIMITED,644115857.0
BANDHANBNK,2023-09-30,Independent,BANDHAN FINANCIAL HOLDINGS LIMITED,644115857.0
BANDHANBNK,2023-12-31,Independent,BANDHAN FINANCIAL HOLDINGS LIMITED,644115857.0
BANDHANBNK,2024-03-31,Independent,BANDHAN FINANCIAL HOLDINGS LIMITED,644115857.0
BANDHANBNK,2024-06-30,Independent,BANDHAN FINANCIAL HOLDINGS LIMITED,644115857.0
BANDHANBNK,2024-09-30,Independent,BANDHAN FINANCIAL HOLDINGS LIMITED,644115857.0
BANDHANBNK,2024-12-31,Independent,BANDHAN FINANCIAL HOLDINGS LIMITED,644115857.0
BANDHANBNK,2025-03-31,Independent,BANDHAN FINANCIAL HOLDINGS LIMITED,644115857.0
BANDHANBNK,2025-06-30,Independent,BANDHAN FINANCIAL HOLDINGS LIMITED,644115857.0
BANDHANBNK,2025-09-30,Independent,BANDHAN FINANCIAL HOLDINGS LIMITED,634811330.0
BANDHANBNK,2025-12-31,Independent,BANDHAN FINANCIAL HOLDINGS LIMITED,629411330.0
BANKBARODA,2014-03-31,Independent,,0.0
BANKBARODA,2014-06-30,Independent,,0.0
BANKBARODA,2014-09-30,Independent,,0.0
BANKBARODA,2014-12-31,Independent,,0.0
BANKBARODA,2015-03-31,Independent,,0.0
BANKBARODA,2015-06-30,Independent,,0.0
BANKBARODA,2015-09-30,Independent,,0.0
BANKBARODA,2015-12-31,GOI_PSU,Central Government/ State Government(s),1364940578.0
BANKBARODA,2016-03-31,GOI_PSU,Central Government/ State Government(s),1364940578.0
BANKBARODA,2016-06-30,GOI_PSU,Central Government/ State Government(s),1364940578.0
BANKBARODA,2016-09-30,GOI_PSU,Central Government/ State Government(s),1364940578.0
BANKBARODA,2016-12-31,GOI_PSU,Central Government/ State Government(s),1364940578.0
BANKBARODA,2017-03-31,GOI_PSU,Central Government/ State Government(s),1364940578.0
BANKBARODA,2017-06-30,GOI_PSU,Central Government/ State Government(s),1364940578.0
BANKBARODA,2017-09-30,GOI_PSU,Central Government/ State Government(s),1364940578.0
BANKBARODA,2017-12-31,GOI_PSU,Central Government/ State Government(s),1352490612.0
BANKBARODA,2018-03-27,GOI_PSU,Central Government/ State Government(s),1693847146.0
BANKBARODA,2018-03-31,GOI_PSU,Central Government/ State Government(s),1693847146.0
BANKBARODA,2018-06-30,GOI_PSU,Central Government/ State Government(s),1685420693.0
BANKBARODA,2018-09-30,GOI_PSU,Central Government/ State Government(s),1686294736.0
BANKBARODA,2018-12-31,GOI_PSU,Central Government/ State Government(s),1686294736.0
BANKBARODA,2019-03-31,GOI_PSU,Central Government/ State Government(s),1673459020.0
BANKBARODA,2019-04-01,GOI_PSU,Central Government/ State Government(s),2234620826.0
BANKBARODA,2019-06-17,GOI_PSU,Central Government/ State Government(s),2663180112.0
BANKBARODA,2019-06-30,GOI_PSU,Central Government/ State Government(s),2663180112.0
BANKBARODA,2019-09-30,GOI_PSU,Central Government/ State Government(s),2663180112.0
BANKBARODA,2019-12-12,GOI_PSU,Central Government/ State Government(s),3308184689.0
BANKBARODA,2019-12-31,GOI_PSU,Central Government/ State Government(s),3308184689.0
BANKBARODA,2020-03-31,GOI_PSU,Central Government/ State Government(s),3308184689.0
BANKBARODA,2020-06-30,GOI_PSU,Central Government/ State Government(s),3308184689.0
BANKBARODA,2020-09-30,GOI_PSU,Central Government/ State Government(s),3308184689.0
BANKBARODA,2020-12-31,GOI_PSU,Central Government/ State Government(s),3308184689.0
BANKBARODA,2021-03-03,GOI_PSU,Central Government/ State Government(s),3308184689.0
BANKBARODA,2021-03-31,GOI_PSU,Central Government/ State Government(s),3308184689.0
BANKBARODA,2021-06-30,GOI_PSU,Central Government/ State Government(s),3308184689.0
BANKBARODA,2021-09-30,GOI_PSU,Central Government/ State Government(s),3308184689.0
BANKBARODA,2021-12-31,GOI_PSU,Central Government/ State Government(s),3308184689.0
BANKBARODA,2022-03-31,GOI_PSU,Central Government/ State Government(s),3308184689.0
BANKBARODA,2022-06-30,GOI_PSU,Central Government/ State Government(s),3308184689.0
BANKBARODA,2022-09-30,GOI_PSU,Central Government/ State Government(s),3308184689.0
BANKBARODA,2022-12-31,GOI_PSU,Central Government/ State Government(s),3308184689.0
BANKBARODA,2023-03-31,GOI_PSU,Central Government/ State Government(s),3308184689.0
BANKBARODA,2023-06-30,GOI_PSU,Central Government/ State Government(s),3308184689.0
BANKBARODA,2023-09-30,GOI_PSU,Central Government/ State Government(s),3308184689.0
BANKBARODA,2023-12-31,GOI_PSU,Central Government/ State Government(s),3308184689.0
BANKBARODA,2024-03-31,GOI_PSU,Central Government/ State Government(s),3308184689.0
BANKBARODA,2024-06-30,GOI_PSU,Central Government/ State Government(s),3308184689.0
BANKBARODA,2024-09-30,GOI_PSU,Central Government/ State Government(s),3308184689.0
BANKBARODA,2024-12-31,GOI_PSU,Central Government/ State Government(s),3308184689.0
BANKBARODA,2025-03-31,GOI_PSU,Central Government/ State Government(s),3308184689.0
BANKBARODA,2025-06-30,GOI_PSU,Central Government/ State Government(s),3308184689.0
BANKBARODA,2025-09-30,GOI_PSU,Central Government/ State Government(s),3308184689.0
BANKBARODA,2025-12-31,GOI_PSU,Central Government/ State Government(s),3308184689.0
BANKINDIA,2014-03-31,Independent,,0.0
BANKINDIA,2014-06-30,Independent,,0.0
BANKINDIA,2014-09-30,Independent,,0.0
BANKINDIA,2014-12-31,Independent,,0.0
BANKINDIA,2015-03-31,Independent,,0.0
BANKINDIA,2015-06-30,Independent,,0.0
BANKINDIA,2015-09-30,Independent,,0.0
BANKINDIA,2015-12-31,GOI_PSU,Central Government/ State Government(s),555372168.0
BANKINDIA,2016-03-31,GOI_PSU,Central Government/ State Government(s),555372168.0
BANKINDIA,2016-05-04,GOI_PSU,Government of India,656854695.0
BANKINDIA,2016-06-30,GOI_PSU,Government of India,656854695.0
BANKINDIA,2016-09-08,GOI_PSU,Government of India,777514808.0
BANKINDIA,2016-09-30,GOI_PSU,Central Government/ State Government(s),777514808.0
BANKINDIA,2016-12-31,GOI_PSU,Central Government/ State Government(s),777514808.0
BANKINDIA,2017-03-31,GOI_PSU,Central Government/ State Government(s),777514808.0
BANKINDIA,2017-06-30,GOI_PSU,Central Government/ State Government(s),777514808.0
BANKINDIA,2017-08-04,GOI_PSU,Central Government/ State Government(s),889865942.0
BANKINDIA,2017-09-30,GOI_PSU,Central Government/ State Government(s),889865942.0
BANKINDIA,2017-12-31,GOI_PSU,Central Government/ State Government(s),889865942.0
BANKINDIA,2018-03-27,GOI_PSU,Central Government/ State Government(s),1448298073.0
BANKINDIA,2018-03-31,GOI_PSU,Central Government/ State Government(s),1448298073.0
BANKINDIA,2018-06-30,GOI_PSU,Central Government/ State Government(s),1448298073.0
BANKINDIA,2018-09-30,GOI_PSU,Central Government/ State Government(s),1448298073.0
BANKINDIA,2018-12-31,GOI_PSU,Central Government/ State Government(s),1448298073.0
BANKINDIA,2019-02-16,GOI_PSU,Central Government/ State Government(s),2402056938.0
BANKINDIA,2019-03-31,GOI_PSU,Central Government/ State Government(s),2402056938.0
BANKINDIA,2019-04-20,GOI_PSU,Central Government/ State Government(s),2919690866.0
BANKINDIA,2019-06-30,GOI_PSU,Central Government/ State Government(s),2919690866.0
BANKINDIA,2019-09-30,GOI_PSU,Central Government/ State Government(s),2919690866.0
BANKINDIA,2019-12-31,GOI_PSU,Central Government/ State Government(s),2919690866.0
BANKINDIA,2020-03-31,GOI_PSU,Central Government/ State Government(s),2919690866.0
BANKINDIA,2020-06-30,GOI_PSU,Central Government/ State Government(s),2919690866.0
BANKINDIA,2020-09-30,GOI_PSU,Central Government/ State Government(s),2919690866.0
BANKINDIA,2020-12-31,GOI_PSU,Central Government/ State Government(s),2919690866.0
BANKINDIA,2021-03-31,GOI_PSU,Central Government/ State Government(s),2919690866.0
BANKINDIA,2021-06-11,GOI_PSU,Central Government/ State Government(s),3340861720.0
BANKINDIA,2021-06-30,GOI_PSU,Central Government/ State Government(s),3340861720.0
BANKINDIA,2021-08-31,GOI_PSU,Central Government/ State Government(s),3340861720.0
BANKINDIA,2021-09-30,GOI_PSU,Central Government/ State Government(s),3340861720.0
BANKINDIA,2021-12-31,GOI_PSU,Central Government/ State Government(s),3340861720.0
BANKINDIA,2022-03-31,GOI_PSU,Central Government/ State Government(s),3340861720.0
BANKINDIA,2022-06-30,GOI_PSU,Central Government/ State Government(s),3340861720.0
BANKINDIA,2022-09-30,GOI_PSU,Central Government/ State Government(s),3340861720.0
BANKINDIA,2022-12-31,GOI_PSU,Central Government/ State Government(s),3340861720.0
BANKINDIA,2023-03-31,GOI_PSU,Central Government/ State Government(s),3340861720.0
BANKINDIA,2023-06-30,GOI_PSU,Central Government/ State Government(s),3340861720.0
BANKINDIA,2023-09-30,GOI_PSU,Central Government/ State Government(s),3340861720.0
BANKINDIA,2023-12-11,GOI_PSU,Central Government/ State Government(s),3340861720.0
BANKINDIA,2023-12-31,GOI_PSU,Central Government/ State Government(s),3340861720.0
BANKINDIA,2024-03-31,GOI_PSU,Central Government/ State Government(s),3340861720.0
BANKINDIA,2024-06-30,GOI_PSU,Central Government/ State Government(s),3340861720.0
BANKINDIA,2024-09-30,GOI_PSU,Central Government/ State Government(s),3340861720.0
BANKINDIA,2024-12-31,GOI_PSU,Central Government/ State Government(s),3340861720.0
BANKINDIA,2025-03-31,GOI_PSU,Central Government/ State Government(s),3340861720.0
BANKINDIA,2025-06-30,GOI_PSU,Central Government/ State Government(s),3340861720.0
BANKINDIA,2025-09-30,GOI_PSU,Central Government/ State Government(s),3340861720.0
BANKINDIA,2025-12-31,GOI_PSU,Central Government/ State Government(s),3340861720.0
BATAINDIA,2014-03-31,Independent,,0.0
BATAINDIA,2014-06-30,Independent,,0.0
BATAINDIA,2014-09-30,Independent,,0.0
BATAINDIA,2014-12-31,Independent,,0.0
BATAINDIA,2015-03-31,Independent,,0.0
BATAINDIA,2015-06-30,Independent,,0.0
BATAINDIA,2015-09-30,Independent,,0.0
BATAINDIA,2015-12-31,Independent,Overseas Corporate Bodies - BATA (BN) BV,68065514.0
BATAINDIA,2016-03-31,Independent,BATA (BN) BV,68065514.0
BATAINDIA,2016-06-30,Independent,Bata (BN) BV,68065514.0
BATAINDIA,2016-09-30,Independent,Bata (BN) BV,68065514.0
BATAINDIA,2016-12-31,Independent,Bata (BN) BV,68065514.0
BATAINDIA,2017-03-31,Independent,Bata (BN) BV,68065514.0
BATAINDIA,2017-06-30,Independent,Bata (BN) BV,68065514.0
BATAINDIA,2017-09-30,Independent,BATA (BN) B V,68065514.0
BATAINDIA,2017-12-31,Independent,BATA (BN) B V,68065514.0
BATAINDIA,2018-03-31,Independent,BATA (BN) B V,68065514.0
BATAINDIA,2018-06-30,Independent,BATA (BN) B.V.,68065514.0
BATAINDIA,2018-09-30,Independent,BATA (BN) BV,68065514.0
BATAINDIA,2018-12-31,Independent,BATA (BN) BV,68065514.0
BATAINDIA,2019-03-31,Independent,BATA (BN) BV,68065514.0
BATAINDIA,2019-06-30,Independent,BATA (BN) BV,68065514.0
BATAINDIA,2019-09-30,Independent,BATA (BN) BV,68065514.0
BATAINDIA,2019-12-31,Independent,BATA (BN) BV,68065514.0
BATAINDIA,2020-03-31,Independent,BATA (BN) BV,68065514.0
BATAINDIA,2020-06-30,Independent,BATA (BN) BV,68065514.0
BATAINDIA,2020-09-30,Independent,BATA (BN) BV,68065514.0
BATAINDIA,2020-12-31,Independent,BATA (BN) BV,68065514.0
BATAINDIA,2021-03-31,Independent,BATA (BN) BV,68065514.0
BATAINDIA,2021-06-30,Independent,BATA (BN) BV,68065514.0
BATAINDIA,2021-09-30,Independent,BATA (BN) B V,68065514.0
BATAINDIA,2021-12-31,Independent,BATA (BN) B V,68065514.0
BATAINDIA,2022-03-31,Independent,BATA (BN) B V,68065514.0
BATAINDIA,2022-06-30,Independent,BATA (BN) B V,64465514.0
BATAINDIA,2022-09-30,Independent,BATA (BN) B V,64465514.0
BATAINDIA,2022-12-31,Independent,BATA (BN) B V,64465514.0
BATAINDIA,2023-03-31,Independent,Bata (BN) B V,64465514.0
BATAINDIA,2023-06-30,Independent,Bata (BN) B V,64465514.0
BATAINDIA,2023-09-30,Independent,Bata (BN)B V,64465514.0
BATAINDIA,2023-12-31,Independent,Bata (BN)B V,64465514.0
BATAINDIA,2024-03-31,Independent,Bata (BN)B V,64465514.0
BATAINDIA,2024-06-30,Independent,Bata (BN)B V,64465514.0
BATAINDIA,2024-09-30,Independent,Bata (BN)B V,64465514.0
BATAINDIA,2024-12-31,Independent,Bata (BN)B V,64465514.0
BATAINDIA,2025-03-31,Independent,Bata (BN) B V,64465514.0
BATAINDIA,2025-06-30,Independent,Bata (BN) B V,64465514.0
BATAINDIA,2025-09-30,Independent,Bata (BN) B V,64465514.0
BATAINDIA,2025-12-31,Independent,Bata (BN) B V,64465514.0
BBTC,2014-03-31,Independent,,0.0
BBTC,2014-06-30,Independent,,0.0
BBTC,2014-09-30,Independent,,0.0
BBTC,2014-12-31,Independent,,0.0
BBTC,2015-03-31,Independent,,0.0
BBTC,2015-06-30,Independent,,0.0
BBTC,2015-09-30,Independent,,0.0
BBTC,2015-12-31,Independent,ARCHWAY INVESTMENT COMPANY LTD,13038600.0
BBTC,2016-03-31,Independent,Archway Investment  Co. Ltd,13038600.0
BBTC,2016-06-30,Independent,Archway Investment  Co. Ltd,13038600.0
BBTC,2016-09-30,Independent,ARCHWAY INVESTMENT COMPANY LTD,13038600.0
BBTC,2016-12-31,Independent,Body Corporate,39827240.0
BBTC,2017-03-31,Independent,Body Corporate,39827240.0
BBTC,2017-06-30,Independent,Body Corporate,38989550.0
BBTC,2017-09-30,Independent,Body Corporate,38989550.0
BBTC,2017-12-31,Independent,Body Corporate,38989550.0
BBTC,2018-03-31,Independent,NOWROSJEE WADIA AND SONS LIMITED,20852927.0
BBTC,2018-06-30,Independent,NOWROSJEE WADIA AND SONS LIMITED,20852927.0
BBTC,2018-09-30,Independent,NOWROSJEE WADIA AND SONS LIMITED,20852927.0
BBTC,2018-12-31,Independent,NOWROSJEE WADIA AND SONS LIMITED,20852927.0
BBTC,2019-03-31,Independent,NOWROSJEE WADIA AND SONS LIMITED,21352927.0
BBTC,2019-06-30,Independent,NOWROSJEE WADIA AND SONS LIMITED,21352927.0
BBTC,2019-09-30,Independent,NOWROSJEE WADIA AND SONS LIMITED,24102896.0
BBTC,2019-12-31,Independent,NOWROSJEE WADIA AND SONS LIMITED,25074546.0
BBTC,2020-03-31,Independent,Nowrosjee Wadia & Sons Limited,25074546.0
BBTC,2020-06-30,Independent,NOWROSJEE WADIA & SONS LIMITED,25074546.0
BBTC,2020-09-30,Independent,NOWROSJEE WADIA & SONS LIMITED,27219844.0
BBTC,2020-12-31,Independent,NOWROSJEE WADIA AND SONS LIMITED,27219844.0
BBTC,2021-03-31,Independent,NOWROSJEE WADIA & SONS LIMITED,27191094.0
BBTC,2021-06-30,Independent,NOWROSJEE WADIA AND SONS LIMITED,27191094.0
BBTC,2021-09-30,Independent,NOWROSJEE WADIA & SONS LIMITED,27191094.0
BBTC,2021-12-31,Independent,NOWROSJEE WADIA & SONS LIMITED,27191094.0
BBTC,2022-03-31,Independent,NOWROSJEE WADIA & SONS LIMITED,27191094.0
BBTC,2022-06-30,Independent,NOWROSJEE WADIA & SONS LIMITED,27191094.0
BBTC,2022-09-30,Independent,NOWROSJEE WADIA & SONS LIMITED,27191094.0
BBTC,2022-12-31,Independent,NOWROSJEE WADIA & SONS LIMITED,27191094.0
BBTC,2023-03-31,Independent,NOWROSJEE WADIA & SONS LIMITED,27190144.0
BBTC,2023-06-30,Independent,NOWROSJEE WADIA & SONS LIMITED,27190144.0
BBTC,2023-09-30,Independent,NOWROSJEE WADIA AND SONS LTD,27189144.0
BBTC,2023-12-31,Independent,NOWROSJEE WADIA AND SONS LTD,27189144.0
BBTC,2024-03-31,Independent,NOWROSJEE WADIA AND SONS LTD,27189144.0
BBTC,2024-06-30,Independent,NOWROSJEE WADIA & SONS LIMITED,27189144.0
BBTC,2024-09-30,Independent,NOWROSJEE WADIA & SONS LIMITED,27189144.0
BBTC,2024-12-31,Independent,NOWROSJEE WADIA & SONS LIMITED,27189144.0
BBTC,2025-03-31,Independent,NOWROSJEE WADIA & SONS LIMITED,27189144.0
BBTC,2025-06-30,Independent,NOWROSJEE WADIA & SONS LIMITED,29265826.0
BBTC,2025-09-30,Independent,NOWROSJEE WADIA & SONS LIMITED,29265826.0
BBTC,2025-12-31,Independent,NOWROSJEE WADIA & SONS LIMITED,29265826.0
BDL,2018-03-22,GOI_PSU,Central Government/ State Government(s),160829285.0
BDL,2018-03-31,GOI_PSU,Central Government/ State Government(s),160829285.0
BDL,2018-06-30,GOI_PSU,Central Government/ State Government(s),160829297.0
BDL,2018-09-30,GOI_PSU,Central Government/ State Government(s),160829297.0
BDL,2018-12-31,GOI_PSU,Central Government/ State Government(s),160829297.0
BDL,2019-03-31,GOI_PSU,Central Government/ State Government(s),160829297.0
BDL,2019-06-30,GOI_PSU,Central Government/ State Government(s),160829297.0
BDL,2019-09-30,GOI_PSU,Central Government/ State Government(s),160829297.0
BDL,2019-12-31,GOI_PSU,Central Government/ State Government(s),160829297.0
BDL,2020-03-31,GOI_PSU,Central Government/ State Government(s),160829297.0
BDL,2020-06-30,GOI_PSU,Central Government/ State Government(s),160829297.0
BDL,2020-09-30,GOI_PSU,Central Government/ State Government(s),137325527.0
BDL,2020-12-31,GOI_PSU,Central Government/ State Government(s),137325527.0
BDL,2021-03-31,GOI_PSU,Central Government/ State Government(s),137325527.0
BDL,2021-06-30,GOI_PSU,Central Government/ State Government(s),137325527.0
BDL,2021-09-30,GOI_PSU,Central Government/ State Government(s),137325527.0
BDL,2021-12-31,GOI_PSU,Central Government/ State Government(s),137325527.0
BDL,2022-03-31,GOI_PSU,Central Government/ State Government(s),137325527.0
BDL,2022-06-30,GOI_PSU,Central Government/ State Government(s),137325527.0
BDL,2022-09-30,GOI_PSU,Central Government/ State Government(s),137325527.0
BDL,2022-12-31,GOI_PSU,Central Government/ State Government(s),137325527.0
BDL,2023-03-31,GOI_PSU,Central Government/ State Government(s),137325527.0
BDL,2023-06-30,GOI_PSU,Central Government/ State Government(s),137325527.0
BDL,2023-09-30,GOI_PSU,Central Government/ State Government(s),137325527.0
BDL,2023-12-31,GOI_PSU,Central Government/ State Government(s),137325527.0
BDL,2024-03-31,GOI_PSU,Central Government/ State Government(s),137325527.0
BDL,2024-06-30,GOI_PSU,Central Government/ State Government(s),274651054.0
BDL,2024-09-30,GOI_PSU,Central Government/ State Government(s),274651054.0
BDL,2024-12-31,GOI_PSU,Central Government/ State Government(s),274651054.0
BDL,2025-03-31,GOI_PSU,Central Government/ State Government(s),274651054.0
BDL,2025-06-30,GOI_PSU,Central Government/ State Government(s),274651054.0
BDL,2025-09-30,GOI_PSU,Central Government/ State Government(s),274651054.0
BDL,2025-12-31,GOI_PSU,Central Government/ State Government(s),274651054.0
BEL,2014-03-31,Independent,,0.0
BEL,2014-06-30,Independent,,0.0
BEL,2014-09-30,Independent,,0.0
BEL,2014-12-31,Independent,,0.0
BEL,2015-03-31,Independent,,0.0
BEL,2015-06-30,Independent,,0.0
BEL,2015-09-30,Independent,,0.0
BEL,2015-12-31,GOI_PSU,Central Government/ State Government(s),180042630.0
BEL,2016-03-31,GOI_PSU,Central Government/ State Government(s),180042630.0
BEL,2016-06-30,GOI_PSU,Central Government/ State Government(s),180042630.0
BEL,2016-09-30,GOI_PSU,Central Government/ State Government(s),180042630.0
BEL,2016-11-02,GOI_PSU,Central Government/ State Government(s),166213859.0
BEL,2016-12-31,GOI_PSU,Central Government/ State Government(s),166213859.0
BEL,2017-03-31,GOI_PSU,Central Government/ State Government(s),1523042911.0
BEL,2017-06-30,GOI_PSU,Central Government/ State Government(s),1523042911.0
BEL,2017-09-30,GOI_PSU,Central Government/ State Government(s),1517458842.0
BEL,2017-10-03,GOI_PSU,Central Government/ State Government(s),1669204726.0
BEL,2017-12-31,GOI_PSU,Central Government/ State Government(s),1639320397.0
BEL,2018-03-31,GOI_PSU,Central Government/ State Government(s),1627374928.0
BEL,2018-06-30,GOI_PSU,Central Government/ State Government(s),1608441212.0
BEL,2018-09-30,GOI_PSU,Central Government/ State Government(s),1610405133.0
BEL,2018-12-31,GOI_PSU,Central Government/ State Government(s),1509060257.0
BEL,2019-03-31,GOI_PSU,Central Government/ State Government(s),1433326432.0
BEL,2019-06-30,GOI_PSU,Central Government/ State Government(s),1433326432.0
BEL,2019-09-30,GOI_PSU,Central Government/ State Government(s),1362894613.0
BEL,2019-12-31,GOI_PSU,Central Government/ State Government(s),1346744254.0
BEL,2020-03-31,GOI_PSU,Central Government/ State Government(s),1245973978.0
BEL,2020-06-30,GOI_PSU,Central Government/ State Government(s),1245973978.0
BEL,2020-09-30,GOI_PSU,Central Government/ State Government(s),1245973978.0
BEL,2020-12-31,GOI_PSU,Central Government/ State Government(s),1245973978.0
BEL,2021-03-31,GOI_PSU,Central Government/ State Government(s),1245973978.0
BEL,2021-06-30,GOI_PSU,Central Government/ State Government(s),1245973978.0
BEL,2021-09-30,GOI_PSU,Central Government/ State Government(s),1245973978.0
BEL,2021-12-31,GOI_PSU,Central Government/ State Government(s),1245973978.0
BEL,2022-03-31,GOI_PSU,Central Government/ State Government(s),1245973978.0
BEL,2022-06-30,GOI_PSU,Central Government/ State Government(s),1245973978.0
BEL,2022-09-19,GOI_PSU,Central Government/ State Government(s),3737921934.0
BEL,2022-09-30,GOI_PSU,Central Government/ State Government(s),3737921934.0
BEL,2022-12-31,GOI_PSU,Central Government/ State Government(s),3737921934.0
BEL,2023-03-31,GOI_PSU,Central Government/ State Government(s),3737921934.0
BEL,2023-06-30,GOI_PSU,Central Government/ State Government(s),3737921934.0
BEL,2023-09-30,GOI_PSU,Central Government/ State Government(s),3737921934.0
BEL,2023-12-31,GOI_PSU,Central Government/ State Government(s),3737921934.0
BEL,2024-03-31,GOI_PSU,Central Government/ State Government(s),3737921934.0
BEL,2024-06-30,GOI_PSU,Central Government/ State Government(s),3737921934.0
BEL,2024-09-30,GOI_PSU,Central Government/ State Government(s),3737921934.0
BEL,2024-12-31,GOI_PSU,Central Government/ State Government(s),3737921934.0
BEL,2025-03-31,GOI_PSU,Central Government/ State Government(s),3737921934.0
BEL,2025-06-30,GOI_PSU,Central Government/ State Government(s),3737921934.0
BEL,2025-09-30,GOI_PSU,Central Government/ State Government(s),3737921934.0
BEL,2025-12-31,GOI_PSU,Central Government/ State Government(s),3737921934.0
BEML,2014-03-31,Independent,,0.0
BEML,2014-06-30,Independent,,0.0
BEML,2014-09-30,Independent,,0.0
BEML,2014-12-31,Independent,,0.0
BEML,2015-03-31,Independent,,0.0
BEML,2015-06-30,Independent,,0.0
BEML,2015-09-30,Independent,,0.0
BEML,2015-12-31,GOI_PSU,Central Government/ State Government(s),22500000.0
BEML,2016-03-31,GOI_PSU,Central Government/ State Government(s),22500000.0
BEML,2016-06-30,GOI_PSU,Central Government/ State Government(s),22500000.0
BEML,2016-09-30,GOI_PSU,Central Government/ State Government(s),22500000.0
BEML,2016-12-31,GOI_PSU,Central Government/ State Government(s),22500000.0
BEML,2017-03-31,GOI_PSU,Central Government/ State Government(s),22500000.0
BEML,2017-06-30,GOI_PSU,Central Government/ State Government(s),22500000.0
BEML,2017-09-30,GOI_PSU,Central Government/ State Government(s),22500000.0
BEML,2017-12-31,GOI_PSU,Central Government/ State Government(s),22500000.0
BEML,2018-03-31,GOI_PSU,Central Government/ State Government(s),22500000.0
BEML,2018-06-30,GOI_PSU,Central Government/ State Government(s),22500000.0
BEML,2018-09-30,GOI_PSU,Central Government/ State Government(s),22500000.0
BEML,2018-12-31,GOI_PSU,Central Government/ State Government(s),22500000.0
BEML,2019-03-31,GOI_PSU,Central Government/ State Government(s),22500000.0
BEML,2019-06-30,GOI_PSU,Central Government/ State Government(s),22500000.0
BEML,2019-09-30,GOI_PSU,Central Government/ State Government(s),22500000.0
BEML,2019-12-31,GOI_PSU,Central Government/ State Government(s),22500000.0
BEML,2020-03-31,GOI_PSU,Central Government/ State Government(s),22500000.0
BEML,2020-06-30,GOI_PSU,Central Government/ State Government(s),22500000.0
BEML,2020-09-30,GOI_PSU,Central Government/ State Government(s),22500000.0
BEML,2020-12-31,GOI_PSU,Central Government/ State Government(s),22500000.0
BEML,2021-03-31,GOI_PSU,Central Government/ State Government(s),22500000.0
BEML,2021-06-30,GOI_PSU,Central Government/ State Government(s),22500000.0
BEML,2021-09-30,GOI_PSU,Central Government/ State Government(s),22500000.0
BEML,2021-12-31,GOI_PSU,Central Government/ State Government(s),22500000.0
BEML,2022-03-31,GOI_PSU,Central Government/ State Government(s),22500000.0
BEML,2022-06-30,GOI_PSU,Central Government/ State Government(s),22500000.0
BEML,2022-09-30,GOI_PSU,Central Government/ State Government(s),22500000.0
BEML,2022-12-31,GOI_PSU,Central Government/ State Government(s),22500000.0
BEML,2023-03-31,GOI_PSU,Central Government/ State Government(s),22500000.0
BEML,2023-06-30,GOI_PSU,Central Government/ State Government(s),22500000.0
BEML,2023-09-30,GOI_PSU,Central Government/ State Government(s),22500000.0
BEML,2023-12-31,GOI_PSU,Central Government/ State Government(s),22500000.0
BEML,2024-03-31,GOI_PSU,Central Government/ State Government(s),22500000.0
BEML,2024-06-30,GOI_PSU,Central Government/ State Government(s),22500000.0
BEML,2024-09-30,GOI_PSU,Central Government/ State Government(s),22500000.0
BEML,2024-12-31,GOI_PSU,Central Government/ State Government(s),22500000.0
BEML,2025-03-31,GOI_PSU,Central Government/ State Government(s),22500000.0
BEML,2025-06-30,GOI_PSU,Central Government/ State Government(s),22500000.0
BEML,2025-09-30,GOI_PSU,Central Government/ State Government(s),22500000.0
BEML,2025-12-31,GOI_PSU,Central Government/ State Government(s),45000000.0
BERGEPAINT,2014-03-31,Independent,,0.0
BERGEPAINT,2014-06-30,Independent,,0.0
BERGEPAINT,2014-09-30,Independent,,0.0
BERGEPAINT,2014-12-31,Independent,,0.0
BERGEPAINT,2015-03-31,Independent,,0.0
BERGEPAINT,2015-06-30,Independent,,0.0
BERGEPAINT,2015-09-30,Independent,,0.0
BERGEPAINT,2015-12-31,Independent,Body Corporate - UK Paints India Pvt. Ltd.,336890608.0
BERGEPAINT,2016-03-31,Independent,Body Corporate,386311794.0
BERGEPAINT,2016-06-30,Independent,Body Corporate,386472794.0
BERGEPAINT,2016-09-30,Independent,Body Corporate,541224058.0
BERGEPAINT,2016-12-31,Independent,Body Corporate,542224058.0
BERGEPAINT,2017-03-31,Independent,Other,555224058.0
BERGEPAINT,2017-06-30,Independent,Body Corporate,555224058.0
BERGEPAINT,2017-09-30,Independent,Body Corporate,555224058.0
BERGEPAINT,2017-12-31,Independent,Body Corporate,555224058.0
BERGEPAINT,2018-03-31,Independent,UK Paints India Pvt. Ltd.,486545399.0
BERGEPAINT,2018-06-30,Independent,UK Paints India Pvt. Ltd.,486545399.0
BERGEPAINT,2018-09-30,Independent,UK Paints India Pvt. Ltd.,486545399.0
BERGEPAINT,2018-12-31,Independent,UK Paints India Pvt. Ltd.,486545399.0
BERGEPAINT,2019-03-31,Independent,UK Paints India Pvt. Ltd.,486545399.0
BERGEPAINT,2019-06-30,Independent,Other,555399058.0
BERGEPAINT,2019-09-30,Independent,U K Paints India Pvt. Ltd.,486545399.0
BERGEPAINT,2019-12-31,Independent,U K PAINTS INDIA PVT. LTD.,486545399.0
BERGEPAINT,2020-03-31,Independent,U K Paints India Pvt. Ltd.,486545399.0
BERGEPAINT,2020-06-30,Independent,U K Paints India Pvt Ltd.,486545399.0
BERGEPAINT,2020-09-30,Independent,U K Paints India Private Limited,486545399.0
BERGEPAINT,2020-12-31,Independent,U K Paints India Pvt.Ltd.,486545399.0
BERGEPAINT,2021-03-31,Independent,U K Paints India Pvt.Ltd.,486545399.0
BERGEPAINT,2021-06-30,Independent,U K Paints India Pvt. Ltd.,486545399.0
BERGEPAINT,2021-09-30,Independent,U K Paints India Pvt.Ltd.,486545399.0
BERGEPAINT,2021-12-31,Independent,U K Paints India Pvt.Ltd.,486545399.0
BERGEPAINT,2022-03-31,Independent,U K Paints India Pvt.Ltd.,486545399.0
BERGEPAINT,2022-06-30,Independent,U K Paints India Pvt.Ltd.,486545399.0
BERGEPAINT,2022-09-30,Independent,U K Paints India Pvt.Ltd.,486545399.0
BERGEPAINT,2022-12-31,Independent,U K Paints India Pvt.Ltd.,486665399.0
BERGEPAINT,2023-03-31,Independent,U K PAINTS INDIA PVT LTD,486665399.0
BERGEPAINT,2023-06-30,Independent,U K PAINTS INDIA PVT LTD,486665399.0
BERGEPAINT,2023-09-30,Independent,U K PAINTS INDIA PVT LTD,583998478.0
BERGEPAINT,2023-12-31,Independent,U K PAINTS INDIA PVT LTD,583998478.0
BERGEPAINT,2024-03-31,Independent,U K PAINTS INDIA PVT LTD,584035478.0
BERGEPAINT,2024-06-30,Independent,U K Paints India Private Limited,584035478.0
BERGEPAINT,2024-09-30,Independent,U K Paints India Private Limited,584035478.0
BERGEPAINT,2024-12-31,Independent,U K Paints India Private Limited,584035478.0
BERGEPAINT,2025-03-31,Independent,U K Paints India Private Limited,584035478.0
BERGEPAINT,2025-06-30,Independent,U K Paints India Private Limited,584035478.0
BERGEPAINT,2025-09-30,Independent,U K Paints India Private Limited,584035478.0
BERGEPAINT,2025-12-31,Independent,U K Paints India Private Limited,752823616.0
BHARATFIN,2014-03-31,Independent,,0.0
BHARATFIN,2014-05-27,Independent,,0.0
BHARATFIN,2014-06-30,Independent,,0.0
BHARATFIN,2014-09-30,Independent,,0.0
BHARATFIN,2014-12-31,Independent,,0.0
BHARATFIN,2015-03-31,Independent,,0.0
BHARATFIN,2015-06-30,Independent,,0.0
BHARATFIN,2015-09-30,Independent,,0.0
BHARATFIN,2015-12-31,Independent,KISMET MICROFINANCE,3377333.0
BHARATFIN,2016-03-31,Independent,KISMET MICROFINANCE,3377333.0
BHARATFIN,2016-06-30,Independent,KISMET MICROFINANCE,2627111.0
BHARATFIN,2016-09-29,Independent,KISMET MICROFINANCE,2515152.0
BHARATFIN,2016-09-30,Independent,Foreign Body Corporate,2409196.0
BHARATFIN,2016-12-31,Independent,Body Corporate,2290219.0
BHARATFIN,2017-03-31,Independent,Body Corporate,2290219.0
BHARATFIN,2017-06-30,Independent,Body Corporate,2290219.0
BHARATFIN,2017-09-30,Independent,Body Corporate,2290219.0
BHARATFIN,2017-12-31,Independent,Body Corporate,2290219.0
BHARATFIN,2018-03-31,Independent,KISMET MICROFINANCE,2290219.0
BHARATFIN,2018-06-30,Independent,KISMET MICROFINANCE,2213813.0
BHARATFIN,2018-09-30,Independent,KISMET MICROFINANCE,2213813.0
BHARATFIN,2018-12-31,Independent,KISMET MICROFINANCE,2213813.0
BHARATFIN,2019-03-31,Independent,KISMET MICROFINANCE,2213813.0
BHARATFORG,2014-03-31,Independent,,0.0
BHARATFORG,2014-06-30,Independent,,0.0
BHARATFORG,2014-09-30,Independent,,0.0
BHARATFORG,2014-12-31,Independent,,0.0
BHARATFORG,2015-03-31,Independent,,0.0
BHARATFORG,2015-06-30,Independent,,0.0
BHARATFORG,2015-09-30,Independent,,0.0
BHARATFORG,2015-12-31,Independent,KALYANI INVESTMENT COMPANY LIMITED,31656095.0
BHARATFORG,2016-03-31,Independent,BODIES CORPORATES,109152322.0
BHARATFORG,2016-06-30,Independent,BODIES CORPORATES,109152322.0
BHARATFORG,2016-09-30,Independent,BODIES CORPORATES,109152322.0
BHARATFORG,2016-12-31,Independent,Body Corporate,106825322.0
BHARATFORG,2017-03-31,Independent,Body Corporate,106825322.0
BHARATFORG,2017-06-30,Independent,Body Corporate,106825322.0
BHARATFORG,2017-09-30,Independent,KALYANI INVESTMENT COMPANY LIMITED,31656095.0
BHARATFORG,2017-10-03,Independent,Body Corporate,211365610.0
BHARATFORG,2017-12-31,Independent,Body Corporate,213650644.0
BHARATFORG,2018-03-31,Independent,KALYANI INVESTMENT COMPANY LIMITED,63312190.0
BHARATFORG,2018-06-30,Independent,KALYANI INVESTMENT COMPANY LIMITED,63312190.0
BHARATFORG,2018-09-30,Independent,KALYANI INVESTMENT COMPANY LIMITED,63312190.0
BHARATFORG,2018-12-31,Independent,KALYANI INVESTMENT COMPANY LIMITED,63312190.0
BHARATFORG,2019-03-31,Independent,KALYANI INVESTMENT COMPANY LIMITED,63312190.0
BHARATFORG,2019-06-30,Independent,KALYANI INVESTMENT COMPANY LIMITED,63312190.0
BHARATFORG,2019-09-30,Independent,KALYANI INVESTMENT COMPANY LIMITED,63312190.0
BHARATFORG,2019-12-31,Independent,KALYANI INVESTMENT COMPANY LIMITED,63312190.0
BHARATFORG,2020-03-31,Independent,KALYANI INVESTMENT COMPANY LIMITED,63312190.0
BHARATFORG,2020-06-30,Independent,KALYANI INVESTMENT COMPANY LIMITED,63312190.0
BHARATFORG,2020-09-30,Independent,KALYANI INVESTMENT COMPANY LIMITED,63312190.0
BHARATFORG,2020-12-31,Independent,KALYANI INVESTMENT COMPANY LIMITED,63312190.0
BHARATFORG,2021-03-31,Independent,KALYANI INVESTMENT COMPANY LIMITED,63312190.0
BHARATFORG,2021-06-30,Independent,KALYANI INVESTMENT COMPANY LIMITED,63312190.0
BHARATFORG,2021-09-30,Independent,KALYANI INVESTMENT COMPANY LIMITED,63312190.0
BHARATFORG,2021-12-31,Independent,KALYANI INVESTMENT COMPANY LIMITED,63312190.0
BHARATFORG,2022-03-31,Independent,KALYANI INVESTMENT COMPANY LIMITED,63312190.0
BHARATFORG,2022-06-30,Independent,KALYANI INVESTMENT COMPANY LIMITED,63312190.0
BHARATFORG,2022-09-30,Independent,KALYANI INVESTMENT COMPANY LIMITED,63312190.0
BHARATFORG,2022-12-31,Independent,KALYANI INVESTMENT COMPANY LIMITED,63312190.0
BHARATFORG,2023-03-31,Independent,KALYANI INVESTMENT COMPANY LIMITED,63312190.0
BHARATFORG,2023-06-30,Independent,KALYANI INVESTMENT COMPANY LIMITED,63312190.0
BHARATFORG,2023-09-30,Independent,KALYANI INVESTMENT COMPANY LIMITED,63312190.0
BHARATFORG,2023-12-31,Independent,Kalyani Investment Company Limited,63312190.0
BHARATFORG,2024-03-31,Independent,KALYANI INVESTMENT COMPANY LIMITED,63312190.0
BHARATFORG,2024-06-30,Independent,KALYANI INVESTMENT COMPANY LIMITED,63312190.0
BHARATFORG,2024-09-30,Independent,KALYANI INVESTMENT COMPANY LIMITED,63312190.0
BHARATFORG,2024-12-31,Independent,KALYANI INVESTMENT COMPANY LIMITED,63312190.0
BHARATFORG,2025-03-31,Independent,KALYANI INVESTMENT COMPANY LIMITED,63312190.0
BHARATFORG,2025-06-30,Independent,KALYANI INVESTMENT COMPANY LIMITED,63312190.0
BHARATFORG,2025-09-30,Independent,KALYANI INVESTMENT COMPANY LIMITED,63312190.0
BHARATFORG,2025-12-31,Independent,KALYANI INVESTMENT COMPANY LIMITED,63312190.0
BHARTIARTL,2014-03-31,Independent,,0.0
BHARTIARTL,2014-06-30,Independent,,0.0
BHARTIARTL,2014-09-30,Independent,,0.0
BHARTIARTL,2014-12-31,Independent,,0.0
BHARTIARTL,2015-03-31,Independent,,0.0
BHARTIARTL,2015-06-30,Independent,,0.0
BHARTIARTL,2015-09-30,Independent,,0.0
BHARTIARTL,2016-03-31,Independent,Bharti Telecom Limited,1802318492.0
BHARTIARTL,2016-06-30,Independent,Bharti Telecom Limited,1802318492.0
BHARTIARTL,2016-09-30,Independent,Bharti Telecom Limited,1817987269.0
BHARTIARTL,2016-12-31,Independent,BHARTI TELECOM LIMITED,1817987269.0
BHARTIARTL,2017-03-31,Independent,Bharti Telecom Limited,1817987269.0
BHARTIARTL,2017-06-30,Independent,Bharti Telecom Limited,1817987269.0
BHARTIARTL,2017-09-30,Independent,Bharti Telecom Limited,1818108269.0
BHARTIARTL,2017-12-31,Independent,Bharti Telecom Limited,2002818452.0
BHARTIARTL,2018-03-31,Independent,BHARTI TELECOM LIMITED,2002818452.0
BHARTIARTL,2018-06-30,Independent,BHARTI TELECOM LIMITED,2002818452.0
BHARTIARTL,2018-09-30,Independent,BHARTI TELECOM LIMITED,2002818452.0
BHARTIARTL,2018-12-31,Independent,BHARTI TELECOM LIMITED,2002818452.0
BHARTIARTL,2019-03-31,Independent,BHARTI TELECOM LIMITED,2002818452.0
BHARTIARTL,2019-05-24,Independent,BHARTI TELECOM LIMITED,2116236438.0
BHARTIARTL,2019-06-30,Independent,BHARTI TELECOM LIMITED,2116236438.0
BHARTIARTL,2019-09-30,Independent,BHARTI TELECOM LIMITED,2116236438.0
BHARTIARTL,2019-12-31,Independent,BHARTI TELECOM LIMITED,2116236438.0
BHARTIARTL,2020-01-15,Independent,BHARTI TELECOM LIMITED,2116236438.0
BHARTIARTL,2020-03-31,Independent,BHARTI TELECOM LIMITED,2116236438.0
BHARTIARTL,2020-06-30,Independent,BHARTI TELECOM LIMITED,1966236438.0
BHARTIARTL,2020-09-30,Independent,BHARTI TELECOM LIMITED,1966236438.0
BHARTIARTL,2020-12-31,Independent,BHARTI TELECOM LIMITED,1966236438.0
BHARTIARTL,2021-03-31,Independent,BHARTI TELECOM LIMITED,1966236438.0
BHARTIARTL,2021-06-30,Independent,BHARTI TELECOM LIMITED,1966236438.0
BHARTIARTL,2021-09-30,Independent,BHARTI TELECOM LIMITED,1966236438.0
BHARTIARTL,2021-10-27,Independent,BHARTI TELECOM LIMITED,2109640745.0
BHARTIARTL,2021-12-31,Independent,BHARTI TELECOM LIMITED,2109640745.0
BHARTIARTL,2022-03-31,Independent,Bharti Telecom Limited,2109640745.0
BHARTIARTL,2022-06-30,Independent,BHARTI TELECOM LIMITED,2109640745.0
BHARTIARTL,2022-09-30,Independent,BHARTI TELECOM LIMITED,2299875172.0
BHARTIARTL,2022-12-31,Independent,BHARTI TELECOM LIMITED,2299875172.0
BHARTIARTL,2023-03-31,Independent,BHARTI TELECOM LIMITED,2299875172.0
BHARTIARTL,2023-06-30,Independent,BHARTI TELECOM LIMITED,2299875172.0
BHARTIARTL,2023-09-30,Independent,BHARTI TELECOM LIMITED,2299875172.0
BHARTIARTL,2023-12-31,Independent,Bharti Telecom Limited,2381025975.0
BHARTIARTL,2024-03-31,Independent,Bharti Telecom Limited,2381025975.0
BHARTIARTL,2024-06-30,Independent,Bharti Telecom Limited,2381025975.0
BHARTIARTL,2024-09-30,Independent,Bharti Telecom Limited,2381025975.0
BHARTIARTL,2024-12-31,Independent,Bharti Telecom Limited,2454085335.0
BHARTIARTL,2025-03-31,Independent,Bharti Telecom Limited,2466133527.0
BHARTIARTL,2025-06-30,Independent,Bharti Telecom Limited,2466133527.0
BHARTIARTL,2025-09-30,Independent,BHARTI TELECOM LIMITED,2466133527.0
BHARTIARTL,2025-12-31,Independent,Bharti Telecom Limited,2466133527.0
BHARTIHEXA,2024-04-11,Independent,Bharti Airtel Limited,350000000.0
BHARTIHEXA,2024-06-30,Independent,Bharti Airtel Limited,349999990.0
BHARTIHEXA,2024-09-30,Independent,Bharti Airtel Limited,349999990.0
BHARTIHEXA,2024-12-31,Independent,Bharti Airtel Limited,349999992.0
BHARTIHEXA,2025-03-31,Independent,Bharti Airtel Limited,349999996.0
BHARTIHEXA,2025-06-30,Independent,Bharti Airtel Limited,349999996.0
BHARTIHEXA,2025-09-30,Independent,BHARTI AIRTEL LIMITED,349999996.0
BHARTIHEXA,2025-12-31,Independent,BHARTI AIRTEL LIMITED,349999996.0
BHEL,2014-03-31,Independent,,0.0
BHEL,2014-06-30,Independent,,0.0
BHEL,2014-09-30,Independent,,0.0
BHEL,2014-12-31,Independent,,0.0
BHEL,2015-03-31,Independent,,0.0
BHEL,2015-06-30,Independent,,0.0
BHEL,2015-09-30,Independent,,0.0
BHEL,2015-12-31,GOI_PSU,Central Government/ State Government(s),1543452000.0
BHEL,2016-03-31,GOI_PSU,Central Government/ State Government(s),1543452000.0
BHEL,2016-06-30,GOI_PSU,Central Government/ State Government(s),1543452000.0
BHEL,2016-09-30,GOI_PSU,Central Government/ State Government(s),1543452000.0
BHEL,2016-12-31,GOI_PSU,Central Government/ State Government(s),1543452000.0
BHEL,2017-03-31,GOI_PSU,Central Government/ State Government(s),1543452000.0
BHEL,2017-06-30,GOI_PSU,Central Government/ State Government(s),1543452000.0
BHEL,2017-09-30,GOI_PSU,Central Government/ State Government(s),1543452000.0
BHEL,2017-10-03,GOI_PSU,Central Government/ State Government(s),2315178000.0
BHEL,2017-12-31,GOI_PSU,Central Government/ State Government(s),2315178000.0
BHEL,2018-03-31,GOI_PSU,Central Government/ State Government(s),2315178000.0
BHEL,2018-06-30,GOI_PSU,Central Government/ State Government(s),2315178000.0
BHEL,2018-09-30,GOI_PSU,Central Government/ State Government(s),2315178000.0
BHEL,2018-12-31,GOI_PSU,Central Government/ State Government(s),2315178000.0
BHEL,2019-01-14,GOI_PSU,Central Government/ State Government(s),2199650402.0
BHEL,2019-03-31,GOI_PSU,Central Government/ State Government(s),2199650402.0
BHEL,2019-06-30,GOI_PSU,Central Government/ State Government(s),2199650402.0
BHEL,2019-09-30,GOI_PSU,Central Government/ State Government(s),2199650402.0
BHEL,2019-12-31,GOI_PSU,Central Government/ State Government(s),2199650402.0
BHEL,2020-03-31,GOI_PSU,Central Government/ State Government(s),2199650402.0
BHEL,2020-06-30,GOI_PSU,Central Government/ State Government(s),2199650402.0
BHEL,2020-09-30,GOI_PSU,Central Government/ State Government(s),2199650402.0
BHEL,2020-12-31,GOI_PSU,Central Government/ State Government(s),2199650402.0
BHEL,2021-03-31,GOI_PSU,Central Government/ State Government(s),2199650402.0
BHEL,2021-06-30,GOI_PSU,Central Government/ State Government(s),2199650402.0
BHEL,2021-09-30,GOI_PSU,Central Government/ State Government(s),2199650402.0
BHEL,2021-12-31,GOI_PSU,Central Government/ State Government(s),2199650402.0
BHEL,2022-03-31,GOI_PSU,Central Government/ State Government(s),2199650402.0
BHEL,2022-06-30,GOI_PSU,Central Government/ State Government(s),2199650402.0
BHEL,2022-09-30,GOI_PSU,Central Government/ State Government(s),2199650402.0
BHEL,2022-12-31,GOI_PSU,Central Government/ State Government(s),2199650402.0
BHEL,2023-03-31,GOI_PSU,Central Government/ State Government(s),2199650402.0
BHEL,2023-06-30,GOI_PSU,Central Government/ State Government(s),2199650402.0
BHEL,2023-09-30,GOI_PSU,Central Government/ State Government(s),2199650402.0
BHEL,2023-12-31,GOI_PSU,Central Government/ State Government(s),2199650402.0
BHEL,2024-03-31,GOI_PSU,Central Government/ State Government(s),2199650402.0
BHEL,2024-06-30,GOI_PSU,Central Government/ State Government(s),2199650402.0
BHEL,2024-09-30,GOI_PSU,Central Government/ State Government(s),2199650402.0
BHEL,2024-12-31,GOI_PSU,Central Government/ State Government(s),2199650402.0
BHEL,2025-03-31,GOI_PSU,Central Government/ State Government(s),2199650402.0
BHEL,2025-06-30,GOI_PSU,Central Government/ State Government(s),2199650402.0
BHEL,2025-09-30,GOI_PSU,Central Government/ State Government(s),2199650402.0
BHEL,2025-12-31,GOI_PSU,Central Government/ State Government(s),2199650402.0
BIOCON,2014-03-31,Independent,,0.0
BIOCON,2014-06-30,Independent,,0.0
BIOCON,2014-09-30,Independent,,0.0
BIOCON,2014-12-31,Independent,,0.0
BIOCON,2015-03-31,Independent,,0.0
BIOCON,2015-06-30,Independent,,0.0
BIOCON,2015-09-30,Independent,,0.0
BIOCON,2015-12-31,Independent,Kiran Mazumdar Shaw,79287564.0
BIOCON,2016-03-31,Independent,Kiran Mazumdar Shaw,79287564.0
BIOCON,2016-06-30,Independent,KIRAN MAZUMDAR SHAW,79287564.0
BIOCON,2016-09-30,Independent,Kiran Mazumdar Shaw,79287564.0
BIOCON,2016-12-31,Independent,Kiran Mazumdar Sahw,79287564.0
BIOCON,2017-03-31,Independent,Kiran Mazumdar Shaw,79287564.0
BIOCON,2017-06-19,Independent,KIRAN MAZUMDAR SHAW,237862692.0
BIOCON,2017-06-30,Independent,KIRAN MAZUMDAR SHAW,237862692.0
BIOCON,2017-09-30,Independent,KIRAN MAZUMDAR SHAW,237862692.0
BIOCON,2017-12-31,Independent,KIRAN MAZUMDAR SHAW,237862692.0
BIOCON,2018-03-31,Independent,KIRAN MAZUMDAR SHAW,237862692.0
BIOCON,2018-06-30,Independent,KIRAN MAZUMDAR SHAW,237862692.0
BIOCON,2018-09-30,Independent,KIRAN MAZUMDAR SHAW,237862692.0
BIOCON,2018-12-31,Independent,KIRAN MAZUMDAR SHAW,237862692.0
BIOCON,2019-03-31,Independent,KIRAN MAZUMDAR SHAW,237862692.0
BIOCON,2019-06-15,Independent,KIRAN MAZUMDAR SHAW,475725384.0
BIOCON,2019-06-30,Independent,KIRAN MAZUMDAR SHAW,475725384.0
BIOCON,2019-09-30,Independent,KIRAN MAZUMDAR SHAW,475725384.0
BIOCON,2019-12-31,Independent,KIRAN MAZUMDAR SHAW,475725384.0
BIOCON,2020-03-31,Independent,KIRAN MAZUMDAR SHAW,475725384.0
BIOCON,2020-06-30,Independent,KIRAN MAZUMDAR SHAW,475725384.0
BIOCON,2020-09-30,Independent,KIRAN MAZUMDAR SHAW,475725384.0
BIOCON,2020-12-31,Independent,KIRAN MAZUMDAR SHAW,475725384.0
BIOCON,2021-03-31,Independent,KIRAN MAZUMDAR SHAW,475725384.0
BIOCON,2021-06-30,Independent,KIRAN MAZUMDAR SHAW,475725384.0
BIOCON,2021-09-30,Independent,KIRAN MAZUMDAR SHAW,475725384.0
BIOCON,2021-12-31,Independent,KIRAN MAZUMDAR SHAW,475725384.0
BIOCON,2022-03-31,Independent,KIRAN MAZUMDAR SHAW,475725384.0
BIOCON,2022-06-30,Independent,KIRAN MAZUMDAR SHAW,475725384.0
BIOCON,2022-09-30,Independent,KIRAN MAZUMDAR SHAW,476136622.0
BIOCON,2022-12-31,Independent,KIRAN MAZUMDAR SHAW,476136622.0
BIOCON,2023-03-31,Independent,KIRAN MAZUMDAR SHAW,476136622.0
BIOCON,2023-06-30,Independent,KIRAN MAZUMDAR SHAW,476136622.0
BIOCON,2023-09-30,Independent,KIRAN MAZUMDAR SHAW,484581970.0
BIOCON,2023-12-31,Independent,KIRAN MAZUMDAR SHAW,484581970.0
BIOCON,2024-03-31,Independent,KIRAN MAZUMDAR SHAW,484581970.0
BIOCON,2024-06-30,Independent,KIRAN MAZUMDAR SHAW,484581970.0
BIOCON,2024-09-30,Independent,KIRAN MAZUMDAR SHAW,484581970.0
BIOCON,2024-12-31,Independent,KIRAN MAZUMDAR SHAW,484581970.0
BIOCON,2025-03-31,Independent,KIRAN MAZUMDAR SHAW,484581970.0
BIOCON,2025-06-19,Independent,KIRAN MAZUMDAR SHAW,484581970.0
BIOCON,2025-06-30,Independent,KIRAN MAZUMDAR SHAW,484581970.0
BIOCON,2025-09-30,Independent,KIRAN MAZUMDAR SHAW,484581970.0
BIOCON,2025-12-31,Independent,KIRAN MAZUMDAR SHAW,484581970.0
BLUESTARCO,2014-03-31,Independent,,0.0
BLUESTARCO,2014-06-30,Independent,,0.0
BLUESTARCO,2014-09-30,Independent,,0.0
BLUESTARCO,2014-12-31,Independent,,0.0
BLUESTARCO,2015-03-31,Independent,,0.0
BLUESTARCO,2015-06-30,Independent,,0.0
BLUESTARCO,2015-09-30,Independent,,0.0
BLUESTARCO,2015-12-31,Independent,ASHOK MOHAN ADVANI,7869846.0
BLUESTARCO,2016-03-31,Independent,Promotors Trust,13458337.0
BLUESTARCO,2016-06-30,Independent,Promotors Trust,14003298.0
BLUESTARCO,2016-09-30,Independent,PROMOTERS TRUST,14003298.0
BLUESTARCO,2016-12-31,Independent,Trust,14003298.0
BLUESTARCO,2017-03-31,Independent,Trust,14003298.0
BLUESTARCO,2017-06-30,Independent,Trust,22275275.0
BLUESTARCO,2017-09-30,Independent,Trust,22275275.0
BLUESTARCO,2017-12-31,Independent,Trust,22275275.0
BLUESTARCO,2018-03-31,Independent,Trust,22275275.0
BLUESTARCO,2018-06-30,Independent,Trust,22275275.0
BLUESTARCO,2018-09-30,Independent,Vistra ITCL (India) Limited,11955601.0
BLUESTARCO,2018-12-31,Independent,Vistra ITCL (India) Limited (on behalf of Ashok M Advani Family Private Trust),11955601.0
BLUESTARCO,2019-03-31,Independent,Vistra ITCL (India) Limited (on behalf of Ashok M Advani Family Private Trust),11955601.0
BLUESTARCO,2019-06-30,Independent,Vistra Itcl (India) Limited,11955601.0
BLUESTARCO,2019-09-30,Independent,Vistra Itcl (India) Limited  as a Trustee of Ashok M Advani Family Private Trust,11955601.0
BLUESTARCO,2019-12-31,Independent,Vistra Itcl (India) Limited  as a Trustee of Ashok M Advani Family Private Trust,11955601.0
BLUESTARCO,2020-03-31,Independent,Vistra Itcl (India) Limited  as a Trustee of Ashok M Advani Family Private Trust,11955601.0
BLUESTARCO,2020-06-30,Independent,Vistra Itcl (India) Limited  as a Trustee of Ashok M Advani Family Private Trust,11955601.0
BLUESTARCO,2020-09-30,Independent,Vistra Itcl (India) Limited  as a Trustee of Ashok M Advani Family Private Trust,11955601.0
BLUESTARCO,2020-12-31,Independent,Vistra Itcl (India) Limited  as a Trustee of Ashok M Advani Family Private Trust,11955601.0
BLUESTARCO,2021-03-31,Independent,Vistra Itcl (India) Limited  as a Trustee of Ashok M Advani Family Private Trust,11955601.0
BLUESTARCO,2021-06-30,Independent,Vistra Itcl (India) Limited  as a Trustee of Ashok M Advani Family Private Trust,11955601.0
BLUESTARCO,2021-09-30,Independent,Vistra Itcl (India) Limited as a Trustee of Ashok M Advani Family Private Trust,11955601.0
BLUESTARCO,2021-12-31,Independent,Vistra Itcl (India) Limited as a Trustee of Ashok M Advani Family Private Trust,11955601.0
BLUESTARCO,2022-03-31,Independent,Vistra Itcl (India) Limited as a Trustee of Ashok M Advani Family Private Trust,11955601.0
BLUESTARCO,2022-06-30,Independent,Vistra Itcl (India) Limited as a Trustee of Ashok M Advani Family Private Trust,11955601.0
BLUESTARCO,2022-09-30,Independent,Vistra Itcl (India) Limited as a Trustee of Ashok M Advani Family Private Trust,11955601.0
BLUESTARCO,2022-12-31,Independent,Vistra Itcl (India) Limited as a Trustee of Ashok M Advani Family Private Trust,11955601.0
BLUESTARCO,2023-03-31,Independent,Vistra Itcl (India) Limited as a Trustee of Ashok M Advani Family Private Trust,11955601.0
BLUESTARCO,2023-06-21,Independent,Vistra Itcl (India) Limited as a Trustee of Ashok M Advani Family Private Trust,23911202.0
BLUESTARCO,2023-06-30,Independent,Vistra ITCL (India) Limited as a Trustee of Ashok M Advani Family Private Trust,23911202.0
BLUESTARCO,2023-09-22,Independent,Vistra ITCL (India) Limited as a Trustee of Ashok M Advani Family Private Trust,23911202.0
BLUESTARCO,2023-09-30,Independent,Vistra ITCL (India) Limited as a Trustee of Ashok M Advani Family Private Trust,23911202.0
BLUESTARCO,2023-12-31,Independent,Vistra ITCL (India) Limited as a Trustee of Ashok M Advani Family Private Trust,23911202.0
BLUESTARCO,2024-03-31,Independent,Vistra ITCL (India) Limited as a Trustee of Ashok M Advani Family Private Trust,23911202.0
BLUESTARCO,2024-06-30,Independent,Vistra ITCL (India) Limited as a Trustee of Ashok M Advani Family Private Trust,23911202.0
BLUESTARCO,2024-09-30,Independent,Vistra ITCL (India) Limited as a Trustee of Ashok M Advani Family Private Trust,23911202.0
BLUESTARCO,2024-12-31,Independent,Vistra ITCL (India) Limited as a Trustee of Ashok M Advani Family Private Trust,23911202.0
BLUESTARCO,2025-03-31,Independent,Vistra ITCL (India) Limited as a Trustee of Ashok M Advani Family Private Trust,23911202.0
BLUESTARCO,2025-06-30,Independent,Vistra ITCL (India) Limited as a Trustee of Ashok M Advani Family Private Trust,23911202.0
BLUESTARCO,2025-09-30,Independent,Vistra ITCL (India) Limited as a Trustee of Ashok M Advani Family Private Trust,23911202.0
BLUESTARCO,2025-12-31,Independent,Vistra ITCL (India) Limited as a Trustee of Ashok M Advani Family Private Trust,23911202.0
BOSCHLTD,2014-03-31,Independent,,0.0
BOSCHLTD,2014-06-30,Independent,,0.0
BOSCHLTD,2014-09-30,Independent,,0.0
BOSCHLTD,2014-12-31,Independent,,0.0
BOSCHLTD,2015-03-31,Independent,,0.0
BOSCHLTD,2015-06-30,Independent,,0.0
BOSCHLTD,2015-09-30,Independent,,0.0
BOSCHLTD,2015-12-31,Independent,ROBERT BOSCH GMBH,22349420.0
BOSCHLTD,2016-03-31,Independent,Corporate Body- Foreign Bodies,22349420.0
BOSCHLTD,2016-06-30,Independent,Corporate Body- Foreign Bodies,22349420.0
BOSCHLTD,2016-09-30,Independent,Corporate Body- Foreign Bodies,22349420.0
BOSCHLTD,2016-10-28,Independent,Corporate Body- Foreign Bodies,21512705.0
BOSCHLTD,2016-12-31,Independent,Body Corporate,21058705.0
BOSCHLTD,2017-03-31,Independent,Body Corporate,21058705.0
BOSCHLTD,2017-06-30,Independent,Body Corporate,21058705.0
BOSCHLTD,2017-09-30,Independent,Body Corporate,21058705.0
BOSCHLTD,2017-12-31,Independent,Body Corporate,21058705.0
BOSCHLTD,2018-03-31,Independent,Robert Bosch Gmbh,21058705.0
BOSCHLTD,2018-06-30,Independent,Robert Bosch GmbH,21058705.0
BOSCHLTD,2018-09-30,Independent,Robert Bosch GmbH,21058705.0
BOSCHLTD,2018-12-31,Independent,Robert Bosch GmbH,21058705.0
BOSCHLTD,2019-02-27,Independent,Robert Bosch GmbH,20351224.0
BOSCHLTD,2019-03-31,Independent,ROBERT BOSCH GMBH,20351224.0
BOSCHLTD,2019-06-30,Independent,ROBERT BOSCH GMBH,20351224.0
BOSCHLTD,2019-09-30,Independent,ROBERT BOSCH GMBH,20351224.0
BOSCHLTD,2019-12-31,Independent,ROBERT BOSCH GMBH,19984324.0
BOSCHLTD,2020-03-31,Independent,ROBERT BOSCH GMBH,19984324.0
BOSCHLTD,2020-06-30,Independent,ROBERT BOSCH GMBH,19984324.0
BOSCHLTD,2020-09-30,Independent,ROBERT BOSCH GMBH,19984324.0
BOSCHLTD,2020-12-31,Independent,ROBERT BOSCH GMBH,19984324.0
BOSCHLTD,2021-03-31,Independent,ROBERT BOSCH INTERNATIONALE BETILIGUNGEN AG,19984324.0
BOSCHLTD,2021-06-30,Independent,ROBERT BOSCH INTERNATIONALE BETEILIGUNGEN AG,19984324.0
BOSCHLTD,2021-09-30,Independent,ROBERT BOSCH INTERNATIONALE BETEILIGUNGEN AG,19984324.0
BOSCHLTD,2021-12-31,Independent,ROBERT BOSCH INTERNATIONALE BETEILIGUNGEN AG,19984324.0
BOSCHLTD,2022-03-31,Independent,ROBERT BOSCH INTERNATIONALE BETEILIGUNGEN AG,19984324.0
BOSCHLTD,2022-06-30,Independent,ROBERT BOSCH INTERNATIONALE BETEILIGUNGEN AG,19984324.0
BOSCHLTD,2022-09-30,Independent,ROBERT BOSCH INTERNATIONALE BETEILIGUNGEN AG,19984324.0
BOSCHLTD,2022-12-31,Independent,ROBERT BOSCH INTERNATIONALE BETEILIGUNGEN AG,19984324.0
BOSCHLTD,2023-03-31,Independent,ROBERT BOSCH INTERNATIONALE BETEILIGUNGEN AG,19984324.0
BOSCHLTD,2023-06-30,Independent,ROBERT BOSCH INTERNATIONALE BETEILIGUNGEN AG,19984324.0
BOSCHLTD,2023-09-30,Independent,ROBERT BOSCH INTERNATIONALE BETEILIGUNGEN AG,19984324.0
BOSCHLTD,2023-12-31,Independent,ROBERT BOSCH INTERNATIONALE BETEILIGUNGEN AG,19984324.0
BOSCHLTD,2024-03-31,Independent,ROBERT BOSCH INTERNATIONALE BETEILIGUNGEN AG,19984324.0
BOSCHLTD,2024-06-30,Independent,ROBERT BOSCH INTERNATIONALE BETEILIGUNGEN AG,19984324.0
BOSCHLTD,2024-09-30,Independent,ROBERT BOSCH INTERNATIONALE BETEILIGUNGEN AG,19984324.0
BOSCHLTD,2024-12-31,Independent,ROBERT BOSCH INTERNATIONALE BETEILIGUNGEN AG,19984324.0
BOSCHLTD,2025-03-31,Independent,ROBERT BOSCH INTERNATIONALE BETEILIGUNGEN AG,19984324.0
BOSCHLTD,2025-06-30,Independent,ROBERT BOSCH INTERNATIONALE BETEILIGUNGEN AG,19984324.0
BOSCHLTD,2025-09-30,Independent,ROBERT BOSCH INTERNATIONALE BETEILIGUNGEN AG,19984324.0
BOSCHLTD,2025-12-31,Independent,ROBERT BOSCH INTERNATIONALE BETEILIGUNGEN AG,19984324.0
BPCL,2014-03-31,Independent,,0.0
BPCL,2014-06-30,Independent,,0.0
BPCL,2014-09-30,Independent,,0.0
BPCL,2014-12-31,Independent,,0.0
BPCL,2015-03-31,Independent,,0.0
BPCL,2015-06-30,Independent,,0.0
BPCL,2015-09-30,Independent,,0.0
BPCL,2015-12-31,GOI_PSU,Central Government/ State Government(s),397200120.0
BPCL,2016-03-31,GOI_PSU,Central Government/ State Government(s),397200120.0
BPCL,2016-06-30,GOI_PSU,Central Government/ State Government(s),397200120.0
BPCL,2016-09-30,GOI_PSU,Central Government/ State Government(s),794400240.0
BPCL,2016-12-31,GOI_PSU,Central Government/ State Government(s),794400240.0
BPCL,2017-03-31,GOI_PSU,Central Government/ State Government(s),794400240.0
BPCL,2017-06-30,GOI_PSU,Central Government/ State Government(s),794400240.0
BPCL,2017-07-17,GOI_PSU,Central Government/ State Government(s),1191600360.0
BPCL,2017-09-30,GOI_PSU,Central Government/ State Government(s),1191600360.0
BPCL,2017-12-31,GOI_PSU,Central Government/ State Government(s),1178095019.0
BPCL,2018-03-31,GOI_PSU,Central Government/ State Government(s),1178095019.0
BPCL,2018-06-30,GOI_PSU,Central Government/ State Government(s),1169002765.0
BPCL,2018-09-30,GOI_PSU,Central Government/ State Government(s),1169945869.0
BPCL,2018-12-31,GOI_PSU,Central Government/ State Government(s),1169945869.0
BPCL,2019-03-31,GOI_PSU,Central Government/ State Government(s),1156095962.0
BPCL,2019-06-30,GOI_PSU,Central Government/ State Government(s),1156095962.0
BPCL,2019-09-30,GOI_PSU,Central Government/ State Government(s),1156095962.0
BPCL,2019-12-31,GOI_PSU,Central Government/ State Government(s),1149183592.0
BPCL,2020-03-31,GOI_PSU,Central Government/ State Government(s),1149183592.0
BPCL,2020-06-30,GOI_PSU,Central Government/ State Government(s),1149183592.0
BPCL,2020-09-30,GOI_PSU,Central Government/ State Government(s),1149183592.0
BPCL,2020-12-31,GOI_PSU,Central Government/ State Government(s),1149183592.0
BPCL,2021-03-31,GOI_PSU,Central Government/ State Government(s),1149183592.0
BPCL,2021-06-30,GOI_PSU,Central Government/ State Government(s),1149183592.0
BPCL,2021-09-30,GOI_PSU,Central Government/ State Government(s),1149183592.0
BPCL,2021-12-31,GOI_PSU,Central Government/ State Government(s),1149183592.0
BPCL,2022-03-31,GOI_PSU,Central Government/ State Government(s),1149183592.0
BPCL,2022-06-30,GOI_PSU,Central Government/ State Government(s),1149183592.0
BPCL,2022-09-30,GOI_PSU,Central Government/ State Government(s),1149183592.0
BPCL,2022-12-31,GOI_PSU,Central Government/ State Government(s),1149183592.0
BPCL,2023-03-31,GOI_PSU,Central Government/ State Government(s),1149183592.0
BPCL,2023-06-30,GOI_PSU,Central Government/ State Government(s),1149183592.0
BPCL,2023-09-30,GOI_PSU,Central Government/ State Government(s),1149183592.0
BPCL,2023-12-31,GOI_PSU,Central Government/ State Government(s),1149183592.0
BPCL,2024-03-31,GOI_PSU,Central Government/ State Government(s),1149183592.0
BPCL,2024-06-24,GOI_PSU,Central Government/ State Government(s),2298367184.0
BPCL,2024-06-30,GOI_PSU,Central Government/ State Government(s),2298367184.0
BPCL,2024-09-30,GOI_PSU,Central Government/ State Government(s),2298367184.0
BPCL,2024-12-31,GOI_PSU,Central Government/ State Government(s),2298367184.0
BPCL,2025-03-31,GOI_PSU,Central Government/ State Government(s),2298367184.0
BPCL,2025-06-30,GOI_PSU,Central Government/ State Government(s),2298367184.0
BPCL,2025-09-30,GOI_PSU,Central Government/ State Government(s),2298367184.0
BPCL,2025-12-31,GOI_PSU,Central Government/ State Government(s),2298367184.0
BRITANNIA,2014-03-31,Independent,,0.0
BRITANNIA,2014-06-30,Independent,,0.0
BRITANNIA,2014-09-30,Independent,,0.0
BRITANNIA,2014-12-31,Independent,,0.0
BRITANNIA,2015-03-31,Independent,,0.0
BRITANNIA,2015-06-30,Independent,,0.0
BRITANNIA,2015-09-30,Independent,,0.0
BRITANNIA,2016-03-31,Independent,Associated Biscuits International Limited,53904500.0
BRITANNIA,2016-06-30,Independent,Associated Biscuits International Limited,47904500.0
BRITANNIA,2016-09-30,Independent,Associated Biscuits International Limited,47904500.0
BRITANNIA,2016-12-31,Independent,Body Corporate,60866095.0
BRITANNIA,2017-03-31,Independent,Body Corporate,60866095.0
BRITANNIA,2017-06-30,Independent,Body Corporate,60866095.0
BRITANNIA,2017-09-30,Independent,Body Corporate,60866095.0
BRITANNIA,2017-12-31,Independent,Other,60866095.0
BRITANNIA,2018-03-31,Independent,Associated Biscuits International Limited,53904500.0
BRITANNIA,2018-06-30,Independent,Associated Biscuits International Limited,53904500.0
BRITANNIA,2018-09-30,Independent,Associated Biscuits International Limited,53904500.0
BRITANNIA,2018-12-31,Independent,ASSOCIATED BISCUITS INTERNATIONAL LIMITED,107809000.0
BRITANNIA,2019-03-31,Independent,ASSOCIATED BISCUITS INTERNATIONAL LIMITED,107809000.0
BRITANNIA,2019-06-30,Independent,ASSOCIATED BISCUITS INTERNATIONAL LIMITED,107809000.0
BRITANNIA,2019-09-30,Independent,ASSOCIATED BISCUITS INTERNATIONAL LIMITED,107809000.0
BRITANNIA,2019-12-31,Independent,ASSOCIATED BISCUITS INTERNATIONAL LIMITED,107809000.0
BRITANNIA,2020-03-31,Independent,ASSOCIATED BISCUITS INTERNATIONAL LIMITED,107809000.0
BRITANNIA,2020-06-30,Independent,ASSOCIATED BISCUITS INTERNATIONAL LIMITED,107809000.0
BRITANNIA,2020-09-30,Independent,ASSOCIATED BISCUITS INTERNATIONAL LIMITED,107809000.0
BRITANNIA,2020-12-31,Independent,ASSOCIATED BISCUITS INTERNATIONAL LIMITED,107809000.0
BRITANNIA,2021-03-31,Independent,ASSOCIATED BISCUITS INTERNATIONAL LIMITED,107809000.0
BRITANNIA,2021-06-30,Independent,ASSOCIATED BISCUITS INTERNATIONAL LIMITED,107809000.0
BRITANNIA,2021-09-30,Independent,ASSOCIATED BISCUITS INTERNATIONAL LIMITED,107809000.0
BRITANNIA,2021-12-31,Independent,ASSOCIATED BISCUITS INTERNATIONAL LIMITED,107809000.0
BRITANNIA,2022-03-31,Independent,ASSOCIATED BISCUITS INTERNATIONAL LIMITED,107809000.0
BRITANNIA,2022-06-30,Independent,ASSOCIATED BISCUITS INTERNATIONAL LIMITED,107809000.0
BRITANNIA,2022-09-30,Independent,ASSOCIATED BISCUITS INTERNATIONAL LIMITED,107809000.0
BRITANNIA,2022-12-31,Independent,ASSOCIATED BISCUITS INTERNATIONAL LIMITED,107809000.0
BRITANNIA,2023-03-31,Independent,ASSOCIATED BISCUITS INTERNATIONAL LIMITED,107809000.0
BRITANNIA,2023-06-30,Independent,ASSOCIATED BISCUITS INTERNATIONAL LIMITED,107809000.0
BRITANNIA,2023-09-30,Independent,ASSOCIATED BISCUITS INTERNATIONAL LIMITED,107809000.0
BRITANNIA,2023-12-31,Independent,ASSOCIATED BISCUITS INTERNATIONAL LIMITED,107809000.0
BRITANNIA,2024-03-31,Independent,ASSOCIATED BISCUITS INTERNATIONAL LIMITED,107809000.0
BRITANNIA,2024-06-30,Independent,ASSOCIATED BISCUITS INTERNATIONAL LIMITED,107809000.0
BRITANNIA,2024-09-30,Independent,ASSOCIATED BISCUITS INTERNATIONAL LIMITED,107809000.0
BRITANNIA,2024-12-31,Independent,ASSOCIATED BISCUITS INTERNATIONAL LIMITED,107809000.0
BRITANNIA,2025-03-31,Independent,ASSOCIATED BISCUITS INTERNATIONAL LIMITED,107809000.0
BRITANNIA,2025-06-30,Independent,ASSOCIATED BISCUITS INTERNATIONAL LIMITED,107809000.0
BRITANNIA,2025-09-30,Independent,ASSOCIATED BISCUITS INTERNATIONAL LIMITED,107809000.0
BRITANNIA,2025-12-31,Independent,ASSOCIATED BISCUITS INTERNATIONAL LIMITED,107809000.0
CAIRN,2014-03-31,Independent,,0.0
CAIRN,2014-06-30,Independent,,0.0
CAIRN,2014-09-30,Independent,,0.0
CAIRN,2014-12-31,Independent,,0.0
CAIRN,2015-03-31,Independent,,0.0
CAIRN,2015-06-30,Independent,,0.0
CAIRN,2015-09-30,Independent,,0.0
CAIRN,2016-03-31,Independent,Twin Star Mauritius Holdings Limited,645486059.0
CAIRN,2016-06-30,Independent,Twin Star Mauritius Holdings Limited,645486059.0
CAIRN,2016-09-30,Independent,Twin Star Mauritius Holdings Limited,645486059.0
CAIRN,2016-12-31,Independent,Body Corporate,645486059.0
CANBK,2014-03-31,Independent,,0.0
CANBK,2014-06-30,Independent,,0.0
CANBK,2014-09-30,Independent,,0.0
CANBK,2014-12-31,Independent,,0.0
CANBK,2015-03-31,Independent,,0.0
CANBK,2015-06-30,Independent,,0.0
CANBK,2015-09-30,Independent,,0.0
CANBK,2015-12-31,GOI_PSU,Central Government/ State Government(s),359991054.0
CANBK,2016-03-31,GOI_PSU,Central Government/ State Government(s),359991054.0
CANBK,2016-06-30,GOI_PSU,Central Government/ State Government(s),359991054.0
CANBK,2016-09-30,GOI_PSU,Central Government/ State Government(s),359991054.0
CANBK,2016-12-31,GOI_PSU,Central Government/ State Government(s),359991054.0
CANBK,2017-03-31,GOI_PSU,Central Government/ State Government(s),395990159.0
CANBK,2017-06-30,GOI_PSU,Central Government/ State Government(s),395990159.0
CANBK,2017-09-30,GOI_PSU,Central Government/ State Government(s),395990159.0
CANBK,2017-12-31,GOI_PSU,Central Government/ State Government(s),395990159.0
CANBK,2018-03-27,GOI_PSU,Central Government/ State Government(s),531944775.0
CANBK,2018-03-31,GOI_PSU,Central Government/ State Government(s),531944775.0
CANBK,2018-06-30,GOI_PSU,Central Government/ State Government(s),531944775.0
CANBK,2018-09-30,GOI_PSU,Central Government/ State Government(s),531944775.0
CANBK,2018-12-31,GOI_PSU,Central Government/ State Government(s),531944775.0
CANBK,2019-02-06,GOI_PSU,Central Government/ State Government(s),531944775.0
CANBK,2019-03-31,GOI_PSU,Central Government/ State Government(s),531944775.0
CANBK,2019-06-30,GOI_PSU,Central Government/ State Government(s),531944775.0
CANBK,2019-09-30,GOI_PSU,Central Government/ State Government(s),531944775.0
CANBK,2019-12-04,GOI_PSU,Central Government/ State Government(s),808933351.0
CANBK,2019-12-31,GOI_PSU,Central Government/ State Government(s),808933351.0
CANBK,2020-03-31,GOI_PSU,Central Government/ State Government(s),808933351.0
CANBK,2020-04-01,GOI_PSU,Central Government/ State Government(s),1141709678.0
CANBK,2020-06-30,GOI_PSU,Central Government/ State Government(s),1141709678.0
CANBK,2020-09-30,GOI_PSU,Central Government/ State Government(s),1141709678.0
CANBK,2020-12-11,GOI_PSU,Central Government/ State Government(s),1141709678.0
CANBK,2020-12-31,GOI_PSU,Central Government/ State Government(s),1141709678.0
CANBK,2021-03-31,GOI_PSU,Central Government/ State Government(s),1141709678.0
CANBK,2021-06-30,GOI_PSU,Central Government/ State Government(s),1141709678.0
CANBK,2021-08-24,GOI_PSU,Central Government/ State Government(s),1141709678.0
CANBK,2021-09-30,GOI_PSU,Central Government/ State Government(s),1141709678.0
CANBK,2021-12-31,GOI_PSU,Central Government/ State Government(s),1141709678.0
CANBK,2022-03-31,GOI_PSU,Central Government/ State Government(s),1141709678.0
CANBK,2022-06-30,GOI_PSU,Central Government/ State Government(s),1141709678.0
CANBK,2022-09-30,GOI_PSU,Central Government/ State Government(s),1141709678.0
CANBK,2022-12-31,GOI_PSU,Central Government/ State Government(s),1141709678.0
CANBK,2023-03-31,GOI_PSU,Central Government/ State Government(s),1141709678.0
CANBK,2023-06-30,GOI_PSU,Central Government/ State Government(s),1141709678.0
CANBK,2023-09-30,GOI_PSU,Central Government/ State Government(s),1141709678.0
CANBK,2023-12-31,GOI_PSU,Central Government/ State Government(s),1141709678.0
CANBK,2024-03-31,GOI_PSU,Central Government/ State Government(s),1141709678.0
CANBK,2024-06-30,GOI_PSU,Central Government/ State Government(s),5708548390.0
CANBK,2024-09-30,GOI_PSU,Central Government/ State Government(s),5708548390.0
CANBK,2024-12-31,GOI_PSU,Central Government/ State Government(s),5708548390.0
CANBK,2025-03-31,GOI_PSU,Central Government/ State Government(s),5708548390.0
CANBK,2025-06-30,GOI_PSU,Central Government/ State Government(s),5708548390.0
CANBK,2025-09-30,GOI_PSU,Central Government/ State Government(s),5708548390.0
CANBK,2025-12-31,GOI_PSU,Central Government/ State Government(s),5708548390.0
CARERATING,2014-03-31,Independent,,0.0
CARERATING,2014-06-30,Independent,,0.0
CARERATING,2014-09-30,Independent,,0.0
CARERATING,2014-12-31,Independent,,0.0
CARERATING,2015-03-31,Independent,,0.0
CARERATING,2015-06-30,Independent,,0.0
CARERATING,2015-09-30,Independent,,0.0
CARERATING,2015-12-31,Independent,,0.0
CARERATING,2016-03-31,Independent,,0.0
CARERATING,2016-06-30,Independent,,0.0
CARERATING,2016-09-30,Independent,,0.0
CARERATING,2016-12-31,Independent,,0.0
CARERATING,2017-03-31,Independent,,0.0
CARERATING,2017-06-30,Independent,,0.0
CARERATING,2017-09-30,Independent,,0.0
CARERATING,2017-12-31,Independent,,0.0
CARERATING,2018-03-31,Independent,,0.0
CARERATING,2018-06-30,Independent,,0.0
CARERATING,2018-09-30,Independent,,0.0
CARERATING,2018-12-31,Independent,,0.0
CARERATING,2019-03-31,Independent,,0.0
CARERATING,2019-06-30,Independent,,0.0
CARERATING,2019-09-30,Independent,,0.0
CARERATING,2019-12-31,Independent,,0.0
CARERATING,2020-03-31,Independent,,0.0
CARERATING,2020-06-30,Independent,,0.0
CARERATING,2020-09-30,Independent,,0.0
CARERATING,2020-12-31,Independent,,0.0
CARERATING,2021-03-31,Independent,,0.0
CARERATING,2021-06-30,Independent,,0.0
CARERATING,2021-09-30,Independent,,0.0
CARERATING,2021-12-31,Independent,,0.0
CARERATING,2022-03-31,Independent,,0.0
CARERATING,2022-06-30,Independent,,0.0
CARERATING,2022-09-30,Independent,,0.0
CARERATING,2022-12-31,Independent,,0.0
CARERATING,2023-03-31,Independent,,0.0
CARERATING,2023-06-30,Independent,,0.0
CARERATING,2023-09-30,Independent,,0.0
CARERATING,2023-12-31,Independent,,0.0
CARERATING,2024-03-31,Independent,,0.0
CARERATING,2024-06-30,Independent,,0.0
CARERATING,2024-09-30,Independent,,0.0
CARERATING,2024-12-31,Independent,,0.0
CARERATING,2025-03-31,Independent,,0.0
CARERATING,2025-06-30,Independent,,0.0
CARERATING,2025-09-30,Independent,,0.0
CARERATING,2025-12-31,Independent,,0.0
CASTROLIND,2014-03-04,Independent,,0.0
CASTROLIND,2014-03-31,Independent,,0.0
CASTROLIND,2014-06-30,Independent,,0.0
CASTROLIND,2014-09-30,Independent,,0.0
CASTROLIND,2014-12-31,Independent,,0.0
CASTROLIND,2015-03-31,Independent,,0.0
CASTROLIND,2015-06-30,Independent,,0.0
CASTROLIND,2015-09-30,Independent,,0.0
CASTROLIND,2015-12-31,Independent,CASTROL LIMITED,350749820.0
CASTROLIND,2016-03-31,Independent,Castrol Limited,350749820.0
CASTROLIND,2016-06-30,Independent,CASTROL LIMITED,293875282.0
CASTROLIND,2016-09-30,Independent,Castrol Limited,251684312.0
CASTROLIND,2016-12-31,Independent,Body Corporate,252226208.0
CASTROLIND,2017-03-31,Independent,Body Corporate,252226208.0
CASTROLIND,2017-06-30,Independent,Body Corporate,252226208.0
CASTROLIND,2017-09-30,Independent,Body Corporate,252226208.0
CASTROLIND,2017-12-26,Independent,Body Corporate,504452416.0
CASTROLIND,2017-12-31,Independent,Body Corporate,504452416.0
CASTROLIND,2018-03-31,Independent,Castrol Limited,504452416.0
CASTROLIND,2018-06-30,Independent,Castrol Limited,504452416.0
CASTROLIND,2018-09-30,Independent,Castrol Limited,504452416.0
CASTROLIND,2018-12-31,Independent,Castrol Limited,504452416.0
CASTROLIND,2019-03-31,Independent,Castrol Limited,504452416.0
CASTROLIND,2019-06-30,Independent,Castrol Limited,504452416.0
CASTROLIND,2019-09-30,Independent,Castrol Limited,504452416.0
CASTROLIND,2019-12-31,Independent,Castrol Limited,504452416.0
CASTROLIND,2020-03-31,Independent,CASTROL LIMITED,504452416.0
CASTROLIND,2020-06-30,Independent,Castrol Limited,504452416.0
CASTROLIND,2020-09-30,Independent,Castrol Limited,504452416.0
CASTROLIND,2020-12-31,Independent,Castrol Limited,504452416.0
CASTROLIND,2021-03-31,Independent,CASTROL LIMITED,504452416.0
CASTROLIND,2021-06-30,Independent,CASTROL LIMITED,504452416.0
CASTROLIND,2021-09-30,Independent,Castrol Limited,504452416.0
CASTROLIND,2021-12-31,Independent,Castrol Limited,504452416.0
CASTROLIND,2022-03-31,Independent,Castrol Limited,504452416.0
CASTROLIND,2022-06-30,Independent,Castrol Limited,504452416.0
CASTROLIND,2022-09-30,Independent,Castrol Limited,504452416.0
CASTROLIND,2022-12-31,Independent,Castrol Limited,504452416.0
CASTROLIND,2023-03-31,Independent,CASTROL LIMITED,504452416.0
CASTROLIND,2023-06-30,Independent,CASTROL LIMITED,504452416.0
CASTROLIND,2023-09-30,Independent,CASTROL LIMITED,504452416.0
CASTROLIND,2023-12-31,Independent,CASTROL LIMITED,504452416.0
CASTROLIND,2024-03-31,Independent,CASTROL LIMITED,504452416.0
CASTROLIND,2024-06-30,Independent,CASTROL LIMITED,504452416.0
CASTROLIND,2024-09-30,Independent,CASTROL LIMITED,504452416.0
CASTROLIND,2024-12-31,Independent,CASTROL LIMITED,504452416.0
CASTROLIND,2025-03-31,Independent,CASTROL LIMITED,504452416.0
CASTROLIND,2025-06-30,Independent,CASTROL LIMITED,504452416.0
CASTROLIND,2025-09-30,Independent,CASTROL LIMITED,504452416.0
CASTROLIND,2025-12-31,Independent,CASTROL LIMITED,504452416.0
CENTRALBK,2014-03-31,Independent,,0.0
CENTRALBK,2014-06-30,Independent,,0.0
CENTRALBK,2014-09-30,Independent,,0.0
CENTRALBK,2014-12-31,Independent,,0.0
CENTRALBK,2015-03-31,Independent,,0.0
CENTRALBK,2015-06-30,Independent,,0.0
CENTRALBK,2015-09-30,Independent,,0.0
CENTRALBK,2015-12-31,GOI_PSU,Central Government/ State Government(s),1350827438.0
CENTRALBK,2016-03-31,GOI_PSU,Central Government/ State Government(s),1350827438.0
CENTRALBK,2016-06-30,GOI_PSU,Central Government/ State Government(s),1422332383.0
CENTRALBK,2016-09-08,GOI_PSU,Central Government/ State Government(s),1546139179.0
CENTRALBK,2016-09-30,GOI_PSU,Central Government/ State Government(s),1546139179.0
CENTRALBK,2016-12-31,GOI_PSU,Central Government/ State Government(s),1546139179.0
CENTRALBK,2017-03-31,GOI_PSU,Central Government/ State Government(s),1546139179.0
CENTRALBK,2017-06-30,GOI_PSU,Central Government/ State Government(s),1546139179.0
CENTRALBK,2017-09-30,GOI_PSU,Central Government/ State Government(s),1555740715.0
CENTRALBK,2017-11-16,GOI_PSU,Central Government/ State Government(s),1611717671.0
CENTRALBK,2017-12-31,GOI_PSU,Central Government/ State Government(s),1611717671.0
CENTRALBK,2018-03-27,GOI_PSU,Central Government/ State Government(s),2262123970.0
CENTRALBK,2018-03-31,GOI_PSU,Central Government/ State Government(s),2262123970.0
CENTRALBK,2018-06-30,GOI_PSU,Central Government/ State Government(s),2262123970.0
CENTRALBK,2018-09-30,GOI_PSU,PRESIDENT OF INDIA,2262123970.0
CENTRALBK,2018-11-13,GOI_PSU,PRESIDENT OF INDIA,2616481940.0
CENTRALBK,2018-12-31,GOI_PSU,Central Government/ State Government(s),2616481940.0
CENTRALBK,2019-02-28,GOI_PSU,Central Government/ State Government(s),3003921330.0
CENTRALBK,2019-03-28,GOI_PSU,Central Government/ State Government(s),3691169652.0
CENTRALBK,2019-03-31,GOI_PSU,Central Government/ State Government(s),3691169652.0
CENTRALBK,2019-06-30,GOI_PSU,Central Government/ State Government(s),3691169652.0
CENTRALBK,2019-09-30,GOI_PSU,Central Government/ State Government(s),3691169652.0
CENTRALBK,2019-11-26,GOI_PSU,Central Government/ State Government(s),5275014715.0
CENTRALBK,2019-12-31,GOI_PSU,President of India,5275014715.0
CENTRALBK,2020-03-31,GOI_PSU,Central Government/ State Government(s),5275014715.0
CENTRALBK,2020-06-30,GOI_PSU,Central Government/ State Government(s),5275014715.0
CENTRALBK,2020-09-28,GOI_PSU,Central Government/ State Government(s),5275014715.0
CENTRALBK,2020-09-30,GOI_PSU,Central Government/ State Government(s),5275014715.0
CENTRALBK,2020-12-31,GOI_PSU,Central Government/ State Government(s),5275014715.0
CENTRALBK,2021-03-31,GOI_PSU,Central Government/ State Government(s),5275014715.0
CENTRALBK,2021-05-29,GOI_PSU,President Of India,8080391687.0
CENTRALBK,2021-06-30,GOI_PSU,Central Government/ State Government(s),8080391687.0
CENTRALBK,2021-09-30,GOI_PSU,Central Government/ State Government(s),8080391687.0
CENTRALBK,2021-12-31,GOI_PSU,Central Government/ State Government(s),8080391687.0
CENTRALBK,2022-03-31,GOI_PSU,Central Government/ State Government(s),8080391687.0
CENTRALBK,2022-06-30,GOI_PSU,Central Government/ State Government(s),8080391687.0
CENTRALBK,2022-09-30,GOI_PSU,Central Government/ State Government(s),8080391687.0
CENTRALBK,2022-12-31,GOI_PSU,Central Government/ State Government(s),8080391687.0
CENTRALBK,2023-03-31,GOI_PSU,Central Government/ State Government(s),8080391687.0
CENTRALBK,2023-06-30,GOI_PSU,Central Government/ State Government(s),8080391687.0
CENTRALBK,2023-09-30,GOI_PSU,Central Government/ State Government(s),8080391687.0
CENTRALBK,2023-12-31,GOI_PSU,Central Government/ State Government(s),8080391687.0
CENTRALBK,2024-03-31,GOI_PSU,Central Government/ State Government(s),8080391687.0
CENTRALBK,2024-06-30,GOI_PSU,Central Government/ State Government(s),8080391687.0
CENTRALBK,2024-09-30,GOI_PSU,Central Government/ State Government(s),8080391687.0
CENTRALBK,2024-12-31,GOI_PSU,Central Government/ State Government(s),8080391687.0
CENTRALBK,2025-03-28,GOI_PSU,Central Government/ State Government(s),8080391687.0
CENTRALBK,2025-03-31,GOI_PSU,Central Government/ State Government(s),8080391687.0
CENTRALBK,2025-06-30,GOI_PSU,Central Government/ State Government(s),8080391687.0
CENTRALBK,2025-09-30,GOI_PSU,Central Government/ State Government(s),8080391687.0
CENTRALBK,2025-12-31,GOI_PSU,Central Government/ State Government(s),8080391687.0
CESC,2014-03-31,Independent,,0.0
CESC,2014-06-30,Independent,,0.0
CESC,2014-09-30,Independent,,0.0
CESC,2014-12-31,Independent,,0.0
CESC,2015-03-31,Independent,,0.0
CESC,2015-06-30,Independent,,0.0
CESC,2015-09-30,Independent,,0.0
CESC,2015-12-31,Independent,RAINBOW INVESTMENTS LTD,58796632.0
CESC,2016-03-31,Independent,Rainbow investments Limited,58796632.0
CESC,2016-06-30,Independent,RAINBOW INVESTMENST LIMITED,58796632.0
CESC,2016-09-30,Independent,RAINBOW INVESTMENTS LIMITED,58796632.0
CESC,2016-12-31,Independent,Body Corporate,65887987.0
CESC,2017-03-31,Independent,Body Corporate,65887987.0
CESC,2017-06-30,Independent,Body Corporate,65887987.0
CESC,2017-09-30,Independent,Body Corporate,65887987.0
CESC,2017-12-31,Independent,Body Corporate,65887987.0
CESC,2018-03-31,Independent,RAINBOW INVESTMENTS LIMITED,58796632.0
CESC,2018-06-30,Independent,RAINBOW INVESTMENTS LIMITED,58796632.0
CESC,2018-09-30,Independent,RAINBOW INVESTMENTS LIMITED,58796632.0
CESC,2018-12-31,Independent,RAINBOW INVESTMENTS LIMITED,58796632.0
CESC,2019-03-31,Independent,RAINBOW INVESTMENTS LIMITED,58796632.0
CESC,2019-06-30,Independent,RAINBOW INVESTMENTS LIMITED,58796632.0
CESC,2019-09-30,Independent,RAINBOW INVESTMENTS LIMITED,58796632.0
CESC,2019-12-31,Independent,RAINBOW INVESTMENSTS LIMITED,58796632.0
CESC,2020-03-31,Independent,RAINBOW INVESTMENTS LIMITED,58796632.0
CESC,2020-06-30,Independent,Rainbow Investments Limited,58796632.0
CESC,2020-09-30,Independent,RAINBOW INVESTMENTS LIMITED,58796632.0
CESC,2020-12-31,Independent,RAINBOW INVESTMENTS LIMITED,58796632.0
CESC,2021-03-31,Independent,RAINBOW INVESTMENTS LIMITED,58796632.0
CESC,2021-06-30,Independent,RAINBOW INVESTMENTS LIMITED,58796632.0
CESC,2021-09-30,Independent,Rainbow Investments Limited,587966320.0
CESC,2021-12-31,Independent,RAINBOW INVESTMENTS LIMITED,587966320.0
CESC,2022-03-31,Independent,Rainbow Investments Limited,587966320.0
CESC,2022-06-30,Independent,RAINBOW INVESTMENTS LIMITED,587966320.0
CESC,2022-09-30,Independent,Rainbow Investments Limited,587966320.0
CESC,2022-12-31,Independent,Rainbow Investments Limited,587966320.0
CESC,2023-03-31,Independent,Rainbow Investments Limited,587966320.0
CESC,2023-06-30,Independent,Rainbow Investments Limited,587966320.0
CESC,2023-09-30,Independent,Rainbow Investments Limited,587966320.0
CESC,2023-12-31,Independent,Rainbow Investments Limited,587966320.0
CESC,2024-03-31,Independent,Rainbow Investments Limited,587966320.0
CESC,2024-06-30,Independent,Rainbow Investments Limited,587966320.0
CESC,2024-09-30,Independent,Rainbow Investments Limited,587966320.0
CESC,2024-12-31,Independent,Rainbow Investments Limited,587966320.0
CESC,2025-03-31,Independent,Rainbow Investments Limited,587966320.0
CESC,2025-06-30,Independent,Rainbow Investments Limited,587966320.0
CESC,2025-09-30,Independent,Rainbow Investments Limited,587966320.0
CESC,2025-12-31,Independent,Rainbow Investments Limited,587966320.0
CGPOWER,2014-03-31,Independent,,0.0
CGPOWER,2014-06-30,Independent,,0.0
CGPOWER,2014-09-30,Independent,,0.0
CGPOWER,2014-12-31,Independent,,0.0
CGPOWER,2015-03-31,Independent,,0.0
CGPOWER,2015-06-30,Independent,,0.0
CGPOWER,2015-09-30,Independent,,0.0
CGPOWER,2015-12-31,Independent,AVANTHA HOLDINGS LIMITED,215442496.0
CGPOWER,2016-03-31,Independent,AVANTHA HOLDINGS LIMITED,215442496.0
CGPOWER,2016-06-30,Independent,AVANTHA HOLDINGS LIMITED,215442496.0
CGPOWER,2016-09-30,Independent,AVANTHA HOLDINGS LIMITED,215442496.0
CGPOWER,2016-12-31,Independent,Body Corporate,215451070.0
CGPOWER,2017-03-31,Independent,Body Corporate,215451070.0
CGPOWER,2017-06-30,Independent,Body Corporate,215451070.0
CGPOWER,2017-09-30,Independent,Body Corporate,215451070.0
CGPOWER,2017-12-31,Independent,Body Corporate,215451070.0
CGPOWER,2018-03-31,Independent,AVANTHA HOLDINGS LIMITED,215442496.0
CGPOWER,2018-06-30,Independent,AVANTHA HOLDINGS LIMITED,215442496.0
CGPOWER,2018-09-30,Independent,AVANTHA HOLDINGS LIMITED,215442496.0
CGPOWER,2018-12-31,Independent,AVANTHA HOLDINGS LIMITED,215442496.0
CGPOWER,2019-03-31,Independent,AVANTHA HOLDINGS LIMITED,80050000.0
CGPOWER,2019-06-30,Independent,,0.0
CGPOWER,2019-09-30,Independent,,0.0
CGPOWER,2019-12-31,Independent,,0.0
CGPOWER,2020-03-31,Independent,,0.0
CGPOWER,2020-06-30,Independent,,0.0
CGPOWER,2020-09-30,Independent,,0.0
CGPOWER,2020-11-26,Independent,Tube Investments of India Limited,642523365.0
CGPOWER,2020-12-19,Independent,Tube Investments of India Limited,711251887.0
CGPOWER,2020-12-31,Independent,Tube Investments of India Limited,711251887.0
CGPOWER,2021-03-31,Independent,Tube Investments of India Limited,711251887.0
CGPOWER,2021-06-30,Independent,Tube Investments of India Limited,711251887.0
CGPOWER,2021-09-30,Independent,Tube Investments of India Limited,711251887.0
CGPOWER,2021-12-31,Independent,Tube Investments of India Limited,711251887.0
CGPOWER,2022-02-11,Independent,Tube Investments of India Limited,801251887.0
CGPOWER,2022-03-31,Independent,Tube Investments of India Limited,801251887.0
CGPOWER,2022-05-18,Independent,Tube Investments of India Limited,886485532.0
CGPOWER,2022-06-30,Independent,Tube Investments of India Limited,886485532.0
CGPOWER,2022-09-30,Independent,Tube Investments of India Limited,886485532.0
CGPOWER,2022-12-31,Independent,Tube Investments of India Limited,886485532.0
CGPOWER,2023-03-31,Independent,Tube Investments of India Limited,886485532.0
CGPOWER,2023-06-30,Independent,Tube Investments of India Limited,886485532.0
CGPOWER,2023-09-30,Independent,Tube Investments of India Limited,886485532.0
CGPOWER,2023-12-31,Independent,Tube Investments of India Limited,886485532.0
CGPOWER,2024-03-31,Independent,Tube Investments of India Limited,886485532.0
CGPOWER,2024-06-30,Independent,Tube Investments of India Limited,886485532.0
CGPOWER,2024-09-30,Independent,Tube Investments of India Limited,886485532.0
CGPOWER,2024-12-31,Independent,Tube Investments of India Limited,886485532.0
CGPOWER,2025-03-31,Independent,Tube Investments of India Limited,886485532.0
CGPOWER,2025-06-30,Independent,Tube Investments of India Limited,886485532.0
CGPOWER,2025-07-04,Independent,Tube Investments of India Limited,886485532.0
CGPOWER,2025-09-30,Independent,Tube Investments of India Limited,886485532.0
CGPOWER,2025-12-31,Independent,Tube Investments of India Limited,886485532.0
CHOLAFIN,2014-03-31,Independent,,0.0
CHOLAFIN,2014-06-30,Independent,,0.0
CHOLAFIN,2014-09-30,Independent,,0.0
CHOLAFIN,2014-12-31,Independent,,0.0
CHOLAFIN,2015-03-31,Independent,,0.0
CHOLAFIN,2015-06-30,Independent,,0.0
CHOLAFIN,2015-09-30,Independent,,0.0
CHOLAFIN,2015-12-31,Independent,TUBE INVESTMENTS OF INDIA LTD,72233019.0
CHOLAFIN,2016-03-31,Independent,BODIES CORPORATES,79687304.0
CHOLAFIN,2016-06-30,Independent,BODIES CORPORATES,79687304.0
CHOLAFIN,2016-09-30,Independent,BODIES CORPORATES,79687304.0
CHOLAFIN,2016-12-31,Independent,Body Corporate,79591875.0
CHOLAFIN,2017-03-31,Independent,Body Corporate,79591875.0
CHOLAFIN,2017-06-30,Independent,Body Corporate,79591875.0
CHOLAFIN,2017-09-30,Independent,Body Corporate,79591875.0
CHOLAFIN,2017-12-31,Independent,Body Corporate,79591875.0
CHOLAFIN,2018-03-31,Independent,TI FINANCIAL HOLDINGS  LIMITED (Formerly Tube Investments of India Limited),72233019.0
CHOLAFIN,2018-06-30,Independent,TI FINANCIAL HOLDINGS  LIMITED (Formerly Tube Investments of India Limited),72233019.0
CHOLAFIN,2018-09-30,Independent,TI FINANCIAL HOLDINGS  LIMITED (Formerly Tube Investments of India Limited),72533019.0
CHOLAFIN,2018-12-31,Independent,TI FINANCIAL HOLDINGS LTD (Formerly Tube Investments of India Ltd.),72533019.0
CHOLAFIN,2019-03-31,Independent,CHOLAMANDALAM FINANCIAL HOLDINGS LIMITED (Formerly TI Financial Holdings Ltd),72533019.0
CHOLAFIN,2019-06-30,Independent,CHOLAMANDALAM FINANCIAL HOLDINGS LIMITED (Formerly TI Financial Holdings Ltd),363540095.0
CHOLAFIN,2019-09-30,Independent,CHOLAMANDALAM FINANCIAL HOLDINGS LIMITED (Formerly TI Financial Holdings Ltd),363540095.0
CHOLAFIN,2019-12-31,Independent,CHOLAMANDALAM FINANCIAL HOLDINGS LIMITED (Formerly TI Financial Holdings Ltd),363540095.0
CHOLAFIN,2020-01-31,Independent,CHOLAMANDALAM FINANCIAL HOLDINGS LIMITED (Formerly TI Financial Holdings Ltd),363540095.0
CHOLAFIN,2020-03-31,Independent,CHOLAMANDALAM FINANCIAL HOLDINGS LIMITED (Formerly TI Financial Holdings Ltd),372885889.0
CHOLAFIN,2020-06-30,Independent,Cholamandalam Financial Holdings Limited (Formerly TIFinancial Holdings Ltd),372885889.0
CHOLAFIN,2020-09-30,Independent,Cholamandalam Financial Holdings Limited (Formerly TIFinancial Holdings Ltd),372885889.0
CHOLAFIN,2020-12-31,Independent,Cholamandalam Financial Holdings Limited (Formerly TIFinancial Holdings Ltd),372885889.0
CHOLAFIN,2021-03-31,Independent,Cholamandalam Financial Holdings Limited (Formerly TIFinancial Holdings Ltd),372885889.0
CHOLAFIN,2021-06-30,Independent,Cholamandalam Financial Holdings Limited (Formerly TIFinancial Holdings Ltd),372885889.0
CHOLAFIN,2021-09-30,Independent,Cholamandalam Financial Holdings Limited (Formerly TIFinancial Holdings Ltd),372885889.0
CHOLAFIN,2021-12-31,Independent,Cholamandalam Financial Holdings Limited (Formerly TIFinancial Holdings Ltd),372885889.0
CHOLAFIN,2022-03-31,Independent,Cholamandalam Financial Holdings Limited (Formerly TIFinancial Holdings Ltd),372885889.0
CHOLAFIN,2022-06-30,Independent,Cholamandalam Financial Holdings Limited (Formerly TIFinancial Holdings Ltd),372885889.0
CHOLAFIN,2022-09-30,Independent,Cholamandalam Financial Holdings Limited (Formerly TIFinancial Holdings Ltd),372885889.0
CHOLAFIN,2022-12-31,Independent,Cholamandalam Financial Holdings Limited (Formerly TIFinancial Holdings Ltd),372885889.0
CHOLAFIN,2023-03-31,Independent,Cholamandalam Financial Holdings Limited (Formerly TIFinancial Holdings Ltd),372885889.0
CHOLAFIN,2023-06-30,Independent,Cholamandalam Financial Holdings Limited (Formerly TIFinancial Holdings Ltd),372885889.0
CHOLAFIN,2023-09-30,Independent,Cholamandalam Financial Holdings Limited (Formerly TIFinancial Holdings Ltd),372885889.0
CHOLAFIN,2023-12-31,Independent,Cholamandalam Financial Holdings Limited (Formerly TIFinancial Holdings Ltd),372885889.0
CHOLAFIN,2024-03-31,Independent,Cholamandalam Financial Holdings Limited (Formerly TIFinancial Holdings Ltd),372885889.0
CHOLAFIN,2024-06-30,Independent,Cholamandalam Financial Holdings Limited (Formerly TIFinancial Holdings Ltd),372885889.0
CHOLAFIN,2024-09-30,Independent,Cholamandalam Financial Holdings Limited (Formerly TIFinancial Holdings Ltd),372885889.0
CHOLAFIN,2024-12-31,Independent,Cholamandalam Financial Holdings Limited (Formerly TIFinancial Holdings Ltd),372885889.0
CHOLAFIN,2025-03-31,Independent,Cholamandalam Financial Holdings Limited (Formerly TIFinancial Holdings Ltd),372885889.0
CHOLAFIN,2025-06-30,Independent,Cholamandalam Financial Holdings Limited (Formerly TIFinancial Holdings Ltd),372885889.0
CHOLAFIN,2025-09-30,Independent,Cholamandalam Financial Holdings Limited,372885889.0
CHOLAFIN,2025-12-31,Independent,Cholamandalam Financial Holdings Limited,372885889.0
CIPLA,2014-03-31,Independent,,0.0
CIPLA,2014-06-30,Independent,,0.0
CIPLA,2014-09-30,Independent,,0.0
CIPLA,2014-12-31,Independent,,0.0
CIPLA,2015-03-31,Independent,,0.0
CIPLA,2015-06-30,Independent,,0.0
CIPLA,2015-09-30,Independent,,0.0
CIPLA,2015-12-31,Independent,YUSUF KHWAJA HAMIED,124827750.0
CIPLA,2016-03-31,Independent,Yusuf Khwaja Hamied,166742687.0
CIPLA,2016-06-30,Independent,Yusuf Khwaja Hamied,166742687.0
CIPLA,2016-09-30,Independent,Yusuf Khwaja Hamied,166742687.0
CIPLA,2016-12-31,Independent,Yusuf Khwaja Hamied,166742687.0
CIPLA,2017-03-31,Independent,Yusuf Khwaja Hamied,166742687.0
CIPLA,2017-06-30,Independent,Yusuf Khwaja Hamied,166742687.0
CIPLA,2017-09-30,Independent,Yusuf Khwaja Hamied,166742687.0
CIPLA,2017-12-31,Independent,Yusuf Khwaja Hamied,166742687.0
CIPLA,2018-03-31,Independent,Yusuf Khwaja Hamied,166742687.0
CIPLA,2018-06-30,Independent,Yusuf Khwaja Hamied,166742687.0
CIPLA,2018-09-30,Independent,Yusuf Khwaja Hamied,166742687.0
CIPLA,2018-12-31,Independent,Yusuf Khwaja Hamied,166742687.0
CIPLA,2019-03-31,Independent,Yusuf Khwaja Hamied,163967687.0
CIPLA,2019-06-30,Independent,Yusuf Khwaja Hamied,163967687.0
CIPLA,2019-09-30,Independent,Yusuf Khwaja Hamied,163967687.0
CIPLA,2019-12-31,Independent,Yusuf Khwaja Hamied,163967687.0
CIPLA,2020-03-31,Independent,Yusuf Khwaja Hamied,163967687.0
CIPLA,2020-06-30,Independent,Yusuf Khwaja Hamied,163967687.0
CIPLA,2020-09-30,Independent,Yusuf Khwaja Hamied,163967687.0
CIPLA,2020-12-31,Independent,Yusuf Khwaja Hamied,163967687.0
CIPLA,2021-03-31,Independent,Yusuf Khwaja Hamied,163967687.0
CIPLA,2021-06-30,Independent,Yusuf Khwaja Hamied,163967687.0
CIPLA,2021-09-30,Independent,Yusuf Khwaja Hamied,163967687.0
CIPLA,2021-12-31,Independent,Yusuf Khwaja Hamied,163967687.0
CIPLA,2022-03-31,Independent,Yusuf Khwaja Hamied,150521183.0
CIPLA,2022-06-30,Independent,Yusuf Khwaja Hamied,150521183.0
CIPLA,2022-09-30,Independent,Yusuf Khwaja Hamied,150521183.0
CIPLA,2022-12-31,Independent,Yusuf Khwaja Hamied,150521183.0
CIPLA,2023-03-31,Independent,Yusuf Khwaja Hamied,150521183.0
CIPLA,2023-06-30,Independent,Yusuf Khawaja Hamied,150521183.0
CIPLA,2023-09-30,Independent,Yusuf Khwaja Hameid,150521183.0
CIPLA,2023-12-31,Independent,Yusuf Khwaja Hameid,150521183.0
CIPLA,2024-03-31,Independent,Yusuf Khwaja Hameid,150521183.0
CIPLA,2024-06-30,Independent,Yusuf Khwaja Hameid,150521183.0
CIPLA,2024-09-30,Independent,Yusuf Khwaja Hameid,150521183.0
CIPLA,2024-12-31,Independent,Yusuf Khwaja Hameid,150521183.0
CIPLA,2025-03-31,Independent,Yusuf Khwaja Hameid,150521183.0
CIPLA,2025-06-30,Independent,Yusuf Khwaja Hamied,150521183.0
CIPLA,2025-09-30,Independent,Yusuf Khwaja Hamied,150521183.0
CIPLA,2025-12-31,Independent,Yusuf Khwaja Hamied,150521183.0
CMC,2014-03-31,Independent,,0.0
CMC,2014-06-30,Independent,,0.0
CMC,2014-09-30,Independent,,0.0
CMC,2014-12-31,Independent,,0.0
CMC,2015-03-31,Independent,,0.0
CMC,2015-06-30,Independent,,0.0
COALINDIA,2014-03-31,Independent,,0.0
COALINDIA,2014-06-30,Independent,,0.0
COALINDIA,2014-09-30,Independent,,0.0
COALINDIA,2014-12-31,Independent,,0.0
COALINDIA,2015-02-04,Independent,,0.0
COALINDIA,2015-03-31,Independent,,0.0
COALINDIA,2015-06-30,Independent,,0.0
COALINDIA,2015-09-30,Independent,,0.0
COALINDIA,2015-12-31,GOI_PSU,Central Government/ State Government(s),5030970582.0
COALINDIA,2016-03-31,GOI_PSU,Central Government/ State Government(s),5030970582.0
COALINDIA,2016-06-30,GOI_PSU,Central Government/ State Government(s),5030970582.0
COALINDIA,2016-09-30,GOI_PSU,Central Government/ State Government(s),5030970582.0
COALINDIA,2016-12-31,GOI_PSU,Central Government/ State Government(s),4952127766.0
COALINDIA,2017-03-31,GOI_PSU,Central Government/ State Government(s),4894971329.0
COALINDIA,2017-06-30,GOI_PSU,Central Government/ State Government(s),4894971329.0
COALINDIA,2017-09-30,GOI_PSU,Central Government/ State Government(s),4894971329.0
COALINDIA,2017-12-31,GOI_PSU,Central Government/ State Government(s),4875671716.0
COALINDIA,2018-03-31,GOI_PSU,Central Government/ State Government(s),4875671716.0
COALINDIA,2018-06-30,GOI_PSU,Central Government/ State Government(s),4861680228.0
COALINDIA,2018-09-30,GOI_PSU,Central Government/ State Government(s),4861680228.0
COALINDIA,2018-12-31,GOI_PSU,Central Government/ State Government(s),4525682514.0
COALINDIA,2019-03-31,GOI_PSU,Central Government/ State Government(s),4373016781.0
COALINDIA,2019-06-30,GOI_PSU,Central Government/ State Government(s),4373016781.0
COALINDIA,2019-09-30,GOI_PSU,Central Government/ State Government(s),4268039140.0
COALINDIA,2019-12-31,GOI_PSU,Central Government/ State Government(s),4255203612.0
COALINDIA,2020-03-31,GOI_PSU,Central Government/ State Government(s),4075634553.0
COALINDIA,2020-06-30,GOI_PSU,Central Government/ State Government(s),4075634553.0
COALINDIA,2020-09-30,GOI_PSU,Central Government/ State Government(s),4075634553.0
COALINDIA,2020-12-31,GOI_PSU,Central Government/ State Government(s),4075634553.0
COALINDIA,2021-03-31,GOI_PSU,Central Government/ State Government(s),4075634553.0
COALINDIA,2021-06-30,GOI_PSU,Central Government/ State Government(s),4075634553.0
COALINDIA,2021-09-30,GOI_PSU,Central Government/ State Government(s),4075634553.0
COALINDIA,2021-12-31,GOI_PSU,Central Government/ State Government(s),4075634553.0
COALINDIA,2022-03-31,GOI_PSU,Central Government/ State Government(s),4075634553.0
COALINDIA,2022-06-30,GOI_PSU,Central Government/ State Government(s),4075634553.0
COALINDIA,2022-09-30,GOI_PSU,Central Government/ State Government(s),4075634553.0
COALINDIA,2022-12-31,GOI_PSU,Central Government/ State Government(s),4075634553.0
COALINDIA,2023-03-31,GOI_PSU,Central Government/ State Government(s),4075634553.0
COALINDIA,2023-06-30,GOI_PSU,Central Government/ State Government(s),3890743218.0
COALINDIA,2023-09-30,GOI_PSU,Central Government/ State Government(s),3890735938.0
COALINDIA,2023-12-31,GOI_PSU,Central Government/ State Government(s),3890735938.0
COALINDIA,2024-03-31,GOI_PSU,Central Government/ State Government(s),3890735938.0
COALINDIA,2024-06-30,GOI_PSU,Central Government/ State Government(s),3890735938.0
COALINDIA,2024-09-30,GOI_PSU,Central Government/ State Government(s),3890735938.0
COALINDIA,2024-12-31,GOI_PSU,Central Government/ State Government(s),3890735938.0
COALINDIA,2025-03-31,GOI_PSU,Central Government/ State Government(s),3890735938.0
COALINDIA,2025-06-30,GOI_PSU,Central Government/ State Government(s),3890735938.0
COALINDIA,2025-09-30,GOI_PSU,Central Government/ State Government(s),3890735938.0
COALINDIA,2025-12-31,GOI_PSU,Central Government/ State Government(s),3890735938.0
COCHINSHIP,2017-08-10,GOI_PSU,Central Government/ State Government(s),101952000.0
COCHINSHIP,2017-09-30,GOI_PSU,Central Government/ State Government(s),101952000.0
COCHINSHIP,2017-12-31,GOI_PSU,Central Government/ State Government(s),101952000.0
COCHINSHIP,2018-03-31,GOI_PSU,Central Government/ State Government(s),101952000.0
COCHINSHIP,2018-06-30,GOI_PSU,Central Government/ State Government(s),101952000.0
COCHINSHIP,2018-09-30,GOI_PSU,Central Government/ State Government(s),101952000.0
COCHINSHIP,2018-12-20,GOI_PSU,Central Government/ State Government(s),98934442.0
COCHINSHIP,2018-12-31,GOI_PSU,Central Government/ State Government(s),98934442.0
COCHINSHIP,2019-03-31,GOI_PSU,Central Government/ State Government(s),98934442.0
COCHINSHIP,2019-06-30,GOI_PSU,Central Government/ State Government(s),98934442.0
COCHINSHIP,2019-09-30,GOI_PSU,Central Government/ State Government(s),98934442.0
COCHINSHIP,2019-12-31,GOI_PSU,Central Government/ State Government(s),98934442.0
COCHINSHIP,2020-03-31,GOI_PSU,Central Government/ State Government(s),95843464.0
COCHINSHIP,2020-06-30,GOI_PSU,Central Government/ State Government(s),95843464.0
COCHINSHIP,2020-09-30,GOI_PSU,Central Government/ State Government(s),95843464.0
COCHINSHIP,2020-12-31,GOI_PSU,Central Government/ State Government(s),95843464.0
COCHINSHIP,2021-03-31,GOI_PSU,Central Government/ State Government(s),95843464.0
COCHINSHIP,2021-06-30,GOI_PSU,Central Government/ State Government(s),95843464.0
COCHINSHIP,2021-09-30,GOI_PSU,Central Government/ State Government(s),95843464.0
COCHINSHIP,2021-12-31,GOI_PSU,Central Government/ State Government(s),95843464.0
COCHINSHIP,2022-03-31,GOI_PSU,Central Government/ State Government(s),95843464.0
COCHINSHIP,2022-06-30,GOI_PSU,Central Government/ State Government(s),95843464.0
COCHINSHIP,2022-09-30,GOI_PSU,Central Government/ State Government(s),95843464.0
COCHINSHIP,2022-12-31,GOI_PSU,Central Government/ State Government(s),95843464.0
COCHINSHIP,2023-03-31,GOI_PSU,Central Government/ State Government(s),95843464.0
COCHINSHIP,2023-06-30,GOI_PSU,Central Government/ State Government(s),95843464.0
COCHINSHIP,2023-09-30,GOI_PSU,Central Government/ State Government(s),95843464.0
COCHINSHIP,2023-12-31,GOI_PSU,Central Government/ State Government(s),95843464.0
COCHINSHIP,2024-03-31,GOI_PSU,Central Government/ State Government(s),191686928.0
COCHINSHIP,2024-06-30,GOI_PSU,Central Government/ State Government(s),191686928.0
COCHINSHIP,2024-09-30,GOI_PSU,Central Government/ State Government(s),191686928.0
COCHINSHIP,2024-12-31,GOI_PSU,Central Government/ State Government(s),178671239.0
COCHINSHIP,2025-03-31,GOI_PSU,Central Government/ State Government(s),178671239.0
COCHINSHIP,2025-06-30,GOI_PSU,Central Government/ State Government(s),178671239.0
COCHINSHIP,2025-09-30,GOI_PSU,Central Government/ State Government(s),178671239.0
COCHINSHIP,2025-12-31,GOI_PSU,Central Government/ State Government(s),178671239.0
COFORGE,2014-03-31,Independent,,0.0
COFORGE,2014-06-30,Independent,,0.0
COFORGE,2014-09-30,Independent,,0.0
COFORGE,2014-12-31,Independent,,0.0
COFORGE,2015-03-31,Independent,,0.0
COFORGE,2015-06-30,Independent,,0.0
COFORGE,2015-09-30,Independent,,0.0
COFORGE,2015-12-31,Adani,RENUKA VIJAY THADANI,998.0
COFORGE,2016-03-31,Adani,RENUKA VIJAY THADANI & VIJAY KUMAR THADANI,998.0
COFORGE,2016-06-30,Adani,RENUKA VIJAY THADANI & VIJAY KUMAR THADANI,998.0
COFORGE,2016-09-30,Adani,RENUKA VIJAY THADANI & VIJAY KUMAR THADANI,998.0
COFORGE,2016-12-31,Adani,RENUKA VIJAY THADANI & VIJAY KUMAR THADANI,998.0
COFORGE,2017-03-31,Adani,RENUKA VIJAY THADANI,998.0
COFORGE,2017-06-30,Adani,RENUKA VIJAY THADANI,998.0
COFORGE,2017-09-30,Adani,RENUKA VIJAY THADANI & VIJAY KUMAR THADANI,998.0
COFORGE,2017-12-31,Adani,RENUKA VIJAY THADANI & VIJAY KUMAR THADANI,998.0
COFORGE,2018-03-31,Adani,RENUKA VIJAY THADANI & VIJAY KUMAR THADANI,998.0
COFORGE,2018-06-30,Adani,RENUKA VIJAY THADANI & VIJAY KUMAR THADANI,998.0
COFORGE,2018-09-30,Adani,RENUKA VIJAY THADANI & VIJAY KUMAR THADANI,998.0
COFORGE,2018-12-28,Adani,Vijay Kumar Thadani as Trustee of Thadani Family Trust,2175911.0
COFORGE,2018-12-31,Adani,Vijay Kumar Thadani as Trustee of Thadani Family Trust,2175911.0
COFORGE,2019-03-31,Adani,Vijay Kumar Thadani as Trustee of Thadani Family Trust,2175911.0
COFORGE,2019-06-30,Independent,Hulst B.V.,20972678.0
COFORGE,2019-09-30,Independent,Hulst B.V.,43720385.0
COFORGE,2019-12-31,Independent,Hulst B.V.,43807297.0
COFORGE,2020-03-31,Independent,Hulst B.V.,43807297.0
COFORGE,2020-06-25,Independent,Hulst BV,42571260.0
COFORGE,2020-06-30,Independent,Hulst B.V.,42571260.0
COFORGE,2020-09-30,Independent,Hulst B.V,42571260.0
COFORGE,2020-12-31,Independent,Hulst B.V,38771260.0
COFORGE,2021-03-31,Independent,Hulst BV,38771260.0
COFORGE,2021-06-30,Independent,Hulst B.V.,33771260.0
COFORGE,2021-09-30,Independent,Hulst BV,30421260.0
COFORGE,2021-12-31,Independent,Hulst BV,30421260.0
COFORGE,2022-03-31,Independent,HULST B.V,24421260.0
COFORGE,2022-06-30,Independent,HULST B.V.,24421260.0
COFORGE,2022-09-30,Independent,HULST B.V.,24421260.0
COFORGE,2022-12-31,Independent,HULST B.V.,24421260.0
COFORGE,2023-03-31,Independent,HULST B.V.,18421260.0
COFORGE,2023-06-30,Independent,HULST B.V.,16271260.0
COFORGE,2023-09-30,Independent,,0.0
COFORGE,2023-12-31,Independent,,0.0
COFORGE,2024-03-31,Independent,,0.0
COFORGE,2024-05-28,Independent,,0.0
COFORGE,2024-06-30,Independent,,0.0
COFORGE,2024-09-30,Independent,,0.0
COFORGE,2024-12-31,Independent,,0.0
COFORGE,2025-03-31,Independent,,0.0
COFORGE,2025-06-30,Independent,,0.0
COFORGE,2025-09-30,Independent,,0.0
COFORGE,2025-12-31,Independent,,0.0
COLPAL,2014-03-31,Independent,,0.0
COLPAL,2014-06-30,Independent,,0.0
COLPAL,2014-09-30,Independent,,0.0
COLPAL,2014-12-31,Independent,,0.0
COLPAL,2015-03-31,Independent,,0.0
COLPAL,2015-06-30,Independent,,0.0
COLPAL,2015-09-30,Independent,,0.0
COLPAL,2015-12-31,Independent,COLGATE-PALMOLIVE COMPANY,108952694.0
COLPAL,2016-03-31,Independent,Colgate-Palmolive Company,108952694.0
COLPAL,2016-06-30,Independent,Colgate-Palmolive Company,108952694.0
COLPAL,2016-09-30,Independent,Colgate-Palmolive Company,108952694.0
COLPAL,2016-12-31,Independent,Body Corporate,138712672.0
COLPAL,2017-03-31,Independent,Body Corporate,138712672.0
COLPAL,2017-06-30,Independent,Body Corporate,138712672.0
COLPAL,2017-09-30,Independent,Body Corporate,138712672.0
COLPAL,2017-12-31,Independent,Body Corporate,138712672.0
COLPAL,2018-03-31,Independent,Colgate-Palmolive Company,108952694.0
COLPAL,2018-06-30,Independent,Colgate-Palmolive Company,108952694.0
COLPAL,2018-09-30,Independent,Colgate-Palmolive Company,108952694.0
COLPAL,2018-12-31,Independent,Colgate-Palmolive Company,108952694.0
COLPAL,2019-03-31,Independent,Colgate-Palmolive Company,108952694.0
COLPAL,2019-06-30,Independent,Colgate-Palmolive Company,108952694.0
COLPAL,2019-09-30,Independent,Colgate-Palmolive Company,108952694.0
COLPAL,2019-12-31,Independent,Colgate-Palmolive Company,108952694.0
COLPAL,2020-03-31,Independent,Colgate Palmolive Company,108952694.0
COLPAL,2020-06-30,Independent,Colgate Palmolive Company,108952694.0
COLPAL,2020-09-30,Independent,Colgate Palmolive Company,108952694.0
COLPAL,2020-12-31,Independent,Colgate Palmolive Company,108952694.0
COLPAL,2021-03-31,Independent,Colgate-Palmolive Company,108952694.0
COLPAL,2021-06-30,Independent,Colgate-Palmolive Company,108952694.0
COLPAL,2021-09-30,Independent,Colgate-Palmolive Company,108952694.0
COLPAL,2021-12-31,Independent,Colgate-Palmolive Company,108952694.0
COLPAL,2022-03-31,Independent,Colgate-Palmolive Company,108952694.0
COLPAL,2022-06-30,Independent,Colgate-Palmolive Company,108952694.0
COLPAL,2022-09-30,Independent,Colgate-Palmolive Company,108952694.0
COLPAL,2022-12-31,Independent,Colgate-Palmolive Company,108952694.0
COLPAL,2023-03-31,Independent,Colgate-Palmolive Company,108952694.0
COLPAL,2023-06-30,Independent,Colgate-Palmolive Company,108952694.0
COLPAL,2023-09-30,Independent,Colgate-Palmolive Company,108952694.0
COLPAL,2023-12-31,Independent,Colgate-Palmolive Company,108952694.0
COLPAL,2024-03-31,Independent,Colgate-Palmolive Company,108952694.0
COLPAL,2024-06-30,Independent,Colgate-Palmolive Company,108952694.0
COLPAL,2024-09-30,Independent,Colgate-Palmolive Company,108952694.0
COLPAL,2024-12-31,Independent,Colgate-Palmolive Company,108952694.0
COLPAL,2025-03-31,Independent,Colgate-Palmolive Company,108952694.0
COLPAL,2025-06-30,Independent,Colgate-Palmolive Company,108952694.0
COLPAL,2025-09-30,Independent,Colgate-Palmolive Company,108952694.0
COLPAL,2025-12-31,Independent,Colgate-Palmolive Company,108952694.0
CONCOR,2014-03-31,Independent,,0.0
CONCOR,2014-06-30,Independent,,0.0
CONCOR,2014-09-30,Independent,,0.0
CONCOR,2014-12-31,Independent,,0.0
CONCOR,2015-03-31,Independent,,0.0
CONCOR,2015-06-30,Independent,,0.0
CONCOR,2015-09-30,Independent,,0.0
CONCOR,2015-12-31,GOI_PSU,Central Government/ State Government(s),120482495.0
CONCOR,2016-03-31,GOI_PSU,Central Government/ State Government(s),110733785.0
CONCOR,2016-06-30,GOI_PSU,Central Government/ State Government(s),110733785.0
CONCOR,2016-09-30,GOI_PSU,Central Government/ State Government(s),110733785.0
CONCOR,2016-12-31,GOI_PSU,Central Government/ State Government(s),110651445.0
CONCOR,2017-03-31,GOI_PSU,Central Government/ State Government(s),106843192.0
CONCOR,2017-04-10,GOI_PSU,Central Government/ State Government(s),133553990.0
CONCOR,2017-06-30,GOI_PSU,Central Government/ State Government(s),133553990.0
CONCOR,2017-09-30,GOI_PSU,Central Government/ State Government(s),133553990.0
CONCOR,2017-12-31,GOI_PSU,Central Government/ State Government(s),133553990.0
CONCOR,2018-03-31,GOI_PSU,Central Government/ State Government(s),133553990.0
CONCOR,2018-06-27,GOI_PSU,Central Government/ State Government(s),267107980.0
CONCOR,2018-06-30,GOI_PSU,Central Government/ State Government(s),267107980.0
CONCOR,2018-09-30,GOI_PSU,Central Government/ State Government(s),267107980.0
CONCOR,2018-12-31,GOI_PSU,Central Government/ State Government(s),267107980.0
CONCOR,2019-02-07,GOI_PSU,Central Government/ State Government(s),333884975.0
CONCOR,2019-03-31,GOI_PSU,Central Government/ State Government(s),333884975.0
CONCOR,2019-06-30,GOI_PSU,Central Government/ State Government(s),333884975.0
CONCOR,2019-09-30,GOI_PSU,Central Government/ State Government(s),333884975.0
CONCOR,2019-12-31,GOI_PSU,Central Government/ State Government(s),333884975.0
CONCOR,2020-03-31,GOI_PSU,Central Government/ State Government(s),333884975.0
CONCOR,2020-06-30,GOI_PSU,Central Government/ State Government(s),333884975.0
CONCOR,2020-09-30,GOI_PSU,Central Government/ State Government(s),333884975.0
CONCOR,2020-12-31,GOI_PSU,Central Government/ State Government(s),333884975.0
CONCOR,2021-03-31,GOI_PSU,Central Government/ State Government(s),333884975.0
CONCOR,2021-06-30,GOI_PSU,Central Government/ State Government(s),333884975.0
CONCOR,2021-09-30,GOI_PSU,Central Government/ State Government(s),333884975.0
CONCOR,2021-12-31,GOI_PSU,Central Government/ State Government(s),333884975.0
CONCOR,2022-03-31,GOI_PSU,Central Government/ State Government(s),333884975.0
CONCOR,2022-06-30,GOI_PSU,Central Government/ State Government(s),333884975.0
CONCOR,2022-09-30,GOI_PSU,Central Government/ State Government(s),333884975.0
CONCOR,2022-12-31,GOI_PSU,Central Government/ State Government(s),333884975.0
CONCOR,2023-03-31,GOI_PSU,Central Government/ State Government(s),333884975.0
CONCOR,2023-06-30,GOI_PSU,Central Government/ State Government(s),333884975.0
CONCOR,2023-09-30,GOI_PSU,Central Government/ State Government(s),333884975.0
CONCOR,2023-12-31,GOI_PSU,Central Government/ State Government(s),333884975.0
CONCOR,2024-03-31,GOI_PSU,Central Government/ State Government(s),333884975.0
CONCOR,2024-06-30,GOI_PSU,Central Government/ State Government(s),333884975.0
CONCOR,2024-09-30,GOI_PSU,Central Government/ State Government(s),333884975.0
CONCOR,2024-12-31,GOI_PSU,Central Government/ State Government(s),333884975.0
CONCOR,2025-03-31,GOI_PSU,Central Government/ State Government(s),333884975.0
CONCOR,2025-06-30,GOI_PSU,Central Government/ State Government(s),333884975.0
CONCOR,2025-07-07,GOI_PSU,Central Government/ State Government(s),417356218.0
CONCOR,2025-09-30,GOI_PSU,Central Government/ State Government(s),417356218.0
CONCOR,2025-12-31,GOI_PSU,Central Government/ State Government(s),417356218.0
COROMANDEL,2014-03-31,Independent,,0.0
COROMANDEL,2014-06-30,Independent,,0.0
COROMANDEL,2014-09-30,Independent,,0.0
COROMANDEL,2014-12-31,Independent,,0.0
COROMANDEL,2015-03-31,Independent,,0.0
COROMANDEL,2015-06-30,Independent,,0.0
COROMANDEL,2015-09-30,Independent,,0.0
COROMANDEL,2015-12-31,Independent,E.I.D.PARRY (INDIA) LTD.,177155580.0
COROMANDEL,2016-03-31,Independent,E.I.D.PARRY (INDIA) LTD.,177155580.0
COROMANDEL,2016-06-30,Independent,E.I.D.PARRY (INDIA) LTD.,177155580.0
COROMANDEL,2016-09-30,Independent,E.I.D.PARRY (INDIA) LTD.,177155580.0
COROMANDEL,2016-12-31,Independent,Body Corporate,177369763.0
COROMANDEL,2017-03-31,Independent,Body Corporate,177252248.0
COROMANDEL,2017-06-30,Independent,Body Corporate,177169763.0
COROMANDEL,2017-09-30,Independent,Body Corporate,177169763.0
COROMANDEL,2017-12-31,Independent,Body Corporate,177169763.0
COROMANDEL,2018-03-31,Independent,E.I.D.PARRY (INDIA) LTD.,177155580.0
COROMANDEL,2018-06-30,Independent,E.I.D.PARRY INDIA LTD,177155580.0
COROMANDEL,2018-09-30,Independent,E.I.D.PARRY INDIA LTD,177155580.0
COROMANDEL,2018-12-31,Independent,E.I.D.PARRY INDIA LTD,177155580.0
COROMANDEL,2019-03-31,Independent,E.I.D.PARRY INDIA LTD,177155580.0
COROMANDEL,2019-06-30,Independent,E.I.D.PARRY INDIA LTD,177155580.0
COROMANDEL,2019-09-30,Independent,E.I.D.PARRY INDIA LTD,177155580.0
COROMANDEL,2019-12-31,Independent,E.I.D.PARRY INDIA LTD,177155580.0
COROMANDEL,2020-03-31,Independent,E.I.D.PARRY INDIA LTD,177155580.0
COROMANDEL,2020-06-30,Independent,E.I.D.PARRY INDIA LTD,171305580.0
COROMANDEL,2020-09-30,Independent,E.I.D.PARRY INDIA LTD,171305580.0
COROMANDEL,2020-12-31,Independent,E.I.D.PARRY INDIA LTD,165455580.0
COROMANDEL,2021-03-31,Independent,E.I.D.PARRY INDIA LTD,165455580.0
COROMANDEL,2021-06-30,Independent,E.I.D.PARRY INDIA LTD,165455580.0
COROMANDEL,2021-09-30,Independent,E.I.D.PARRY (INDIA) Limited,165455580.0
COROMANDEL,2021-12-31,Independent,E.I.D.PARRY (INDIA) Limited,165455580.0
COROMANDEL,2022-03-31,Independent,E.I.D.PARRY (INDIA) Limited,165455580.0
COROMANDEL,2022-06-30,Independent,E.I.D.PARRY (INDIA) Limited,165455580.0
COROMANDEL,2022-09-30,Independent,E.I.D.PARRY (INDIA) Limited,165455580.0
COROMANDEL,2022-12-31,Independent,E.I.D.PARRY (INDIA) Limited,165455580.0
COROMANDEL,2023-03-31,Independent,E.I.D.PARRY (INDIA) Limited,165455580.0
COROMANDEL,2023-06-30,Independent,E.I.D.PARRY (INDIA) Limited,165455580.0
COROMANDEL,2023-09-30,Independent,E.I.D.PARRY (INDIA) Limited,165455580.0
COROMANDEL,2023-12-31,Independent,E.I.D.PARRY (INDIA) Limited,165455580.0
COROMANDEL,2024-03-31,Independent,E.I.D.PARRY (INDIA) Limited,165455580.0
COROMANDEL,2024-06-30,Independent,E.I.D.PARRY (INDIA) Limited,165455580.0
COROMANDEL,2024-09-30,Independent,E.I.D.PARRY (INDIA) Limited,165455580.0
COROMANDEL,2024-12-31,Independent,E.I.D.PARRY (INDIA) Limited,165455580.0
COROMANDEL,2025-03-31,Independent,E.I.D.PARRY (INDIA) Limited,165455580.0
COROMANDEL,2025-06-30,Independent,E.I.D.PARRY (INDIA) Limited,165455580.0
COROMANDEL,2025-09-30,Independent,E.I.D.PARRY (INDIA) Limited,165455580.0
COROMANDEL,2025-12-31,Independent,E.I.D.PARRY (INDIA) Limited,165455580.0
CRISIL,2014-03-31,Independent,,0.0
CRISIL,2014-06-30,Independent,,0.0
CRISIL,2014-09-30,Independent,,0.0
CRISIL,2014-12-31,Independent,,0.0
CRISIL,2015-03-31,Independent,,0.0
CRISIL,2015-06-30,Independent,,0.0
CRISIL,2015-09-30,Independent,,0.0
CRISIL,2015-12-31,Independent,S AND P INDIA L L C,31209480.0
CRISIL,2016-03-31,Independent,Promoters - Foreign Bodies Corporates,47832539.0
CRISIL,2016-06-30,Independent,Promoters - Foreign Bodies Corporates,47832539.0
CRISIL,2016-09-30,Independent,Promoters - Foreign Bodies Corporates,47832539.0
CRISIL,2016-12-31,Independent,Body Corporate,47832539.0
CRISIL,2017-03-31,Independent,Body Corporate,47832539.0
CRISIL,2017-06-30,Independent,Body Corporate,47832539.0
CRISIL,2017-09-30,Independent,Body Corporate,47832539.0
CRISIL,2017-12-31,Independent,Body Corporate,47832539.0
CRISIL,2018-03-31,Independent,S AND P INDIA L L C,31209480.0
CRISIL,2018-06-30,Independent,S AND P INDIA LLC,31209480.0
CRISIL,2018-09-30,Independent,S AND P INDIA LLC,31209480.0
CRISIL,2018-12-31,Independent,S AND P INDIA L L C,31209480.0
CRISIL,2019-03-31,Independent,S AND P INDIA L L C,31209480.0
CRISIL,2019-06-30,Independent,S AND P INDIA L L C,31209480.0
CRISIL,2019-09-30,Independent,S AND P INDIA L L C,31209480.0
CRISIL,2019-12-31,Independent,S&P India LLC,31209480.0
CRISIL,2020-03-31,Independent,S&P India LLC,31209480.0
CRISIL,2020-06-30,Independent,S&P India LLC,31209480.0
CRISIL,2020-09-30,Independent,S&P India LLC,31209480.0
CRISIL,2020-12-31,Independent,S&P India LLC,31209480.0
CRISIL,2021-03-31,Independent,S&P India LLC,31209480.0
CRISIL,2021-06-30,Independent,S&P India LLC,31209480.0
CRISIL,2021-09-30,Independent,S&P India LLC,31209480.0
CRISIL,2021-12-31,Independent,S&P India LLC,31209480.0
CRISIL,2022-03-31,Independent,S&P India LLC,31209480.0
CRISIL,2022-06-30,Independent,S&P India LLC,31209480.0
CRISIL,2022-09-30,Independent,S&P India LLC,31209480.0
CRISIL,2022-12-31,Independent,S&P India LLC,31209480.0
CRISIL,2023-03-31,Independent,S&P India LLC,31209480.0
CRISIL,2023-06-30,Independent,S&P India LLC,31209480.0
CRISIL,2023-09-30,Independent,S AND P INDIA L L C,31209480.0
CRISIL,2023-12-31,Independent,S&P India LLC,31209480.0
CRISIL,2024-03-31,Independent,S&P India LLC,31209480.0
CRISIL,2024-06-30,Independent,S&P India LLC,31209480.0
CRISIL,2024-09-30,Independent,S&P India LLC,31209480.0
CRISIL,2024-12-31,Independent,S&P India LLC,31209480.0
CRISIL,2025-03-31,Independent,S&P India LLC,31209480.0
CRISIL,2025-06-30,Independent,S&P India LLC,31209480.0
CRISIL,2025-09-30,Independent,S&P India LLC,31209480.0
CRISIL,2025-12-31,Independent,S&P India LLC,31209480.0
CROMPTON,2016-05-12,Independent,Body Corporate,215451070.0
CROMPTON,2016-06-30,Independent,Promoters - Body Corporate,215451070.0
CROMPTON,2016-09-30,Independent,Body Corporate,215442496.0
CROMPTON,2016-12-31,Independent,Body Corporate,215464906.0
CROMPTON,2017-03-31,Independent,Body Corporate,215464906.0
CROMPTON,2017-06-30,Independent,Body Corporate,215464906.0
CROMPTON,2017-09-30,Independent,Body Corporate,215464906.0
CROMPTON,2017-12-31,Independent,Body Corporate,215464906.0
CROMPTON,2018-03-31,Independent,AMALFIACO LIMITED,140037623.0
CROMPTON,2018-06-30,Independent,AMALFIACO LIMITED,140037623.0
CROMPTON,2018-09-30,Independent,AMALFIACO LIMITED,140037623.0
CROMPTON,2018-12-31,Independent,AMALFIACO LIMITED,140037623.0
CROMPTON,2019-03-31,Independent,AMALFIACO LIMITED,140037623.0
CROMPTON,2019-06-30,Independent,AMALFIACO LIMITED,140037623.0
CROMPTON,2019-09-30,Independent,AMALFIACO LIMITED,140037623.0
CROMPTON,2019-12-31,Independent,AMALFIACO LIMITED,107741623.0
CROMPTON,2020-03-31,Independent,AMALFIACO LIMITED,107741623.0
CROMPTON,2020-06-30,Independent,AMALFIACO LIMITED,107741623.0
CROMPTON,2020-09-30,Independent,AMALFIACO LIMITED,107741623.0
CROMPTON,2020-12-31,Independent,AMALFIACO LIMITED,71667802.0
CROMPTON,2021-03-31,Independent,MACRITCHIE INVESTMENTS PTE LTD,37612367.0
CROMPTON,2021-06-30,Independent,MACRITCHIE INVESTMENTS PTE LTD,37612367.0
CROMPTON,2021-09-30,Independent,MACRITCHIE INVESTMENTS PTE LTD,37612367.0
CROMPTON,2021-12-31,Independent,MACRITCHIE INVESTMENTS PTE LTD,37612367.0
CROMPTON,2022-03-31,Independent,MACRITCHIE INVESTMENTS PTE LTD,37612367.0
CROMPTON,2022-06-30,Independent,MACRITCHIE INVESTMENTS PTE LTD,37612367.0
CROMPTON,2022-09-30,Independent,MACRITCHIE INVESTMENTS PTE LTD,16162367.0
CROMPTON,2022-12-31,Independent,,0.0
CROMPTON,2023-03-31,Independent,,0.0
CROMPTON,2023-06-30,Independent,,0.0
CROMPTON,2023-09-30,Independent,,0.0
CROMPTON,2023-12-31,Independent,,0.0
CROMPTON,2024-03-31,Independent,,0.0
CROMPTON,2024-06-30,Independent,,0.0
CROMPTON,2024-09-30,Independent,,0.0
CROMPTON,2024-12-31,Independent,,0.0
CROMPTON,2025-03-31,Independent,,0.0
CROMPTON,2025-06-30,Independent,,0.0
CROMPTON,2025-09-30,Independent,,0.0
CROMPTON,2025-12-31,Independent,,0.0
CUB,2014-03-31,Independent,,0.0
CUB,2014-06-30,Independent,,0.0
CUB,2014-09-30,Independent,,0.0
CUB,2014-12-31,Independent,,0.0
CUB,2015-03-31,Independent,,0.0
CUB,2015-06-30,Independent,,0.0
CUB,2015-09-30,Independent,,0.0
CUB,2015-12-31,Independent,,0.0
CUB,2016-03-31,Independent,,0.0
CUB,2016-06-30,Independent,,0.0
CUB,2016-09-30,Independent,,0.0
CUB,2016-12-31,Independent,,0.0
CUB,2017-03-31,Independent,,0.0
CUB,2017-06-30,Independent,,0.0
CUB,2017-07-17,Independent,,0.0
CUB,2017-09-30,Independent,,0.0
CUB,2017-12-31,Independent,,0.0
CUB,2018-03-31,Independent,,0.0
CUB,2018-06-30,Independent,,0.0
CUB,2018-07-13,Independent,,0.0
CUB,2018-09-30,Independent,,0.0
CUB,2018-12-31,Independent,,0.0
CUB,2019-03-31,Independent,,0.0
CUB,2019-06-30,Independent,,0.0
CUB,2019-09-30,Independent,,0.0
CUB,2019-12-31,Independent,,0.0
CUB,2020-03-31,Independent,,0.0
CUB,2020-06-30,Independent,,0.0
CUB,2020-09-30,Independent,,0.0
CUB,2020-12-31,Independent,,0.0
CUB,2021-03-31,Independent,,0.0
CUB,2021-06-30,Independent,,0.0
CUB,2021-09-30,Independent,,0.0
CUB,2021-12-31,Independent,,0.0
CUB,2022-03-31,Independent,,0.0
CUB,2022-06-30,Independent,,0.0
CUB,2022-09-30,Independent,,0.0
CUB,2022-12-31,Independent,,0.0
CUB,2023-03-31,Independent,,0.0
CUB,2023-06-30,Independent,,0.0
CUB,2023-09-30,Independent,,0.0
CUB,2023-12-31,Independent,,0.0
CUB,2024-03-31,Independent,,0.0
CUB,2024-06-30,Independent,,0.0
CUB,2024-09-30,Independent,,0.0
CUB,2024-12-31,Independent,,0.0
CUB,2025-03-31,Independent,,0.0
CUB,2025-06-30,Independent,,0.0
CUB,2025-09-30,Independent,,0.0
CUB,2025-12-31,Independent,,0.0
CUMMINSIND,2014-03-31,Independent,,0.0
CUMMINSIND,2014-06-30,Independent,,0.0
CUMMINSIND,2014-09-30,Independent,,0.0
CUMMINSIND,2014-12-31,Independent,,0.0
CUMMINSIND,2015-03-31,Independent,,0.0
CUMMINSIND,2015-06-30,Independent,,0.0
CUMMINSIND,2015-09-30,Independent,,0.0
CUMMINSIND,2015-12-31,Independent,Bodies Corporate - Cummins Inc.,141372000.0
CUMMINSIND,2016-03-31,Independent,Cummins Inc,141372000.0
CUMMINSIND,2016-06-30,Independent,Cummins Inc,141372000.0
CUMMINSIND,2016-09-30,Independent,Cummins Inc,141372000.0
CUMMINSIND,2016-12-31,Independent,Body Corporate,141372000.0
CUMMINSIND,2017-03-31,Independent,Body Corporate,141372000.0
CUMMINSIND,2017-06-30,Independent,Body Corporate,141372000.0
CUMMINSIND,2017-09-30,Independent,Body Corporate,141372000.0
CUMMINSIND,2017-12-31,Independent,Body Corporate,141372000.0
CUMMINSIND,2018-03-31,Independent,Cummins Inc,141372000.0
CUMMINSIND,2018-06-30,Independent,Cummins Inc,141372000.0
CUMMINSIND,2018-09-30,Independent,Cummins Inc.,141372000.0
CUMMINSIND,2018-12-31,Independent,Cummins Inc.,141372000.0
CUMMINSIND,2019-03-31,Independent,Cummins Inc.,141372000.0
CUMMINSIND,2019-06-30,Independent,Cummins Inc.,141372000.0
CUMMINSIND,2019-09-30,Independent,Cummins Inc.,141372000.0
CUMMINSIND,2019-12-31,Independent,Cummins Inc.,141372000.0
CUMMINSIND,2020-03-31,Independent,Cummins Inc,141372000.0
CUMMINSIND,2020-06-30,Independent,Cummins Inc.,141372000.0
CUMMINSIND,2020-09-30,Independent,Cummins Inc.,141372000.0
CUMMINSIND,2020-12-31,Independent,Cummins Inc,141372000.0
CUMMINSIND,2021-03-31,Independent,Cummins Inc,141372000.0
CUMMINSIND,2021-06-30,Independent,Cummins Inc,141372000.0
CUMMINSIND,2021-09-30,Independent,Cummins Inc,141372000.0
CUMMINSIND,2021-12-31,Independent,Cummins Inc,141372000.0
CUMMINSIND,2022-03-31,Independent,Cummins Inc,141372000.0
CUMMINSIND,2022-06-30,Independent,Cummins Inc.,141372000.0
CUMMINSIND,2022-09-30,Independent,Cummins Inc,141372000.0
CUMMINSIND,2022-12-31,Independent,Cummins Inc,141372000.0
CUMMINSIND,2023-03-31,Independent,Cummins Inc,141372000.0
CUMMINSIND,2023-06-30,Independent,Cummins Inc.,141372000.0
CUMMINSIND,2023-09-30,Independent,Cummins Inc.,141372000.0
CUMMINSIND,2023-12-31,Independent,Cummins Inc.,141372000.0
CUMMINSIND,2024-03-31,Independent,Cummins Inc.,141372000.0
CUMMINSIND,2024-06-30,Independent,Cummins Inc,141372000.0
CUMMINSIND,2024-09-30,Independent,Cummins Inc,141372000.0
CUMMINSIND,2024-12-31,Independent,Cummins Inc,141372000.0
CUMMINSIND,2025-03-31,Independent,Cummins Inc,141372000.0
CUMMINSIND,2025-06-30,Independent,Cummins Inc,141372000.0
CUMMINSIND,2025-09-30,Independent,Cummins Inc.,141372000.0
CUMMINSIND,2025-12-31,Independent,Cummins Inc,141372000.0
DABUR,2014-03-31,Independent,,0.0
DABUR,2014-06-30,Independent,,0.0
DABUR,2014-09-30,Independent,,0.0
DABUR,2014-12-31,Independent,,0.0
DABUR,2015-03-31,Independent,,0.0
DABUR,2015-06-30,Independent,,0.0
DABUR,2015-09-30,Independent,,0.0
DABUR,2015-12-31,Independent,CHOWDRY ASSOCIATES (owned by Mr Saket Burman ),217941800.0
DABUR,2016-03-31,Independent,CHOWDRY ASSOCIATES Owned by mr. Saket Burman,217941800.0
DABUR,2016-06-30,Independent,CHOWDRY ASSOCIATES Owned by Mr.. Saket Burman,217941800.0
DABUR,2016-09-30,Independent,CHOWDRY ASSOCIATES Owned by Mr.. Saket Burman,217941800.0
DABUR,2016-12-31,Independent,Body Corporate,1196018682.0
DABUR,2017-03-31,Independent,Other,1196066079.0
DABUR,2017-06-30,Independent,Body Corporate,1196228682.0
DABUR,2017-09-30,Independent,Body Corporate,1196328682.0
DABUR,2017-12-31,Independent,Body Corporate,1196328682.0
DABUR,2018-03-31,Independent,Chowdry Associates (Owned by Mr. Saket Burman),217941800.0
DABUR,2018-06-30,Independent,CHOWDRY ASSOCIATES (OWNED BY MR. SAKET BURMAN),217941800.0
DABUR,2018-09-30,Independent,Other,1196528682.0
DABUR,2018-12-31,Independent,CHOWDRY ASSOCIATES (OWNED BY MR. SAKET BURMAN),217941800.0
DABUR,2019-03-31,Independent,CHOWDRY ASSOCIATES (OWNED BY MR. SAKET BURMAN),217941800.0
DABUR,2019-06-30,Independent,CHOWDRY ASSOCIATES (OWNED BY MR. SAKET BURMAN),217941800.0
DABUR,2019-09-30,Independent,CHOWDRY ASSOCIATES (OWNED BY MR. SAKET BURMAN),217941800.0
DABUR,2019-12-31,Independent,Other,1197024682.0
DABUR,2020-03-31,Independent,CHOWDRY ASSOCIATESn(OWNED BY MR. SAKET BURMAN),217941800.0
DABUR,2020-06-30,Independent,CHOWDRY ASSOCIATESn(OWNED BY MR. SAKET BURMAN),217941800.0
DABUR,2020-09-30,Independent,CHOWDRY ASSOCIATESn(OWNED BY MR. SAKET BURMAN),217941800.0
DABUR,2020-12-31,Independent,CHOWDRY ASSOCIATESn(OWNED BY MR. SAKET BURMAN),217941800.0
DABUR,2021-03-31,Independent,CHOWDRY ASSOCIATESn(OWNED BY MR. SAKET BURMAN),217941800.0
DABUR,2021-06-30,Independent,CHOWDRY ASSOCIATESn(OWNED BY MR. SAKET BURMAN),217941800.0
DABUR,2021-09-30,Independent,CHOWDRY ASSOCIATESn(OWNED BY MR. SAKET BURMAN),217941800.0
DABUR,2021-12-31,Independent,CHOWDRY ASSOCIATESn(OWNED BY MR. SAKET BURMAN),217941800.0
DABUR,2022-03-31,Independent,CHOWDRY ASSOCIATESn(OWNED BY MR. SAKET BURMAN),217941800.0
DABUR,2022-06-30,Independent,CHOWDRY ASSOCIATESn(OWNED BY MR. SAKET BURMAN),217941800.0
DABUR,2022-09-30,Independent,CHOWDRY ASSOCIATESn(OWNED BY MR. SAKET BURMAN),217941800.0
DABUR,2022-12-31,Independent,VIC ENTERPRISES PRIVATE LIMITEDn(OWNED BY MR. V C BURMAN),217794000.0
DABUR,2023-03-31,Independent,VIC ENTERPRISES PRIVATE LIMITEDn(OWNED BY MR. V C BURMAN),217794000.0
DABUR,2023-06-30,Independent,VIC ENTERPRISES PRIVATE LIMITED (OWNED BY MR. V C BURMAN),217794000.0
DABUR,2023-09-30,Independent,VIC ENTERPRISES PRIVATE LIMITED (OWNED BY MR. V C BURMAN),217794000.0
DABUR,2023-12-31,Independent,VIC ENTERPRISES PRIVATE LIMITED (OWNED BY MR. V C BURMAN),217794000.0
DABUR,2024-03-31,Independent,VIC ENTERPRISES PRIVATE LIMITED (OWNED BY MR. V C BURMAN),217794000.0
DABUR,2024-06-30,Independent,VIC ENTERPRISES PRIVATE LIMITED (OWNED BY MR. V C BURMAN),217794000.0
DABUR,2024-09-30,Independent,VIC ENTERPRISES PRIVATE LIMITED (OWNED BY MR. V C BURMAN),217794000.0
DABUR,2024-12-31,Independent,VIC ENTERPRISES PRIVATE LIMITED (OWNED BY MR. V C BURMAN),217794000.0
DABUR,2025-03-31,Independent,VIC ENTERPRISES PRIVATE LIMITED (OWNED BY MR. V C BURMAN),217794000.0
DABUR,2025-06-30,Independent,VIC ENTERPRISES PRIVATE LIMITED (OWNED BY MR. V C BURMAN),217794000.0
DABUR,2025-09-30,Independent,VIC ENTERPRISES PRIVATE LIMITED (OWNED BY MR. V C BURMAN),217794000.0
DABUR,2025-12-31,Independent,VIC ENTERPRISES PRIVATE LIMITED (OWNED BY MR. V C BURMAN),217794000.0
DALBHARAT,2018-12-31,Independent,DALMIA CEMENT (BHARAT LIMITED),42479273.0
DALBHARAT,2019-01-09,Independent,Rama Investment Company Private Limited,79846410.0
DALBHARAT,2019-03-31,Independent,Rama Investment Company Private Limited,79846410.0
DALBHARAT,2019-06-30,Independent,Rama Investment Company Private Limited,79846410.0
DALBHARAT,2019-09-30,Independent,Rama Investment Company Private Limited,79846410.0
DALBHARAT,2019-12-31,Independent,Rama Investment Company Private Limited,79846410.0
DALBHARAT,2020-03-31,Independent,Rama Investment Company Private Limited,79846410.0
DALBHARAT,2020-06-30,Independent,Rama Investment Company Private Limited,79846410.0
DALBHARAT,2020-09-30,Independent,Rama Investment Company Private Limited,79846410.0
DALBHARAT,2020-10-01,Independent,Rama Investment Company Private Limited,79846410.0
DALBHARAT,2020-12-31,Independent,Rama Investment Company Private Limited,79846410.0
DALBHARAT,2021-03-31,Independent,Rama Investment Company Private Limited,79846410.0
DALBHARAT,2021-06-30,Independent,Rama Investment Company Private Limited,79846410.0
DALBHARAT,2021-09-30,Independent,Rama Investment Company Private Limited,79846410.0
DALBHARAT,2021-12-31,Independent,Rama Investment Company Private Limited,79846410.0
DALBHARAT,2022-03-31,Independent,Rama Investment Company Private Limited,79846410.0
DALBHARAT,2022-06-30,Independent,Rama Investment Company Private Limited,79846410.0
DALBHARAT,2022-09-30,Independent,Rama Investment Company Private Limited,79846410.0
DALBHARAT,2022-12-31,Independent,Rama Investment Company Private Limited*,60877384.0
DALBHARAT,2023-03-31,Independent,Mayuka Investment limited*,38930654.0
DALBHARAT,2023-06-30,Independent,Mayuka Investment limited,38930654.0
DALBHARAT,2023-09-30,Independent,Mayuka Investment limited,38930654.0
DALBHARAT,2023-12-31,Independent,Mayuka Investment limited,38930654.0
DALBHARAT,2024-03-31,Independent,Mayuka Investment limited,38930654.0
DALBHARAT,2024-06-30,Independent,Mayuka Investment limited,38930654.0
DALBHARAT,2024-09-30,Independent,Mayuka Investment limited,38930654.0
DALBHARAT,2024-12-31,Independent,Mayuka Investment Limited,38930654.0
DALBHARAT,2025-03-31,Independent,Mayuka Investment Limited,38930654.0
DALBHARAT,2025-06-30,Independent,Keshav Power Limited **,68315720.0
DALBHARAT,2025-09-30,Independent,Keshav Power Limited,68315720.0
DALBHARAT,2025-12-31,Independent,Keshav Power Limited,68315720.0
DALMIABHA,2014-03-31,Independent,,0.0
DALMIABHA,2014-06-30,Independent,,0.0
DALMIABHA,2014-09-30,Independent,,0.0
DALMIABHA,2014-12-31,Independent,,0.0
DALMIABHA,2015-03-31,Independent,,0.0
DALMIABHA,2015-06-30,Independent,,0.0
DALMIABHA,2015-09-30,Independent,,0.0
DALMIABHA,2015-12-31,Independent,Mayuka Investment Limited,9875320.0
DALMIABHA,2016-03-09,Independent,Mayuka Investment Limited,9875320.0
DALMIABHA,2016-03-31,Independent,Body Corporate,47168898.0
DALMIABHA,2016-06-30,Independent,Body Corporate,47168898.0
DALMIABHA,2016-09-30,Independent,Body Corporate,47168898.0
DALMIABHA,2016-12-31,Independent,Body Corporate,47168898.0
DALMIABHA,2017-03-31,Independent,Body Corporate,48470405.0
DALMIABHA,2017-06-30,Independent,Body Corporate,48718770.0
DALMIABHA,2017-09-30,Independent,Body Corporate,48718820.0
DALMIABHA,2017-12-31,Independent,Body Corporate,48718820.0
DALMIABHA,2018-03-31,Independent,Mayuka Investment Limited,19465327.0
DALMIABHA,2018-06-30,Independent,Rama Investment Company Private Limited,39920055.0
DALMIABHA,2018-09-30,Independent,Trust,48932820.0
DBL,2016-08-10,Independent,DILIP SURYAVANSHI,55673487.0
DBL,2016-09-30,Independent,DILIP SURYAVANSHI,55673487.0
DBL,2016-12-31,Independent,DILIP SURYAVANSHI,55673487.0
DBL,2017-03-31,Independent,DILIP SURYAVANSHI,55673487.0
DBL,2017-06-30,Independent,DILIP SURYAVANSHI,55673487.0
DBL,2017-09-30,Independent,DILIP SURYAVANSHI,55673487.0
DBL,2017-12-31,Independent,DILIP SURYAVANSHI,55673487.0
DBL,2018-03-31,Independent,DILIP SURYAVANSHI,55673487.0
DBL,2018-06-30,Independent,DILIP SURYAVANSHI,55673487.0
DBL,2018-09-30,Independent,DILIP SURYAVANSHI,55673487.0
DBL,2018-12-31,Independent,DILIP SURYAVANSHI,55673487.0
DBL,2019-03-31,Independent,DILIP SURYAVANSHI,55673487.0
DBL,2019-06-30,Independent,Dilip Suryavanshi,55673487.0
DBL,2019-09-30,Independent,Dilip Suryavanshi,55107987.0
DBL,2019-12-31,Independent,Dilip Suryavanshi,55107987.0
DBL,2020-03-31,Independent,Dilip Suryavanshi,55107987.0
DBL,2020-06-30,Independent,Dilip Suryavanshi,55107987.0
DBL,2020-09-30,Independent,Dilip Suryavanshi,55107987.0
DBL,2020-12-31,Independent,Dilip Suryavanshi,55107987.0
DBL,2021-03-31,Independent,Dilip Suryavanshi,55107987.0
DBL,2021-04-23,Independent,Dilip Suryavanshi,55107987.0
DBL,2021-04-26,Independent,Dilip Suryavanshi,55107987.0
DBL,2021-06-30,Independent,Dilip Suryavanshi,55107987.0
DBL,2021-09-30,Independent,Dilip Suryavanshi,55107987.0
DBL,2021-12-31,Independent,Dilip Suryavanshi,55107987.0
DBL,2022-03-31,Independent,Dilip Suryavanshi,55107987.0
DBL,2022-06-30,Independent,Dilip Suryavanshi,55107987.0
DBL,2022-09-30,Independent,Dilip Suryavanshi,55107987.0
DBL,2022-12-31,Independent,Dilip Suryavanshi,55107987.0
DBL,2023-03-31,Independent,Dilip Suryavanshi,55107987.0
DBL,2023-06-30,Independent,Dilip Suryavanshi,55107987.0
DBL,2023-09-30,Independent,Dilip Suryavanshi,55107987.0
DBL,2023-12-21,Independent,Dilip Suryavanshi,55107987.0
DBL,2023-12-31,Independent,Dilip Suryavanshi,55107987.0
DBL,2024-03-31,Independent,Dilip Suryavanshi,55107987.0
DBL,2024-06-30,Independent,Dilip Suryavanshi,55107987.0
DBL,2024-09-30,Independent,Dilip Suryavanshi,55107987.0
DBL,2024-12-31,Independent,Dilip Suryavanshi,55107987.0
DBL,2025-03-31,Independent,Dilip Suryavanshi,55107987.0
DBL,2025-06-13,Independent,Dilip Suryavanshi,55107987.0
DBL,2025-06-18,Independent,Dilip Suryavanshi,55107987.0
DBL,2025-06-30,Independent,Dilip Suryavanshi,55107987.0
DBL,2025-09-30,Independent,Dilip Suryavanshi,55107987.0
DBL,2025-12-31,Independent,Dilip Suryavanshi,55107987.0
DCBBANK,2014-03-31,Independent,,0.0
DCBBANK,2014-06-30,Independent,,0.0
DCBBANK,2014-09-30,Independent,,0.0
DCBBANK,2014-10-10,Independent,,0.0
DCBBANK,2014-12-31,Independent,,0.0
DCBBANK,2015-03-31,Independent,,0.0
DCBBANK,2015-06-30,Independent,,0.0
DCBBANK,2015-09-30,Independent,,0.0
DCBBANK,2015-12-31,Independent,Aga Khan Fund For Economic Development S. A.,29962700.0
DCBBANK,2016-03-31,Independent,Aga Khan Fund For Economic Development SA,43750052.0
DCBBANK,2016-06-30,Independent,Aga Khan Fund For Economic Development S. A.,43750052.0
DCBBANK,2016-09-30,Independent,Aga Khan Fund For Economic Development S. A.,43750052.0
DCBBANK,2016-12-31,Independent,Aga Khan Fund For Economic Development S. A.,43750052.0
DCBBANK,2017-03-31,Independent,Aga Khan Fund For Economic Development SA,43750052.0
DCBBANK,2017-04-28,Independent,Aga Khan Fund For Economic Development SA,43750052.0
DCBBANK,2017-06-30,Independent,Aga Khan Fund For Economic Development SA,43750052.0
DCBBANK,2017-09-30,Independent,Aga Khan Fund For Economic Development SA,43750052.0
DCBBANK,2017-12-31,Independent,Aga Khan Fund For Economic Development SA,43750052.0
DCBBANK,2018-03-31,Independent,Aga Khan Fund For Economic Development SA,43750052.0
DCBBANK,2018-06-30,Independent,Aga Khan Fund For Economic Development SA,43750052.0
DCBBANK,2018-09-30,Independent,Aga Khan Fund For Economic Development SA,43750052.0
DCBBANK,2018-12-31,Independent,Aga Khan Fund For Economic Development SA,43750052.0
DCBBANK,2019-03-31,Independent,Aga Khan Fund For Economic Development SA,43750052.0
DCBBANK,2019-06-30,Independent,Aga Khan Fund For Economic Development SA,43750052.0
DCBBANK,2019-09-30,Independent,Aga Khan Fund For Economic Development SA,43750052.0
DCBBANK,2019-12-31,Independent,Aga Khan Fund For Economic Development SA,43750052.0
DCBBANK,2020-03-31,Independent,Aga Khan Fund For Economic Development SA,43750052.0
DCBBANK,2020-06-30,Independent,Aga Khan Fund For Economic Development SA,43750052.0
DCBBANK,2020-09-30,Independent,Aga Khan Fund For Economic Development SA,43750052.0
DCBBANK,2020-12-31,Independent,Aga Khan Fund For Economic Development SA,43750052.0
DCBBANK,2021-03-31,Independent,Aga Khan Fund For Economic Development SA,43750052.0
DCBBANK,2021-06-30,Independent,Aga Khan Fund For Economic Development SA,43750052.0
DCBBANK,2021-09-30,Independent,Aga Khan Fund For Economic Development SA,43750052.0
DCBBANK,2021-12-31,Independent,Aga Khan Fund For Economic Development SA,43750052.0
DCBBANK,2022-03-31,Independent,Aga Khan Fund For Economic Development SA,43750052.0
DCBBANK,2022-06-30,Independent,Aga Khan Fund For Economic Development SA,43750052.0
DCBBANK,2022-09-30,Independent,Aga Khan Fund For Economic Development SA,43750052.0
DCBBANK,2022-12-31,Independent,Aga Khan Fund For Economic Development SA,43750052.0
DCBBANK,2023-03-31,Independent,Aga Khan Fund For Economic Development SA,43750052.0
DCBBANK,2023-06-30,Independent,Aga Khan Fund For Economic Development SA,43750052.0
DCBBANK,2023-09-30,Independent,Aga Khan Fund For Economic Development SA,43750052.0
DCBBANK,2023-12-31,Independent,Aga Khan Fund For Economic Development SA,43750052.0
DCBBANK,2024-03-31,Independent,Aga Khan Fund For Economic Development SA,43750052.0
DCBBANK,2024-06-30,Independent,Aga Khan Fund For Economic Development SA,43750052.0
DCBBANK,2024-09-30,Independent,Aga Khan Fund For Economic Development SA,43750052.0
DCBBANK,2024-12-31,Independent,Aga Khan Fund For Economic Development SA,43750052.0
DCBBANK,2025-03-31,Independent,Aga Khan Fund For Economic Development SA,43750052.0
DCBBANK,2025-06-30,Independent,Aga Khan Fund For Economic Development SA,43750052.0
DCBBANK,2025-09-30,Independent,Aga Khan Fund For Economic Development SA,43750052.0
DCBBANK,2025-12-31,Independent,Aga Khan Fund For Economic Development SA,49808446.0
DEEPAKNTR,2014-03-31,Independent,,0.0
DEEPAKNTR,2014-06-30,Independent,,0.0
DEEPAKNTR,2014-09-30,Independent,,0.0
DEEPAKNTR,2014-12-31,Independent,,0.0
DEEPAKNTR,2015-03-31,Independent,,0.0
DEEPAKNTR,2015-06-30,Independent,,0.0
DEEPAKNTR,2015-09-30,Independent,,0.0
DEEPAKNTR,2015-12-31,Independent,DEEPAK CHIMANLAL MEHTA,20244550.0
DEEPAKNTR,2016-03-31,Independent,DEEPAK CHIMANLAL MEHTA,20940040.0
DEEPAKNTR,2016-06-30,Independent,Deepak Chimanlal Mehta,20940040.0
DEEPAKNTR,2016-09-30,Independent,Deepak Chimanlal Mehta,20940040.0
DEEPAKNTR,2016-12-31,Independent,Body Corporate,37843000.0
DEEPAKNTR,2017-03-07,Independent,Body Corporate,37843000.0
DEEPAKNTR,2017-03-31,Independent,Body Corporate,37945000.0
DEEPAKNTR,2017-06-30,Independent,Body Corporate,37945000.0
DEEPAKNTR,2017-09-30,Independent,Body Corporate,38031106.0
DEEPAKNTR,2017-12-31,Independent,Body Corporate,38031106.0
DEEPAKNTR,2018-01-30,Independent,Body Corporate,38031106.0
DEEPAKNTR,2018-03-31,Independent,Deepak Chimanlal Mehta,21236331.0
DEEPAKNTR,2018-06-30,Independent,Deepak Chimanlal Mehta,21216331.0
DEEPAKNTR,2018-09-30,Independent,Deepak Chimanlal Mehta,21216331.0
DEEPAKNTR,2018-12-31,Independent,Deepak Chimanlal Mehta,21216331.0
DEEPAKNTR,2019-03-31,Independent,Deepak Chimanlal Mehta,21216331.0
DEEPAKNTR,2019-06-30,Independent,Deepak Chimanlal Mehta,21216331.0
DEEPAKNTR,2019-09-30,Independent,Deepak Chimanlal Mehta,21552331.0
DEEPAKNTR,2019-12-31,Independent,Deepak Chimanlal Mehta,21552331.0
DEEPAKNTR,2020-03-31,Independent,Deepak Chimanlal Mehta,21564831.0
DEEPAKNTR,2020-06-30,Independent,Deepak Chimanlal Mehta,21879831.0
DEEPAKNTR,2020-09-30,Independent,Deepak Chimanlal Mehta,21879831.0
DEEPAKNTR,2020-12-31,Independent,Deepak Chimanlal Mehta,21879831.0
DEEPAKNTR,2021-03-31,Independent,Deepak Chimanlal Mehta,21879831.0
DEEPAKNTR,2021-06-30,Independent,Deepak Chimanlal Mehta,21879831.0
DEEPAKNTR,2021-09-30,Independent,Deepak Chimanlal Mehta,21879831.0
DEEPAKNTR,2021-12-31,Independent,Deepak Chimanlal Mehta,21855831.0
DEEPAKNTR,2022-03-31,Independent,Deepak Chimanlal Mehta,21841531.0
DEEPAKNTR,2022-06-30,Independent,Deepak Chimanlal Mehta,21841531.0
DEEPAKNTR,2022-09-30,Independent,Deepak Chimanlal Mehta,21841531.0
DEEPAKNTR,2022-12-31,Independent,Deepak Chimanlal Mehta,21841531.0
DEEPAKNTR,2023-03-31,Independent,Deepak Chimanlal Mehta,21852531.0
DEEPAKNTR,2023-06-30,Independent,Deepak Chimanlal Mehta,21852531.0
DEEPAKNTR,2023-09-30,Independent,Deepak Chimanlal Mehta,22557661.0
DEEPAKNTR,2023-12-31,Independent,Deepak Chimanlal Mehta,22557661.0
DEEPAKNTR,2024-03-31,Independent,Deepak Chimanlal Mehta,22535241.0
DEEPAKNTR,2024-06-30,Independent,Deepak Chimanlal Mehta,22535241.0
DEEPAKNTR,2024-09-30,Independent,Deepak Chimanlal Mehta,22535241.0
DEEPAKNTR,2024-12-31,Independent,Deepak Chimanlal Mehta,22535241.0
DEEPAKNTR,2025-03-31,Independent,Deepak Chimanlal Mehta,22535241.0
DEEPAKNTR,2025-06-30,Independent,Deepak Chimanlal Mehta,22535241.0
DEEPAKNTR,2025-09-30,Independent,Deepak Chimanlal Mehta,22535241.0
DEEPAKNTR,2025-12-31,Independent,Deepak Chimanlal Mehta,22592689.0
DELHIVERY,2022-05-20,Independent,,0.0
DELHIVERY,2022-06-30,Independent,,0.0
DELHIVERY,2022-09-30,Independent,,0.0
DELHIVERY,2022-12-31,Independent,,0.0
DELHIVERY,2023-03-31,Independent,,0.0
DELHIVERY,2023-06-30,Independent,,0.0
DELHIVERY,2023-09-30,Independent,,0.0
DELHIVERY,2023-12-31,Independent,,0.0
DELHIVERY,2024-03-31,Independent,,0.0
DELHIVERY,2024-06-30,Independent,,0.0
DELHIVERY,2024-09-30,Independent,,0.0
DELHIVERY,2024-12-31,Independent,,0.0
DELHIVERY,2025-03-31,Independent,,0.0
DELHIVERY,2025-06-30,Independent,,0.0
DELHIVERY,2025-09-30,Independent,,0.0
DELHIVERY,2025-12-31,Independent,,0.0
DELTACORP,2014-03-31,Independent,,0.0
DELTACORP,2014-06-30,Independent,,0.0
DELTACORP,2014-09-30,Independent,,0.0
DELTACORP,2014-12-31,Independent,,0.0
DELTACORP,2015-03-31,Independent,,0.0
DELTACORP,2015-06-30,Independent,,0.0
DELTACORP,2015-09-30,Independent,,0.0
DELTACORP,2015-12-31,Independent,Delta Real Estate Consultancy Private Limited(holding as a  trustees of Anjali J. Mody Trust),31213341.0
DELTACORP,2016-03-31,Independent,Trust,93640021.0
DELTACORP,2016-06-30,Independent,Trust,93640021.0
DELTACORP,2016-09-30,Independent,Trust,93640021.0
DELTACORP,2016-12-31,Independent,Trust,93640021.0
DELTACORP,2017-03-31,Independent,Trust,93640021.0
DELTACORP,2017-05-18,Independent,Trust,93640021.0
DELTACORP,2017-06-30,Independent,Trust,93640021.0
DELTACORP,2017-09-30,Independent,Trust,93640021.0
DELTACORP,2017-12-31,Independent,Trust,90000000.0
DELTACORP,2018-03-31,Independent,Trust,88179990.0
DELTACORP,2018-06-30,Independent,Trust,88179990.0
DELTACORP,2018-09-30,Independent,Trust,88179990.0
DELTACORP,2018-12-31,Independent,Trust,88179990.0
DELTACORP,2019-03-31,Independent,ARYANISH FINANCE AND INVESTMENTS PRIVATE LIMITED,29393330.0
DELTACORP,2019-06-30,Independent,ARYANISH FINANCE AND INVESTMENTS PRIVATE LIMITED,29393330.0
DELTACORP,2019-09-30,Independent,*ADITI MODY FAMILY PRIVATE LIMITED (Formerly Known as  BAYSIDE PROPERTY DEVLOPERS PRIVATE LIMITED),29393330.0
DELTACORP,2019-12-31,Independent,*AARTI PANDIT FAMILY PRIVATE LIMITED (Formerly Known as ARYANISH FINANCE AND INVESTMENT PVT LTD),29393330.0
DELTACORP,2020-03-31,Independent,*AARTI PANDIT FAMILY PRIVATE LIMITED(Formerly Known as ARYANISH FINANCE AND INVESTMENTS PVT LTD),29393330.0
DELTACORP,2020-06-30,Independent,AARTI PANDIT FAMILY PRIVATE LIMITED (FORMERLY KNOWN AS ARYANISH FINANCE AND INVESTMENTS PVT LTD),29393330.0
DELTACORP,2020-09-30,Independent,AARTI PANDIT FAMILY PRIVATE LIMITED ( IN CAPACITY OF TRUSTEE OF AARTI J MODY TRUST),29393330.0
DELTACORP,2020-12-31,Independent,AARTI PANDIT FAMILY PRIVATE LIMITED (IN THE CAPACITY OF TRUSTEE OF AARTI J MODY TRUST),29393330.0
DELTACORP,2021-03-31,Independent,AARTI PANDIT FAMILY PRIVATE LIMITED,29393330.0
DELTACORP,2021-06-30,Independent,*AARTI PANDIT FAMILY PVT LTD,29393330.0
DELTACORP,2021-09-30,Independent,*AARTI PANDIT FAMILY PRIVATE LIMITED,29393330.0
DELTACORP,2021-12-31,Independent,AARTI PANDIT FAMILY PRIVATE LIMITED,29393330.0
DELTACORP,2022-03-31,Independent,AARTI PANDIT FAMILY PRIVATE LIMITED,29393330.0
DELTACORP,2022-06-30,Independent,AARTI PANDIT FAMILY PRIVATE LIMITED (TRUSTEE OF AARTI PANDIT FAMILY PRIVATE LIMITED),29393330.0
DELTACORP,2022-09-30,Independent,AARTI PANDIT FAMILY PRIVATE LIMITED,29393330.0
DELTACORP,2022-12-31,Independent,AARTI PANDIT FAMILY PRIVATE LIMITED,29393330.0
DELTACORP,2023-03-31,Independent,AARTI PANDIT FAMILY PRIVATE LIMITED,29393330.0
DELTACORP,2023-06-30,Independent,AARTI PANDIT FAMILY PRIVATE LIMITED,29393330.0
DELTACORP,2023-09-30,Independent,AARTI PANDIT FAMILY PRIVATE LIMITED,29393330.0
DELTACORP,2023-12-31,Independent,AARTI PANDIT FAMILY PRIVATE LIMITED,29393330.0
DELTACORP,2024-03-31,Independent,AARTI PANDIT FAMILY PRIVATE LIMITED,29393330.0
DELTACORP,2024-06-30,Independent,AARTI PANDIT FAMILY PRIVATE LIMITED,29393330.0
DELTACORP,2024-09-30,Independent,AARTI PANDIT FAMILY PRIVATE LIMITED,29393330.0
DELTACORP,2024-12-31,Independent,AARTI PANDIT FAMILY PRIVATE LIMITED,29393330.0
DELTACORP,2025-03-31,Independent,AARTI PANDIT FAMILY PRIVATE LIMITED,29778663.0
DELTACORP,2025-06-30,Independent,AARTI PANDIT FAMILY PRIVATE LIMITED,29778663.0
DELTACORP,2025-09-30,Independent,AARTI PANDIT FAMILY PRIVATE LIMITED,29778663.0
DELTACORP,2025-12-31,Independent,AARTI PANDIT FAMILY PRIVATE LIMITED,29778663.0
DEVYANI,2021-08-13,Independent,RJ Corp Limited,714821970.0
DEVYANI,2021-09-30,Independent,RJ Corp Limited,714821970.0
DEVYANI,2021-12-31,Independent,RJ Corp Limited,714821970.0
DEVYANI,2022-03-31,Independent,Rj Corp Limited,714821970.0
DEVYANI,2022-06-30,Independent,Rj Corp Limited,714821970.0
DEVYANI,2022-09-30,Independent,RJ Corp Limited,714821970.0
DEVYANI,2022-12-31,Independent,RJ Corp Limited,714821970.0
DEVYANI,2023-03-31,Independent,RJ Corp Limited,714821970.0
DEVYANI,2023-06-30,Independent,RJ Corp Limited,714821970.0
DEVYANI,2023-09-30,Independent,RJ CORP LIMITED,714821970.0
DEVYANI,2023-12-31,Independent,RJ CORP LIMITED,714821970.0
DEVYANI,2024-03-31,Independent,RJ CORP LIMITED,714821970.0
DEVYANI,2024-06-30,Independent,RJ CORP LIMITED,714821970.0
DEVYANI,2024-09-30,Independent,RJ CORP LIMITED,714821970.0
DEVYANI,2024-12-31,Independent,RJ CORP LIMITED,714821970.0
DEVYANI,2025-03-31,Independent,RJ CORP LIMITED,714821970.0
DEVYANI,2025-06-30,Independent,RJ CORP LIMITED,714821970.0
DEVYANI,2025-09-30,Independent,RJ CORP LIMITED,714821970.0
DEVYANI,2025-12-31,Independent,RJ CORP LIMITED,714821970.0
DHANI,2014-03-31,Independent,,0.0
DHANI,2014-04-11,Independent,,0.0
DHANI,2014-05-02,Independent,,0.0
DHANI,2014-06-30,Independent,,0.0
DHANI,2014-09-30,Independent,,0.0
DHANI,2014-12-31,Independent,,0.0
DHANI,2015-03-31,Independent,,0.0
DHANI,2015-04-07,Independent,,0.0
DHANI,2015-04-10,Independent,,0.0
DHANI,2015-06-30,Independent,,0.0
DHANI,2015-09-30,Independent,,0.0
DHANI,2015-12-31,Independent,SAMEER GEHLAUT,40158292.0
DHANI,2016-03-31,Independent,SAMEER GEHLAUT,40158292.0
DHANI,2016-06-30,Independent,Body Corporates,58290510.0
DHANI,2016-09-30,Independent,SAMEER GEHLAUT,40158292.0
DHANI,2016-12-31,Independent,Body Corporate,58290510.0
DHANI,2017-03-07,Independent,Body Corporate,82940510.0
DHANI,2017-03-31,Independent,Body Corporate,82940510.0
DHANI,2017-04-10,Independent,Body Corporate,112590510.0
DHANI,2017-05-10,Independent,Body Corporate,112590510.0
DHANI,2017-06-06,Independent,Body Corporate,112590510.0
DHANI,2017-06-30,Independent,Body Corporate,112590510.0
DHANI,2017-09-30,Independent,Body Corporate,112590510.0
DHANI,2017-12-31,Independent,Body Corporate,112590510.0
DHANI,2018-03-16,Independent,Body Corporate,138970017.0
DHANI,2018-03-31,Independent,SAMEER GEHLAUT,49567219.0
DHANI,2018-06-11,Independent,SAMEER GEHLAUT,49567219.0
DHANI,2018-06-30,Independent,SAMEER GEHLAUT,49567219.0
DHANI,2018-09-30,Independent,SAMEER GEHLAUT,49567219.0
DHANI,2018-12-31,Independent,SAMEER GEHLAUT,50898005.0
DHANI,2019-03-31,Independent,SAMEER GEHLAUT,50898005.0
DHANI,2019-06-30,Independent,SAMEER GEHLAUT,50898005.0
DHANI,2019-09-30,Independent,SAMEER GEHLAUT,50898005.0
DHANI,2019-12-31,Independent,SAMEER GEHLAUT,50898005.0
DHANI,2020-02-06,Independent,ORTHIA PROPERTIES PRIVATE LIMITED,41623777.0
DHANI,2020-03-31,Independent,ORTHIA PROPERTIES PRIVATE LIMITED,41623777.0
DHANI,2020-06-03,Independent,ORTHIA PROPERTIES PRIVATE LIMITED,37408420.0
DHANI,2020-06-30,Independent,ORTHIA PROPERTIES PRIVATE LIMITED,37408420.0
DHANI,2020-09-29,Independent,ORTHIA PROPERTIES PRIVATE LIMITED,37408420.0
DHANI,2020-09-30,Independent,ORTHIA PROPERTIES PRIVATE LIMITED,37408420.0
DHANI,2020-12-31,Independent,ORTHIA PROPERTIES PRIVATE LIMITED,37408420.0
DHANI,2021-03-31,Independent,ORTHIA PROPERTIES PRIVATE LIMITED,38208420.0
DHANI,2021-06-30,Independent,ORTHIA PROPERTIES PRIVATE LIMITED,38208420.0
DHANI,2021-09-30,Independent,ORTHIA PROPERTIES PRIVATE LIMITED,43032723.0
DHANI,2021-12-31,Independent,ORTHIA PROPERTIES PRIVATE LIMITED,47248080.0
DHANI,2022-03-31,Independent,ZELKOVA BUILDERS PRIVATE LIMITED,48933258.0
DHANI,2022-06-30,Independent,ZELKOVA BUILDERS PRIVATE LIMITED,48933258.0
DHANI,2022-09-30,Independent,ZELKOVA BUILDERS PRIVATE LIMITED,48933258.0
DHANI,2022-12-31,Independent,ZELKOVA BUILDERS PRIVATE LIMITED,48933258.0
DHANI,2023-03-31,Independent,ZELKOVA BUILDERS PRIVATE LIMITED,48933258.0
DHANI,2023-06-30,Independent,ZELKOVA BUILDERS PRIVATE LIMITED,48933258.0
DHANI,2023-09-30,Independent,INUUS DEVELOPERS PRIVATE LIMITED,157055673.0
DHANI,2023-12-31,Independent,INUUS DEVELOPERS PRIVATE LIMITED,157055673.0
DHANI,2024-03-31,Independent,INUUS DEVELOPERS PRIVATE LIMITED,154075710.0
DHANI,2024-06-30,Independent,INUUS DEVELOPERS PRIVATE LIMITED,144075710.0
DHANI,2024-09-30,Independent,INUUS DEVELOPERS PRIVATE LIMITED,144075710.0
DHANI,2024-12-31,Independent,INUUS DEVELOPERS PRIVATE LIMITED,144075710.0
DHANI,2025-03-31,Independent,INUUS DEVELOPERS PRIVATE LIMITED,144075710.0
DHANI,2025-06-30,Independent,INUUS DEVELOPERS PRIVATE LIMITED,144075710.0
DHANI,2025-09-22,Independent,INUUS DEVELOPERS PRIVATE LIMITED,144075710.0
DHANI,2025-09-30,Independent,INUUS DEVELOPERS PRIVATE LIMITED,144075710.0
DHFL,2014-03-31,Independent,,0.0
DHFL,2014-06-30,Independent,,0.0
DHFL,2014-09-30,Independent,,0.0
DHFL,2014-12-31,Independent,,0.0
DHFL,2015-02-06,Independent,,0.0
DHFL,2015-03-04,Independent,,0.0
DHFL,2015-03-31,Independent,,0.0
DHFL,2015-06-30,Independent,,0.0
DHFL,2015-09-30,Independent,,0.0
DHFL,2016-03-31,Independent,Wadhawan Global Capital Pvt Lid,95819644.0
DHFL,2016-06-30,Independent,Wadhawan Global Capital Private Limited,95819644.0
DHFL,2016-09-30,Independent,Wadhawan Global Capital Private Limited,117049714.0
DHFL,2016-12-31,Independent,Body Corporate,117049714.0
DHFL,2017-03-31,Independent,Body Corporate,117049714.0
DHFL,2017-06-30,Independent,Body Corporate,117049714.0
DHFL,2017-09-30,Independent,Body Corporate,117049714.0
DHFL,2017-12-31,Independent,Body Corporate,117049714.0
DHFL,2018-03-31,Independent,Wadhawan Global Capital Limited,117049714.0
DHFL,2018-06-30,Independent,Wadhawan Global Capital Limited,117049714.0
DHFL,2018-09-30,Independent,Wadhawan Global Capital Limited,117049714.0
DHFL,2018-12-31,Independent,Wadhawan Global Capital Limited,117049714.0
DHFL,2019-03-31,Independent,Wadhawan Global Capital Limited,117049714.0
DHFL,2019-06-30,Independent,Person Acting in Concert,117049714.0
DHFL,2019-09-30,Independent,Person Acting in Concert,117049714.0
DHFL,2019-12-31,Independent,Person Acting in Concert,117049714.0
DHFL,2020-03-31,Independent,Person Acting in Concert,117049714.0
DHFL,2020-09-30,Independent,Wadhawan Global Capital Limited,117049714.0
DHFL,2020-12-31,Independent,Wadhawan Global Capital Limited,117049714.0
DHFL,2021-03-31,Independent,Wadhawan Global Capital Limited,117049714.0
DHFL,2021-06-30,Independent,Wadhawan Global Capital Limited,117049714.0
DISHTV,2014-03-31,Independent,,0.0
DISHTV,2014-06-30,Independent,,0.0
DISHTV,2014-09-30,Independent,,0.0
DISHTV,2014-12-31,Independent,,0.0
DISHTV,2015-03-31,Independent,,0.0
DISHTV,2015-06-30,Independent,,0.0
DISHTV,2015-09-30,Independent,,0.0
DISHTV,2015-12-31,Independent,DIRECT MEDIA DISTRIBUTION VENTURES PVT LTD,164796929.0
DISHTV,2016-03-31,Independent,Direct Media Distribution Ventures Pvt Ltd,457212260.0
DISHTV,2016-06-30,Independent,Direct Media Distribution Ventures Pvt Ltd,457212260.0
DISHTV,2016-09-30,Independent,Direct Media Distribution Ventures Pvt Ltd,457212260.0
DISHTV,2016-12-31,Independent,Body Corporate,648651785.0
DISHTV,2017-03-31,Independent,Body Corporate,648651885.0
DISHTV,2017-06-30,Independent,Body Corporate,648651885.0
DISHTV,2017-09-30,Independent,Body Corporate,648651885.0
DISHTV,2017-12-31,Independent,Body Corporate,648651885.0
DISHTV,2018-03-26,Independent,Body Corporate,543307182.0
DISHTV,2018-03-31,Independent,DIRECT MEDIA DISTRIBUTION VENTURES PVT. LTD,457212260.0
DISHTV,2018-06-30,Independent,Direct Media Distribution Ventures Private Limited,457212260.0
DISHTV,2018-09-30,Independent,World Crest Advisors LLP,540738955.0
DISHTV,2018-12-31,Independent,World Crest Advisors LLP,540738955.0
DISHTV,2019-03-31,Independent,World Crest Advisors LLP,524872409.0
DISHTV,2019-06-30,Independent,World Crest Advisors LLP,523987409.0
DISHTV,2019-09-30,Independent,World Crest Advisors LLP,504747392.0
DISHTV,2019-12-31,Independent,World Crest Advisors LLP,502605389.0
DISHTV,2020-03-31,Independent,World Crest Advisors LLP,502605389.0
DISHTV,2020-06-30,Independent,Direct Media Distribution Ventures Private Limited,249101023.0
DISHTV,2020-09-30,Independent,Direct Media Distribution Ventures Private Limited,151290836.0
DISHTV,2020-12-31,Independent,Direct Media Distribution Ventures Private Limited,80451836.0
DISHTV,2021-03-31,Independent,Direct Media Distribution Ventures Private Limited,63527836.0
DISHTV,2021-06-30,Independent,Direct Media Distribution Ventures Private Limited,38205731.0
DISHTV,2021-09-30,Independent,DIRECT MEDIA DISTRIBUTION PRIVATE LIMITED,38205731.0
DISHTV,2021-12-31,Independent,DIRECT MEDIA DISTRIBUTION PRIVATE LIMITED,38205731.0
DISHTV,2022-03-31,Independent,DIRECT MEDIA DISTRIBUTION PRIVATE LIMITED,38205731.0
DISHTV,2022-06-30,Independent,AGRANI HOLDINGS MAURITIUS LIMITED,35172125.0
DISHTV,2022-09-30,Independent,Agrani Holdings Mauritius Ltd,35172125.0
DISHTV,2022-12-31,Independent,Agrani Holdings Mauritius Ltd,35172125.0
DISHTV,2023-03-31,Independent,Agrani Holdings Mauritius Ltd,35172125.0
DISHTV,2023-06-30,Independent,Agrani Holdings Mauritius Ltd,35172125.0
DISHTV,2023-09-30,Independent,Agrani Holdings Mauritius Ltd,35172125.0
DISHTV,2023-12-31,Independent,Agrani Holdings Mauritius Ltd,35172125.0
DISHTV,2024-03-31,Independent,Agrani Holdings Mauritius Ltd,35172125.0
DISHTV,2024-06-30,Independent,Agrani Holdings Mauritius Ltd,35172125.0
DISHTV,2024-09-30,Independent,Agrani Holdings Mauritius Ltd,35172125.0
DISHTV,2024-12-31,Independent,Agrani Holdings Mauritius Ltd,35172125.0
DISHTV,2025-03-31,Independent,Agrani Holdings Mauritius Ltd,35172125.0
DISHTV,2025-06-30,Independent,Agrani Holdings Mauritius Ltd,35172125.0
DISHTV,2025-09-30,Independent,Agrani Holdings Mauritius Ltd,35172125.0
DISHTV,2025-12-31,Independent,Agrani Holdings Mauritius Ltd,35172125.0
DIVISLAB,2014-03-31,Independent,,0.0
DIVISLAB,2014-06-30,Independent,,0.0
DIVISLAB,2014-09-30,Independent,,0.0
DIVISLAB,2014-12-31,Independent,,0.0
DIVISLAB,2015-03-31,Independent,,0.0
DIVISLAB,2015-06-30,Independent,,0.0
DIVISLAB,2015-09-30,Independent,,0.0
DIVISLAB,2015-12-31,Independent,NILIMA MOTAPARTI,54000000.0
DIVISLAB,2016-03-31,Independent,NILIMA MOTAPARTI,54000000.0
DIVISLAB,2016-06-30,Independent,NILIMA MOTAPARTI,54000000.0
DIVISLAB,2016-09-30,Independent,NILIMA MOTAPARTI,54000000.0
DIVISLAB,2016-12-31,Independent,NILIMA MOTAPARTI,54000000.0
DIVISLAB,2017-03-31,Independent,NILIMA MOTAPARTI,54000000.0
DIVISLAB,2017-06-30,Independent,NILIMA MOTAPARTI,54000000.0
DIVISLAB,2017-09-30,Independent,NILIMA MOTAPARTI,54000000.0
DIVISLAB,2017-12-31,Independent,NILIMA MOTAPARTI,54000000.0
DIVISLAB,2018-03-31,Independent,NILIMA MOTAPARTI,54000000.0
DIVISLAB,2018-06-30,Independent,NILIMA MOTAPARTI,54000000.0
DIVISLAB,2018-09-30,Independent,NILIMA MOTAPARTI,54000000.0
DIVISLAB,2018-12-31,Independent,DIVI SATCHANDRA KIRAN,54000000.0
DIVISLAB,2019-03-31,Independent,DIVI SATCHANDRA KIRAN,54000000.0
DIVISLAB,2019-06-30,Independent,DIVI SATCHANDRA KIRAN,54000000.0
DIVISLAB,2019-09-30,Independent,DIVI SATCHANDRA KIRAN,54000000.0
DIVISLAB,2019-12-31,Independent,DIVI SATCHANDRA KIRAN,54000000.0
DIVISLAB,2020-03-31,Independent,DIVI SATCHANDRA KIRAN,54000000.0
DIVISLAB,2020-06-30,Independent,DIVI SATCHANDRA KIRAN,54000000.0
DIVISLAB,2020-09-30,Independent,DIVI SATCHANDRA KIRAN,54000000.0
DIVISLAB,2020-12-31,Independent,DIVI SATCHANDRA KIRAN,54000000.0
DIVISLAB,2021-03-31,Independent,DIVI SATCHANDRA KIRAN,54000000.0
DIVISLAB,2021-06-30,Independent,DIVI SATCHANDRA KIRAN,54000000.0
DIVISLAB,2021-09-30,Independent,DIVI SATCHANDRA KIRAN,54000000.0
DIVISLAB,2021-12-31,Independent,NILIMA PRASAD DIVI,54000000.0
DIVISLAB,2022-03-31,Independent,DIVI SATCHANDRA KIRAN,54000000.0
DIVISLAB,2022-06-30,Independent,NILIMA PRASAD DIVI,54000000.0
DIVISLAB,2022-09-30,Independent,NILIMA PRASAD DIVI,54000000.0
DIVISLAB,2022-12-31,Independent,NILIMA PRASAD DIVI,54000000.0
DIVISLAB,2023-03-31,Independent,NILIMA PRASAD DIVI,54000000.0
DIVISLAB,2023-06-30,Independent,NILIMA PRASAD DIVI,54000000.0
DIVISLAB,2023-09-30,Independent,NILIMA PRASAD DIVI,54000000.0
DIVISLAB,2023-12-31,Independent,NILIMA PRASAD DIVI,54000000.0
DIVISLAB,2024-03-31,Independent,NILIMA PRASAD DIVI,54000000.0
DIVISLAB,2024-06-30,Independent,NILIMA PRASAD DIVI,54000000.0
DIVISLAB,2024-09-30,Independent,NILIMA PRASAD DIVI,54000000.0
DIVISLAB,2024-12-31,Independent,NILIMA PRASAD DIVI,54000000.0
DIVISLAB,2025-03-31,Independent,NILIMA PRASAD DIVI,54000000.0
DIVISLAB,2025-06-30,Independent,NILIMA PRASAD DIVI,54000000.0
DIVISLAB,2025-09-30,Independent,NILIMA PRASAD DIVI,54000000.0
DIVISLAB,2025-12-31,Independent,NILIMA PRASAD DIVI,54000000.0
DIXON,2017-09-14,Independent,SUNIL VACHANI,4196208.0
DIXON,2017-09-30,Independent,SUNIL VACHANI,4196208.0
DIXON,2017-12-31,Independent,SUNIL VACHANI,4196208.0
DIXON,2018-03-31,Independent,SUNIL VACHANI,4196208.0
DIXON,2018-06-30,Independent,SUNIL VACHANI,4196208.0
DIXON,2018-09-30,Independent,SUNIL VACHANI,4196208.0
DIXON,2018-12-31,Independent,SUNIL VACHANI,4196208.0
DIXON,2019-03-31,Independent,SUNIL VACHANI,4196208.0
DIXON,2019-06-30,Independent,SUNIL VACHANI,4196208.0
DIXON,2019-09-30,Independent,SUNIL VACHANI,4196208.0
DIXON,2019-11-19,Independent,SUNIL VACHANI,4196208.0
DIXON,2019-12-31,Independent,SUNIL VACHANI,4196208.0
DIXON,2020-03-31,Independent,SUNIL VACHANI,4011208.0
DIXON,2020-06-30,Independent,SUNIL VACHANI,4011208.0
DIXON,2020-09-30,Independent,SUNIL VACHANI,4009708.0
DIXON,2020-12-31,Independent,SUNIL VACHANI,3961904.0
DIXON,2021-03-19,Independent,SUNIL VACHANI,19809520.0
DIXON,2021-03-31,Independent,SUNIL VACHANI,19809520.0
DIXON,2021-06-30,Independent,SUNIL VACHANI,19809520.0
DIXON,2021-09-30,Independent,SUNIL VACHANI,19807820.0
DIXON,2021-12-31,Independent,SUNIL VACHANI,19807820.0
DIXON,2022-03-31,Independent,SUNIL VACHANI,15749644.0
DIXON,2022-06-30,Independent,SUNIL VACHANI,15749644.0
DIXON,2022-09-30,Independent,SUNIL VACHANI,15749644.0
DIXON,2022-12-31,Independent,SUNIL VACHANI,15749644.0
DIXON,2023-03-31,Independent,SUNIL VACHANI,15747644.0
DIXON,2023-06-30,Independent,SUNIL VACHANI,15747644.0
DIXON,2023-09-30,Independent,SUNIL VACHANI,15626144.0
DIXON,2023-12-31,Independent,PSV FAMILY TRUST UNDER THE TRUSTEES MR. SUNIL VACHANI AND MRS. GAYATRI VACHANI,9449786.0
DIXON,2024-03-31,Independent,PSV FAMILY TRUST UNDER THE TRUSTEES MR. SUNIL VACHANI AND MRS. GAYATRI VACHANI,9449786.0
DIXON,2024-06-30,Independent,PSV FAMILY TRUST UNDER THE TRUSTEES MR. SUNIL VACHANI AND MRS. GAYATRI VACHANI,9449786.0
DIXON,2024-09-30,Independent,PSV FAMILY TRUST UNDER THE TRUSTEES MR. SUNIL VACHANI AND MRS. GAYATRI VACHANI,9449786.0
DIXON,2024-12-31,Independent,PSV FAMILY TRUST UNDER THE TRUSTEES MR. SUNIL VACHANI AND MRS. GAYATRI VACHANI,9449786.0
DIXON,2025-03-31,Independent,PSV FAMILY TRUST UNDER THE TRUSTEES MR. SUNIL VACHANI AND MRS. GAYATRI VACHANI,9449786.0
DIXON,2025-06-30,Independent,PSV FAMILY TRUST UNDER THE TRUSTEES MR. SUNIL VACHANI AND MRS. GAYATRI VACHANI,9449786.0
DIXON,2025-09-30,Independent,PSV FAMILY TRUST UNDER THE TRUSTEES MR. SUNIL VACHANI AND MRS. GAYATRI VACHANI,9449786.0
DIXON,2025-12-31,Independent,PSV FAMILY TRUST UNDER THE TRUSTEES MR. SUNIL VACHANI AND MRS. GAYATRI VACHANI,9449786.0
DLF,2014-03-31,Independent,,0.0
DLF,2014-06-30,Independent,,0.0
DLF,2014-09-30,Independent,,0.0
DLF,2014-12-31,Independent,,0.0
DLF,2015-03-31,Independent,,0.0
DLF,2015-06-30,Independent,,0.0
DLF,2015-09-30,Independent,,0.0
DLF,2015-12-31,Independent,Panchsheel Investment Company,312110500.0
DLF,2016-03-31,Independent,PARTNERSHIP FIRM,90059200.0
DLF,2016-06-30,Independent,PANCHSHEEL INVESTMENT COMPANY,312110500.0
DLF,2016-09-30,Independent,BODY CORPORATE,312110500.0
DLF,2016-12-31,Independent,Body Corporate,312110500.0
DLF,2017-03-31,Independent,Body Corporate,312110500.0
DLF,2017-06-30,Independent,Body Corporate,312110500.0
DLF,2017-09-30,Independent,Other,312110500.0
DLF,2017-12-31,Independent,Body Corporate,312110500.0
DLF,2018-03-31,Independent,RAJDHANI INVESTMENTS AND AGENCIES PRIVATE LIMITED,964680080.0
DLF,2018-06-30,Independent,RAJDHANI INVESTMENTS AND AGENCIES PRIVATE LIMITED,973880080.0
DLF,2018-09-30,Independent,RAJDHANI INVESTMENTS AND AGENCIES PRIVATE LIMITED,990155080.0
DLF,2018-12-31,Independent,RAJDHANI INVESTMENTS AND AGENCIES PRIVATE LIMITED,990369231.0
DLF,2019-03-29,Independent,RAJDHANI INVESTMENTS AND AGENCIES PRIVATE LIMITED,990369231.0
DLF,2019-03-31,Independent,RAJDHANI INVESTMENTS AND AGENCIES PRIVATE LIMITED,1226307091.0
DLF,2019-05-24,Independent,RAJDHANI INVESTMENTS AND AGENCIES PRIVATE LIMITED,1226307091.0
DLF,2019-06-30,Independent,RAJDHANI INVESTMENTS AND AGENCIES PRIVATE LIMITED,1480587874.0
DLF,2019-09-30,Independent,RAJDHANI INVESTMENTS & AGENCIES PRIVATE LIMITED,1480587874.0
DLF,2019-12-31,Independent,RAJDHANI INVESTMENTS & AGENCIES PRIVATE LIMITED,1480587874.0
DLF,2020-03-31,Independent,RAJDHANI INVESTMENTS & AGENCIES PRIVATE LIMITED,1495515554.0
DLF,2020-06-30,Independent,RAJDHANI INVESTMENTS & AGENCIES PRIVATE LIMITED,1495515554.0
DLF,2020-09-30,Independent,RAJDHANI INVESTMENTS AND AGENCIES PVT LTD,1495515554.0
DLF,2020-12-31,Independent,RAJDHANI INVESTMENTS AND AGENCIES PRIVATE LIMITED,1495515554.0
DLF,2021-03-31,Independent,RAJDHANI INVESTMENTS AND AGENCIES PRIVATE LIMITED,1495515554.0
DLF,2021-06-30,Independent,RAJDHANI INVESTMENTS AND AGENCIES PRIVATE LIMITED,1495515554.0
DLF,2021-09-30,Independent,RAJDHANI INVESTMENTS AND AGENCIES PRIVATE LIMITED,1495515554.0
DLF,2021-12-31,Independent,RAJDHANI INVESTMENT AND AGENCIES PRIVATE LIMITED,1523133505.0
DLF,2022-03-31,Independent,RAJDHANI INVESTMENTS AND AGENCIES PRIVATE LIMITED,1523133505.0
DLF,2022-06-30,Independent,RAJDHANI INVESTMENTS AND AGENCIES PRIVATE LIMITED,1523133505.0
DLF,2022-09-30,Independent,RAJDHANI INVESTMENTS AND AGENCIES PRIVATE LIMITED,1523133505.0
DLF,2022-12-31,Independent,RAJDHANI INVESTMENTS AND AGENCIES PRIVATE LIMITED,1523133505.0
DLF,2023-03-31,Independent,RAJDHANI INVESTMENTS AND AGENCIES PRIVATE LIMITED,1523133505.0
DLF,2023-06-30,Independent,RAJDHANI INVESTMENTS AND AGENCIES PRIVATE LIMITED,1523133505.0
DLF,2023-09-30,Independent,RAJDHANI INVESTMENTS AND AGENCIES PRIVATE LIMITED,1523133505.0
DLF,2023-12-31,Independent,RAJDHANI INVESTMENTS AND AGENCIES PRIVATE LIMITED,1523133505.0
DLF,2024-03-31,Independent,RAJDHANI INVESTMENTS AND AGENCIES PRIVATE LIMITED,1523133505.0
DLF,2024-06-30,Independent,RAJDHANI INVESTMENTS AND AGENCIES PRIVATE LIMITED,1523133505.0
DLF,2024-09-30,Independent,RAJDHANI INVESTMENTS AND AGENCIES PRIVATE LIMITED,1523133505.0
DLF,2024-12-31,Independent,RAJDHANI INVESTMENTS AND AGENCIES PRIVATE LIMITED,1523133505.0
DLF,2025-03-31,Independent,RAJDHANI INVESTMENTS AND AGENCIES PRIVATE LIMITED,1523133505.0
DLF,2025-06-30,Independent,RAJDHANI INVESTMENTS AND AGENCIES PRIVATE LIMITED,1523133505.0
DLF,2025-09-30,Independent,RAJDHANI INVESTMENTS AND AGENCIES PRIVATE LIMITED,1523133505.0
DLF,2025-12-31,Independent,RAJDHANI INVESTMENTS AND AGENCIES PRIVATE LIMITED,1523133505.0
DMART,2017-03-20,Independent,RADHAKISHAN SHIVKISHAN DAMANI,245930000.0
DMART,2017-03-31,Independent,RADHAKISHAN SHIVKISHAN DAMANI,245930000.0
DMART,2017-06-30,Independent,RADHAKISHAN SHIVKISHAN DAMANI,245930000.0
DMART,2017-09-30,Independent,RADHAKISHAN SHIVKISHAN DAMANI,245930000.0
DMART,2017-12-31,Independent,RADHAKISHAN SHIVKISHAN DAMANI,245930000.0
DMART,2018-03-31,Independent,RADHAKISHAN SHIVKISHAN DAMANI,245930000.0
DMART,2018-06-30,Independent,Radhakishan Shivkishan Damani,239689156.0
DMART,2018-09-30,Independent,Radhakishan Shivkishan Damani,239689156.0
DMART,2018-12-31,Independent,Radhakishan Shivkishan Damani,239689156.0
DMART,2019-03-31,Independent,Radhakishan Shivkishan Damani,239689156.0
DMART,2019-06-30,Independent,Radhakishan Shivkishan Damani,239689156.0
DMART,2019-09-30,Independent,Radhakishan Shivkishan Damani,233459156.0
DMART,2019-12-31,Independent,Radhakishan Shivkishan Damani,233459156.0
DMART,2020-02-11,Independent,Radhakishan Shivkishan Damani,233459156.0
DMART,2020-03-31,Independent,Radhakishan Shivkishan Damani,222159156.0
DMART,2020-06-30,Independent,Radhakishan Shivkishan Damani,222159156.0
DMART,2020-09-30,Independent,Radhakishan Shivkishan Damani,222159156.0
DMART,2020-12-31,Independent,Radhakishan Shivkishan Damani,222159156.0
DMART,2021-03-31,Independent,Radhakishan Shivkishan Damani,222159156.0
DMART,2021-06-30,Independent,Radhakishan Shivkishan Damani,222159156.0
DMART,2021-09-30,Independent,Mr. Radhakishan Shivkishan Damani,222159156.0
DMART,2021-12-31,Independent,Radhakishan Shivkishan Damani,222159156.0
DMART,2022-03-31,Independent,Radhakishan Shivkishan Damani,222159156.0
DMART,2022-06-30,Independent,Radhakishan Shivkishan Damani,149848238.0
DMART,2022-09-30,Independent,Radhakishan Shivkishan Damani,149848238.0
DMART,2022-12-31,Independent,Radhakishan Shivkishan Damani,149848238.0
DMART,2023-03-31,Independent,Radhakishan Shivkishan Damani,149848238.0
DMART,2023-06-30,Independent,Radhakishan Shivkishan Damani,149848238.0
DMART,2023-09-30,Independent,Radhakishan Shivkishan Damani,149848238.0
DMART,2023-12-31,Independent,Radhakishan Shivkishan Damani,149848238.0
DMART,2024-03-31,Independent,Radhakishan Shivkishan Damani,149848238.0
DMART,2024-06-30,Independent,Radhakishan Shivkishan Damani,149848238.0
DMART,2024-09-30,Independent,Radhakishan Shivkishan Damani,149848238.0
DMART,2024-12-31,Independent,Radhakishan Shivkishan Damani,149848238.0
DMART,2025-03-31,Independent,Radhakishan Shivkishan Damani,149848238.0
DMART,2025-06-30,Independent,Radhakishan Shivkishan Damani,149848238.0
DMART,2025-09-30,Independent,Radhakishan Shivkishan Damani,149848238.0
DMART,2025-12-31,Independent,Radhakishan Shivkishan Damani,149848238.0
DRREDDY,2014-03-31,Independent,,0.0
DRREDDY,2014-06-30,Independent,,0.0
DRREDDY,2014-09-30,Independent,,0.0
DRREDDY,2014-12-31,Independent,,0.0
DRREDDY,2015-03-31,Independent,,0.0
DRREDDY,2015-06-30,Independent,,0.0
DRREDDY,2015-09-30,Independent,,0.0
DRREDDY,2015-12-31,Independent,Dr. Reddy's Holdings Limited,36686490.0
DRREDDY,2016-03-31,Independent,Body Corporate,39961234.0
DRREDDY,2016-06-30,Independent,Body Corporate,39961234.0
DRREDDY,2016-09-30,Independent,Body Corporate,40203000.0
DRREDDY,2016-12-31,Independent,Body Corporate,40203000.0
DRREDDY,2017-03-31,Independent,Body Corporate,40627000.0
DRREDDY,2017-06-30,Independent,Body Corporate,40627000.0
DRREDDY,2017-09-30,Independent,Body Corporate,41033500.0
DRREDDY,2017-12-31,Independent,Body Corporate,41083500.0
DRREDDY,2018-03-31,Independent,DR. REDDY'S HOLDINGS LIMITED,41083500.0
DRREDDY,2018-06-30,Independent,DR. REDDY'S HOLDINGS LIMITED,41083500.0
DRREDDY,2018-09-30,Independent,DR. REDDY'S HOLDINGS LIMITED,41325300.0
DRREDDY,2018-12-31,Independent,DR. REDDY'S HOLDINGS LIMITED,41325300.0
DRREDDY,2019-03-31,Independent,DR. REDDY'S HOLDINGS LIMITED,41325300.0
DRREDDY,2019-06-30,Independent,DR. REDDY'S HOLDINGS LIMITED,41325300.0
DRREDDY,2019-09-30,Independent,DR. REDDY'S HOLDINGS LIMITED,41325300.0
DRREDDY,2019-12-31,Independent,DR. REDDY'S HOLDINGS LIMITED,41325300.0
DRREDDY,2020-03-31,Independent,DR. REDDY'S HOLDINGS LIMITED,41325300.0
DRREDDY,2020-06-30,Independent,DR. REDDY'S HOLDINGS LIMITED,41325300.0
DRREDDY,2020-09-30,Independent,DR. REDDY'S HOLDINGS LIMITED,41325300.0
DRREDDY,2020-12-31,Independent,DR. REDDY'S HOLDINGS LIMITED,41325300.0
DRREDDY,2021-03-31,Independent,Dr. Reddy's Holdings Limited,41325300.0
DRREDDY,2021-06-30,Independent,DR. REDDY'S HOLDINGS LIMITED,41325300.0
DRREDDY,2021-09-30,Independent,DR. REDDY'S HOLDINGS LIMITED,41325300.0
DRREDDY,2021-12-31,Independent,DR. REDDY'S HOLDINGS LIMITED,41325300.0
DRREDDY,2022-03-31,Independent,DR. REDDY'S HOLDINGS LIMITED,41325300.0
DRREDDY,2022-06-30,Independent,APS Trust,34345308.0
DRREDDY,2022-09-30,Independent,APS Trust,34345308.0
DRREDDY,2022-12-31,Independent,APS Trust (Trustees: G. V. Prasad and Satish Reddy Kallam),34345308.0
DRREDDY,2023-03-31,Independent,APS Trust,34345308.0
DRREDDY,2023-06-30,Independent,APS Trust,34345308.0
DRREDDY,2023-09-30,Independent,APS Trust,34345308.0
DRREDDY,2023-12-31,Independent,APS Trust,34345308.0
DRREDDY,2024-03-31,Independent,APS Trust,34345308.0
DRREDDY,2024-06-30,Independent,G V PRASAD,19219184.0
DRREDDY,2024-09-30,Independent,G V PRASAD,19219184.0
DRREDDY,2024-12-31,Independent,G V PRASAD,96095920.0
DRREDDY,2025-03-31,Independent,G V PRASAD,96095920.0
DRREDDY,2025-06-30,Independent,G V PRASAD,96095920.0
DRREDDY,2025-09-30,Independent,GVP Family Trust,96095920.0
DRREDDY,2025-12-31,Independent,GVP Family Trust,96095920.0
EDELWEISS,2014-03-31,Independent,,0.0
EDELWEISS,2014-06-30,Independent,,0.0
EDELWEISS,2014-09-30,Independent,,0.0
EDELWEISS,2014-12-31,Independent,,0.0
EDELWEISS,2015-03-31,Independent,,0.0
EDELWEISS,2015-06-30,Independent,,0.0
EDELWEISS,2015-09-30,Independent,,0.0
EDELWEISS,2015-12-31,Independent,Rashesh Chandrakant Shah,145301730.0
EDELWEISS,2016-03-31,Independent,Rashesh Chandrakant Shah,145301730.0
EDELWEISS,2016-06-30,Independent,RASHESH CHANDRAKANT SHAH,145301730.0
EDELWEISS,2016-09-30,Independent,RASHESH CHANDRAKANT SHAH,145301730.0
EDELWEISS,2016-12-31,Independent,Rashesh Chandrakant Shah,145301730.0
EDELWEISS,2017-03-31,Independent,Rashesh Chandrakant Shah,145301730.0
EDELWEISS,2017-06-30,Independent,Rashesh Chandrakant Shah,145301730.0
EDELWEISS,2017-09-30,Independent,Rashesh Chandrakant Shah,145301730.0
EDELWEISS,2017-11-23,Independent,Rashesh Chandrakant Shah,145301730.0
EDELWEISS,2017-12-31,Independent,Rashesh Chandrakant Shah,145301730.0
EDELWEISS,2018-03-31,Independent,Rashesh Chandrakant Shah,145301730.0
EDELWEISS,2018-06-30,Independent,Rashesh Chandrakant Shah,145301730.0
EDELWEISS,2018-09-30,Independent,Rashesh Chandrakant Shah,145301730.0
EDELWEISS,2018-12-31,Independent,Rashesh Chandrakant Shah,145301730.0
EDELWEISS,2019-03-31,Independent,Rashesh Chandrakant Shah,145301730.0
EDELWEISS,2019-06-30,Independent,Rashesh Chandrakant Shah,145301730.0
EDELWEISS,2019-09-30,Independent,Rashesh Chandrakant Shah,145301730.0
EDELWEISS,2019-12-31,Independent,Rashesh Chandrakant Shah,145301730.0
EDELWEISS,2020-03-31,Independent,Rashesh Chandrakant Shah,145301730.0
EDELWEISS,2020-06-30,Independent,Rashesh Chandrakant Shah,145601730.0
EDELWEISS,2020-09-30,Independent,Rashesh Chandrakant Shah,145601730.0
EDELWEISS,2020-12-31,Independent,Rashesh Chandrakant Shah,145601730.0
EDELWEISS,2021-03-31,Independent,Rashesh Chandrakant Shah,145601730.0
EDELWEISS,2021-06-30,Independent,Rahesh Chandrakant Shah,145601730.0
EDELWEISS,2021-09-30,Independent,Rashesh Chandrakant Shah,145601730.0
EDELWEISS,2021-12-31,Independent,Rashesh Chandrakant Shah,145601730.0
EDELWEISS,2022-03-31,Independent,Rashesh Chandrakant Shah,145601730.0
EDELWEISS,2022-06-30,Independent,Rashesh Chandrakant Shah,145601730.0
EDELWEISS,2022-09-30,Independent,Rashesh Chandrakant Shah,145601730.0
EDELWEISS,2022-12-31,Independent,Rashesh Chandrakant Shah,145601730.0
EDELWEISS,2023-03-31,Independent,Rashesh Chandrakant Shah,145601730.0
EDELWEISS,2023-06-30,Independent,Rashesh Chandrakant Shah,145601730.0
EDELWEISS,2023-09-30,Independent,Rashesh Chandrakant Shah,145601730.0
EDELWEISS,2023-12-31,Independent,Rashesh Chandrakant Shah,145601730.0
EDELWEISS,2024-03-31,Independent,Rashesh Chandrakant Shah,145601730.0
EDELWEISS,2024-06-30,Independent,Rashesh Chandrakant Shah,145601730.0
EDELWEISS,2024-09-30,Independent,Rashesh Chandrakant Shah,145601730.0
EDELWEISS,2024-12-31,Independent,Rashesh Chandrakant Shah,145601730.0
EDELWEISS,2025-03-31,Independent,Rashesh Chandrakant Shah,145601730.0
EDELWEISS,2025-06-30,Independent,Rashesh Chandrakant Shah,145601730.0
EDELWEISS,2025-09-30,Independent,Rashesh Chandrakant Shah,145601730.0
EDELWEISS,2025-12-31,Independent,Rashesh Chandrakant Shah,145601730.0
EICHERMOT,2014-03-31,Independent,,0.0
EICHERMOT,2014-06-30,Independent,,0.0
EICHERMOT,2014-09-30,Independent,,0.0
EICHERMOT,2014-12-31,Independent,,0.0
EICHERMOT,2015-03-31,Independent,,0.0
EICHERMOT,2015-06-30,Independent,,0.0
EICHERMOT,2015-09-30,Independent,,0.0
EICHERMOT,2015-12-31,Independent,"THE SIMRAN SIDDHARTHA TARA BENEFIT TRUST, TRUSTEE - VIKRAM LAL",6799828.0
EICHERMOT,2016-03-31,Independent,Trusts & Body Corporates,10572401.0
EICHERMOT,2016-06-30,Independent,Trusts & Body Corporates,10029141.0
EICHERMOT,2016-09-30,Independent,Promoter Trusts,10013998.0
EICHERMOT,2016-12-31,Independent,Trust,12516355.0
EICHERMOT,2017-03-31,Independent,Trust,12516355.0
EICHERMOT,2017-06-30,Independent,Trust,12516355.0
EICHERMOT,2017-09-30,Independent,Trust,12516355.0
EICHERMOT,2017-12-31,Independent,Trust,12516355.0
EICHERMOT,2018-03-31,Independent,Trust,12516355.0
EICHERMOT,2018-06-30,Independent,Trust,12516355.0
EICHERMOT,2018-09-30,Independent,Trust,12516355.0
EICHERMOT,2018-12-31,Independent,Trust,12516355.0
EICHERMOT,2019-03-31,Independent,Trust,12516355.0
EICHERMOT,2019-06-30,Independent,Trust,12516355.0
EICHERMOT,2019-09-30,Independent,Trust,12516355.0
EICHERMOT,2019-12-31,Independent,Trust,12516355.0
EICHERMOT,2020-03-31,Independent,THE SIMRAN SIDDHARTHA TARA BENEFIT TRUST,12030648.0
EICHERMOT,2020-09-30,Independent,THE SIMRAN SIDDHARTHA TARA BENEFIT TRUST,120306480.0
EICHERMOT,2020-12-31,Independent,THE SIMRAN SIDDHARTHA TARA BENEFIT TRUST,120306480.0
EICHERMOT,2021-03-31,Independent,THE SIMRAN SIDDHARTHA TARA BENEFIT TRUST,120306480.0
EICHERMOT,2021-06-30,Independent,THE SIMRAN SIDDHARTHA TARA BENEFIT TRUST,120306480.0
EICHERMOT,2021-09-30,Independent,THE SIMRAN SIDDHARTHA TARA BENEFIT TRUST,120306480.0
EICHERMOT,2021-12-31,Independent,THE SIMRAN SIDDHARTHA TARA BENEFIT TRUST (Name of trustees are mentioned in Note-5),120306480.0
EICHERMOT,2022-03-31,Independent,THE SIMRAN SIDDHARTHA TARA BENEFIT TRUST (Name of trustees are mentioned in Note-4),120306480.0
EICHERMOT,2022-06-30,Independent,THE SIMRAN SIDDHARTHA TARA BENEFIT TRUST (Name of trustees are mentioned in Note-4),120306480.0
EICHERMOT,2022-09-30,Independent,THE SIMRAN SIDDHARTHA TARA BENEFIT TRUST (Name of trustees are mentioned in Note-4),120306480.0
EICHERMOT,2022-12-31,Independent,THE SIMRAN SIDDHARTHA TARA BENEFIT TRUST (Name of trustees are mentioned in Note-4),120306480.0
EICHERMOT,2023-03-31,Independent,THE SIMRAN SIDDHARTHA TARA BENEFIT TRUST (Name of trustees are mentioned in Note-4),120306480.0
EICHERMOT,2023-06-30,Independent,THE SIMRAN SIDDHARTHA TARA BENEFIT TRUST (Name of trustees are mentioned in Note-4),120306480.0
EICHERMOT,2023-09-30,Independent,THE SIMRAN SIDDHARTHA TARA BENEFIT TRUST (Name of trustees are mentioned in Note-4),120306480.0
EICHERMOT,2023-12-31,Independent,THE SIMRAN SIDDHARTHA TARA BENEFIT TRUST (Name of trustees are mentioned in Note-4),120306480.0
EICHERMOT,2024-03-31,Independent,THE SIMRAN SIDDHARTHA TARA BENEFIT TRUST (Name of trustees are mentioned in Note-4),120306480.0
EICHERMOT,2024-06-30,Independent,THE SIMRAN SIDDHARTHA TARA BENEFIT TRUST (Name of trustees are mentioned in Note-4),120306480.0
EICHERMOT,2024-09-30,Independent,THE SIMRAN SIDDHARTHA TARA BENEFIT TRUST (Name of trustees are mentioned in Note-4),120306480.0
EICHERMOT,2024-12-31,Independent,THE SIMRAN SIDDHARTHA TARA BENEFIT TRUST (Name of trustees are mentioned in Note-4),120306480.0
EICHERMOT,2025-03-31,Independent,THE SIMRAN SIDDHARTHA TARA BENEFIT TRUST (Name of trustees are mentioned in Note-4),120306480.0
EICHERMOT,2025-06-30,Independent,THE SIMRAN SIDDHARTHA TARA BENEFIT TRUST (Name of trustees are mentioned in Note-4),120306480.0
EICHERMOT,2025-09-30,Independent,THE SIMRAN SIDDHARTHA TARA BENEFIT TRUST (Name of trustees are mentioned in Note-4),120306480.0
EICHERMOT,2025-12-31,Independent,THE SIMRAN SIDDHARTHA TARA BENEFIT TRUST (Name of trustees are mentioned in Note-4),120306480.0
EMAMILTD,2014-03-31,Independent,,0.0
EMAMILTD,2014-06-30,Independent,,0.0
EMAMILTD,2014-09-30,Independent,,0.0
EMAMILTD,2014-12-31,Independent,,0.0
EMAMILTD,2015-03-31,Independent,,0.0
EMAMILTD,2015-06-30,Independent,,0.0
EMAMILTD,2015-09-30,Independent,,0.0
EMAMILTD,2015-12-31,Independent,SUNTRACK COMMERCE PRIVATE LIMITED,32573866.0
EMAMILTD,2016-03-31,Independent,Body Corporate,138726281.0
EMAMILTD,2016-06-30,Independent,Body Corporate,138736581.0
EMAMILTD,2016-09-30,Independent,DIWAKAR VINIYOG PRIVATE LIMITED,33328812.0
EMAMILTD,2016-12-31,Independent,Body Corporate,140122471.0
EMAMILTD,2017-03-31,Independent,Body Corporate,140122471.0
EMAMILTD,2017-06-30,Independent,Body Corporate,140122471.0
EMAMILTD,2017-09-30,Independent,Body Corporate,140122471.0
EMAMILTD,2017-12-31,Independent,Body Corporate,140122471.0
EMAMILTD,2018-03-31,Independent,DIWAKAR VINIYOG PRIVATE LIMITED,33771887.0
EMAMILTD,2018-06-25,Independent,DIWAKAR VINIYOG PRIVATE LIMITED,67543774.0
EMAMILTD,2018-06-30,Independent,DIWAKAR VINIYOG PRIVATE LIMITED,67543774.0
EMAMILTD,2018-09-30,Independent,DIWAKAR VINIYOG PRIVATE LIMITED,67544849.0
EMAMILTD,2018-12-31,Independent,DIWAKAR VINIYOG PRIVATE LIMITED,67544849.0
EMAMILTD,2019-03-31,Independent,DIWAKAR VINIYOG PRIVATE LIMITED,58633849.0
EMAMILTD,2019-06-30,Independent,DIWAKAR VINIYOG PRIVATE LIMITED,49533849.0
EMAMILTD,2019-09-30,Independent,DIWAKAR VINIYOG PRIVATE LIMITED,49533849.0
EMAMILTD,2019-12-31,Independent,DIWAKAR VINIYOG PRIVATE LIMITED,49533849.0
EMAMILTD,2020-03-31,Independent,DIWAKAR VINIYOG PRIVATE LIMITED,49533849.0
EMAMILTD,2020-06-30,Independent,DIWAKAR VINIYOG PRIVATE LIMITED,49533849.0
EMAMILTD,2020-07-10,Independent,DIWAKAR VINIYOG PRIVATE LIMITED,49533849.0
EMAMILTD,2020-08-14,Independent,DIWAKAR VINIYOG PRIVATE LIMITED,49533849.0
EMAMILTD,2020-09-30,Independent,DIWAKAR VINIYOG PRIVATE LIMITED,49533849.0
EMAMILTD,2020-12-31,Independent,DIWAKAR VINIYOG PRIVATE LIMITED,49533849.0
EMAMILTD,2021-03-31,Independent,SNEHA GARDENS PRIVATE LIMITED,105720226.0
EMAMILTD,2021-06-30,Independent,SNEHA GARDENS PRIVATE LIMITED,105720226.0
EMAMILTD,2021-09-30,Independent,SURAJ FINVEST,105720226.0
EMAMILTD,2021-12-31,Independent,SURAJ FINVEST,105720226.0
EMAMILTD,2022-03-31,Independent,SURAJ FINVEST,105720226.0
EMAMILTD,2022-06-30,Independent,SURAJ FINVEST,105720226.0
EMAMILTD,2022-09-30,Independent,SURAJ FINVEST,105720226.0
EMAMILTD,2022-12-31,Independent,SURAJ FINVEST PRIVATE LIMITED,105720226.0
EMAMILTD,2023-03-31,Independent,SURAJ FINVEST,105720226.0
EMAMILTD,2023-06-30,Independent,SURAJ FINVEST,105720226.0
EMAMILTD,2023-09-30,Independent,SURAJ FINVEST PRIVATE LIMITED,105720226.0
EMAMILTD,2023-12-31,Independent,SURAJ FINVEST PRIVATE LIMITED,105720226.0
EMAMILTD,2024-03-31,Independent,SURAJ FINVEST PRIVATE LIMITED,105720226.0
EMAMILTD,2024-06-30,Independent,SURAJ FINVEST PRIVATE LIMITED,105720226.0
EMAMILTD,2024-09-30,Independent,SURAJ FINVEST,105720226.0
EMAMILTD,2024-12-31,Independent,SURAJ FINVEST,105720226.0
EMAMILTD,2025-03-31,Independent,SURAJ FINVEST PRIVATE LIMITED,105720226.0
EMAMILTD,2025-06-30,Independent,SURAJ FINVEST PRIVATE LIMITED,105630326.0
EMAMILTD,2025-09-30,Independent,SURAJ FINVEST PRIVATE LIMITED,105630326.0
EMAMILTD,2025-12-31,Independent,SURAJ FINVEST PRIVATE LIMITED,105630326.0
ENDURANCE,2016-10-18,Independent,ANURANG JAIN,53949264.0
ENDURANCE,2016-12-31,Independent,Trust,62100000.0
ENDURANCE,2017-03-31,Independent,Trust,62100000.0
ENDURANCE,2017-06-30,Independent,Trust,62100000.0
ENDURANCE,2017-09-30,Independent,Trust,62100000.0
ENDURANCE,2017-12-31,Independent,Trust,62100000.0
ENDURANCE,2018-03-31,Independent,Trust,62100000.0
ENDURANCE,2018-06-30,Independent,Trust,62100000.0
ENDURANCE,2018-09-30,Independent,Trust,62100000.0
ENDURANCE,2018-12-31,Independent,Other,62100000.0
ENDURANCE,2019-03-31,Independent,Other,62100000.0
ENDURANCE,2019-06-30,Independent,Other,62100000.0
ENDURANCE,2019-09-30,Independent,Other,62100000.0
ENDURANCE,2019-12-31,Independent,Other,62100000.0
ENDURANCE,2020-03-31,Independent,Other,62100000.0
ENDURANCE,2020-06-30,Independent,Anurang Jain,43396976.0
ENDURANCE,2020-09-30,Independent,Anurang Jain,43396976.0
ENDURANCE,2020-12-31,Independent,Anurang Jain,43396976.0
ENDURANCE,2021-03-31,Independent,Anurang Jain,43396976.0
ENDURANCE,2021-06-30,Independent,Anurang Jain,43396976.0
ENDURANCE,2021-09-30,Independent,Anurang Jain,43396976.0
ENDURANCE,2021-12-31,Independent,Anurang Jain,43396976.0
ENDURANCE,2022-03-31,Independent,Anurang Jain,43396976.0
ENDURANCE,2022-06-30,Independent,Anurang Jain,43396976.0
ENDURANCE,2022-09-30,Independent,Anurang Jain,43396976.0
ENDURANCE,2022-12-31,Independent,Anurang Jain,43396976.0
ENDURANCE,2023-03-31,Independent,Anurang Jain,43396976.0
ENDURANCE,2023-06-30,Independent,Anurang Jain,43396976.0
ENDURANCE,2023-09-30,Independent,Anurang Jain,43396976.0
ENDURANCE,2023-12-31,Independent,Anurang Jain,43396896.0
ENDURANCE,2024-03-31,Independent,Anurang Jain,43396896.0
ENDURANCE,2024-06-30,Independent,Anurang Jain,43396896.0
ENDURANCE,2024-09-30,Independent,Anurang Jain,43396896.0
ENDURANCE,2024-12-31,Independent,Anurang Jain,43396896.0
ENDURANCE,2025-03-31,Independent,Anurang Jain,43396896.0
ENDURANCE,2025-06-30,Independent,Anurang Jain,43396896.0
ENDURANCE,2025-09-30,Independent,Anurang Jain,43396896.0
ENDURANCE,2025-12-31,Independent,Anurang Jain,43396896.0
ENGINERSIN,2014-02-22,Independent,,0.0
ENGINERSIN,2014-03-31,Independent,,0.0
ENGINERSIN,2014-06-30,Independent,,0.0
ENGINERSIN,2014-09-30,Independent,,0.0
ENGINERSIN,2014-12-31,Independent,,0.0
ENGINERSIN,2015-03-31,Independent,,0.0
ENGINERSIN,2015-06-30,Independent,,0.0
ENGINERSIN,2015-09-30,Independent,,0.0
ENGINERSIN,2015-12-31,GOI_PSU,Central Government/ State Government(s),233718911.0
ENGINERSIN,2016-02-05,GOI_PSU,Central Government/ State Government(s),200025251.0
ENGINERSIN,2016-03-31,GOI_PSU,Central Government/ State Government(s),200025251.0
ENGINERSIN,2016-06-30,GOI_PSU,Central Government/ State Government(s),200025251.0
ENGINERSIN,2016-09-30,GOI_PSU,Central Government/ State Government(s),200025251.0
ENGINERSIN,2016-12-31,GOI_PSU,Central Government/ State Government(s),198349925.0
ENGINERSIN,2017-01-03,GOI_PSU,Central Government/ State Government(s),396699850.0
ENGINERSIN,2017-03-31,GOI_PSU,Central Government/ State Government(s),384224594.0
ENGINERSIN,2017-06-30,GOI_PSU,Central Government/ State Government(s),384224594.0
ENGINERSIN,2017-08-16,GOI_PSU,Central Government/ State Government(s),342278140.0
ENGINERSIN,2017-09-30,GOI_PSU,Central Government/ State Government(s),342278140.0
ENGINERSIN,2017-12-31,GOI_PSU,Central Government/ State Government(s),328689731.0
ENGINERSIN,2018-03-31,GOI_PSU,Central Government/ State Government(s),328689731.0
ENGINERSIN,2018-06-30,GOI_PSU,Central Government/ State Government(s),328689731.0
ENGINERSIN,2018-09-30,GOI_PSU,Central Government/ State Government(s),328689731.0
ENGINERSIN,2018-12-31,GOI_PSU,Central Government/ State Government(s),328689731.0
ENGINERSIN,2019-03-31,GOI_PSU,Central Government/ State Government(s),328563993.0
ENGINERSIN,2019-06-30,GOI_PSU,Central Government/ State Government(s),328563993.0
ENGINERSIN,2019-09-30,GOI_PSU,Central Government/ State Government(s),328563993.0
ENGINERSIN,2019-12-31,GOI_PSU,Central Government/ State Government(s),325404724.0
ENGINERSIN,2020-03-31,GOI_PSU,Central Government/ State Government(s),325404724.0
ENGINERSIN,2020-06-30,GOI_PSU,Central Government/ State Government(s),325404724.0
ENGINERSIN,2020-09-30,GOI_PSU,Central Government/ State Government(s),325404724.0
ENGINERSIN,2020-12-31,GOI_PSU,Central Government/ State Government(s),325404724.0
ENGINERSIN,2021-02-19,GOI_PSU,Central Government/ State Government(s),288458584.0
ENGINERSIN,2021-03-31,GOI_PSU,Central Government/ State Government(s),288458584.0
ENGINERSIN,2021-06-30,GOI_PSU,Central Government/ State Government(s),288458584.0
ENGINERSIN,2021-09-30,GOI_PSU,Central Government/ State Government(s),288458584.0
ENGINERSIN,2021-12-31,GOI_PSU,Central Government/ State Government(s),288458584.0
ENGINERSIN,2022-03-31,GOI_PSU,Central Government/ State Government(s),288458584.0
ENGINERSIN,2022-06-30,GOI_PSU,Central Government/ State Government(s),288458584.0
ENGINERSIN,2022-09-30,GOI_PSU,Central Government/ State Government(s),288458584.0
ENGINERSIN,2022-12-31,GOI_PSU,Central Government/ State Government(s),288458584.0
ENGINERSIN,2023-03-31,GOI_PSU,Central Government/ State Government(s),288458584.0
ENGINERSIN,2023-06-30,GOI_PSU,Central Government/ State Government(s),288458584.0
ENGINERSIN,2023-09-30,GOI_PSU,Central Government/ State Government(s),288458584.0
ENGINERSIN,2023-12-31,GOI_PSU,Central Government/ State Government(s),288458584.0
ENGINERSIN,2024-03-31,GOI_PSU,Central Government/ State Government(s),288458584.0
ENGINERSIN,2024-06-30,GOI_PSU,Central Government/ State Government(s),288458584.0
ENGINERSIN,2024-09-30,GOI_PSU,Central Government/ State Government(s),288458584.0
ENGINERSIN,2024-12-31,GOI_PSU,Central Government/ State Government(s),288458584.0
ENGINERSIN,2025-03-31,GOI_PSU,Central Government/ State Government(s),288458584.0
ENGINERSIN,2025-06-30,GOI_PSU,Central Government/ State Government(s),288458584.0
ENGINERSIN,2025-09-30,GOI_PSU,Central Government/ State Government(s),288458584.0
ENGINERSIN,2025-12-31,GOI_PSU,Central Government/ State Government(s),288458584.0
ENRIN,2025-06-13,Independent,Siemens International Holding B.V,169882943.0
ENRIN,2025-06-30,Independent,Siemens International Holding B.V.,169882943.0
ENRIN,2025-09-30,Independent,Siemens International Holding B.V.,169882943.0
ENRIN,2025-12-31,Independent,Siemens International Holding B.V.,169882943.0
ESCORTS,2014-03-31,Independent,,0.0
ESCORTS,2014-06-30,Independent,,0.0
ESCORTS,2014-09-30,Independent,,0.0
ESCORTS,2014-12-31,Independent,,0.0
ESCORTS,2015-03-31,Independent,,0.0
ESCORTS,2015-06-30,Independent,,0.0
ESCORTS,2015-09-30,Independent,,0.0
ESCORTS,2015-12-31,Independent,TRUST-  SURENEDRA AMBALAL DAVE  TRUSTEE OF ESCORTS BENEFIT & WELFARE TRUST,37300031.0
ESCORTS,2016-03-31,Independent,SURENDRA AMBALAL DAVE TRUSTEE OF ESCORTS BENEFIT AND WELFARE TRUST,37300031.0
ESCORTS,2016-06-30,Independent,SURENDRA AMBALAL DAVE TRUSTEE OF ESCORTS BENEFIT AND WELFARE TRUST,37300031.0
ESCORTS,2016-09-30,Independent,SURENDRA AMBALAL DAVE TRUSTEE OF ESCORTS BENEFIT AND WELFARE TRUST,37300031.0
ESCORTS,2016-12-31,Independent,SUTANU BEHURIA TRUSTEE OF ESCORTS BENEFIT AND WELFARE TRUST,37300031.0
ESCORTS,2017-03-31,Independent,SUTANU BEHURIA TRUSTEE OF ESCORTS BENEFIT AND WELFARE TRUST,37300031.0
ESCORTS,2017-06-30,Independent,SUTANU BEHURIA TRUSTEE OF ESCORTS BENEFIT AND WELFARE TRUST,37300031.0
ESCORTS,2017-09-30,Independent,SUTANU BEHURIA TRUSTEE OF ESCORTS BENEFIT AND WELFARE TRUST,37300031.0
ESCORTS,2017-12-31,Independent,SUTANU BEHURIA TRUSTEE OF ESCORTS BENEFIT AND WELFARE TRUST,33700031.0
ESCORTS,2018-03-31,Independent,Other,33700031.0
ESCORTS,2018-06-30,Independent,SUTANU BEHURIA TRUSTEE OF ESCORTS BENEFIT AND WELFARE TRUST,33700031.0
ESCORTS,2018-09-30,Independent,SUTANU BEHURIA TRUSTEE OF ESCORTS BENEFIT AND WELFARE TRUST,33700031.0
ESCORTS,2018-12-31,Independent,SUTANU BEHURIA TRUSTEE OF ESCORTS BENEFIT AND WELFARE TRUST,33700031.0
ESCORTS,2019-03-31,Independent,SUTANU BEHURIA TRUSTEE OF ESCORTS BENEFIT AND WELFARE TRUST,33700031.0
ESCORTS,2019-06-30,Independent,SUTANU BEHURIA TRUSTEE OF ESCORTS BENEFIT AND WELFARE TRUST,33700031.0
ESCORTS,2019-09-30,Independent,"Escorts Benefit And Welfare Trust (Dr. Sutanu Behuria, Trustee)",33700031.0
ESCORTS,2019-12-31,Independent,"ESCORTS BENEFIT AND WELFARE TRUST ( Dr. Sutanu Behuria, Trustee)",33700031.0
ESCORTS,2020-03-31,Independent,"ESCORTS BENEFIT AND WELFARE TRUST ( Dr. Sutanu Behuria, Trustee)",33700031.0
ESCORTS,2020-06-30,Independent,"Escorts Benefit and Welfare Trust (Dr. Sutanu Behuria, Trustee)",33700031.0
ESCORTS,2020-07-16,Independent,"Escorts Benefit and Welfare Trust (Dr. Sutanu Behuria, Trustee)",33700031.0
ESCORTS,2020-09-30,Independent,"ESCORTS BENEFIT AND WELFARE TRUST (Dr. Sutanu Behuria, Trustee)",33700031.0
ESCORTS,2020-12-31,Independent,"ESCORTS BENEFIT AND WELFARE TRUST (Dr. Sutanu Behuria, Trustee)",33700031.0
ESCORTS,2021-03-31,Independent,"ESCORTS BENEFIT AND WELFARE TRUST (Dr. Sutanu Behuria, Trustee)",33700031.0
ESCORTS,2021-06-30,Independent,"ESCORTS BENEFIT AND WELFARE TRUST (Dr. Sutanu Behuria, Trustee)",33700031.0
ESCORTS,2021-09-30,Independent,"ESCORTS BENEFIT AND WELFARE TRUST (Dr. Sutanu Behuria, Trustee)",33700031.0
ESCORTS,2021-12-27,Independent,"ESCORTS BENEFIT AND WELFARE TRUST (Dr. Sutanu Behuria, Trustee)",21442343.0
ESCORTS,2021-12-31,Independent,"Escorts Benefit and Welfare Trust ( Dr. Sutanu Behuria, trustee)",21442343.0
ESCORTS,2022-02-18,Independent,"ESCORTS BENEFIT AND WELFARE TRUST (Dr. Sutanu Behuria, Trustee)",21442343.0
ESCORTS,2022-03-31,Independent,Escorts Benfits and welfare Trust (Trustee SUTANU BEHURIA),21442343.0
ESCORTS,2022-06-30,Independent,KUBOTA CORPORATION,59112970.0
ESCORTS,2022-09-30,Independent,Kubota Corporation,59112970.0
ESCORTS,2022-12-31,Independent,Kubota Corporation,59112970.0
ESCORTS,2023-03-31,Independent,Kubota Corporation,59112970.0
ESCORTS,2023-05-28,Independent,Kubota Corporation,59112970.0
ESCORTS,2023-06-30,Independent,Kubota Corporation,59112970.0
ESCORTS,2023-09-30,Independent,Kubota Corporation,59112970.0
ESCORTS,2023-12-31,Independent,KUBOTA CORPORATION,59112970.0
ESCORTS,2024-03-31,Independent,KUBOTA CORPORATION,59112970.0
ESCORTS,2024-06-30,Independent,KUBOTA CORPORATION,59112970.0
ESCORTS,2024-09-30,Independent,"Kubota Corporation, Japan",60492462.0
ESCORTS,2024-12-31,Independent,"KUBOTA CORPORATION, JAPAN",60492462.0
ESCORTS,2025-03-31,Independent,"KUBOTA CORPORATION, JAPAN",60492462.0
ESCORTS,2025-06-30,Independent,"KUBOTA CORPORATION, JAPAN",60492462.0
ESCORTS,2025-09-30,Independent,"KUBOTA CORPORATION, JAPAN",60492462.0
ESCORTS,2025-12-31,Independent,"KUBOTA CORPORATION, JAPAN",60492462.0
EXIDEIND,2014-03-31,Independent,,0.0
EXIDEIND,2014-06-30,Independent,,0.0
EXIDEIND,2014-09-30,Independent,,0.0
EXIDEIND,2014-12-31,Independent,,0.0
EXIDEIND,2015-03-31,Independent,,0.0
EXIDEIND,2015-06-30,Independent,,0.0
EXIDEIND,2015-09-30,Independent,,0.0
EXIDEIND,2015-12-31,Independent,Chloride Eastern Limited,390954666.0
EXIDEIND,2016-03-31,Independent,BODY CORPORATE,390954666.0
EXIDEIND,2016-06-30,Independent,BODY CORPORATE,390954666.0
EXIDEIND,2016-09-30,Independent,BODY CORPORATE,390954666.0
EXIDEIND,2016-12-31,Independent,Body Corporate,390954666.0
EXIDEIND,2017-03-31,Independent,Body Corporate,390954666.0
EXIDEIND,2017-06-30,Independent,Body Corporate,390954666.0
EXIDEIND,2017-09-30,Independent,Body Corporate,390954666.0
EXIDEIND,2017-12-31,Independent,Body Corporate,390954666.0
EXIDEIND,2018-03-31,Independent,CHLORIDE EASTERN LIMITED,390954666.0
EXIDEIND,2018-06-30,Independent,CHLORIDE EASTERN LIMITED,390954666.0
EXIDEIND,2018-09-30,Independent,CHLORIDE EASTERN LIMITED,390954666.0
EXIDEIND,2018-12-31,Independent,CHLORIDE EASTERN LIMITED,390954666.0
EXIDEIND,2019-03-31,Independent,CHLORIDE EASTERN LIMITED,390954666.0
EXIDEIND,2019-06-30,Independent,CHLORIDE EASTERN LTD.,390954666.0
EXIDEIND,2019-09-30,Independent,Chloride Eastern Ltd.,390954666.0
EXIDEIND,2019-12-31,Independent,CHLORIDE EASTERN LTD.,390954666.0
EXIDEIND,2020-03-31,Independent,Chloride Eastern Ltd.,390954666.0
EXIDEIND,2020-06-30,Independent,Chloride Eastern Ltd.,390954666.0
EXIDEIND,2020-09-30,Independent,Chloride Eastern Ltd.,390954666.0
EXIDEIND,2020-12-31,Independent,Chloride Eastern Ltd.,390954666.0
EXIDEIND,2021-03-31,Independent,Chloride Eastern Ltd.,390954666.0
EXIDEIND,2021-06-30,Independent,Chloride Eastern Ltd.,390954666.0
EXIDEIND,2021-09-30,Independent,Chloride Eastern Ltd.,390954666.0
EXIDEIND,2021-12-31,Independent,Chloride Eastern Ltd.,390954666.0
EXIDEIND,2022-03-31,Independent,Chloride Eastern Ltd.,390954666.0
EXIDEIND,2022-06-30,Independent,Chloride Eastern Limited,390954666.0
EXIDEIND,2022-09-30,Independent,CHLORIDE EASTERN LIMITED,390954666.0
EXIDEIND,2022-12-31,Independent,Chloride Eastern Limited,390954666.0
EXIDEIND,2023-03-31,Independent,Chloride Eastern Limited,390954666.0
EXIDEIND,2023-06-30,Independent,CHLORIDE EASTERN LIMITED,390954666.0
EXIDEIND,2023-09-30,Independent,CHLORIDE EASTERN LIMITED,390954666.0
EXIDEIND,2023-12-31,Independent,Chloride Eastern Limited,390954666.0
EXIDEIND,2024-03-31,Independent,Chloride Eastern Limited,390954666.0
EXIDEIND,2024-06-30,Independent,Chloride Eastern Limited,390954666.0
EXIDEIND,2024-09-30,Independent,Chloride Eastern Limited,390954666.0
EXIDEIND,2024-12-31,Independent,Chloride Eastern Limited,390954666.0
EXIDEIND,2025-03-31,Independent,Chloride Eastern Limited,390954666.0
EXIDEIND,2025-06-30,Independent,Chloride Eastern Limited,390954666.0
EXIDEIND,2025-09-30,Independent,Chloride Eastern Limited,390954666.0
EXIDEIND,2025-12-31,Independent,Chloride Eastern Limited,390954666.0
FACT,2014-03-31,Independent,,0.0
FACT,2014-06-30,Independent,,0.0
FACT,2014-09-30,Independent,,0.0
FACT,2014-12-31,Independent,,0.0
FACT,2015-03-31,Independent,,0.0
FACT,2015-06-30,Independent,,0.0
FACT,2015-09-30,Independent,,0.0
FACT,2015-12-31,GOI_PSU,Central Government/ State Government(s),582364776.0
FACT,2016-03-31,GOI_PSU,Central Government/ State Government(s),582364776.0
FACT,2016-06-30,GOI_PSU,Central Government/ State Government(s),582364776.0
FACT,2016-09-30,GOI_PSU,Central Government/ State Government(s),582364776.0
FACT,2016-12-31,GOI_PSU,Central Government/ State Government(s),582364776.0
FACT,2017-03-31,GOI_PSU,Central Government/ State Government(s),582364776.0
FACT,2017-06-30,GOI_PSU,Central Government/ State Government(s),582364776.0
FACT,2017-09-30,GOI_PSU,Central Government/ State Government(s),582364776.0
FACT,2017-12-31,GOI_PSU,Central Government/ State Government(s),582364776.0
FACT,2018-03-31,GOI_PSU,Central Government/ State Government(s),582364776.0
FACT,2018-06-30,GOI_PSU,Central Government/ State Government(s),582364776.0
FACT,2018-09-30,GOI_PSU,Central Government/ State Government(s),582364776.0
FACT,2018-12-31,GOI_PSU,Central Government/ State Government(s),582364776.0
FACT,2019-03-31,GOI_PSU,Central Government/ State Government(s),582364776.0
FACT,2019-06-30,GOI_PSU,Central Government/ State Government(s),582364776.0
FACT,2019-09-30,GOI_PSU,Central Government/ State Government(s),582364776.0
FACT,2019-12-31,GOI_PSU,Central Government/ State Government(s),582364776.0
FACT,2020-03-31,GOI_PSU,Central Government/ State Government(s),582364776.0
FACT,2020-06-30,GOI_PSU,Central Government/ State Government(s),582364776.0
FACT,2020-09-30,GOI_PSU,Central Government/ State Government(s),582364776.0
FACT,2020-12-31,GOI_PSU,Central Government/ State Government(s),582364776.0
FACT,2021-03-31,GOI_PSU,Central Government/ State Government(s),582364776.0
FACT,2021-06-30,GOI_PSU,Central Government/ State Government(s),582364776.0
FACT,2021-09-30,GOI_PSU,Central Government/ State Government(s),582364776.0
FACT,2021-12-31,GOI_PSU,Central Government/ State Government(s),582364776.0
FACT,2022-03-31,GOI_PSU,Central Government/ State Government(s),582364776.0
FACT,2022-06-30,GOI_PSU,Central Government/ State Government(s),582364776.0
FACT,2022-09-30,GOI_PSU,Central Government/ State Government(s),582364776.0
FACT,2022-12-31,GOI_PSU,Central Government/ State Government(s),582364776.0
FACT,2023-03-31,GOI_PSU,Central Government/ State Government(s),582364776.0
FACT,2023-06-30,GOI_PSU,Central Government/ State Government(s),582364776.0
FACT,2023-09-30,GOI_PSU,Central Government/ State Government(s),582364776.0
FACT,2023-12-31,GOI_PSU,Central Government/ State Government(s),582364776.0
FACT,2024-03-31,GOI_PSU,Central Government/ State Government(s),582364776.0
FACT,2024-06-30,GOI_PSU,Central Government/ State Government(s),582364776.0
FACT,2024-09-30,GOI_PSU,Central Government/ State Government(s),582364776.0
FACT,2024-12-31,GOI_PSU,Central Government/ State Government(s),582364776.0
FACT,2025-03-31,GOI_PSU,Central Government/ State Government(s),582364776.0
FACT,2025-06-30,GOI_PSU,Central Government/ State Government(s),582364776.0
FACT,2025-09-30,GOI_PSU,Central Government/ State Government(s),582364776.0
FACT,2025-12-31,GOI_PSU,Central Government/ State Government(s),582364776.0
FCONSUMER,2014-03-31,Independent,,0.0
FCONSUMER,2014-06-30,Independent,,0.0
FCONSUMER,2014-09-30,Independent,,0.0
FCONSUMER,2014-12-31,Independent,,0.0
FCONSUMER,2015-03-31,Independent,,0.0
FCONSUMER,2015-06-30,Independent,,0.0
FCONSUMER,2015-09-30,Independent,,0.0
FCONSUMER,2015-12-31,Independent,Future Retail Limited (Formerly Pantaloon Retail (India) Limited),150000000.0
FCONSUMER,2016-03-31,Independent,Future Retail Limited,150000000.0
FCONSUMER,2016-06-30,Independent,Future Enterprises Limited (formerly known as Future Retail Limited),150000000.0
FCONSUMER,2016-09-30,Independent,Future Enterprises Limited (formerly known as Future Retail Limited),150000000.0
FCONSUMER,2016-12-31,Independent,Body Corporate,722045543.0
FCONSUMER,2017-03-31,Independent,Body Corporate,795669557.0
FCONSUMER,2017-06-30,Independent,Body Corporate,795669557.0
FCONSUMER,2017-09-30,Independent,Future Capital Investment Private Limited,781341955.0
FCONSUMER,2017-10-26,Independent,Body Corporate,825146019.0
FCONSUMER,2017-12-31,Independent,Body Corporate,825146019.0
FCONSUMER,2018-01-01,Independent,Body Corporate,825146019.0
FCONSUMER,2018-03-31,Independent,Future Capital Investment Private Limited,791302624.0
FCONSUMER,2018-06-30,Independent,Future Capital Investment Private Limited,807864624.0
FCONSUMER,2018-09-30,Independent,Future Capital Investment Private Limited,833216545.0
FCONSUMER,2018-12-31,Independent,Future Capital Investment Private Limited,833551422.0
FCONSUMER,2019-03-31,Independent,Future Capital Investment Private Limited,845212246.0
FCONSUMER,2019-06-30,Independent,Future Capital Investment Private Limited,845212246.0
FCONSUMER,2019-09-30,Independent,Future Capital Investment Private Limited,845212246.0
FCONSUMER,2019-12-31,Independent,Future Capital Investment Private Limited,845212246.0
FCONSUMER,2020-03-31,Independent,Future Capital Investment Private Limited,826612246.0
FCONSUMER,2020-06-30,Independent,Future Capital Investment Private Limited,817212246.0
FCONSUMER,2020-09-30,Independent,Future Capital Investment Private Limited,693105507.0
FCONSUMER,2020-11-21,Independent,Future Capital Investment Private Limited,693105507.0
FCONSUMER,2020-12-31,Independent,Future Capital Investment Private Limited,690783379.0
FCONSUMER,2021-03-31,Independent,Future Capital Investment Private Limited,243544041.0
FCONSUMER,2021-06-30,Independent,Future Capital Investment Private Limited,243544041.0
FCONSUMER,2021-09-30,Independent,Future Capital Investment Private Limited,243544041.0
FCONSUMER,2021-12-31,Independent,Future Capital Investment Private Limited,198794025.0
FCONSUMER,2022-03-31,Independent,Future Capital Investment Private Limited,123584630.0
FCONSUMER,2022-06-30,Independent,Future Ideas Company Limited,29476462.0
FCONSUMER,2022-09-30,Independent,Future Ideas Company Limited,29476462.0
FCONSUMER,2022-12-31,Independent,Future Ideas Company Limited,29476462.0
FCONSUMER,2023-03-31,Independent,Future Ideas Company Limited,29476462.0
FCONSUMER,2023-06-30,Independent,Future Ideas Company Limited,29476462.0
FCONSUMER,2023-09-30,Independent,Future Ideas Company Limited,29476462.0
FCONSUMER,2023-12-31,Independent,Future Ideas Company Limited,29476462.0
FCONSUMER,2024-03-31,Independent,Future Ideas Company Limited,29476462.0
FCONSUMER,2024-06-30,Independent,Future Ideas Company Limited,29476462.0
FCONSUMER,2024-09-30,Independent,Future Ideas Company Limited,29476462.0
FCONSUMER,2024-12-31,Independent,Niyman Mall Management Company Private Limited,29476462.0
FCONSUMER,2025-03-31,Independent,Niyman Mall Management Company Private Limited,29476462.0
FEDERALBNK,2014-03-31,Independent,,0.0
FEDERALBNK,2014-06-30,Independent,,0.0
FEDERALBNK,2014-09-30,Independent,,0.0
FEDERALBNK,2014-12-31,Independent,,0.0
FEDERALBNK,2015-03-31,Independent,,0.0
FEDERALBNK,2015-06-30,Independent,,0.0
FEDERALBNK,2015-09-30,Independent,,0.0
FEDERALBNK,2015-12-31,Independent,,0.0
FEDERALBNK,2016-03-31,Independent,,0.0
FEDERALBNK,2016-06-30,Independent,,0.0
FEDERALBNK,2016-09-30,Independent,,0.0
FEDERALBNK,2016-12-31,Independent,,0.0
FEDERALBNK,2017-03-31,Independent,,0.0
FEDERALBNK,2017-06-29,Independent,,0.0
FEDERALBNK,2017-06-30,Independent,,0.0
FEDERALBNK,2017-09-30,Independent,,0.0
FEDERALBNK,2017-12-31,Independent,,0.0
FEDERALBNK,2018-03-31,Independent,,0.0
FEDERALBNK,2018-06-30,Independent,,0.0
FEDERALBNK,2018-09-30,Independent,,0.0
FEDERALBNK,2018-12-31,Independent,,0.0
FEDERALBNK,2019-03-31,Independent,,0.0
FEDERALBNK,2019-06-30,Independent,,0.0
FEDERALBNK,2019-09-30,Independent,,0.0
FEDERALBNK,2019-12-31,Independent,,0.0
FEDERALBNK,2020-03-31,Independent,,0.0
FEDERALBNK,2020-06-30,Independent,,0.0
FEDERALBNK,2020-09-30,Independent,,0.0
FEDERALBNK,2020-12-31,Independent,,0.0
FEDERALBNK,2021-03-31,Independent,,0.0
FEDERALBNK,2021-06-30,Independent,,0.0
FEDERALBNK,2021-07-23,Independent,,0.0
FEDERALBNK,2021-09-30,Independent,,0.0
FEDERALBNK,2021-12-31,Independent,,0.0
FEDERALBNK,2022-03-31,Independent,,0.0
FEDERALBNK,2022-06-30,Independent,,0.0
FEDERALBNK,2022-09-30,Independent,,0.0
FEDERALBNK,2022-12-31,Independent,,0.0
FEDERALBNK,2023-03-31,Independent,,0.0
FEDERALBNK,2023-06-30,Independent,,0.0
FEDERALBNK,2023-07-25,Independent,,0.0
FEDERALBNK,2023-09-30,Independent,,0.0
FEDERALBNK,2023-10-11,Independent,,0.0
FEDERALBNK,2023-12-31,Independent,,0.0
FEDERALBNK,2024-03-31,Independent,,0.0
FEDERALBNK,2024-06-30,Independent,,0.0
FEDERALBNK,2024-09-30,Independent,,0.0
FEDERALBNK,2024-12-31,Independent,,0.0
FEDERALBNK,2025-03-31,Independent,,0.0
FEDERALBNK,2025-06-30,Independent,,0.0
FEDERALBNK,2025-09-30,Independent,,0.0
FEDERALBNK,2025-12-31,Independent,,0.0
FLUOROCHEM,2019-09-30,Independent,Inox Leasing And Finance Ltd,57715310.0
FLUOROCHEM,2019-12-31,Independent,Inox Leasing And Finance Ltd,57760003.0
FLUOROCHEM,2020-03-31,Independent,Inox Leasing And Finance Ltd,57764316.0
FLUOROCHEM,2020-06-30,Independent,Inox Leasing And Finance Ltd,57764316.0
FLUOROCHEM,2020-09-30,Independent,Inox Leasing And Finance Ltd,57764316.0
FLUOROCHEM,2020-12-31,Independent,Inox Leasing And Finance Ltd,57764316.0
FLUOROCHEM,2021-03-31,Independent,Inox Leasing And Finance Ltd,57764316.0
FLUOROCHEM,2021-06-30,Independent,Inox Leasing And Finance Ltd,57764316.0
FLUOROCHEM,2021-09-30,Independent,Inox Leasing And Finance Ltd,60591906.0
FLUOROCHEM,2021-12-31,Independent,Inox Leasing And Finance Ltd,60591906.0
FLUOROCHEM,2022-03-31,Independent,Inox Leasing And Finance Ltd,60291906.0
FLUOROCHEM,2022-06-30,Independent,Inox Leasing and Finance Limited,60291906.0
FLUOROCHEM,2022-09-30,Independent,Inox Leasing And Finance Ltd,60291906.0
FLUOROCHEM,2022-12-31,Independent,Inox Leasing and Finance ltd,57791906.0
FLUOROCHEM,2023-03-31,Independent,Inox Leasing and Finance Ltd,57791906.0
FLUOROCHEM,2023-06-30,Independent,Inox Leasing And Finance Ltd,57791906.0
FLUOROCHEM,2023-09-30,Independent,Inox Leasing and Finance Limited,57791906.0
FLUOROCHEM,2023-12-31,Independent,Inox Leasing And Finance Ltd,57791906.0
FLUOROCHEM,2024-03-31,Independent,Inox Leasing and Finance Limited,57791906.0
FLUOROCHEM,2024-06-30,Independent,Inox Leasing and Finance Limited,57791906.0
FLUOROCHEM,2024-09-30,Independent,Inox Leasing And Finance Limited,57791906.0
FLUOROCHEM,2024-12-31,Independent,Inox Leasing and Finance Limited,57791906.0
FLUOROCHEM,2025-03-31,Independent,Inox Leasing and Finance Limited,57791906.0
FLUOROCHEM,2025-06-30,Independent,Inox Leasing and Finance Limited,57791906.0
FLUOROCHEM,2025-09-30,Independent,Inox Leasing and Finance Limited,57791906.0
FLUOROCHEM,2025-12-31,Independent,Inox Leasing and Finance Limited,57791906.0
FORTIS,2014-03-31,Independent,,0.0
FORTIS,2014-06-30,Independent,,0.0
FORTIS,2014-09-30,Independent,,0.0
FORTIS,2014-12-31,Independent,,0.0
FORTIS,2015-03-31,Independent,,0.0
FORTIS,2015-06-30,Independent,,0.0
FORTIS,2015-09-30,Independent,,0.0
FORTIS,2015-12-31,Independent,FORTIS HEALTHCARE HOLDINGS PRIVATE LIMITED,329591529.0
FORTIS,2016-03-31,Independent,Body Corporate,330050529.0
FORTIS,2016-06-30,Independent,Body Corporate,330050529.0
FORTIS,2016-09-30,Independent,Body Corporate,325550529.0
FORTIS,2016-11-28,Independent,Body Corporate,325550529.0
FORTIS,2016-12-31,Independent,Body Corporate,325550529.0
FORTIS,2017-01-24,Independent,Body Corporate,325550529.0
FORTIS,2017-03-31,Independent,Body Corporate,270700529.0
FORTIS,2017-06-30,Independent,Body Corporate,222670701.0
FORTIS,2017-09-30,Independent,Other,178485597.0
FORTIS,2017-12-31,Independent,Body Corporate,178485597.0
FORTIS,2018-03-31,Independent,FORTIS HEALTHCARE HOLDINGS PRIVATE LIMITED,3420451.0
FORTIS,2018-06-30,Independent,FORTIS HEALTHCARE HOLDINGS PRIVATE LIMITED,3282851.0
FORTIS,2018-09-30,Independent,FORTIS HEALTHCARE HOLDINGS PRIVATE LIMITED,1153091.0
FORTIS,2018-11-13,Independent,NORTHERN TK VENTURE PTE LTD,235294117.0
FORTIS,2018-12-31,Independent,NORTHERN TK VENTURE PTE LTD,235294117.0
FORTIS,2019-03-31,Independent,NORTHERN TK VENTURE PTE. LTD.,235294117.0
FORTIS,2019-06-30,Independent,NORTHERN TK VENTURE PTE LTD,235294117.0
FORTIS,2019-09-30,Independent,NARTHERN TK VENTURE PTE LTD,235294117.0
FORTIS,2019-12-31,Independent,NORTHERN TK VENTURE PTE LTD,235294117.0
FORTIS,2020-03-31,Independent,NORTHERN TK VENTURE PTE LTD,235294117.0
FORTIS,2020-06-30,Independent,NORTHERN TK VENTURE PTE LTD,235294117.0
FORTIS,2020-09-30,Independent,NORTHERN TK VENTURE PTE. LTD,235294117.0
FORTIS,2020-12-31,Independent,NORTHERN TK VENTURE PTE. LTD.,235294117.0
FORTIS,2021-03-31,Independent,NORTHERN TK VENTURE PTE. LTD.,235294117.0
FORTIS,2021-06-30,Independent,NORTHERN TK VENTURE PTE. LTD.,235294117.0
FORTIS,2021-09-30,Independent,NORTHERN TK VENTURE PTE. LTD.,235294117.0
FORTIS,2021-12-31,Independent,NORTHERN TK VENTURE PTE.LTD,235294117.0
FORTIS,2022-03-31,Independent,NORTHERN TK VENTURE PTE.LTD,235294117.0
FORTIS,2022-06-30,Independent,NORTHERN TK VENTURE PTE. LTD.,235294117.0
FORTIS,2022-09-30,Independent,NORTHERN TK VENTURE PTE. LTD.,235294117.0
FORTIS,2022-12-31,Independent,NORTHERN TK VENTURE PTE. LTD,235294117.0
FORTIS,2023-03-31,Independent,NORTHERN TK VENTURE PTE. LTD.,235294117.0
FORTIS,2023-06-30,Independent,NORTHERN TK VENTURE PTE. LTD.,235294117.0
FORTIS,2023-09-30,Independent,NORTHERN TK VENTURE PTE. LTD.,235294117.0
FORTIS,2023-12-31,Independent,NORTHERN TK VENTURE PTE. LTD.,235294117.0
FORTIS,2024-03-31,Independent,NORTHERN TK VENTURE PTE.LTD.,235294117.0
FORTIS,2024-06-30,Independent,NORTHERN TK VENTURE PTE LTD,235294117.0
FORTIS,2024-09-30,Independent,NORTHERN TK VENTURE PTE. LTD,235294117.0
FORTIS,2024-12-31,Independent,NORTHERN TK VENTURE PTE.LTD.,235294117.0
FORTIS,2025-03-31,Independent,NORTHERN TK VENTURE PTE. LTD.,235294117.0
FORTIS,2025-06-30,Independent,NORTHERN TK VENTURE PTE. LTD.,235294117.0
FORTIS,2025-09-30,Independent,NORTHERN TK VENTURE PTE. LTD.,235294117.0
FORTIS,2025-12-31,Independent,NORTHERN TK VENTURE PTE. LTD.,235295895.0
FRETAIL,2016-07-25,Independent,Future Corporate Resources Limited,177545090.0
FRETAIL,2016-09-30,Independent,Future Corporate Resources Limited,177545090.0
FRETAIL,2016-12-31,Independent,Body Corporate,230027321.0
FRETAIL,2017-03-31,Independent,Body Corporate,233652321.0
FRETAIL,2017-06-30,Independent,Body Corporate,233652321.0
FRETAIL,2017-07-27,Independent,Body Corporate,233652321.0
FRETAIL,2017-09-30,Independent,Body Corporate,233652321.0
FRETAIL,2017-12-31,Independent,Body Corporate,233652321.0
FRETAIL,2018-03-31,Independent,Suhani Trading and Investment Consultants Private Limited (*),233651321.0
FRETAIL,2018-06-30,Independent,Suhani Trading and Investment Consultants Private Limited (*),233651321.0
FRETAIL,2018-09-30,Independent,Suhani Trading and Investment Consultants Private Limited (*),233651321.0
FRETAIL,2018-12-31,Independent,Future Corporate Resources Private Limited (*),233651321.0
FRETAIL,2019-03-31,Independent,Future Corporate Resources Private Limited (*),236218516.0
FRETAIL,2019-06-30,Independent,Future Corporate Resources Private Limited (*),236218516.0
FRETAIL,2019-09-30,Independent,Future Corporate Resources Private Limited (*) (#) (##),236218516.0
FRETAIL,2019-12-31,Independent,Future Corporate Resources Private Limited (*)($),222552229.0
FRETAIL,2020-01-04,Independent,Future Corporate Resources Private Limited (*)($),222552229.0
FRETAIL,2020-03-31,Independent,Future Corporate Resources Private Limited (*),174053954.0
FRETAIL,2020-05-19,Independent,Future Corporate Resources Private Limited (*),172927954.0
FRETAIL,2020-06-30,Independent,Future Corporate Resources Private Limited (*),172927954.0
FRETAIL,2020-09-30,Independent,Future Corporate Resources Private Limited,130251654.0
FRETAIL,2020-12-31,Independent,Future Corporate Resources Private Limited,98466118.0
FRETAIL,2021-03-31,Independent,Future Corporate Resources Private Limited,58149315.0
FRETAIL,2021-06-30,Independent,Future Corporate Resources Private Limited,54349315.0
FRETAIL,2021-09-30,Independent,Future Corporate Resources Private Limited,54349315.0
FRETAIL,2021-12-31,Independent,Future Coupons Private Limited (f/k/a Future Coupons Limited),53270247.0
FRETAIL,2022-03-31,Independent,Future Coupons Private Limited (f/k/a Future Coupons Limited),53270247.0
GAIL,2014-03-31,Independent,,0.0
GAIL,2014-06-30,Independent,,0.0
GAIL,2014-09-30,Independent,,0.0
GAIL,2014-12-31,Independent,,0.0
GAIL,2015-03-31,Independent,,0.0
GAIL,2015-06-30,Independent,,0.0
GAIL,2015-09-30,Independent,,0.0
GAIL,2016-03-31,GOI_PSU,Central Government/ State Government(s),711695832.0
GAIL,2016-06-30,GOI_PSU,Central Government/ State Government(s),711695832.0
GAIL,2016-09-30,GOI_PSU,Central Government/ State Government(s),711695832.0
GAIL,2016-12-31,GOI_PSU,Central Government/ State Government(s),711695832.0
GAIL,2017-03-15,GOI_PSU,Central Government/ State Government(s),928508065.0
GAIL,2017-03-31,GOI_PSU,Central Government/ State Government(s),920651612.0
GAIL,2017-06-30,GOI_PSU,Central Government/ State Government(s),920651612.0
GAIL,2017-09-30,GOI_PSU,Central Government/ State Government(s),920651612.0
GAIL,2017-12-31,GOI_PSU,Central Government/ State Government(s),906411093.0
GAIL,2018-03-31,GOI_PSU,Central Government/ State Government(s),1208548124.0
GAIL,2018-06-30,GOI_PSU,Central Government/ State Government(s),1195521226.0
GAIL,2018-09-30,GOI_PSU,Central Government/ State Government(s),1196872456.0
GAIL,2018-12-31,GOI_PSU,Central Government/ State Government(s),1196872456.0
GAIL,2019-03-31,GOI_PSU,Central Government/ State Government(s),1177029046.0
GAIL,2019-06-30,GOI_PSU,Central Government/ State Government(s),1177029046.0
GAIL,2019-07-12,GOI_PSU,Central Government/ State Government(s),2354058092.0
GAIL,2019-09-30,GOI_PSU,Central Government/ State Government(s),2354058092.0
GAIL,2019-12-31,GOI_PSU,Central Government/ State Government(s),2334449987.0
GAIL,2020-03-31,GOI_PSU,Central Government/ State Government(s),2334449987.0
GAIL,2020-06-30,GOI_PSU,Central Government/ State Government(s),2334449987.0
GAIL,2020-09-30,GOI_PSU,Central Government/ State Government(s),2334449987.0
GAIL,2020-12-31,GOI_PSU,Central Government/ State Government(s),2334449987.0
GAIL,2021-03-31,GOI_PSU,Central Government/ State Government(s),2284590082.0
GAIL,2021-06-30,GOI_PSU,Central Government/ State Government(s),2284590082.0
GAIL,2021-09-30,GOI_PSU,Central Government/ State Government(s),2284590082.0
GAIL,2021-12-31,GOI_PSU,Central Government/ State Government(s),2284590082.0
GAIL,2022-03-31,GOI_PSU,Central Government/ State Government(s),2284590082.0
GAIL,2022-06-30,GOI_PSU,Central Government/ State Government(s),2258386698.0
GAIL,2022-09-09,GOI_PSU,Central Government/ State Government(s),3387580047.0
GAIL,2022-09-30,GOI_PSU,Central Government/ State Government(s),3387580047.0
GAIL,2022-12-31,GOI_PSU,Central Government/ State Government(s),3387580047.0
GAIL,2023-03-31,GOI_PSU,Central Government/ State Government(s),3387580047.0
GAIL,2023-06-30,GOI_PSU,Central Government/ State Government(s),3387580047.0
GAIL,2023-09-30,GOI_PSU,Central Government/ State Government(s),3387580047.0
GAIL,2023-12-31,GOI_PSU,Central Government/ State Government(s),3387580047.0
GAIL,2024-03-31,GOI_PSU,Central Government/ State Government(s),3387576864.0
GAIL,2024-06-30,GOI_PSU,Central Government/ State Government(s),3387576864.0
GAIL,2024-09-30,GOI_PSU,Central Government/ State Government(s),3387576864.0
GAIL,2024-12-31,GOI_PSU,Central Government/ State Government(s),3387576864.0
GAIL,2025-03-31,GOI_PSU,Central Government/ State Government(s),3387576864.0
GAIL,2025-06-30,GOI_PSU,Central Government/ State Government(s),3387576864.0
GAIL,2025-09-30,GOI_PSU,Central Government/ State Government(s),3387576864.0
GAIL,2025-12-31,GOI_PSU,Central Government/ State Government(s),3387576864.0
GDL,2014-03-31,Independent,,0.0
GDL,2014-06-30,Independent,,0.0
GDL,2014-09-30,Independent,,0.0
GDL,2014-12-31,Independent,,0.0
GDL,2015-03-31,Independent,,0.0
GDL,2015-06-30,Independent,,0.0
GDL,2015-09-30,Independent,,0.0
GDL,2015-12-31,Independent,PRISM INTERNATIONAL PRIVATE LIMITED,24200000.0
GDL,2016-03-31,Independent,PRISM INTERNATIONAL PRIVATE LIMITED,24200000.0
GDL,2016-06-30,Independent,PRISM INTERNATIONAL PRIVATE LIMITED,24200000.0
GDL,2016-09-30,Independent,Prism International Private Limited,24200000.0
GDL,2016-12-31,Independent,Body Corporate,26550000.0
GDL,2017-03-31,Independent,Body Corporate,26550000.0
GDL,2017-06-30,Independent,Body Corporate,26550000.0
GDL,2017-09-30,Independent,Body Corporate,26550000.0
GDL,2017-12-31,Independent,Body Corporate,26550000.0
GDL,2018-03-31,Independent,Prism International Private Limited,24900000.0
GDL,2018-06-30,Independent,PRISM INTERNATIONAL PRIVATE LIMITED,24900000.0
GDL,2018-09-30,Independent,Prism International Private Limited,24900000.0
GDL,2018-12-31,Independent,Prism International Private Limited,24900000.0
GDL,2019-03-31,Independent,Prism International Private Limited,24900000.0
GDL,2019-06-30,Independent,Prism International Private Limited,24900000.0
GDL,2019-09-30,Independent,Prism International Private Limited,24900000.0
GDL,2019-12-31,Independent,Prism International Private Limited,24900000.0
GDL,2020-03-31,Independent,Prism International Private Limited,24900000.0
GDL,2020-06-30,Independent,Prism International Private Limited,24900000.0
GDL,2020-08-20,Independent,Prism International Private Limited,30088888.0
GDL,2020-09-30,Independent,PRISM INTERNATIONAL PRIVATE LIMITED,30088888.0
GDL,2020-12-31,Independent,Prism International Private Limited,30088888.0
GDL,2021-03-31,Independent,PRISM INTERNATIONAL PRIVATE LIMITED,30088888.0
GDL,2021-06-30,Independent,Prism International Private Limited,30088888.0
GDL,2021-09-30,Independent,Prism International Private Limited,30088888.0
GESHIP,2014-03-31,Independent,,0.0
GESHIP,2014-06-30,Independent,,0.0
GESHIP,2014-09-30,Independent,,0.0
GESHIP,2014-12-31,Independent,,0.0
GESHIP,2015-03-31,Independent,,0.0
GESHIP,2015-06-30,Independent,,0.0
GESHIP,2015-09-30,Independent,,0.0
GESHIP,2015-12-31,Independent,BHARAT KANAIYALAL SHETH,14828490.0
GESHIP,2016-03-31,Independent,BHARAT KANAIYALAL SHETH,14828490.0
GESHIP,2016-06-30,Independent,BHARAT KANAIYALAL SHETH,14819490.0
GESHIP,2016-09-30,Independent,BHARAT KANAIYALAL SHETH,14819490.0
GESHIP,2016-12-31,Independent,BHARAT KANAIYALAL SHETH,14819490.0
GESHIP,2017-03-31,Independent,B K SHETH,15200000.0
GESHIP,2017-06-30,Independent,B K SHETH,15200000.0
GESHIP,2017-09-30,Independent,B K SHETH,15200000.0
GESHIP,2017-12-31,Independent,B K SHETH,15200000.0
GESHIP,2018-03-31,Independent,B K SHETH,15200000.0
GESHIP,2018-06-30,Independent,B K SHETH,15200000.0
GESHIP,2018-09-30,Independent,B K SHETH,15200000.0
GESHIP,2018-12-31,Independent,B K SHETH,15200000.0
GESHIP,2019-03-31,Independent,B K SHETH,15200000.0
GESHIP,2019-06-30,Independent,B K SHETH,15200000.0
GESHIP,2019-09-30,Independent,B K SHETH,15200000.0
GESHIP,2019-11-12,Independent,B K SHETH,15200000.0
GESHIP,2019-12-31,Independent,B K SHETH,15200000.0
GESHIP,2020-03-31,Independent,R K SHETH,15332992.0
GESHIP,2020-06-30,Independent,R K SHETH,15639023.0
GESHIP,2020-09-30,Independent,RAVI K SHETH,15899023.0
GESHIP,2020-12-31,Independent,RAVI K SHETH,15899023.0
GESHIP,2021-03-31,Independent,RAVI K SHETH,15899023.0
GESHIP,2021-06-30,Independent,RAVI K SHETH,15899023.0
GESHIP,2021-09-30,Independent,RAVI K SHETH,15899023.0
GESHIP,2021-12-31,Independent,Ravi K Sheth Trustee of GE BKS Trust,15899023.0
GESHIP,2022-03-12,Independent,Ravi K Sheth Trustee of GE BKS Trust,15899023.0
GESHIP,2022-03-31,Independent,Ravi K Sheth Trustee of GE BKS Trust,15899023.0
GESHIP,2022-06-30,Independent,Ravi K Sheth (Trustee of GE BKS Trust),15899023.0
GESHIP,2022-09-30,Independent,Ravi K Sheth (Trustee of GE BKS Trust),15899023.0
GESHIP,2022-12-31,Independent,Ravi K. Sheth (Trustee of GE BKS Trust),15899023.0
GESHIP,2023-03-31,Independent,Ravi K. Sheth (Trustee of GE BKS Trust),15899023.0
GESHIP,2023-06-30,Independent,Ravi K. Sheth (Trustee of GE BKS Trust),15899023.0
GESHIP,2023-09-30,Independent,RAVI K SHETH (Trustee of GE BKS Trust),15899023.0
GESHIP,2023-12-31,Independent,RAVI K SHETH (Trustee of GE BKS Trust),15899023.0
GESHIP,2024-03-31,Independent,RAVI K SHETH (Trustee of GE BKS Trust),15899023.0
GESHIP,2024-06-30,Independent,RAVI K SHETH (Trustee of GE BKS Trust),15899023.0
GESHIP,2024-09-30,Independent,RAVI K SHETH (Trustee of GE BKS Trust),15899023.0
GESHIP,2024-12-31,Independent,RAVI K SHETH (Trustee of GE BKS Trust),15899023.0
GESHIP,2025-03-31,Independent,RAVI K SHETH (Trustee of GE BKS Trust),15899023.0
GESHIP,2025-06-30,Independent,RAVI K SHETH (Trustee of GE BKS Trust),15899023.0
GESHIP,2025-09-30,Independent,RAVI K SHETH (Trustee of GE BKS Trust),15899023.0
GESHIP,2025-12-31,Independent,RAVI K SHETH (TRUSTEE OF GE BKS TRUST),15899023.0
GICRE,2017-10-24,GOI_PSU,Central Government/ State Government(s),752500000.0
GICRE,2017-12-31,GOI_PSU,Central Government/ State Government(s),752500000.0
GICRE,2018-03-31,GOI_PSU,Central Government/ State Government(s),752500000.0
GICRE,2018-06-30,GOI_PSU,Central Government/ State Government(s),752500000.0
GICRE,2018-07-18,GOI_PSU,Central Government/ State Government(s),1505000000.0
GICRE,2018-09-30,GOI_PSU,Central Government/ State Government(s),1505000000.0
GICRE,2018-12-31,GOI_PSU,Central Government/ State Government(s),1505000000.0
GICRE,2019-03-31,GOI_PSU,Central Government/ State Government(s),1505000000.0
GICRE,2019-06-30,GOI_PSU,Central Government/ State Government(s),1505000000.0
GICRE,2019-09-30,GOI_PSU,Central Government/ State Government(s),1505000000.0
GICRE,2019-12-31,GOI_PSU,Central Government/ State Government(s),1505000000.0
GICRE,2020-03-31,GOI_PSU,Central Government/ State Government(s),1505000000.0
GICRE,2020-06-30,GOI_PSU,Central Government/ State Government(s),1505000000.0
GICRE,2020-09-30,GOI_PSU,Central Government/ State Government(s),1505000000.0
GICRE,2020-12-31,GOI_PSU,Central Government/ State Government(s),1505000000.0
GICRE,2021-03-31,GOI_PSU,Central Government/ State Government(s),1505000000.0
GICRE,2021-06-30,GOI_PSU,Central Government/ State Government(s),1505000000.0
GICRE,2021-09-30,GOI_PSU,Central Government/ State Government(s),1505000000.0
GICRE,2021-12-31,GOI_PSU,Central Government/ State Government(s),1505000000.0
GICRE,2022-03-31,GOI_PSU,Central Government/ State Government(s),1505000000.0
GICRE,2022-06-30,GOI_PSU,Central Government/ State Government(s),1505000000.0
GICRE,2022-09-30,GOI_PSU,Central Government/ State Government(s),1505000000.0
GICRE,2022-12-31,GOI_PSU,Central Government/ State Government(s),1505000000.0
GICRE,2023-03-31,GOI_PSU,Central Government/ State Government(s),1505000000.0
GICRE,2023-06-30,GOI_PSU,Central Government/ State Government(s),1505000000.0
GICRE,2023-09-30,GOI_PSU,Central Government/ State Government(s),1505000000.0
GICRE,2023-12-31,GOI_PSU,Central Government/ State Government(s),1505000000.0
GICRE,2024-03-31,GOI_PSU,Central Government/ State Government(s),1505000000.0
GICRE,2024-06-30,GOI_PSU,Central Government/ State Government(s),1505000000.0
GICRE,2024-09-30,GOI_PSU,Central Government/ State Government(s),1445567615.0
GICRE,2024-12-31,GOI_PSU,Central Government/ State Government(s),1445567615.0
GICRE,2025-03-31,GOI_PSU,Central Government/ State Government(s),1445567615.0
GICRE,2025-06-30,GOI_PSU,Central Government/ State Government(s),1445567615.0
GICRE,2025-09-30,GOI_PSU,Central Government/ State Government(s),1445567615.0
GICRE,2025-12-31,GOI_PSU,Central Government/ State Government(s),1445567615.0
GLAND,2020-11-17,Independent,Fosun Pharma Industrial Pte. Ltd,95293894.0
GLAND,2020-12-31,Independent,Fosun Pharma Industrial Pte. Ltd,95293894.0
GLAND,2021-03-31,Independent,Fosun Pharma Industrial Pte. Ltd,95293894.0
GLAND,2021-06-30,Independent,Fosun Pharma Industrial Pte. Ltd,95293894.0
GLAND,2021-09-30,Independent,Fosun Pharma Industrial Pte. Ltd,95293894.0
GLAND,2021-12-31,Independent,Fosun Pharma Industrial Pte. Ltd,95293894.0
GLAND,2022-03-31,Independent,Fosun Pharma Industrial Pte. Ltd,95293894.0
GLAND,2022-06-30,Independent,Fosun Pharma Industrial Pte. Ltd,95293894.0
GLAND,2022-09-30,Independent,Fosun Pharma Industrial Pte. Ltd,95293894.0
GLAND,2022-12-31,Independent,Fosun Pharma Industrial Pte. Ltd,95293894.0
GLAND,2023-03-31,Independent,Fosun Pharma Industrial Pte. Ltd,95293894.0
GLAND,2023-06-30,Independent,Fosun Pharma Industrial Pte. Ltd,95293894.0
GLAND,2023-09-30,Independent,Fosun Pharma Industrial Pte. Ltd,95293894.0
GLAND,2023-12-31,Independent,Fosun Pharma Industrial Pte. Ltd,95293894.0
GLAND,2024-03-31,Independent,Fosun Pharma Industrial Pte. Ltd,95293894.0
GLAND,2024-06-30,Independent,Fosun Pharma Industrial Pte. Ltd,85393894.0
GLAND,2024-09-30,Independent,Fosun Pharma Industrial Pte. Ltd,85393894.0
GLAND,2024-12-31,Independent,Fosun Pharma Industrial Pte. Ltd,85393894.0
GLAND,2025-03-31,Independent,Fosun Pharma Industrial Pte. Ltd,85393894.0
GLAND,2025-06-30,Independent,Fosun Pharma Industrial Pte. Ltd,85393894.0
GLAND,2025-09-30,Independent,Fosun Pharma Industrial Pte. Ltd,85393894.0
GLAND,2025-12-31,Independent,Fosun Pharma Industrial Pte. Ltd,85393894.0
GLAXO,2014-03-31,Independent,,0.0
GLAXO,2014-06-30,Independent,,0.0
GLAXO,2014-09-30,Independent,,0.0
GLAXO,2014-12-31,Independent,,0.0
GLAXO,2015-03-31,Independent,,0.0
GLAXO,2015-06-30,Independent,,0.0
GLAXO,2015-09-30,Independent,,0.0
GLAXO,2015-12-31,Independent,GLAXO GROUP LIMITED,30485250.0
GLAXO,2016-03-31,Independent,OTHER CORPORATE BODY,63527262.0
GLAXO,2016-06-30,Independent,Glaxo Group Limited,30485250.0
GLAXO,2016-09-30,Independent,Glaxo Group Limited,30485250.0
GLAXO,2016-12-31,Independent,Body Corporate,63527262.0
GLAXO,2017-03-31,Independent,Body Corporate,63527262.0
GLAXO,2017-06-30,Independent,Other,63527262.0
GLAXO,2017-09-30,Independent,Other,63527262.0
GLAXO,2017-12-31,Independent,Glaxo Group Limited,30485250.0
GLAXO,2018-03-31,Independent,Other,63527262.0
GLAXO,2018-06-30,Independent,GLAXO GROUP LIMITED,30485250.0
GLAXO,2018-09-14,Independent,GLAXO GROUP LIMITED,60970500.0
GLAXO,2018-09-30,Independent,GLAXO GROUP LIMITED,60970500.0
GLAXO,2018-12-31,Independent,GLAXO GROUP LIMITED,60970500.0
GLAXO,2019-03-31,Independent,GLAXO GROUP LIMITED,60970500.0
GLAXO,2019-06-30,Independent,GLAXO GROUP LIMITED,60970500.0
GLAXO,2019-09-30,Independent,GLAXO GROUP LIMITED,60970500.0
GLAXO,2019-12-31,Independent,GLAXO GROUP LIMITED,60970500.0
GLAXO,2020-03-31,Independent,GLAXO GROUP LIMITED,60970500.0
GLAXO,2020-06-30,Independent,GLAXO GROUP LIMITED,60970500.0
GLAXO,2020-09-30,Independent,GLAXO GROUP LIMITED,60970500.0
GLAXO,2020-12-31,Independent,GLAXO GROUP LIMITED,60970500.0
GLAXO,2021-03-31,Independent,GLAXO GROUP LIMITED,60970500.0
GLAXO,2021-06-30,Independent,GLAXO GROUP LIMITED,60970500.0
GLAXO,2021-09-30,Independent,GLAXO GROUP LIMITED,60970500.0
GLAXO,2021-12-31,Independent,GLAXO GROUP LIMITED,60970500.0
GLAXO,2022-03-31,Independent,GLAXO GROUP LIMITED,60970500.0
GLAXO,2022-06-30,Independent,GLAXO GROUP LIMITED,60970500.0
GLAXO,2022-09-30,Independent,GLAXO GROUP LIMITED,60970500.0
GLAXO,2022-12-31,Independent,GLAXO GROUP LIMITED,60970500.0
GLAXO,2023-03-31,Independent,GLAXO GROUP LIMITED,60970500.0
GLAXO,2023-06-30,Independent,GLAXO GROUP LIMITED,60970500.0
GLAXO,2023-09-30,Independent,GLAXO GROUP LIMITED,60970500.0
GLAXO,2023-12-31,Independent,GLAXO GROUP LIMITED,60970500.0
GLAXO,2024-03-31,Independent,GLAXO GROUP LIMITED,60970500.0
GLAXO,2024-06-30,Independent,GLAXO GROUP LIMITED,60970500.0
GLAXO,2024-09-30,Independent,GLAXO GROUP LIMITED,60970500.0
GLAXO,2024-12-31,Independent,GLAXO GROUP LIMITED,60970500.0
GLAXO,2025-03-31,Independent,GLAXO GROUP LIMITED,60970500.0
GLAXO,2025-06-30,Independent,GLAXO GROUP LIMITED,60970500.0
GLAXO,2025-09-30,Independent,GLAXO GROUP LIMITED,60970500.0
GLAXO,2025-12-31,Independent,GLAXO GROUP LIMITED,60970500.0
GLENMARK,2014-03-31,Independent,,0.0
GLENMARK,2014-06-30,Independent,,0.0
GLENMARK,2014-09-30,Independent,,0.0
GLENMARK,2014-12-31,Independent,,0.0
GLENMARK,2015-03-31,Independent,,0.0
GLENMARK,2015-06-30,Independent,,0.0
GLENMARK,2015-09-30,Independent,,0.0
GLENMARK,2015-12-31,Independent,Saldanha Family Trust,128241936.0
GLENMARK,2016-03-31,Independent,Saldanha Family Trust,128241936.0
GLENMARK,2016-06-30,Independent,Saldanha Family Trust,128241936.0
GLENMARK,2016-09-30,Independent,Saldanha Family Trust,128241936.0
GLENMARK,2016-12-31,Independent,Saldanha Family Trust,128241936.0
GLENMARK,2017-03-31,Independent,Saldanha Family Trust,128241936.0
GLENMARK,2017-06-30,Independent,Saldanha Family Trust,128241936.0
GLENMARK,2017-09-30,Independent,Saldanha Family Trust,128241936.0
GLENMARK,2017-12-31,Independent,Saldanha Family Trust,128241936.0
GLENMARK,2018-03-31,Independent,Saldanha Family Trust,128241936.0
GLENMARK,2018-06-30,Independent,Saldanha Family Trust,128241936.0
GLENMARK,2018-09-30,Independent,SALDANHA FAMILY TRUST,128241936.0
GLENMARK,2018-12-31,Independent,SALDANHA FAMILY TRUST,128241936.0
GLENMARK,2019-03-31,Independent,SALDANHA FAMILY TRUST,128241936.0
GLENMARK,2019-06-30,Independent,SALDANHA FAMILY TRUST,128241936.0
GLENMARK,2019-09-30,Independent,SALDANHA FAMILY TRUST,128241936.0
GLENMARK,2019-12-31,Independent,SALDANHA FAMILY TRUST,128241936.0
GLENMARK,2020-03-31,Independent,SALDANHA FAMILY TRUST,128241936.0
GLENMARK,2020-09-30,Independent,SALDANHA FAMILY TRUST,128241936.0
GLENMARK,2020-12-31,Independent,SALDANHA FAMILY TRUST,128241936.0
GLENMARK,2021-03-31,Independent,SALDANHA FAMILY TRUST,128241936.0
GLENMARK,2021-06-30,Independent,SALDANHA FAMILY TRUST,128241936.0
GLENMARK,2021-09-30,Independent,SALDANHA FAMILY TRUST,128241936.0
GLENMARK,2021-12-31,Independent,SALDANHA FAMILY TRUST,128241936.0
GLENMARK,2022-03-31,Independent,SALDANHA FAMILY TRUST,128241936.0
GLENMARK,2022-06-30,Independent,SALDANHA FAMILY TRUST,128241936.0
GLENMARK,2022-09-30,Independent,SALDANHA FAMILY TRUST,128241936.0
GLENMARK,2022-12-31,Independent,SALDANHA FAMILY TRUST,128241936.0
GLENMARK,2023-03-31,Independent,SALDANHA FAMILY TRUST,128241936.0
GLENMARK,2023-06-30,Independent,SALDANHA FAMILY TRUST,128241936.0
GLENMARK,2023-09-30,Independent,SALDANHA FAMILY TRUST,128241936.0
GLENMARK,2023-12-31,Independent,SALDANHA FAMILY TRUST,128241936.0
GLENMARK,2024-03-31,Independent,SALDANHA FAMILY TRUST,128241936.0
GLENMARK,2024-06-30,Independent,SALDANHA FAMILY TRUST,128241936.0
GLENMARK,2024-09-30,Independent,SALDANHA FAMILY TRUST,128241936.0
GLENMARK,2024-12-31,Independent,SALDANHA FAMILY TRUST,128241936.0
GLENMARK,2025-03-31,Independent,SALDANHA FAMILY TRUST,128241936.0
GLENMARK,2025-06-30,Independent,SALDANHA FAMILY TRUST,128241936.0
GLENMARK,2025-09-30,Independent,SALDANHA FAMILY TRUST,128241936.0
GLENMARK,2025-12-31,Independent,SALDANHA FAMILY TRUST,128241936.0
GODFRYPHLP,2014-03-31,Independent,,0.0
GODFRYPHLP,2014-06-30,Independent,,0.0
GODFRYPHLP,2014-09-30,Independent,,0.0
GODFRYPHLP,2014-12-31,Independent,,0.0
GODFRYPHLP,2015-03-31,Independent,,0.0
GODFRYPHLP,2015-06-30,Independent,,0.0
GODFRYPHLP,2015-09-30,Independent,,0.0
GODFRYPHLP,2015-12-31,Independent,K K MODI INVESTMENT & FINANCIAL SERVICES PVT LTD,15196660.0
GODFRYPHLP,2016-03-31,Independent,K K MODI INVESTMENT & FINANCIAL SERVICES PVT LTD,15196660.0
GODFRYPHLP,2016-06-30,Independent,K K MODI INVESTMENT & FINANCIAL SERVICES PVT LTD,15196660.0
GODFRYPHLP,2016-09-30,Independent,K K MODI INVESTMENT & FINANCIAL SERVICES PVT LTD,15196660.0
GODFRYPHLP,2016-12-31,Independent,Body Corporate,15196660.0
GODFRYPHLP,2017-03-31,Independent,Body Corporate,15196660.0
GODFRYPHLP,2017-06-30,Independent,Body Corporate,15196660.0
GODFRYPHLP,2017-09-30,Independent,Body Corporate,15196660.0
GODFRYPHLP,2017-12-31,Independent,Body Corporate,15196660.0
GODFRYPHLP,2018-03-31,Independent,K K MODI INVESTMENT & FINANCIAL SERVICES PVT LTD,15196660.0
GODFRYPHLP,2018-06-30,Independent,K K MODI INVESTMENT & FINANCIAL SERVICES PVT LTD,15196660.0
GODFRYPHLP,2018-09-30,Independent,K K MODI INVESTMENT & FINANCIAL SERVICES PVT LTD,15196660.0
GODFRYPHLP,2018-12-31,Independent,K K MODI INVESTMENT AND FINANCIALn SERVICES PVT. LTD.,15196660.0
GODFRYPHLP,2019-03-31,Independent,K K MODI INVESTMENT AND FINANCIA SERVICES PVT. LTD.,15196660.0
GODFRYPHLP,2019-06-30,Independent,K K MODI INVESTMENT AND FINANCIALn SERVICES PVT. LTD.,15196660.0
GODFRYPHLP,2019-09-30,Independent,K K MODI INVESTMENT AND FINANCIALn SERVICES PVT. LTD.,15196660.0
GODFRYPHLP,2019-12-31,Independent,K K MODI INVESTMENT AND FINANCIAL SERVICES PVT. LTD.,15196660.0
GODFRYPHLP,2020-03-31,Independent,K K MODI INVESTMENT AND FINANCIAL SERVICES PVT. LTD.,15196660.0
GODFRYPHLP,2020-06-30,Independent,K K MODI INVESTMENT AND FINANCIAL SERVICES PVT. LTD.,15196660.0
GODFRYPHLP,2020-09-30,Independent,K K MODI INVESTMENT AND FINANCIAL SERVICES PVT. LTD.,15233230.0
GODFRYPHLP,2020-12-31,Independent,K K MODI INVESTMENT AND FINANCIAL SERVICES PVT. LTD.,15373354.0
GODFRYPHLP,2021-03-31,Independent,K K MODI INVESTMENT AND FINANCIAL SERVICES PVT. LTD.,15493941.0
GODFRYPHLP,2021-06-30,Independent,K K MODI INVESTMENT AND FINANCIAL SERVICES PVT. LTD.,15517916.0
GODFRYPHLP,2021-09-30,Independent,K K Modi Investment And Financial Services Pvt Ltd,15517916.0
GODFRYPHLP,2021-12-31,Independent,K K MODI INVESTMENT AND FINANCIAL SERVICES PVT. LTD.,15517916.0
GODFRYPHLP,2022-03-31,Independent,K K MODI INVESTMENT AND FINANCIAL SERVICES PVT. LTD.,15517916.0
GODFRYPHLP,2022-06-30,Independent,K K MODI INVESTMENT AND FINANCIAL SERVICES PVT. LTD.,15517916.0
GODFRYPHLP,2022-09-30,Independent,K K MODI INVESTMENT AND FINANCIAL SERVICES PVT. LTD.,15517916.0
GODFRYPHLP,2022-12-31,Independent,K K Modi Investment And Financial Services Pvt Ltd,15517916.0
GODFRYPHLP,2023-03-31,Independent,K K Modi Investment And Financial Services Pvt Ltd,15517916.0
GODFRYPHLP,2023-06-30,Independent,K K Modi Investment And Financial Services Pvt Ltd,15517916.0
GODFRYPHLP,2023-09-30,Independent,K K Modi Investment And Financial Services Pvt Ltd,15517916.0
GODFRYPHLP,2023-12-31,Independent,K K Modi Investment And Financial Services Pvt Ltd,15517916.0
GODFRYPHLP,2024-03-31,Independent,K K Modi Investment And Financial Services Pvt Ltd,15517916.0
GODFRYPHLP,2024-06-30,Independent,K K Modi Investment And Financial Services Pvt Ltd,15517916.0
GODFRYPHLP,2024-09-30,Independent,K K Modi Investment And Financial Services Pvt Ltd,15517916.0
GODFRYPHLP,2024-12-31,Independent,K K Modi Investment And Financial Services Pvt Ltd,15517916.0
GODFRYPHLP,2025-03-31,Independent,K K Modi Investment And Financial Services Pvt Ltd.,15517916.0
GODFRYPHLP,2025-06-30,Independent,K K Modi Investment And Financial Services Pvt Ltd,15517916.0
GODFRYPHLP,2025-09-17,Independent,K K Modi Investment And Financial Services Pvt Ltd,46553748.0
GODFRYPHLP,2025-09-30,Independent,K K Modi Investment And Financial Services Pvt Ltd,46553748.0
GODFRYPHLP,2025-12-31,Independent,K K Modi Investment And Financial Services Pvt Ltd,46553748.0
GODREJAGRO,2017-10-12,Independent,Body Corporate,111357225.0
GODREJAGRO,2017-12-31,Independent,Body Corporate,111357225.0
GODREJAGRO,2018-03-31,Independent,Godrej Industries Limited,111357225.0
GODREJAGRO,2018-06-30,Independent,GODREJ INDUSTRIES LIMITED,111357225.0
GODREJAGRO,2018-09-30,Independent,Godrej Industries Limited,111357225.0
GODREJAGRO,2018-12-31,Independent,GODREJ INDUSTRIES LIMITED,111357225.0
GODREJAGRO,2019-03-31,Independent,GODREJ INDUSTRIES LIMITED,111666300.0
GODREJAGRO,2019-06-30,Independent,GODREJ INDUSTRIES LIMITED,111666300.0
GODREJAGRO,2019-09-30,Independent,GODREJ INDUSTRIES LIMITED,111768611.0
GODREJAGRO,2019-12-31,Independent,GODREJ INDUSTRIES LIMITED,111933589.0
GODREJAGRO,2020-03-31,Independent,GODREJ INDUSTRIES LIMITED,113851427.0
GODREJAGRO,2020-06-30,Independent,GODREJ INDUSTRIES LIMITED,113851427.0
GODREJAGRO,2020-09-30,Independent,GODREJ INDUSTRIES LIMITED,113851427.0
GODREJAGRO,2020-12-31,Independent,GODREJ INDUSTRIES LIMITED,114206068.0
GODREJAGRO,2021-03-31,Independent,GODREJ INDUSTRIES LIMITED,115059634.0
GODREJAGRO,2021-06-30,Independent,GODREJ INDUSTRIES LIMITED,120018596.0
GODREJAGRO,2021-09-30,Independent,GODREJ INDUSTRIES LIMITED,120018596.0
GODREJAGRO,2021-12-31,Independent,GODREJ INDUSTRIES LIMITED,120018596.0
GODREJAGRO,2022-03-31,Independent,GODREJ INDUSTRIES LIMITED,120018596.0
GODREJAGRO,2022-06-30,Independent,GODREJ INDUSTRIES LIMITED,124018596.0
GODREJAGRO,2022-09-30,Independent,GODREJ INDUSTRIES LIMITED,124714957.0
GODREJAGRO,2022-12-31,Independent,GODREJ INDUSTRIES LIMITED,124714957.0
GODREJAGRO,2023-03-31,Independent,GODREJ INDUSTRIES LIMITED,124714957.0
GODREJAGRO,2023-06-30,Independent,GODREJ INDUSTRIES LIMITED,124714957.0
GODREJAGRO,2023-09-30,Independent,GODREJ INDUSTRIES LIMITED,124714957.0
GODREJAGRO,2023-12-31,Independent,GODREJ INDUSTRIES LIMITED,124714957.0
GODREJAGRO,2024-03-31,Independent,GODREJ INDUSTRIES LIMITED,124714957.0
GODREJAGRO,2024-06-30,Independent,GODREJ INDUSTRIES LIMITED,124714957.0
GODREJAGRO,2024-09-30,Independent,GODREJ INDUSTRIES LIMITED,124714957.0
GODREJAGRO,2024-12-31,Independent,GODREJ INDUSTRIES LIMITED,124714957.0
GODREJAGRO,2025-03-31,Independent,GODREJ INDUSTRIES LIMITED,124714957.0
GODREJAGRO,2025-06-30,Independent,GODREJ INDUSTRIES LIMITED,124714957.0
GODREJAGRO,2025-09-30,Independent,GODREJ INDUSTRIES LIMITED,124714957.0
GODREJAGRO,2025-12-31,Independent,GODREJ INDUSTRIES LIMITED,124936914.0
GODREJCP,2014-03-31,Independent,,0.0
GODREJCP,2014-06-30,Independent,,0.0
GODREJCP,2014-09-30,Independent,,0.0
GODREJCP,2014-12-31,Independent,,0.0
GODREJCP,2015-03-31,Independent,,0.0
GODREJCP,2015-06-30,Independent,,0.0
GODREJCP,2015-09-30,Independent,,0.0
GODREJCP,2015-12-31,Independent,Godrej & Boyce Mfg Co. Limited,118503815.0
GODREJCP,2016-03-31,Independent,Godrej & Boyce Mfg Co. Limited,118503815.0
GODREJCP,2016-06-30,Independent,Godrej & Boyce Mfg Co. Limited,118503815.0
GODREJCP,2016-09-30,Independent,Godrej & Boyce Mfg Co. Limited,118503815.0
GODREJCP,2016-12-31,Independent,Body Corporate,199441435.0
GODREJCP,2017-03-31,Independent,Body Corporate,199441435.0
GODREJCP,2017-06-27,Independent,Body Corporate,398882870.0
GODREJCP,2017-06-30,Independent,Body Corporate,398882870.0
GODREJCP,2017-09-30,Independent,Body Corporate,398882870.0
GODREJCP,2017-12-31,Independent,Body Corporate,398882870.0
GODREJCP,2018-03-31,Independent,Godrej Seeds & Genetics Limited,187000000.0
GODREJCP,2018-06-30,Independent,Godrej Seeds & Genetics Limited,187000000.0
GODREJCP,2018-09-17,Independent,Godrej Seeds & Genetics Limited,280500000.0
GODREJCP,2018-09-30,Independent,Godrej Seeds & Genetics Limited,280500000.0
GODREJCP,2018-12-31,Independent,Godrej Seeds & Genetics Limited,280500000.0
GODREJCP,2019-03-31,Independent,GODREJ SEEDS & GENETICS LIMITED,280500000.0
GODREJCP,2019-06-30,Independent,GODREJ SEEDS & GENETICS LIMITED,280500000.0
GODREJCP,2019-09-30,Independent,GODREJ SEEDS & GENETICS LIMITED,280500000.0
GODREJCP,2019-12-31,Independent,GODREJ SEEDS & GENETICS LIMITED,280500000.0
GODREJCP,2020-03-31,Independent,GODREJ SEEDS & GENETICS LIMITED,280500000.0
GODREJCP,2020-06-30,Independent,GODREJ SEEDS & GENETICS LIMITED,280500000.0
GODREJCP,2020-09-30,Independent,GODREJ SEEDS & GENETICS LIMITED,280500000.0
GODREJCP,2020-12-31,Independent,GODREJ SEEDS & GENETICS LIMITED,280500000.0
GODREJCP,2021-03-31,Independent,GODREJ SEEDS & GENETICS LIMITED,280500000.0
GODREJCP,2021-06-30,Independent,GODREJ SEEDS & GENETICS LIMITED,280500000.0
GODREJCP,2021-09-30,Independent,GODREJ SEEDS & GENETICS LIMITED,280500000.0
GODREJCP,2021-12-31,Independent,GODREJ SEEDS & GENETICS LIMITED,280500000.0
GODREJCP,2022-03-31,Independent,GODREJ SEEDS & GENETICS LIMITED,280500000.0
GODREJCP,2022-06-30,Independent,GODREJ SEEDS & GENETICS LIMITED,280500000.0
GODREJCP,2022-09-30,Independent,GODREJ SEEDS & GENETICS LIMITED,280500000.0
GODREJCP,2022-12-31,Independent,GODREJ SEEDS & GENETICS LIMITED,280500000.0
GODREJCP,2023-03-31,Independent,GODREJ SEEDS & GENETICS LIMITED,280500000.0
GODREJCP,2023-06-30,Independent,GODREJ SEEDS & GENETICS LIMITED,280500000.0
GODREJCP,2023-09-30,Independent,GODREJ SEEDS & GENETICS LIMITED,280500000.0
GODREJCP,2023-12-31,Independent,GODREJ SEEDS & GENETICS LIMITED,280500000.0
GODREJCP,2024-03-31,Independent,GODREJ SEEDS & GENETICS LIMITED,280500000.0
GODREJCP,2024-06-30,Independent,GODREJ SEEDS & GENETICS LIMITED,280500000.0
GODREJCP,2024-09-30,Independent,GODREJ SEEDS & GENETICS LIMITED,283557000.0
GODREJCP,2024-12-31,Independent,GODREJ SEEDS & GENETICS LIMITED,283557000.0
GODREJCP,2025-03-31,Independent,GODREJ SEEDS & GENETICS LIMITED,283557000.0
GODREJCP,2025-06-30,Independent,Godrej Seeds  & Genetics Limited,283557000.0
GODREJCP,2025-09-30,Independent,Godrej Seeds  & Genetics Limited,283557000.0
GODREJCP,2025-12-31,Independent,Godrej Seeds  & Genetics Limited,283557000.0
GODREJIND,2014-03-31,Independent,,0.0
GODREJIND,2014-06-30,Independent,,0.0
GODREJIND,2014-09-30,Independent,,0.0
GODREJIND,2014-12-31,Independent,,0.0
GODREJIND,2015-03-31,Independent,,0.0
GODREJIND,2015-06-30,Independent,,0.0
GODREJIND,2015-09-30,Independent,,0.0
GODREJIND,2015-12-31,Independent,GODREJ AND BOYCE MFG CO LTD,193904681.0
GODREJIND,2016-03-31,Independent,GODREJ AND BOYCE MFG CO LTD,193904681.0
GODREJIND,2016-06-30,Independent,GODREJ AND BOYCE MFG CO LTD,193904681.0
GODREJIND,2016-09-30,Independent,GODREJ AND BOYCE MFG CO LTD,193904681.0
GODREJIND,2016-12-31,Independent,Body Corporate,193904681.0
GODREJIND,2017-03-31,Independent,Body Corporate,193904681.0
GODREJIND,2017-06-30,Independent,Body Corporate,193904681.0
GODREJIND,2017-09-30,Independent,Body Corporate,193904681.0
GODREJIND,2017-12-31,Independent,Body Corporate,193904681.0
GODREJIND,2018-03-31,Independent,VORA SOAPS LIMITED,193904681.0
GODREJIND,2018-06-30,Independent,VORA SOAPS LIMITED,193904681.0
GODREJIND,2018-09-30,Independent,VORA SOAPS LIMITED,193904681.0
GODREJIND,2018-12-31,Independent,VORA SOAPS LIMITED,193904681.0
GODREJIND,2019-01-14,Independent,RISHAD KAIKHUSHRU NAOROJI (As a Partner of RKN Enterprises),42583272.0
GODREJIND,2019-03-31,Independent,RISHAD KAIKHUSHRU NAOROJI & OTHERS (PARTNERS OF RKN ENTERPRISES),42583272.0
GODREJIND,2019-06-30,Independent,Partnership Firms,42583272.0
GODREJIND,2019-09-30,Independent,Partnership Firms,42583272.0
GODREJIND,2019-12-31,Independent,Partnership Firms,42583272.0
GODREJIND,2020-03-31,Independent,Partnership Firms,42583272.0
GODREJIND,2020-06-30,Independent,Partnership Firms,42583272.0
GODREJIND,2020-09-30,Independent,Partnership Firms,42583272.0
GODREJIND,2020-12-31,Independent,Partnership Firms,42583272.0
GODREJIND,2021-03-31,Independent,Partnership Firms,42583272.0
GODREJIND,2021-06-30,Independent,Partnership Firms,42583272.0
GODREJIND,2021-09-30,Independent,Partnership Firms,42583272.0
GODREJIND,2021-12-31,Independent,Partnership Firms,42583272.0
GODREJIND,2022-03-31,Independent,Partnership Firms,42583272.0
GODREJIND,2022-06-30,Independent,Partnership Firms,42583272.0
GODREJIND,2022-09-30,Independent,Partnership Firms,42583272.0
GODREJIND,2022-12-31,Independent,Partnership Firms,42583272.0
GODREJIND,2023-03-31,Independent,RISHAD KAIKHUSHRU NAOROJI & OTHERS (PARTNERS OF RKN ENTERPRISES),42583272.0
GODREJIND,2023-06-30,Independent,RISHAD KAIKHUSHRU NAOROJI & OTHERS (PARTNERS OF RKN ENTERPRISES),42583272.0
GODREJIND,2023-09-30,Independent,Partnership Firms,42583272.0
GODREJIND,2023-12-31,Independent,Partnership Firms,42583272.0
GODREJIND,2024-03-31,Independent,Partnership Firms,42583272.0
GODREJIND,2024-06-30,Independent,Partnership Firms,42583272.0
GODREJIND,2024-09-30,Independent,NADIR B GODREJ,69674908.0
GODREJIND,2024-12-31,Independent,NADIR B GODREJ,69674908.0
GODREJIND,2025-03-31,Independent,NADIR  GODREJ,69674908.0
GODREJIND,2025-06-30,Independent,NADIR  GODREJ,69674908.0
GODREJIND,2025-09-30,Independent,NADIR  GODREJ,69674908.0
GODREJIND,2025-12-31,Independent,NADIR GODREJ,69674908.0
GODREJPROP,2014-03-31,Independent,,0.0
GODREJPROP,2014-06-30,Independent,,0.0
GODREJPROP,2014-09-30,Independent,,0.0
GODREJPROP,2014-12-31,Independent,,0.0
GODREJPROP,2015-03-31,Independent,,0.0
GODREJPROP,2015-06-30,Independent,,0.0
GODREJPROP,2015-09-30,Independent,,0.0
GODREJPROP,2015-12-31,Independent,GODREJ INDUSTRIES LIMITED,103975510.0
GODREJPROP,2016-03-31,Independent,Bodies Corporates,142154926.0
GODREJPROP,2016-06-30,Independent,Bodies Corporates,142154926.0
GODREJPROP,2016-09-30,Independent,BODIES CORPORATES,142154926.0
GODREJPROP,2016-12-31,Independent,Body Corporate,142154926.0
GODREJPROP,2017-03-31,Independent,Body Corporate,142154926.0
GODREJPROP,2017-06-30,Independent,Body Corporate,142154926.0
GODREJPROP,2017-09-30,Independent,Body Corporate,142154926.0
GODREJPROP,2017-12-31,Independent,Body Corporate,142154926.0
GODREJPROP,2018-03-31,Independent,GODREJ INDUSTRIES LIMITED,122681066.0
GODREJPROP,2018-06-08,Independent,GODREJ INDUSTRIES LIMITED,122681066.0
GODREJPROP,2018-06-30,Independent,GODREJ INDUSTRIES LIMITED,122681066.0
GODREJPROP,2018-09-30,Independent,GODREJ INDUSTRIES LIMITED,123027510.0
GODREJPROP,2018-12-31,Independent,GODREJ INDUSTRIES LIMITED,123027510.0
GODREJPROP,2019-03-31,Independent,GODREJ INDUSTRIES LIMITED,123027510.0
GODREJPROP,2019-06-29,Independent,GODREJ INDUSTRIES LIMITED,123027510.0
GODREJPROP,2019-06-30,Independent,GODREJ INDUSTRIES LIMITED,123027510.0
GODREJPROP,2019-09-30,Independent,GODREJ INDUSTRIES LIMITED,123027510.0
GODREJPROP,2019-12-31,Independent,GODREJ INDUSTRIES LIMITED,123027510.0
GODREJPROP,2020-03-31,Independent,GODREJ INDUSTRIES LIMITED,123027510.0
GODREJPROP,2020-06-30,Independent,GODREJ INDUSTRIES LIMITED,124409820.0
GODREJPROP,2020-09-30,Independent,GODREJ INDUSTRIES LIMITED,124409820.0
GODREJPROP,2020-12-31,Independent,GODREJ INDUSTRIES LIMITED,124409820.0
GODREJPROP,2021-03-16,Independent,GODREJ INDUSTRIES LIMITED,124409820.0
GODREJPROP,2021-03-31,Independent,Godrej Industries Limited,124409820.0
GODREJPROP,2021-06-30,Independent,Godrej Industries Limited,131452194.0
GODREJPROP,2021-09-30,Independent,Godrej Industries Limited,131452194.0
GODREJPROP,2021-12-31,Independent,Godrej Industries Limited,131452194.0
GODREJPROP,2022-03-31,Independent,Godrej Industries Limited,131452194.0
GODREJPROP,2022-06-30,Independent,Godrej Industries Limited,131452194.0
GODREJPROP,2022-09-30,Independent,Godrej Industries Limited,131618294.0
GODREJPROP,2022-12-31,Independent,Godrej Industries Limited,131618294.0
GODREJPROP,2023-03-31,Independent,Godrej Industries Limited,131618294.0
GODREJPROP,2023-06-30,Independent,Godrej Industries Limited,131618294.0
GODREJPROP,2023-09-30,Independent,Godrej Industries Limited,131618294.0
GODREJPROP,2023-12-31,Independent,Godrej Industries Limited,131618294.0
GODREJPROP,2024-03-31,Independent,Godrej Industries Limited,131618294.0
GODREJPROP,2024-06-30,Independent,Godrej Industries Limited,131618294.0
GODREJPROP,2024-09-30,Independent,Godrej Industries Limited,131618294.0
GODREJPROP,2024-12-03,Independent,Godrej Industries Limited,131618294.0
GODREJPROP,2024-12-31,Independent,Godrej Industries Limited,134849594.0
GODREJPROP,2025-03-31,Independent,Godrej Industries Limited,134849594.0
GODREJPROP,2025-06-30,Independent,Godrej Industries Limited,134849594.0
GODREJPROP,2025-09-30,Independent,Godrej Industries Limited,134849594.0
GODREJPROP,2025-12-31,Independent,Godrej Industries Limited,134849594.0
GPPL,2014-03-31,Independent,,0.0
GPPL,2014-06-30,Independent,,0.0
GPPL,2014-09-30,Independent,,0.0
GPPL,2014-12-31,Independent,,0.0
GPPL,2015-03-31,Independent,,0.0
GPPL,2015-06-30,Independent,,0.0
GPPL,2015-09-30,Independent,,0.0
GPPL,2015-12-31,Independent,APM Terminals Mauritius Limited,207903931.0
GPPL,2016-03-31,Independent,APM Terminals Mauritius Limited,207903931.0
GPPL,2016-06-30,Independent,APM Terminals Mauritius Limited,207903931.0
GPPL,2016-09-30,Independent,APM TERMINALS MAURITIUS LIMITED,207903931.0
GPPL,2016-12-31,Independent,APM TERMINALS MAURITIUS LIMITED,207903931.0
GPPL,2017-03-31,Independent,APM TERMINALS MAURITIUS LIMITED,207903931.0
GPPL,2017-06-30,Independent,APM TERMINALS MAURITIUS LIMITED,207903931.0
GPPL,2017-09-30,Independent,APM TERMINALS MAURITIUS LIMITED,207903931.0
GPPL,2017-12-31,Independent,APM Terminals Mauritius Limited,207903931.0
GPPL,2018-03-31,Independent,APM Terminals Mauritius Limited,207903931.0
GPPL,2018-06-30,Independent,APM Terminals Mauritius Limited,207903931.0
GPPL,2018-09-30,Independent,APM Terminals Mauritius Limited,207903931.0
GPPL,2018-12-31,Independent,APM Terminals Mauritius Limited,207903931.0
GPPL,2019-03-31,Independent,APM Terminals Mauritius Limited,207903931.0
GPPL,2019-06-30,Independent,APM Terminals Mauritius Limited,207903931.0
GPPL,2019-09-30,Independent,APM TERMINALS MAURITIUS LIMITED,207903931.0
GPPL,2019-12-31,Independent,APM TERMINALS MAURITIUS LIMITED,207903931.0
GPPL,2020-03-31,Independent,APM TERMINALS MAURITIUS LIMITED,207903931.0
GPPL,2020-06-30,Independent,APM TERMINALS MAURITIUS LIMITED,212738931.0
GPPL,2020-09-30,Independent,APM TERMINALS MAURITIUS LIMITED,212738931.0
GPPL,2020-12-31,Independent,APM TERMINALS MAURITIUS LIMITED,212738931.0
GPPL,2021-03-31,Independent,APM TERMINALS MAURITIUS LIMITED,212738931.0
GPPL,2021-06-30,Independent,APM TERMINALS MAURITIUS LIMITED,212738931.0
GPPL,2021-09-30,Independent,APM TERMINALS MAURITIUS LIMITED,212738931.0
GPPL,2021-12-31,Independent,APM TERMINALS MAURITIUS LIMITED,212738931.0
GPPL,2022-03-31,Independent,APM TERMINALS MAURITIUS LIMITED,212738931.0
GPPL,2022-06-30,Independent,APM TERMINALS MAURITIUS LIMITED,212738931.0
GPPL,2022-09-30,Independent,APM TERMINALS MAURITIUS LIMITED,212738931.0
GPPL,2022-12-31,Independent,APM TERMINALS MAURITIUS LIMITED,212738931.0
GPPL,2023-03-31,Independent,APM TERMINALS MAURITIUS LIMITED,212738931.0
GPPL,2023-06-30,Independent,APM TERMINALS MAURITIUS LIMITED,212738931.0
GPPL,2023-09-30,Independent,APM TERMINALS MAURITIUS LIMITED,212738931.0
GPPL,2023-12-31,Independent,APM TERMINALS MAURITIUS LIMITED,212738931.0
GPPL,2024-03-31,Independent,APM Terminals Mauritius Limited,212738931.0
GPPL,2024-06-30,Independent,APM Terminals Mauritius Limited,212738931.0
GPPL,2024-09-30,Independent,APM Terminals Mauritius Limited,212738931.0
GPPL,2024-12-31,Independent,APM TERMINALS MAURITIUS LIMITED,212738931.0
GPPL,2025-03-31,Independent,APM TERMINALS MAURITIUS LIMITED,212738931.0
GPPL,2025-06-30,Independent,APM TERMINALS MAURITIUS LIMITED,212738931.0
GPPL,2025-09-30,Independent,APM TERMINALS MAURITIUS LIMITED,212738931.0
GPPL,2025-12-31,Independent,APM Terminals Mauritius Limited,212738931.0
GRAPHITE,2014-03-31,Independent,,0.0
GRAPHITE,2014-06-30,Independent,,0.0
GRAPHITE,2014-09-30,Independent,,0.0
GRAPHITE,2014-12-31,Independent,,0.0
GRAPHITE,2015-03-31,Independent,,0.0
GRAPHITE,2015-06-30,Independent,,0.0
GRAPHITE,2015-09-30,Independent,,0.0
GRAPHITE,2015-12-31,Independent,EMERALD COMPANY LIMITED,113739419.0
GRAPHITE,2016-03-31,Independent,EMERALD COMPANY LIMITED,119579419.0
GRAPHITE,2016-06-30,Independent,EMERALD COMPANY LIMITED,119579419.0
GRAPHITE,2016-09-30,Independent,EMERALD COMPANY LIMITED,119579419.0
GRAPHITE,2016-12-31,Independent,Body Corporate,124850314.0
GRAPHITE,2017-03-31,Independent,Body Corporate,124850314.0
GRAPHITE,2017-06-30,Independent,Body Corporate,124850314.0
GRAPHITE,2017-09-30,Independent,Body Corporate,124850314.0
GRAPHITE,2017-12-31,Independent,Body Corporate,124850314.0
GRAPHITE,2018-03-31,Independent,EMERALD COMPANY PRIVATE LIMITED,119579419.0
GRAPHITE,2018-06-30,Independent,EMERALD COMPANY PRIVATE LIMITED,119579419.0
GRAPHITE,2018-09-30,Independent,EMERALD COMPANY PRIVATE LIMITED,119579419.0
GRAPHITE,2018-12-31,Independent,Emerald Company Private Limited,119579419.0
GRAPHITE,2019-03-31,Independent,Emerald Company Private Limited,119579419.0
GRAPHITE,2019-06-30,Independent,Emerald Company Private Limited,119579419.0
GRAPHITE,2019-09-30,Independent,Emerald Company Private Limited,119579419.0
GRAPHITE,2019-12-31,Independent,Emerald Company Private Limited,119579419.0
GRAPHITE,2020-03-31,Independent,Emerald Company Private Limited,119675004.0
GRAPHITE,2020-06-30,Independent,Emerald Company Private Limited,119823336.0
GRAPHITE,2020-09-30,Independent,Emerald Company Private Limited,119823336.0
GRAPHITE,2020-12-31,Independent,Emerald Company Private Limited,119823336.0
GRAPHITE,2021-03-31,Independent,Emerald Company Private Limited,119823336.0
GRAPHITE,2021-06-30,Independent,Emerald Company Private Limited,119823336.0
GRAPHITE,2021-09-30,Independent,Emerald Company Private Limited,119823336.0
GRAPHITE,2021-12-31,Independent,Emerald Company Private Limited,119823336.0
GRAPHITE,2022-03-31,Independent,Emerald Company Private Limited,119823336.0
GRAPHITE,2022-06-30,Independent,Emerald Company Private Limited,119823336.0
GRAPHITE,2022-09-30,Independent,Emerald Company Private Limited,119823336.0
GRAPHITE,2022-12-31,Independent,Emerald Company Private Limited,119823336.0
GRAPHITE,2023-03-31,Independent,Emerald Company Private Limited,119823336.0
GRAPHITE,2023-06-30,Independent,Emerald Company Private Limited,119823336.0
GRAPHITE,2023-09-30,Independent,Emerald Company Private Limited,119823336.0
GRAPHITE,2023-12-31,Independent,Emerald Company Private Limited,119823336.0
GRAPHITE,2024-03-31,Independent,Emerald Company Private Limited,119823336.0
GRAPHITE,2024-06-30,Independent,Emerald Company Private Limited,119823336.0
GRAPHITE,2024-09-30,Independent,Emerald Company Private Limited,119823336.0
GRAPHITE,2024-12-31,Independent,Emerald Company Private Limited,119823336.0
GRAPHITE,2025-03-31,Independent,Emerald Company Private Limited,119823336.0
GRAPHITE,2025-06-30,Independent,Emerald Company Private Limited,119823336.0
GRAPHITE,2025-09-30,Independent,Emerald Company Private Limited,119823336.0
GRAPHITE,2025-12-31,Independent,Emerald Company Private Limited,119823336.0
GRASIM,2014-03-31,Independent,,0.0
GRASIM,2014-06-30,Independent,,0.0
GRASIM,2014-09-30,Independent,,0.0
GRASIM,2014-12-31,Independent,,0.0
GRASIM,2015-03-31,Independent,,0.0
GRASIM,2015-06-30,Independent,,0.0
GRASIM,2015-09-30,Independent,,0.0
GRASIM,2015-12-31,Birla,HINDALCO INDUSTRIES LIMITED,2299059.0
GRASIM,2016-03-31,Birla,HINDALCO INDUSTRIES LIMITED,3049370.0
GRASIM,2016-06-30,Birla,HINDALCO INDUSTRIES LIMITED,3049370.0
GRASIM,2016-09-30,Birla,HINDALCO INDUSTRIES LIMITED,3049370.0
GRASIM,2016-12-31,Birla,HINDALCO INDUSTRIES LIMITED,15246850.0
GRASIM,2017-03-31,Birla,HINDALCO INDUSTRIES LIMITED,15246850.0
GRASIM,2017-06-30,Birla,HINDALCO INDUSTRIES LIMITED,15246850.0
GRASIM,2017-09-30,Birla,HINDALCO INDUSTRIES LIMITED,28222468.0
GRASIM,2017-12-31,Birla,HINDALCO INDUSTRIES LIMITED,28222468.0
GRASIM,2018-03-31,Birla,HINDALCO INDUSTRIES LIMITED,28222468.0
GRASIM,2018-06-30,Birla,HINDALCO INDUSTRIES LIMITED,28222468.0
GRASIM,2018-09-30,Birla,HINDALCO INDUSTRIES LIMITED,28222468.0
GRASIM,2018-12-31,Birla,HINDALCO INDUSTRIES LIMITED,28222468.0
GRASIM,2019-03-31,Birla,HINDALCO INDUSTRIES LIMITED,28222468.0
GRASIM,2019-06-30,Birla,HINDALCO INDUSTRIES LIMITED,28222468.0
GRASIM,2019-09-30,Birla,BIRLA GROUP HOLDINGS PRIVATE LIMITED,125004398.0
GRASIM,2019-12-31,Birla,BIRLA GROUP HOLDINGS PRIVATE LIMITED,125004398.0
GRASIM,2020-03-31,Birla,BIRLA GROUP HOLDINGS PRIVATE LIMITED,125004398.0
GRASIM,2020-06-30,Birla,BIRLA GROUP HOLDINGS PRIVATE LIMITED,125004398.0
GRASIM,2020-09-30,Birla,BIRLA GROUP HOLDINGS PRIVATE LIMITED,125004398.0
GRASIM,2020-12-31,Birla,BIRLA GROUP HOLDINGS PRIVATE LIMITED,125004398.0
GRASIM,2021-03-31,Birla,BIRLA GROUP HOLDINGS PRIVATE LIMITED,125004398.0
GRASIM,2021-06-30,Birla,BIRLA GROUP HOLDINGS PRIVATE LIMITED,125004398.0
GRASIM,2021-09-30,Birla,BIRLA GROUP HOLDINGS PRIVATE LIMITED,125004398.0
GRASIM,2021-12-31,Birla,BIRLA GROUP HOLDINGS PRIVATE LIMITED,125004398.0
GRASIM,2022-03-31,Birla,BIRLA GROUP HOLDINGS PRIVATE LIMITED,125004398.0
GRASIM,2022-06-30,Birla,BIRLA GROUP HOLDINGS PRIVATE LIMITED,125004398.0
GRASIM,2022-09-30,Birla,BIRLA GROUP HOLDINGS PRIVATE LIMITED,125004398.0
GRASIM,2022-12-31,Birla,BIRLA GROUP HOLDINGS PRIVATE LIMITED,125004398.0
GRASIM,2023-03-31,Birla,BIRLA GROUP HOLDINGS PRIVATE LIMITED,125004398.0
GRASIM,2023-06-30,Birla,BIRLA GROUP HOLDINGS PRIVATE LIMITED,125004398.0
GRASIM,2023-09-30,Birla,BIRLA GROUP HOLDINGS PRIVATE LIMITED,125004398.0
GRASIM,2023-12-31,Birla,BIRLA GROUP HOLDINGS PRIVATE LIMITED,125004398.0
GRASIM,2024-02-02,Birla,BIRLA GROUP HOLDINGS PRIVATE LIMITED,129973507.0
GRASIM,2024-03-31,Birla,BIRLA GROUP HOLDINGS PRIVATE LIMITED,126246675.0
GRASIM,2024-06-30,Birla,BIRLA GROUP HOLDINGS PRIVATE LIMITED,153258738.0
GRASIM,2024-09-30,Birla,BIRLA GROUP HOLDINGS PRIVATE LIMITED,154766817.0
GRASIM,2024-12-31,Birla,BIRLA GROUP HOLDINGS PRIVATE LIMITED,154766817.0
GRASIM,2025-03-31,Birla,BIRLA GROUP HOLDINGS PRIVATE LIMITED,157782973.0
GRASIM,2025-06-30,Birla,BIRLA GROUP HOLDINGS PRIVATE LIMITED,157782973.0
GRASIM,2025-09-30,Birla,BIRLA GROUP HOLDINGS PRIVATE LIMITED,157782973.0
GRASIM,2025-12-31,Birla,BIRLA GROUP HOLDINGS PRIVATE LIMITED,157782973.0
GRUH,2014-03-31,Independent,,0.0
GRUH,2014-06-30,Independent,,0.0
GRUH,2014-09-30,Independent,,0.0
GRUH,2014-12-31,Independent,,0.0
GRUH,2015-03-31,Independent,,0.0
GRUH,2015-06-30,Independent,,0.0
GRUH,2015-09-30,Independent,,0.0
GRUH,2015-12-31,Independent,Bodies Corporate - Housing Development Finance Corporation Limited,213077850.0
GRUH,2016-03-31,Independent,Housing Development Finance Corporation Limited,213077850.0
GRUH,2016-06-30,Independent,Housing Development Finance Corporation Limited,213077850.0
GRUH,2016-09-30,Independent,Housing Development Finance Corporation Limited,213077850.0
GRUH,2016-12-31,Independent,Body Corporate,213077850.0
GRUH,2017-03-31,Independent,Body Corporate,213077850.0
GRUH,2017-06-30,Independent,Body Corporate,213077850.0
GRUH,2017-09-30,Independent,Housing Development Finance Corporation Limited,211877850.0
GRUH,2017-12-31,Independent,Body Corporate,211877850.0
GRUH,2018-03-31,Independent,Housing Development Finance Corporation Limited,211877850.0
GRUH,2018-06-08,Independent,Housing Development Finance Corporation Limited,423755700.0
GRUH,2018-06-30,Independent,Housing Development Finance Corporation Limited,423755700.0
GRUH,2018-09-30,Independent,Housing Development Finance Corporation Limited,423755700.0
GRUH,2018-12-31,Independent,Housing Development Finance Corporation Limited,423755700.0
GRUH,2019-03-31,Independent,Housing Development Finance Corporation Limited,411555700.0
GRUH,2019-06-30,Independent,Housing Development Finance Corporation Limited,347968926.0
GSKCONS,2014-03-31,Independent,,0.0
GSKCONS,2014-06-30,Independent,,0.0
GSKCONS,2014-09-30,Independent,,0.0
GSKCONS,2014-12-31,Independent,,0.0
GSKCONS,2015-03-31,Independent,,0.0
GSKCONS,2015-06-30,Independent,,0.0
GSKCONS,2015-09-30,Independent,,0.0
GSKCONS,2015-12-31,Independent,HORLICKS LIMITED,18152243.0
GSKCONS,2016-03-31,Independent,Horlicks Limited,43.0
GSKCONS,2016-06-30,Independent,Horlicks Limited,18152243.0
GSKCONS,2016-09-30,Independent,Horlicks Limited,18152243.0
GSKCONS,2016-12-31,Independent,Body Corporate,30471992.0
GSKCONS,2017-03-31,Independent,Body Corporate,30471992.0
GSKCONS,2017-06-30,Independent,Body Corporate,30471992.0
GSKCONS,2017-09-30,Independent,Body Corporate,30471992.0
GSKCONS,2017-12-31,Independent,Body Corporate,30471992.0
GSKCONS,2018-03-31,Independent,Horlicks Limited,18152243.0
GSKCONS,2018-06-30,Independent,Horlicks Limited,18152243.0
GSKCONS,2018-09-30,Independent,HORLICKS LIMITED,18152243.0
GSKCONS,2018-12-31,Independent,HORLICKS LIMITED,18152243.0
GSKCONS,2019-03-31,Independent,HORLICKS LIMITED,18152243.0
GSKCONS,2019-06-30,Independent,HORLICKS LIMITED,18152243.0
GSKCONS,2019-09-30,Independent,HORLICKS LIMITED,18152243.0
GSKCONS,2019-12-31,Independent,HORLICKS LIMITED,18152243.0
GSPL,2014-03-31,Independent,,0.0
GSPL,2014-06-30,Independent,,0.0
GSPL,2014-09-30,Independent,,0.0
GSPL,2014-12-31,Independent,,0.0
GSPL,2015-03-31,Independent,,0.0
GSPL,2015-06-30,Independent,,0.0
GSPL,2015-09-30,Independent,,0.0
GSPL,2015-12-31,Independent,Gujarat State Petroleum Corporation Limited,212305270.0
GSPL,2016-03-31,Independent,Body Corporate - Promoter,212305270.0
GSPL,2016-06-30,Independent,Bodies Corporate - Promoter,212305270.0
GSPL,2016-09-30,Independent,Gujarat State Petroleum Corporation Limited,212305270.0
GSPL,2016-12-31,Independent,Body Corporate,212305270.0
GSPL,2017-03-31,Independent,Body Corporate,212305270.0
GSPL,2017-06-30,Independent,Body Corporate,212305270.0
GSPL,2017-09-30,Independent,Body Corporate,212305270.0
GSPL,2017-12-31,Independent,Body Corporate,212305270.0
GSPL,2018-03-31,Independent,Gujarat State Petroleum Corporation Limited,212305270.0
GSPL,2018-06-30,Independent,Gujarat State Petroleum Corporation Limited,212305270.0
GSPL,2018-09-30,Independent,GUJARAT STATE PETROLEUM CORPORATION LTD,212305270.0
GSPL,2018-12-31,Independent,GUJARAT STATE PETROLEUM CORPORATION LIMITED,212305270.0
GSPL,2019-03-31,Independent,GUJARAT STATE PETROLEUM CORPORATION LTD,212305270.0
GSPL,2019-06-30,Independent,GUJARAT STATE PETROLEUM CORPORATION LIMITED,212305270.0
GSPL,2019-09-30,Independent,Gujarat State Petroleum Corporation Limited,212305270.0
GSPL,2019-12-31,Independent,Gujarat State Petroleum Corporation Limited,212305270.0
GSPL,2020-03-31,Independent,Gujarat State Petroleum Corporation Limited,212305270.0
GSPL,2020-06-30,Independent,Gujarat State Petroleum Corporation Limited,212305270.0
GSPL,2020-09-30,Independent,Gujarat State Petroleum Corporation Limited,212305270.0
GSPL,2020-12-31,Independent,Gujarat State Petroleum Corporation Limited,212305270.0
GSPL,2021-03-31,Independent,Gujarat State Petroleum Corporation Limited,212305270.0
GSPL,2021-06-30,Independent,Gujarat State Petroleum Corporation Limited,212305270.0
GSPL,2021-09-30,Independent,Gujarat State Petroleum Corporation Limited,212305270.0
GSPL,2021-12-31,Independent,Gujarat State Petroleum Corporation Limited,212305270.0
GSPL,2022-03-31,Independent,1,212305270.0
GSPL,2022-06-30,Independent,GUJARAT STATE PETROLEUM CORPORATION LIMITED,212305270.0
GSPL,2022-09-30,Independent,Gujarat State Petroleum Corporation Limited,212305270.0
GSPL,2022-12-31,Independent,Gujarat State Petroleum Corporation Limited,212305270.0
GSPL,2023-03-31,Independent,GUJARAT STATE PETROLEUM CORPORATION LTD,212305270.0
GSPL,2023-06-30,Independent,Gujarat State Petroleum Corporation Limited,212305270.0
GSPL,2023-09-30,Independent,Gujarat State Petroleum Corporation Limited,212305270.0
GSPL,2023-12-31,Independent,GUJARAT STATE PETROLEUM CORPORATION LTD,212305270.0
GSPL,2024-03-31,Independent,GUJARAT STATE PETROLEUM CORPORATION LTD,212305270.0
GSPL,2024-06-30,Independent,Gujarat State Petroleum Corporation Ltd,212305270.0
GSPL,2024-09-30,Independent,GUJARAT STATE PETROLEUM CORPORATION LTD,212305270.0
GSPL,2024-12-31,Independent,GUJARAT STATE PETROLEUM CORPORATION LIMITED,212305270.0
GSPL,2025-03-31,Independent,GUJARAT STATE PETROLEUM CORPORATION LIMITED,212305270.0
GSPL,2025-06-30,Independent,GUJARAT STATE PETROLEUM CORPORATION LIMITED,212305270.0
GSPL,2025-09-30,Independent,GUJARAT STATE PETROLEUM CORPORATION LTD,212305270.0
GSPL,2025-12-31,Independent,GUJARAT STATE PETROLEUM CORPORATION LTD,212305270.0
GUJGASLTD,2015-09-09,Independent,,0.0
GUJGASLTD,2015-09-25,Independent,,0.0
GUJGASLTD,2015-09-30,Independent,,0.0
GUJGASLTD,2015-12-31,GOI_PSU,Central Government/ State Government(s),8995462.0
GUJGASLTD,2016-03-31,GOI_PSU,Central Government/ State Government(s),8995462.0
GUJGASLTD,2016-06-30,GOI_PSU,Central Government/ State Government(s),8995462.0
GUJGASLTD,2016-09-30,GOI_PSU,Central Government/ State Government(s),8995462.0
GUJGASLTD,2016-12-31,GOI_PSU,Central Government/ State Government(s),8995462.0
GUJGASLTD,2017-03-31,GOI_PSU,Central Government/ State Government(s),8995462.0
GUJGASLTD,2017-06-30,GOI_PSU,Central Government/ State Government(s),8995462.0
GUJGASLTD,2017-09-30,GOI_PSU,Central Government/ State Government(s),8995462.0
GUJGASLTD,2017-12-31,GOI_PSU,Central Government/ State Government(s),8995462.0
GUJGASLTD,2018-03-31,GOI_PSU,Central Government/ State Government(s),8995462.0
GUJGASLTD,2018-06-30,GOI_PSU,Central Government/ State Government(s),8995462.0
GUJGASLTD,2018-09-30,GOI_PSU,Central Government/ State Government(s),8995462.0
GUJGASLTD,2018-12-31,GOI_PSU,Central Government/ State Government(s),8995462.0
GUJGASLTD,2019-01-16,GOI_PSU,Central Government/ State Government(s),44977310.0
GUJGASLTD,2019-03-31,GOI_PSU,Central Government/ State Government(s),44977310.0
GUJGASLTD,2019-06-30,GOI_PSU,Central Government/ State Government(s),44977310.0
GUJGASLTD,2019-09-30,GOI_PSU,Central Government/ State Government(s),44977310.0
GUJGASLTD,2019-12-31,GOI_PSU,Central Government/ State Government(s),44977310.0
GUJGASLTD,2020-03-31,GOI_PSU,Central Government/ State Government(s),44977310.0
GUJGASLTD,2020-06-30,GOI_PSU,Central Government/ State Government(s),44977310.0
GUJGASLTD,2020-09-30,GOI_PSU,Central Government/ State Government(s),44977310.0
GUJGASLTD,2020-12-31,GOI_PSU,Central Government/ State Government(s),44977310.0
GUJGASLTD,2021-03-31,GOI_PSU,Central Government/ State Government(s),44977310.0
GUJGASLTD,2021-06-30,GOI_PSU,Central Government/ State Government(s),44977310.0
GUJGASLTD,2021-09-30,GOI_PSU,Central Government/ State Government(s),44977310.0
GUJGASLTD,2021-12-31,GOI_PSU,Central Government/ State Government(s),44977310.0
GUJGASLTD,2022-03-31,GOI_PSU,Central Government/ State Government(s),44977310.0
GUJGASLTD,2022-06-30,GOI_PSU,Central Government/ State Government(s),44977310.0
GUJGASLTD,2022-09-30,GOI_PSU,Central Government/ State Government(s),44977310.0
GUJGASLTD,2022-12-31,GOI_PSU,Central Government/ State Government(s),44977310.0
GUJGASLTD,2023-03-31,GOI_PSU,Central Government/ State Government(s),44977310.0
GUJGASLTD,2023-06-30,GOI_PSU,Central Government/ State Government(s),44977310.0
GUJGASLTD,2023-09-30,GOI_PSU,Central Government/ State Government(s),44977310.0
GUJGASLTD,2023-12-31,GOI_PSU,Central Government/ State Government(s),44977310.0
GUJGASLTD,2024-03-31,GOI_PSU,Central Government/ State Government(s),44977310.0
GUJGASLTD,2024-06-30,GOI_PSU,Central Government/ State Government(s),44977310.0
GUJGASLTD,2024-09-30,GOI_PSU,Central Government/ State Government(s),44977310.0
GUJGASLTD,2024-12-31,GOI_PSU,Central Government/ State Government(s),44977310.0
GUJGASLTD,2025-03-31,GOI_PSU,Central Government/ State Government(s),44977310.0
GUJGASLTD,2025-06-30,GOI_PSU,Central Government/ State Government(s),44977310.0
GUJGASLTD,2025-09-30,GOI_PSU,Central Government/ State Government(s),44977310.0
GUJGASLTD,2025-12-31,GOI_PSU,Central Government/ State Government(s),44977310.0
HAL,2018-03-27,GOI_PSU,Central Government/ State Government(s),300854780.0
HAL,2018-03-31,GOI_PSU,Central Government/ State Government(s),300854780.0
HAL,2018-06-30,GOI_PSU,Central Government/ State Government(s),300854780.0
HAL,2018-09-30,GOI_PSU,Central Government/ State Government(s),300854780.0
HAL,2018-12-31,GOI_PSU,Central Government/ State Government(s),300855180.0
HAL,2019-03-31,GOI_PSU,Central Government/ State Government(s),300855180.0
HAL,2019-06-30,GOI_PSU,Central Government/ State Government(s),300855180.0
HAL,2019-09-30,GOI_PSU,Central Government/ State Government(s),300855180.0
HAL,2019-12-31,GOI_PSU,Central Government/ State Government(s),300855180.0
HAL,2020-03-31,GOI_PSU,Central Government/ State Government(s),300855180.0
HAL,2020-06-30,GOI_PSU,Central Government/ State Government(s),300855180.0
HAL,2020-09-30,GOI_PSU,Central Government/ State Government(s),251292407.0
HAL,2020-12-31,GOI_PSU,Central Government/ State Government(s),251292407.0
HAL,2021-03-31,GOI_PSU,Central Government/ State Government(s),251292407.0
HAL,2021-06-30,GOI_PSU,Central Government/ State Government(s),251292407.0
HAL,2021-09-30,GOI_PSU,Central Government/ State Government(s),251292407.0
HAL,2021-12-31,GOI_PSU,Central Government/ State Government(s),251292407.0
HAL,2022-03-31,GOI_PSU,Central Government/ State Government(s),251292407.0
HAL,2022-06-30,GOI_PSU,Central Government/ State Government(s),251292407.0
HAL,2022-09-30,GOI_PSU,Central Government/ State Government(s),251292407.0
HAL,2022-12-31,GOI_PSU,Central Government/ State Government(s),251292407.0
HAL,2023-03-31,GOI_PSU,Central Government/ State Government(s),239588844.0
HAL,2023-06-30,GOI_PSU,Central Government/ State Government(s),239551212.0
HAL,2023-09-30,GOI_PSU,Central Government/ State Government(s),479102424.0
HAL,2023-12-31,GOI_PSU,Central Government/ State Government(s),479102424.0
HAL,2024-03-31,GOI_PSU,Central Government/ State Government(s),479102424.0
HAL,2024-06-30,GOI_PSU,Central Government/ State Government(s),479102424.0
HAL,2024-09-30,GOI_PSU,Central Government/ State Government(s),479102424.0
HAL,2024-12-31,GOI_PSU,Central Government/ State Government(s),479102424.0
HAL,2025-03-31,GOI_PSU,Central Government/ State Government(s),479102424.0
HAL,2025-06-30,GOI_PSU,Central Government/ State Government(s),479102424.0
HAL,2025-09-30,GOI_PSU,Central Government/ State Government(s),479102424.0
HAL,2025-12-31,GOI_PSU,Central Government/ State Government(s),479102424.0
HAVELLS,2014-03-31,Independent,,0.0
HAVELLS,2014-06-30,Independent,,0.0
HAVELLS,2014-09-30,Independent,,0.0
HAVELLS,2014-12-31,Independent,,0.0
HAVELLS,2015-03-31,Independent,,0.0
HAVELLS,2015-06-30,Independent,,0.0
HAVELLS,2015-09-30,Independent,,0.0
HAVELLS,2015-12-31,Independent,QRG Enterprises Limited,189858880.0
HAVELLS,2016-03-31,Independent,QRG Enterprises Limited,189858880.0
HAVELLS,2016-06-30,Independent,QRG Enterprises Limited,189858880.0
HAVELLS,2016-09-30,Independent,QRG Enterprises Limited,189858880.0
HAVELLS,2016-12-31,Independent,Body Corporate,258600540.0
HAVELLS,2017-03-31,Independent,Body Corporate,258600540.0
HAVELLS,2017-06-30,Independent,Body Corporate,258600540.0
HAVELLS,2017-09-30,Independent,Body Corporate,258600540.0
HAVELLS,2017-12-31,Independent,Body Corporate,258600540.0
HAVELLS,2018-03-31,Independent,QRG Enterprises Limited,189858880.0
HAVELLS,2018-06-30,Independent,QRG Enterprises Limited,189858880.0
HAVELLS,2018-09-30,Independent,QRG Enterprises Limited,189858880.0
HAVELLS,2018-12-31,Independent,QRG Enterprises Limited,189858880.0
HAVELLS,2019-03-31,Independent,QRG Enterprises Limited,189858880.0
HAVELLS,2019-06-30,Independent,QRG Enterprises Limited,189858880.0
HAVELLS,2019-09-30,Independent,QRG Enterprises Limited,189858880.0
HAVELLS,2019-12-31,Independent,QRG Enterprises Limited,189858880.0
HAVELLS,2020-03-31,Independent,QRG Enterprises Limited,189858880.0
HAVELLS,2020-06-30,Independent,QRG Enterprises Limited,189858880.0
HAVELLS,2020-09-30,Independent,QRG Enterprises Limited,189858880.0
HAVELLS,2020-12-31,Independent,QRG Enterprises Limited,189858880.0
HAVELLS,2021-03-31,Independent,QRG Enterprises Limited,189858880.0
HAVELLS,2021-06-30,Independent,QRG Enterprises Limited,189858880.0
HAVELLS,2021-09-30,Independent,QRG Enterprises Limited,189858880.0
HAVELLS,2021-12-31,Independent,QRG Enterprises Limited,189858880.0
HAVELLS,2022-03-31,Independent,QRG Enterprises Limited,189858880.0
HAVELLS,2022-06-30,Independent,QRG Enterprises Limited,189858880.0
HAVELLS,2022-09-30,Independent,QRG Enterprises Limited,189858880.0
HAVELLS,2022-12-31,Independent,QRG Investments and Holdings Limited,258600540.0
HAVELLS,2023-03-31,Independent,QRG Investments and Holdings Limited,258600540.0
HAVELLS,2023-06-30,Independent,QRG Investments and Holdings Limited,258600540.0
HAVELLS,2023-09-30,Independent,QRG Investments and Holdings Limited,258600540.0
HAVELLS,2023-12-31,Independent,QRG Investments and Holdings Limited,258600540.0
HAVELLS,2024-03-31,Independent,QRG Investments and Holdings Limited,258600540.0
HAVELLS,2024-06-30,Independent,QRG Investments and Holdings Limited,258600540.0
HAVELLS,2024-09-30,Independent,QRG Investments and Holdings Limited,258600540.0
HAVELLS,2024-12-31,Independent,QRG Investments and Holdings Limited,258600540.0
HAVELLS,2025-03-31,Independent,QRG Investments and Holdings Limited,258600540.0
HAVELLS,2025-06-30,Independent,QRG Investments and Holdings Limited,258600540.0
HAVELLS,2025-09-30,Independent,QRG Investments and Holdings Limited,258600540.0
HAVELLS,2025-12-31,Independent,QRG Investments and Holdings Limited,258600540.0
HCLTECH,2014-03-31,Independent,,0.0
HCLTECH,2014-06-30,Independent,,0.0
HCLTECH,2014-09-30,Independent,,0.0
HCLTECH,2014-12-31,Independent,,0.0
HCLTECH,2015-03-31,Independent,,0.0
HCLTECH,2015-06-30,Independent,,0.0
HCLTECH,2015-09-30,Independent,,0.0
HCLTECH,2015-12-31,Independent,Body Corporates-Vama Sundari Investments (Delhi) Pvt. Ltd.,600097024.0
HCLTECH,2016-03-31,Independent,Body Corporate,600097024.0
HCLTECH,2016-06-30,Independent,Vama Sundari Investments (Delhi) Priavte Limited,600097024.0
HCLTECH,2016-09-30,Independent,Vama Sundari Investments (Delhi) Priavte Limited,600097024.0
HCLTECH,2016-12-31,Independent,Body Corporate,600097024.0
HCLTECH,2017-03-31,Independent,Body Corporate,583347024.0
HCLTECH,2017-06-30,Independent,Vama Sundari Investments (Delhi) Pvt. Ltd.,595772024.0
HCLTECH,2017-07-07,Independent,Body Corporate,599571232.0
HCLTECH,2017-09-30,Independent,Body Corporate,602037011.0
HCLTECH,2017-12-31,Independent,Body Corporate,603992011.0
HCLTECH,2018-03-31,Independent,Vama Sundari Investments (Delhi) Pvt. Ltd.,587647744.0
HCLTECH,2018-06-30,Independent,Vama Sundari Investments (Delhi) Pvt. Ltd.,595147744.0
HCLTECH,2018-09-30,Independent,Vama Sundari Investments (Delhi) Pvt. Ltd.,595147744.0
HCLTECH,2018-12-31,Independent,Vama Sundari Investments (Delhi) Pvt. Ltd.,581855849.0
HCLTECH,2019-03-31,Independent,Vama Sundari Investments (Delhi) Pvt. Ltd.,581855849.0
HCLTECH,2019-06-30,Independent,Vama Sundari Investments (Delhi) Pvt. Ltd.,581855849.0
HCLTECH,2019-09-30,Independent,Vama Sundari Investments (Delhi) Pvt. Ltd.,581855849.0
HCLTECH,2019-12-10,Independent,Vamasundari Investments (Delhi) Pvt. Ltd.,1163711698.0
HCLTECH,2019-12-31,Independent,Vama Sundari Investments (Delhi) Pvt. Ltd.,1163711698.0
HCLTECH,2020-03-31,Independent,Vama Sundari Investments (Delhi) Pvt. Ltd.,1172772190.0
HCLTECH,2020-06-30,Independent,Vama Sundari Investments (Delhi) Pvt. Ltd.,1172772190.0
HCLTECH,2020-09-30,Independent,Vama Sundari Investments (Delhi) Pvt. Ltd.,1172772190.0
HCLTECH,2020-12-31,Independent,Vama Sundari Investments (Delhi) Pvt. Ltd.,1177357190.0
HCLTECH,2021-03-31,Independent,Vama Sundari Investments (Delhi) Pvt. Ltd.,1177357190.0
HCLTECH,2021-06-30,Independent,Vama Sundari Investments (Delhi) Pvt. Ltd.,1177357190.0
HCLTECH,2021-09-30,Independent,Vama Sundari Investments (Delhi) Pvt. Ltd.,1177357190.0
HCLTECH,2021-12-31,Independent,Vama Sundari Investments (Delhi) Pvt. Ltd.,1181307190.0
HCLTECH,2022-03-31,Independent,Vama Sundari Investments (Delhi) Pvt. Ltd.,1191720742.0
HCLTECH,2022-06-30,Independent,Vama Sundari Investments (Delhi) Pvt. Ltd.,1191720742.0
HCLTECH,2022-09-30,Independent,Vama Sundari Investments (Delhi) Pvt. Ltd.,1195852656.0
HCLTECH,2022-12-31,Independent,Vama Sundari Investments (Delhi) Pvt. Ltd.,1195852656.0
HCLTECH,2023-03-31,Independent,Vama Sundari Investments (Delhi) Pvt. Ltd.,1198549941.0
HCLTECH,2023-06-30,Independent,Vama Sundari Investments (Delhi) Pvt. Ltd.,1198549941.0
HCLTECH,2023-09-30,Independent,Vama Sundari Investments (Delhi) Pvt. Ltd.,1198549941.0
HCLTECH,2023-12-31,Independent,Vama Sundari Investments (Delhi) Pvt. Ltd.,1198549941.0
HCLTECH,2024-03-31,Independent,Vama Sundari Investments (Delhi) Pvt. Ltd.,1198549941.0
HCLTECH,2024-06-30,Independent,Vama Sundari Investments (Delhi) Pvt. Ltd.,1198549941.0
HCLTECH,2024-09-30,Independent,Vama Sundari Investments (Delhi) Pvt. Ltd.,1198549941.0
HCLTECH,2024-12-31,Independent,Vama Sundari Investments (Delhi) Pvt. Ltd.,1198549941.0
HCLTECH,2025-03-31,Independent,Vama Sundari Investments (Delhi) Pvt. Ltd.,1198549941.0
HCLTECH,2025-06-30,Independent,Vama Sundari Investments (Delhi) Pvt. Ltd.,1198549941.0
HCLTECH,2025-09-30,Independent,Vama Sundari Investments (Delhi) Pvt. Ltd.,1198549941.0
HCLTECH,2025-12-31,Independent,Vama Sundari Investments (Delhi) Pvt. Ltd.,1198549941.0
HDFC,2014-03-31,Independent,,0.0
HDFC,2014-06-30,Independent,,0.0
HDFC,2014-09-30,Independent,,0.0
HDFC,2014-12-31,Independent,,0.0
HDFC,2015-03-31,Independent,,0.0
HDFC,2015-06-30,Independent,,0.0
HDFC,2015-09-30,Independent,,0.0
HDFC,2015-12-31,Independent,,0.0
HDFC,2016-03-31,Independent,,0.0
HDFC,2016-06-30,Independent,,0.0
HDFC,2016-09-30,Independent,,0.0
HDFC,2016-12-31,Independent,,0.0
HDFC,2017-03-31,Independent,,0.0
HDFC,2017-06-30,Independent,,0.0
HDFC,2017-09-30,Independent,,0.0
HDFC,2017-12-31,Independent,,0.0
HDFC,2018-03-31,Independent,,0.0
HDFC,2018-06-30,Independent,,0.0
HDFC,2018-09-30,Independent,,0.0
HDFC,2018-12-31,Independent,,0.0
HDFC,2019-03-31,Independent,,0.0
HDFC,2019-06-30,Independent,,0.0
HDFC,2019-09-30,Independent,,0.0
HDFC,2019-12-31,Independent,,0.0
HDFC,2020-03-31,Independent,,0.0
HDFC,2020-06-30,Independent,,0.0
HDFC,2020-08-11,Independent,,0.0
HDFC,2020-09-30,Independent,,0.0
HDFC,2020-12-31,Independent,,0.0
HDFC,2021-03-31,Independent,,0.0
HDFC,2021-06-30,Independent,,0.0
HDFC,2021-09-30,Independent,,0.0
HDFC,2021-12-31,Independent,,0.0
HDFC,2022-03-31,Independent,,0.0
HDFC,2022-06-30,Independent,,0.0
HDFC,2022-09-30,Independent,,0.0
HDFC,2022-12-31,Independent,,0.0
HDFC,2023-03-31,Independent,,0.0
HDFC,2023-06-30,Independent,,0.0
HDFCAMC,2018-08-03,Independent,HOUSING DEVELOPMENT FINANCE CORPORATION LIMITED,112179830.0
HDFCAMC,2018-09-30,Independent,HOUSING DEVELOPMENT FINANCE CORPORATION LIMITED,112179830.0
HDFCAMC,2018-12-31,Independent,HOUSING DEVELOPMENT FINANCE CORPORATION LIMITED,112179830.0
HDFCAMC,2019-03-31,Independent,HOUSING DEVELOPMENT FINANCE CORPORATION LIMITED,112179830.0
HDFCAMC,2019-06-30,Independent,HOUSING DEVELOPMENT FINANCE CORPORATION LIMITED,112179830.0
HDFCAMC,2019-09-30,Independent,HOUSING DEVELOPMENT FINANCE CORPORATION LIMITED,112179830.0
HDFCAMC,2019-12-31,Independent,HOUSING DEVELOPMENT FINANCE CORPORATION LIMITED,112179830.0
HDFCAMC,2020-03-31,Independent,HOUSING DEVELOPMENT FINANCE CORPORATION LIMITED,112179830.0
HDFCAMC,2020-06-30,Independent,HOUSING DEVELOPMENT FINANCE CORPORATION LIMITED,112179830.0
HDFCAMC,2020-09-30,Independent,HOUSING DEVELOPMENT FINANCE CORPORATION LIMITED,112179830.0
HDFCAMC,2020-12-31,Independent,HOUSING DEVELOPMENT FINANCE CORPORATION LIMITED,112179830.0
HDFCAMC,2021-03-31,Independent,HOUSING DEVELOPMENT FINANCE CORPORATION LIMITED,112179830.0
HDFCAMC,2021-06-30,Independent,HOUSING DEVELOPMENT FINANCE CORPORATION LIMITED,112179830.0
HDFCAMC,2021-09-30,Independent,HOUSING DEVELOPMENT FINANCE CORPORATION LIMITED,112179830.0
HDFCAMC,2021-12-31,Independent,HOUSING DEVELOPMENT FINANCE CORPORATION LIMITED,112179830.0
HDFCAMC,2022-03-31,Independent,HOUSING DEVELOPMENT FINANCE CORPORATION LIMITED,112179830.0
HDFCAMC,2022-06-30,Independent,HOUSING DEVELOPMENT FINANCE CORPORATION LIMITED,112179830.0
HDFCAMC,2022-09-30,Independent,HOUSING DEVELOPMENT FINANCE CORPORATION LIMITED,112179830.0
HDFCAMC,2022-12-31,Independent,HOUSING DEVELOPMENT FINANCE CORPORATION LIMITED,112179830.0
HDFCAMC,2023-03-31,Independent,HOUSING DEVELOPMENT FINANCE CORPORATION LIMITED,112179830.0
HDFCAMC,2023-06-30,Independent,HOUSING DEVELOPMENT FINANCE CORPORATION LIMITED,112179830.0
HDFCAMC,2023-09-30,Independent,HDFC BANK LIMITED,112179830.0
HDFCAMC,2023-12-31,Independent,HDFC BANK LIMITED,112179830.0
HDFCAMC,2024-03-31,Independent,HDFC BANK LIMITED,112179830.0
HDFCAMC,2024-06-30,Independent,HDFC BANK LIMITED,112179830.0
HDFCAMC,2024-09-30,Independent,HDFC BANK LIMITED,112179830.0
HDFCAMC,2024-12-31,Independent,HDFC BANK LIMITED,112179830.0
HDFCAMC,2025-03-31,Independent,HDFC BANK LIMITED,112179830.0
HDFCAMC,2025-06-30,Independent,HDFC BANK LIMITED,112179830.0
HDFCAMC,2025-09-30,Independent,HDFC BANK LIMITED,112179830.0
HDFCAMC,2025-11-27,Independent,HDFC BANK LIMITED,224359660.0
HDFCAMC,2025-12-31,Independent,HDFC BANK LIMITED,224359660.0
HDFCBANK,2014-03-31,Independent,,0.0
HDFCBANK,2014-06-30,Independent,,0.0
HDFCBANK,2014-09-30,Independent,,0.0
HDFCBANK,2014-12-31,Independent,,0.0
HDFCBANK,2015-02-10,Independent,,0.0
HDFCBANK,2015-03-31,Independent,,0.0
HDFCBANK,2015-06-30,Independent,,0.0
HDFCBANK,2015-09-30,Independent,,0.0
HDFCBANK,2015-12-31,Independent,HOUSING DEVELOPMENT FINANCE CORPORATION LIMITED,252508641.0
HDFCBANK,2016-03-31,Independent,Corporate Bodies,402823651.0
HDFCBANK,2016-06-30,Independent,Housing Development Finance Corporation Limited,380257802.0
HDFCBANK,2016-09-30,Independent,Housing Development Finance Corporation Limited,381845057.0
HDFCBANK,2016-12-31,Independent,Body Corporate,533311117.0
HDFCBANK,2017-03-31,Independent,Body Corporate,543216100.0
HDFCBANK,2017-06-30,Independent,Body Corporate,543216100.0
HDFCBANK,2017-09-30,Independent,Body Corporate,543216100.0
HDFCBANK,2017-12-31,Independent,Body Corporate,543216100.0
HDFCBANK,2018-03-31,Independent,Housing Development Finance Corporation Limited,389263540.0
HDFCBANK,2018-06-30,Independent,Housing Development Finance Corporation Limited,390623680.0
HDFCBANK,2018-09-30,Independent,Housing Development Finance Corporation Limited,407576428.0
HDFCBANK,2018-12-31,Independent,Housing Development Finance Corporation Limited ( Indirect Foreign Holding),407925207.0
HDFCBANK,2019-03-31,Independent,Housing Development Finance Corporation Limited (Indirect Foreign Holding),432307917.0
HDFCBANK,2019-06-30,Independent,Housing Development Finance Corporation Limited (Indirect Foreign Holdings),432307917.0
HDFCBANK,2019-09-30,Independent,Housing Development Finance Corporation Limited (Indirect Foreign Holding),864615834.0
HDFCBANK,2019-12-31,Independent,Housing Development Finance Corporation Limited,864615834.0
HDFCBANK,2020-03-31,Independent,Housing Development Finance Corporation Limited (Indirect Foreign Holding),864615834.0
HDFCBANK,2020-06-30,Independent,HOUSING DEVELOPMENT FINANCE CORPORATION LIMITED ( indirect foreign holding ),864615834.0
HDFCBANK,2020-09-30,Independent,HOUSING DEVELOPMENT FINANCE CORPORATION LIMITED indirect foreign holding,864615834.0
HDFCBANK,2020-12-31,Independent,HOUSING DEVELOPMENT FINANCE CORPORATION LIMITED ( indirect foreign holdings),864615834.0
HDFCBANK,2021-03-31,Independent,HOUSING DEVELOPMENT FINANCE CORPORATION LIMITED ( Indirect Foreign Holding),864615834.0
HDFCBANK,2021-06-30,Independent,HOUSING DEVELOPMENT FINANCE CORPORATION LIMITED ( indirect foreign holdings),864615834.0
HDFCBANK,2021-09-30,Independent,HOUSING DEVELOPMENT FINANCE CORPORATION LIMITED ( indirect foreign holdings),864615834.0
HDFCBANK,2021-12-31,Independent,HOUSING DEVELOPMENT FINANCE CORPORATION LIMITED ( indirect foreign holdings),864615834.0
HDFCBANK,2022-03-31,Independent,HOUSING DEVELOPMENT FINANCE CORPORATION LIMITED ( indirect foreign holding),864615834.0
HDFCBANK,2022-06-30,Independent,HOUSING DEVELOPMENT FINANCE CORPORATION LIMITED ( indirect foreign holding),864615834.0
HDFCBANK,2022-09-30,Independent,HOUSING DEVELOPMENT FINANCE CORPORATION LIMITED (Indirect Foreign Holding),864615834.0
HDFCBANK,2022-12-31,Independent,HOUSING DEVELOPMENT FINANCE CORPORATION LIMITED ( indirect foreign holding),864615834.0
HDFCBANK,2023-03-31,Independent,HOUSING DEVELOPMENT FINANCE CORPORATION LIMITED ( indirect foreign holding),864615834.0
HDFCBANK,2023-06-30,Independent,HOUSING DEVELOPMENT FINANCE CORPORATION LIMITED,864615834.0
HDFCBANK,2023-07-14,Independent,,0.0
HDFCBANK,2023-09-30,Independent,,0.0
HDFCBANK,2023-12-31,Independent,,0.0
HDFCBANK,2024-03-31,Independent,,0.0
HDFCBANK,2024-06-30,Independent,,0.0
HDFCBANK,2024-09-30,Independent,,0.0
HDFCBANK,2024-12-31,Independent,,0.0
HDFCBANK,2025-03-31,Independent,,0.0
HDFCBANK,2025-06-30,Independent,,0.0
HDFCBANK,2025-08-28,Independent,,0.0
HDFCBANK,2025-09-30,Independent,,0.0
HDFCBANK,2025-12-31,Independent,,0.0
HDFCLIFE,2017-11-15,Independent,Body Corporate,1038514075.0
HDFCLIFE,2017-12-31,Independent,Body Corporate,1038514075.0
HDFCLIFE,2018-03-31,Independent,Housing Development Finance Corporation Limited,1038514075.0
HDFCLIFE,2018-06-30,Independent,Housing Development Finance Corporation Limited,1038514075.0
HDFCLIFE,2018-09-30,Independent,Housing Development Finance Corporation Limited,1038514075.0
HDFCLIFE,2018-12-31,Independent,Housing Development Finance Corporation Limited,1038514075.0
HDFCLIFE,2019-03-31,Independent,Housing Development Finance Corporation Limited,1038514075.0
HDFCLIFE,2019-06-30,Independent,Housing Development Finance Corporation Limited,1038514075.0
HDFCLIFE,2019-09-30,Independent,HOUSING DEVELOPMENT FINANCE CORPORATION LIMITED,1038514075.0
HDFCLIFE,2019-12-31,Independent,HOUSING DEVELOPMENT FINANCE CORPORATION LIMITED,1038514075.0
HDFCLIFE,2020-03-31,Independent,HOUSING DEVELOPMENT FINANCE CORPORATION LIMITED,1038514075.0
HDFCLIFE,2020-06-30,Independent,HOUSING DEVELOPMENT FINANCE CORPORATION LIMITED,1012514075.0
HDFCLIFE,2020-09-30,Independent,HOUSING DEVELOPMENT FINANCE CORPORATION LIMITED,1012514075.0
HDFCLIFE,2020-12-31,Independent,HOUSING DEVELOPMENT FINANCE CORPORATION LIMITED,1009965325.0
HDFCLIFE,2021-03-31,Independent,HOUSING DEVELOPMENT FINANCE CORPORATION LIMITED,1009965325.0
HDFCLIFE,2021-06-30,Independent,HOUSING DEVELOPMENT FINANCE CORPORATION LIMITED,1009965325.0
HDFCLIFE,2021-09-30,Independent,HOUSING DEVELOPMENT FINANCE CORPORATION LIMITED,1009965325.0
HDFCLIFE,2021-12-31,Independent,HOUSING DEVELOPMENT FINANCE CORPORATION LIMITED,1009965325.0
HDFCLIFE,2022-01-01,Independent,HOUSING DEVELOPMENT FINANCE CORPORATION LIMITED,1009965325.0
HDFCLIFE,2022-03-31,Independent,Housing Development Finance Corporation Limited,1009965325.0
HDFCLIFE,2022-06-30,Independent,Housing Development Finance Corporation Limited,1009965325.0
HDFCLIFE,2022-09-30,Independent,Housing Development Finance Corporation Limited,1045760149.0
HDFCLIFE,2022-12-31,Independent,Housing Development Finance Corporation Limited,1045760149.0
HDFCLIFE,2023-03-31,Independent,HOUSING DEVELOPMENT FINANCE CORPORATION LIMITED,1045760149.0
HDFCLIFE,2023-06-30,Independent,HOUSING DEVELOPMENT FINANCE CORPORATION LIMITED,1081982272.0
HDFCLIFE,2023-09-30,Independent,HDFC BANK LIMITED,1083342272.0
HDFCLIFE,2023-12-31,Independent,HDFC BANK LIMITED,1083342272.0
HDFCLIFE,2024-03-31,Independent,HDFC Bank Limited,1083342272.0
HDFCLIFE,2024-06-30,Independent,HDFC Bank Limited,1083342272.0
HDFCLIFE,2024-09-30,Independent,HDFC Bank Ltd,1083342272.0
HDFCLIFE,2024-12-31,Independent,HDFC BANK LTD,1083342272.0
HDFCLIFE,2025-03-31,Independent,HDFC Bank Ltd.,1083342272.0
HDFCLIFE,2025-06-30,Independent,HDFC Bank Limited,1083342272.0
HDFCLIFE,2025-09-30,Independent,HDFC Bank Limited,1083342272.0
HDFCLIFE,2025-12-31,Independent,HDFC BANK LTD,1083342272.0
HDIL,2014-03-31,Independent,,0.0
HDIL,2014-06-30,Independent,,0.0
HDIL,2014-09-30,Independent,,0.0
HDIL,2014-12-31,Independent,,0.0
HDIL,2015-03-31,Independent,,0.0
HDIL,2015-06-30,Independent,,0.0
HDIL,2015-09-30,Independent,,0.0
HDIL,2015-12-31,Independent,RAKESH KUMAR WADHAWAN,76047661.0
HDIL,2016-03-31,Independent,RAKESH KUMAR WADHAWAN,76047661.0
HDIL,2016-06-30,Independent,RAKESH KUMAR WADHAWAN,76047661.0
HDIL,2016-09-08,Independent,RAKESH KUMAR WADHAWAN,76047661.0
HDIL,2016-09-30,Independent,RAKESH KUMAR WADHAWAN,76047661.0
HDIL,2016-12-31,Independent,RAKESH KUMAR WADHAWAN,76047661.0
HDIL,2017-03-31,Independent,Other,111894645.0
HDIL,2017-06-30,Independent,Other,111894645.0
HDIL,2017-09-30,Independent,ANY OTHER,111894645.0
HDIL,2017-12-31,Independent,Other,111894645.0
HDIL,2018-03-31,Independent,Other,111894645.0
HDIL,2018-06-30,Independent,Other,112397867.0
HDIL,2018-08-14,Independent,Other,112397867.0
HDIL,2018-09-30,Independent,Other,112397867.0
HDIL,2018-12-31,Independent,Other,112397867.0
HDIL,2019-03-31,Independent,Other,112397867.0
HDIL,2019-05-30,Independent,Sarang Wadhawan,59159115.0
HDIL,2019-06-30,Independent,Other,112397867.0
HEG,2014-03-31,Independent,,0.0
HEG,2014-06-30,Independent,,0.0
HEG,2014-09-30,Independent,,0.0
HEG,2014-12-31,Independent,,0.0
HEG,2015-03-31,Independent,,0.0
HEG,2015-06-30,Independent,,0.0
HEG,2015-09-30,Independent,,0.0
HEG,2015-12-31,Independent,NORBURY INVESTMENTS LIMITED,5362991.0
HEG,2016-03-31,Independent,NORBURY INVESTMENTS LTD,5362991.0
HEG,2016-06-30,Independent,NORBURY INVESTMENTS LTD,5362991.0
HEG,2016-09-30,Independent,NORBURY INVESTMENTS LTD,5362991.0
HEG,2016-12-31,Independent,Body Corporate,11818107.0
HEG,2017-03-31,Independent,Body Corporate,11818107.0
HEG,2017-06-30,Independent,Body Corporate,11818107.0
HEG,2017-09-30,Independent,Body Corporate,11818107.0
HEG,2017-12-31,Independent,Body Corporate,11818107.0
HEG,2018-03-31,Independent,NORBURY INVESTMENTS LTD,5362991.0
HEG,2018-06-30,Independent,NORBURY INVESTMENTS LTD,5362991.0
HEG,2018-09-30,Independent,NORBURY INVESTMENTS LTD,5362991.0
HEG,2018-12-31,Independent,NORBURY INVESTMENTS LTD,5362991.0
HEG,2019-03-31,Independent,NORBURY INVESTMENTS LTD,5362991.0
HEG,2019-06-30,Independent,NORBURY INVESTMENTS LTD,5362991.0
HEG,2019-09-30,Independent,NORBURY INVESTMENTS LTD,5362991.0
HEG,2019-12-31,Independent,NORBURY INVESTMENTS LIMITED,5362991.0
HEG,2020-03-31,Independent,NORBURY INVESTMENTS LIMITED,5362991.0
HEG,2020-06-30,Independent,NORBURY INVESTMENTS LIMITED,5362991.0
HEG,2020-09-30,Independent,NORBURY INVESTMENTS LIMITED,5362991.0
HEG,2020-12-31,Independent,NORBURY INVESTMENTS LIMITED,5362991.0
HEG,2021-03-31,Independent,NORBURY INVESTMENTS LIMITED,5362991.0
HEG,2021-06-30,Independent,NORBURY INVESTMENTS LIMITED,5362991.0
HEG,2021-09-30,Independent,NORBURY INVESTMENTS LIMITED,5362991.0
HEG,2021-12-31,Independent,NORBURY INVESTMENTS LIMITED,5362991.0
HEG,2022-03-31,Independent,NORBURY INVESTMENTS LIMITED,5362991.0
HEG,2022-06-30,Independent,NORBURY INVESTMENTS LIMITED,5362991.0
HEG,2022-09-30,Independent,NORBURY INVESTMENTS LIMITED,5362991.0
HEG,2022-12-31,Independent,NORBURY INVESTMENTS LIMITED,5362991.0
HEG,2023-03-31,Independent,NORBURY INVESTMENTS LIMITED,5362991.0
HEG,2023-06-30,Independent,NORBURY INVESTMENTS LIMITED,5362991.0
HEG,2023-09-30,Independent,NORBURY INVESTMENTS LIMITED,5362991.0
HEG,2023-12-31,Independent,NORBURY INVESTMENTS LIMITED,5362991.0
HEG,2024-03-31,Independent,NORBURY INVESTMENTS LIMITED,5362991.0
HEG,2024-06-30,Independent,NORBURY INVESTMENTS LIMITED,5362991.0
HEG,2024-09-30,Independent,NORBURY INVESTMENTS LIMITED,5362991.0
HEG,2024-12-31,Independent,NORBURY INVESTMENTS LIMITED,26814955.0
HEG,2025-03-31,Independent,REDROSE VANIJYA LLP,55873775.0
HEG,2025-06-30,Independent,REDROSE VANIJYA LLP,55873775.0
HEG,2025-09-30,Independent,REDROSE VANIJYA LLP,55873775.0
HEG,2025-12-31,Independent,REDROSE VANIJYA LLP,56547775.0
HEROMOTOCO,2014-03-31,Independent,,0.0
HEROMOTOCO,2014-06-30,Independent,,0.0
HEROMOTOCO,2014-09-30,Independent,,0.0
HEROMOTOCO,2014-12-31,Independent,,0.0
HEROMOTOCO,2015-03-31,Independent,,0.0
HEROMOTOCO,2015-06-30,Independent,,0.0
HEROMOTOCO,2015-09-30,Independent,,0.0
HEROMOTOCO,2015-12-31,Independent,BAHADUR CHAND INVESTMENTS PVT LTD,17306250.0
HEROMOTOCO,2016-03-31,Independent,"BML MUNJAL, PAWAN, SUNIL, SUMAN, RENU (ON BEHALF OF BRIJMOHAN LALL OM PRAKASH)",51437802.0
HEROMOTOCO,2016-06-30,Independent,"BML, PAWAN, SUNIL, SUMAN, RENU MUNJAL (ON BEHALF OF BRIJMOHAN LALL OM PRAKASH)",51437802.0
HEROMOTOCO,2016-09-30,Independent,"Pawan Munjal, Renu Munjal and Suman Munjal (On behalf of Brijmohan Lal Om Prakash Partnership Firm)",45683058.0
HEROMOTOCO,2016-12-31,Independent,"Pawan Munjal, Renu Munjal and Suman Munjal (On behalf of Brijmohan Lal Om Prakash Partnership Firm)",45683058.0
HEROMOTOCO,2017-03-31,Independent,Body Corporate,40818374.0
HEROMOTOCO,2017-06-30,Independent,Body Corporate,40818374.0
HEROMOTOCO,2017-09-30,Independent,Body Corporate,40818374.0
HEROMOTOCO,2017-12-31,Independent,Body Corporate,40818374.0
HEROMOTOCO,2018-03-31,Independent,BAHADUR CHAND INVESTMENTS PVT LTD,39943238.0
HEROMOTOCO,2018-06-30,Independent,BAHADUR CHAND INVESTMENTS PVT LTD,39943238.0
HEROMOTOCO,2018-09-30,Independent,Bahadur Chand Investments Pvt. Ltd.,39943238.0
HEROMOTOCO,2018-12-31,Independent,Bahadur Chand Investments Pvt. Ltd.,39943238.0
HEROMOTOCO,2019-03-31,Independent,Bahadur Chand Investments Pvt. Ltd.,39943238.0
HEROMOTOCO,2019-06-30,Independent,Bahadur Chand Investments Private Limited,39943238.0
HEROMOTOCO,2019-09-30,Independent,Bahadur Chand Investments Private Limited,39943238.0
HEROMOTOCO,2019-12-31,Independent,Bahadur Chand Investments Private Limited,39943238.0
HEROMOTOCO,2020-03-31,Independent,Bahadur Chand Investments Private Limited,39943238.0
HEROMOTOCO,2020-06-30,Independent,Bahadur Chand Investments Private Limited,40033238.0
HEROMOTOCO,2020-09-30,Independent,Bahadur Chand Investments Private Limited,40033238.0
HEROMOTOCO,2020-12-31,Independent,Bahadur Chand Investments Private Limited,40033238.0
HEROMOTOCO,2021-03-31,Independent,Bahadur Chand Investments Private Limited,40033238.0
HEROMOTOCO,2021-06-30,Independent,Bahadur Chand Investments Private Limited,40033238.0
HEROMOTOCO,2021-09-30,Independent,Bahadur Chand Investments Private Limited,40033238.0
HEROMOTOCO,2021-12-31,Independent,BAHADUR CHAND INVESTMENTS PVT LTD,40033238.0
HEROMOTOCO,2022-03-31,Independent,BAHADUR CHAND INVESTMENTS PVT LTD,40033238.0
HEROMOTOCO,2022-06-30,Independent,BAHADUR CHAND INVESTMENTS PVT LTD,40033238.0
HEROMOTOCO,2022-09-30,Independent,BAHADUR CHAND INVESTMENTS PVT LTD,40033238.0
HEROMOTOCO,2022-12-31,Independent,BAHADUR CHAND INVESTMENTS PVT LTD,40033238.0
HEROMOTOCO,2023-03-31,Independent,BAHADUR CHAND INVESTMENTS PVT LTD,40033238.0
HEROMOTOCO,2023-06-30,Independent,BAHADUR CHAND INVESTMENTS PVT LTD,40033238.0
HEROMOTOCO,2023-09-30,Independent,BAHADUR CHAND INVESTMENTS PVT LTD,40033238.0
HEROMOTOCO,2023-12-31,Independent,BAHADUR CHAND INVESTMENTS PRIVATE LIMITED,40033238.0
HEROMOTOCO,2024-03-31,Independent,BAHADUR CHAND INVESTMENTS PVT LTD,40033238.0
HEROMOTOCO,2024-06-30,Independent,BAHADUR CHAND INVESTMENTS PVT LTD,40033238.0
HEROMOTOCO,2024-09-30,Independent,BAHADUR CHAND INVESTMENTS PVT LTD,40033238.0
HEROMOTOCO,2024-12-31,Independent,BAHADUR CHAND INVESTMENTS PVT LTD,40033238.0
HEROMOTOCO,2025-03-31,Independent,BAHADUR CHAND INVESTMENTS PVT LTD,40033238.0
HEROMOTOCO,2025-06-30,Independent,BAHADUR CHAND INVESTMENTS PVT LTD,40033238.0
HEROMOTOCO,2025-09-30,Independent,BAHADUR CHAND INVESTMENTS PVT LTD,40033238.0
HEROMOTOCO,2025-12-31,Independent,BAHADUR CHAND INVESTMENTS PVT LTD,40033238.0
HEXAWARE,2014-03-31,Independent,,0.0
HEXAWARE,2014-06-30,Independent,,0.0
HEXAWARE,2014-09-30,Independent,,0.0
HEXAWARE,2014-12-31,Independent,,0.0
HEXAWARE,2015-03-31,Independent,,0.0
HEXAWARE,2015-06-30,Independent,,0.0
HEXAWARE,2015-09-30,Independent,,0.0
HEXAWARE,2015-12-31,Independent,Private Equity Fund,193935793.0
HEXAWARE,2016-03-31,Independent,Private Equity Fund,215047193.0
HEXAWARE,2016-06-30,Independent,Private Equity Fund,215047193.0
HEXAWARE,2016-09-30,Independent,Private Equity Fund,215047193.0
HEXAWARE,2016-12-31,Independent,Private Equity Fund,215047193.0
HEXAWARE,2017-03-31,Independent,Body Corporate,211318590.0
HEXAWARE,2017-06-30,Independent,HT GLOBAL IT SOLUTIONS HOLDINGS LIMITED,190626200.0
HEXAWARE,2017-09-30,Independent,Body Corporate,211318590.0
HEXAWARE,2017-12-31,Independent,Body Corporate,211318590.0
HEXAWARE,2018-03-31,Independent,HT GLOBAL IT SOLUTIONS HOLDINGS LIMITED,190626200.0
HEXAWARE,2018-06-30,Independent,HT GLOBAL IT SOLUTIONS HOLDINGS LIMITED,190626200.0
HEXAWARE,2018-09-30,Independent,HT GLOBAL IT SOLUTIONS HOLDINGS LIMITED,165626200.0
HEXAWARE,2018-12-31,Independent,HT GLOBAL IT SOLUTIONS HOLDINGS LIMITED,186318590.0
HEXAWARE,2019-03-31,Independent,HT GLOBAL IT SOLUTIONS HOLDINGS LIMITED,186318590.0
HEXAWARE,2019-06-30,Independent,HT GLOBAL IT SOLUTIONS HOLDINGS LIMITED,186318590.0
HEXAWARE,2019-09-30,Independent,HT GLOBAL IT SOLUTIONS HOLDINGS LIMITED,186318590.0
HEXAWARE,2019-12-31,Independent,HT GLOBAL IT SOLUTIONS HOLDINGS LIMITED,186318590.0
HEXAWARE,2020-03-31,Independent,HT GLOBAL IT SOLUTIONS HOLDINGS LIMITED,186318590.0
HEXAWARE,2020-06-30,Independent,HT GLOBAL IT SOLUTIONS HOLDINGS LIMITED,186318590.0
HEXAWARE,2020-09-30,Independent,HT GLOBAL IT SOLUTIONS HOLDINGS LIMITED,186318590.0
HINDALCO,2014-03-31,Independent,,0.0
HINDALCO,2014-06-30,Independent,,0.0
HINDALCO,2014-09-30,Independent,,0.0
HINDALCO,2014-12-31,Independent,,0.0
HINDALCO,2015-03-31,Independent,,0.0
HINDALCO,2015-06-30,Independent,,0.0
HINDALCO,2015-09-30,Independent,,0.0
HINDALCO,2015-12-31,Birla,GRASIM INDUSTRIES LTD,54542475.0
HINDALCO,2016-03-31,Birla,Grasim Industries Limited,54542475.0
HINDALCO,2016-06-30,Birla,GRASIM INDUSTRIES LTD,54542475.0
HINDALCO,2016-09-30,Birla,Grasim Industries Limited,54542475.0
HINDALCO,2016-12-31,Birla,Grasim Industries Limited,54542475.0
HINDALCO,2017-03-09,Birla,GRASIM INDUSTRIES LIMITED,54542475.0
HINDALCO,2017-03-31,Birla,GRASIM INDUSTRIES LIMITED,54542475.0
HINDALCO,2017-06-30,Birla,GRASIM INDUSTRIES LIMITED,54542475.0
HINDALCO,2017-09-30,Birla,GRASIM INDUSTRIES LIMITED,88048812.0
HINDALCO,2017-12-31,Birla,GRASIM INDUSTRIES LIMITED,88048812.0
HINDALCO,2018-03-31,Birla,GRASIM INDUSTRIES LIMITED,88048812.0
HINDALCO,2018-06-30,Birla,GRASIM INDUSTRIES LIMITED,88048812.0
HINDALCO,2018-09-30,Birla,GRASIM INDUSTRIES LIMITED,88048812.0
HINDALCO,2018-12-31,Birla,GRASIM INDUSTRIES LIMITED,88048812.0
HINDALCO,2019-03-31,Birla,GRASIM INDUSTRIES LIMITED,88048812.0
HINDALCO,2019-06-30,Birla,GRASIM INDUSTRIES LIMITED,88048812.0
HINDALCO,2019-09-30,Birla,BIRLA GROUP HOLDINGS PRIVATE LIMITED,228292308.0
HINDALCO,2019-12-31,Birla,BIRLA GROUP HOLDINGS PRIVATE LIMITED,228292308.0
HINDALCO,2020-03-31,Birla,BIRLA GROUP HOLDINGS PRIVATE LIMITED,228292308.0
HINDALCO,2020-06-30,Birla,BIRLA GROUP HOLDINGS PRIVATE LIMITED,228292308.0
HINDALCO,2020-09-30,Birla,BIRLA GROUP HOLDINGS PRIVATE LIMITED,228292308.0
HINDALCO,2020-12-31,Birla,BIRLA GROUP HOLDINGS PRIVATE LIMITED,228292308.0
HINDALCO,2021-03-31,Birla,BIRLA GROUP HOLDINGS PRIVATE LIMITED,228292308.0
HINDALCO,2021-06-30,Birla,BIRLA GROUP HOLDINGS PRIVATE LIMITED,228292308.0
HINDALCO,2021-09-30,Birla,BIRLA GROUP HOLDINGS PRIVATE LIMITED,228292308.0
HINDALCO,2021-12-31,Birla,BIRLA GROUP HOLDINGS PRIVATE LIMITED,228292308.0
HINDALCO,2022-03-31,Birla,BIRLA GROUP HOLDINGS PRIVATE LIMITED,228292308.0
HINDALCO,2022-06-30,Birla,BIRLA GROUP HOLDINGS PRIVATE LIMITED,228292308.0
HINDALCO,2022-09-30,Birla,BIRLA GROUP HOLDINGS PRIVATE LIMITED,228292308.0
HINDALCO,2022-12-31,Birla,BIRLA GROUP HOLDINGS PRIVATE LIMITED,228292308.0
HINDALCO,2023-03-31,Birla,BIRLA GROUP HOLDINGS PRIVATE LIMITED,228292308.0
HINDALCO,2023-06-30,Birla,BIRLA GROUP HOLDINGS PRIVATE LIMITED,228292308.0
HINDALCO,2023-09-30,Birla,BIRLA GROUP HOLDINGS PRIVATE LIMITED,228292308.0
HINDALCO,2023-12-31,Birla,BIRLA GROUP HOLDINGS PRIVATE LIMITED,228292308.0
HINDALCO,2024-03-31,Birla,BIRLA GROUP HOLDINGS PRIVATE LIMITED,228292308.0
HINDALCO,2024-06-30,Birla,BIRLA GROUP HOLDINGS PRIVATE LIMITED,255622668.0
HINDALCO,2024-09-30,Birla,BIRLA GROUP HOLDINGS PRIVATE LIMITED,255622668.0
HINDALCO,2024-12-31,Birla,BIRLA GROUP HOLDINGS PRIVATE LIMITED,255622668.0
HINDALCO,2025-03-31,Birla,BIRLA GROUP HOLDINGS PRIVATE LIMITED,255622668.0
HINDALCO,2025-06-30,Birla,BIRLA GROUP HOLDINGS PRIVATE LIMITED,255622668.0
HINDALCO,2025-09-30,Birla,BIRLA GROUP HOLDINGS PRIVATE LIMITED,255622668.0
HINDALCO,2025-12-31,Birla,BIRLA GROUP HOLDINGS PRIVATE LIMITED,255622668.0
HINDCOPPER,2014-03-31,Independent,,0.0
HINDCOPPER,2014-06-30,Independent,,0.0
HINDCOPPER,2014-09-30,Independent,,0.0
HINDCOPPER,2014-12-31,Independent,,0.0
HINDCOPPER,2015-03-31,Independent,,0.0
HINDCOPPER,2015-06-30,Independent,,0.0
HINDCOPPER,2015-09-30,Independent,,0.0
HINDCOPPER,2015-12-31,GOI_PSU,Central Government/ State Government(s),832218459.0
HINDCOPPER,2016-03-31,GOI_PSU,Central Government/ State Government(s),832218459.0
HINDCOPPER,2016-06-30,GOI_PSU,Central Government/ State Government(s),832218459.0
HINDCOPPER,2016-09-30,GOI_PSU,Central Government/ State Government(s),767453199.0
HINDCOPPER,2016-12-31,GOI_PSU,Central Government/ State Government(s),767453199.0
HINDCOPPER,2017-03-31,GOI_PSU,Central Government/ State Government(s),766845176.0
HINDCOPPER,2017-06-30,GOI_PSU,Central Government/ State Government(s),766819811.0
HINDCOPPER,2017-09-30,GOI_PSU,Central Government/ State Government(s),703646962.0
HINDCOPPER,2017-12-31,GOI_PSU,Central Government/ State Government(s),703587852.0
HINDCOPPER,2018-03-31,GOI_PSU,Central Government/ State Government(s),703587852.0
HINDCOPPER,2018-06-30,GOI_PSU,Central Government/ State Government(s),703587852.0
HINDCOPPER,2018-09-30,GOI_PSU,Central Government/ State Government(s),703587852.0
HINDCOPPER,2018-12-31,GOI_PSU,Central Government/ State Government(s),703587852.0
HINDCOPPER,2019-03-31,GOI_PSU,Central Government/ State Government(s),703587852.0
HINDCOPPER,2019-06-30,GOI_PSU,Central Government/ State Government(s),703587852.0
HINDCOPPER,2019-09-30,GOI_PSU,Central Government/ State Government(s),703587852.0
HINDCOPPER,2019-12-31,GOI_PSU,Central Government/ State Government(s),703587852.0
HINDCOPPER,2020-03-31,GOI_PSU,Central Government/ State Government(s),703587852.0
HINDCOPPER,2020-06-30,GOI_PSU,Central Government/ State Government(s),703587852.0
HINDCOPPER,2020-09-30,GOI_PSU,Central Government/ State Government(s),703587852.0
HINDCOPPER,2020-12-31,GOI_PSU,Central Government/ State Government(s),703587852.0
HINDCOPPER,2021-03-31,GOI_PSU,Central Government/ State Government(s),703587852.0
HINDCOPPER,2021-04-13,GOI_PSU,Central Government/ State Government(s),703587852.0
HINDCOPPER,2021-06-30,GOI_PSU,Central Government/ State Government(s),703587852.0
HINDCOPPER,2021-09-30,GOI_PSU,Central Government/ State Government(s),639614928.0
HINDCOPPER,2021-12-31,GOI_PSU,Central Government/ State Government(s),639613373.0
HINDCOPPER,2022-03-31,GOI_PSU,Central Government/ State Government(s),639613373.0
HINDCOPPER,2022-06-30,GOI_PSU,Central Government/ State Government(s),639613373.0
HINDCOPPER,2022-09-30,GOI_PSU,Central Government/ State Government(s),639613373.0
HINDCOPPER,2022-12-31,GOI_PSU,Central Government/ State Government(s),639613373.0
HINDCOPPER,2023-03-31,GOI_PSU,Central Government/ State Government(s),639613373.0
HINDCOPPER,2023-06-30,GOI_PSU,Central Government/ State Government(s),639613373.0
HINDCOPPER,2023-09-30,GOI_PSU,Central Government/ State Government(s),639613373.0
HINDCOPPER,2023-12-31,GOI_PSU,Central Government/ State Government(s),639613373.0
HINDCOPPER,2024-03-31,GOI_PSU,Central Government/ State Government(s),639613373.0
HINDCOPPER,2024-06-30,GOI_PSU,Central Government/ State Government(s),639613373.0
HINDCOPPER,2024-09-30,GOI_PSU,Central Government/ State Government(s),639613373.0
HINDCOPPER,2024-12-31,GOI_PSU,Central Government/ State Government(s),639613373.0
HINDCOPPER,2025-03-31,GOI_PSU,Central Government/ State Government(s),639613373.0
HINDCOPPER,2025-06-30,GOI_PSU,Central Government/ State Government(s),639613373.0
HINDCOPPER,2025-09-30,GOI_PSU,Central Government/ State Government(s),639613373.0
HINDCOPPER,2025-12-31,GOI_PSU,Central Government/ State Government(s),639613373.0
HINDPETRO,2014-03-31,Independent,,0.0
HINDPETRO,2014-06-30,Independent,,0.0
HINDPETRO,2014-09-30,Independent,,0.0
HINDPETRO,2014-12-31,Independent,,0.0
HINDPETRO,2015-03-31,Independent,,0.0
HINDPETRO,2015-06-30,Independent,,0.0
HINDPETRO,2015-09-30,Independent,,0.0
HINDPETRO,2015-12-31,GOI_PSU,Central Government/ State Government(s),173076750.0
HINDPETRO,2016-03-31,GOI_PSU,Central Government/ State Government(s),173076750.0
HINDPETRO,2016-06-30,GOI_PSU,Central Government/ State Government(s),173076750.0
HINDPETRO,2016-09-16,GOI_PSU,Central Government/ State Government(s),519230250.0
HINDPETRO,2016-09-30,GOI_PSU,Central Government/ State Government(s),519230250.0
HINDPETRO,2016-12-31,GOI_PSU,Central Government/ State Government(s),519230250.0
HINDPETRO,2017-03-31,GOI_PSU,Central Government/ State Government(s),519230250.0
HINDPETRO,2017-06-30,GOI_PSU,Central Government/ State Government(s),519230250.0
HINDPETRO,2017-07-18,GOI_PSU,Central Government/ State Government(s),778845375.0
HINDPETRO,2017-09-30,GOI_PSU,Central Government/ State Government(s),778845375.0
HINDPETRO,2017-12-31,GOI_PSU,Central Government/ State Government(s),778845375.0
HINDPETRO,2018-03-31,Independent,Oil and Natural Gas Corporation Limited,778845375.0
HINDPETRO,2018-06-30,Independent,Oil and Natural Gas Corporation Limited,778845375.0
HINDPETRO,2018-09-30,Independent,Oil and Natural Gas Corporation Limited,778845375.0
HINDPETRO,2018-12-31,Independent,Oil and Natural Gas Corporation Limited,778845375.0
HINDPETRO,2019-03-31,Independent,Oil and Natural Gas Corporation Limited,778845375.0
HINDPETRO,2019-06-30,Independent,Oil And Natural Gas Corporation Limited,778845375.0
HINDPETRO,2019-09-30,Independent,Oil And Natural Gas Corporation Limited,778845375.0
HINDPETRO,2019-12-31,Independent,Oil and Natural Gas Corporation Limited,778845375.0
HINDPETRO,2020-03-31,Independent,Oil and Natural Gas Corporation Limited,778845375.0
HINDPETRO,2020-06-30,Independent,Oil and Natural Gas Corporation Limited,778845375.0
HINDPETRO,2020-09-30,Independent,Oil And Natural Gas Corporation Limited,778845375.0
HINDPETRO,2020-12-31,Independent,Oil And Natural Gas Corporation Limited,778845375.0
HINDPETRO,2021-03-31,Independent,Oil And Natural Gas Corporation Limited,778845375.0
HINDPETRO,2021-05-14,Independent,Oil And Natural Gas Corporation Limited,778845375.0
HINDPETRO,2021-06-30,Independent,Oil And Natural Gas Corporation Limited,778845375.0
HINDPETRO,2021-09-30,Independent,Oil And Natural Gas Corporation Limited,778845375.0
HINDPETRO,2021-12-31,Independent,Oil And Natural Gas Corporation Limited,778845375.0
HINDPETRO,2022-03-31,Independent,Oil And Natural Gas Corporation Limited,778845375.0
HINDPETRO,2022-06-30,Independent,Oil And Natural Gas Corporation Limited,778845375.0
HINDPETRO,2022-09-30,Independent,Oil And Natural Gas Corporation Limited,778845375.0
HINDPETRO,2022-12-31,Independent,Oil And Natural Gas Corporation Limited,778845375.0
HINDPETRO,2023-03-31,Independent,Oil And Natural Gas Corporation Limited,778845375.0
HINDPETRO,2023-06-30,Independent,Oil And Natural Gas Corporation Limited,778845375.0
HINDPETRO,2023-09-30,Independent,Oil And Natural Gas Corporation Limited,778845375.0
HINDPETRO,2023-12-31,Independent,Oil And Natural Gas Corporation Limited,778845375.0
HINDPETRO,2024-03-31,Independent,Oil And Natural Gas Corporation Limited,778845375.0
HINDPETRO,2024-06-25,Independent,Oil And Natural Gas Corporation Limited,1168268062.0
HINDPETRO,2024-06-30,Independent,Oil And Natural Gas Corporation Limited,778845375.0
HINDPETRO,2024-09-30,Independent,Oil And Natural Gas Corporation Limited,1168268062.0
HINDPETRO,2024-12-31,Independent,Oil And Natural Gas Corporation Limited,1168268062.0
HINDPETRO,2025-03-31,Independent,Oil And Natural Gas Corporation Limited,1168268062.0
HINDPETRO,2025-06-30,Independent,Oil And Natural Gas Corporation Limited,1168268062.0
HINDPETRO,2025-09-30,Independent,Oil And Natural Gas Corporation Limited,1168268062.0
HINDPETRO,2025-12-31,Independent,Oil And Natural Gas Corporation Limited,1168268062.0
HINDUNILVR,2014-03-31,Independent,,0.0
HINDUNILVR,2014-06-30,Independent,,0.0
HINDUNILVR,2014-09-30,Independent,,0.0
HINDUNILVR,2014-12-31,Independent,,0.0
HINDUNILVR,2015-03-31,Independent,,0.0
HINDUNILVR,2015-06-30,Independent,,0.0
HINDUNILVR,2015-09-30,Independent,,0.0
HINDUNILVR,2016-03-31,Independent,Others,1454412858.0
HINDUNILVR,2016-06-30,Independent,Others,1454412858.0
HINDUNILVR,2016-09-30,Independent,Others,1454412858.0
HINDUNILVR,2016-12-31,Independent,Other,1454412858.0
HINDUNILVR,2017-03-31,Independent,Body Corporate,1454412858.0
HINDUNILVR,2017-06-30,Independent,Body Corporate,1454412858.0
HINDUNILVR,2017-09-30,Independent,Body Corporate,1454412858.0
HINDUNILVR,2017-12-31,Independent,Body Corporate,1454412858.0
HINDUNILVR,2018-03-31,Independent,UNILEVER PLC,1114370148.0
HINDUNILVR,2018-06-30,Independent,UNILEVER PLC,1114370148.0
HINDUNILVR,2018-09-30,Independent,UNILEVER PLC,1114370148.0
HINDUNILVR,2018-12-31,Independent,UNILEVER PLC,1114370148.0
HINDUNILVR,2019-03-31,Independent,UNILEVER PLC,1114370148.0
HINDUNILVR,2019-06-30,Independent,UNILEVER PLC,1114370148.0
HINDUNILVR,2019-09-30,Independent,UNILEVER PLC,1114370148.0
HINDUNILVR,2019-12-31,Independent,UNILEVER PLC,1114370148.0
HINDUNILVR,2020-03-31,Independent,UNILEVER PLC,1114370148.0
HINDUNILVR,2020-04-21,Independent,UNILEVER PLC,1114370148.0
HINDUNILVR,2020-06-30,Independent,UNILEVER PLC,1114370148.0
HINDUNILVR,2020-09-30,Independent,UNILEVER PLC,1114370148.0
HINDUNILVR,2020-12-31,Independent,UNILEVER PLC,1114370148.0
HINDUNILVR,2021-03-31,Independent,UNILEVER PLC,1114370148.0
HINDUNILVR,2021-06-30,Independent,UNILEVER PLC,1114370148.0
HINDUNILVR,2021-09-30,Independent,UNILEVER PLC,1114370148.0
HINDUNILVR,2021-12-31,Independent,UNILEVER PLC,1114370148.0
HINDUNILVR,2022-03-31,Independent,UNILEVER PLC,1114370148.0
HINDUNILVR,2022-06-30,Independent,UNILEVER PLC,1114370148.0
HINDUNILVR,2022-09-30,Independent,UNILEVER PLC,1114370148.0
HINDUNILVR,2022-12-31,Independent,UNILEVER PLC,1114370148.0
HINDUNILVR,2023-03-31,Independent,UNILEVER PLC,1114370148.0
HINDUNILVR,2023-06-30,Independent,Unilever PLC,1114370148.0
HINDUNILVR,2023-09-30,Independent,UNILEVER PLC,1114370148.0
HINDUNILVR,2023-12-31,Independent,UNILEVER PLC,1114370148.0
HINDUNILVR,2024-03-31,Independent,UNILEVER PLC,1114370148.0
HINDUNILVR,2024-06-30,Independent,UNILEVER PLC,1114370148.0
HINDUNILVR,2024-09-30,Independent,Other,1454412858.0
HINDUNILVR,2024-12-31,Independent,Other,1454412858.0
HINDUNILVR,2025-03-31,Independent,Other,1454412858.0
HINDUNILVR,2025-06-30,Independent,Other,1454412858.0
HINDUNILVR,2025-09-30,Independent,Other,1454412858.0
HINDUNILVR,2025-12-31,Independent,Other,1454412858.0
HINDZINC,2014-03-31,Independent,,0.0
HINDZINC,2014-06-30,Independent,,0.0
HINDZINC,2014-09-30,Independent,,0.0
HINDZINC,2014-12-31,Independent,,0.0
HINDZINC,2015-03-31,Independent,,0.0
HINDZINC,2015-06-30,Independent,,0.0
HINDZINC,2015-09-30,Independent,,0.0
HINDZINC,2015-12-31,Independent,Promoter,2743154310.0
HINDZINC,2016-03-31,Independent,Promoter,2743154310.0
HINDZINC,2016-06-30,Independent,Promoter,2743154310.0
HINDZINC,2016-09-30,Independent,Promoter,2743154310.0
HINDZINC,2016-12-31,Independent,Body Corporate,2743154310.0
HINDZINC,2017-03-31,Independent,Body Corporate,2743154310.0
HINDZINC,2017-06-30,Independent,Body Corporate,2743154310.0
HINDZINC,2017-09-30,Independent,Body Corporate,2743154310.0
HINDZINC,2017-12-31,Independent,Body Corporate,2743154310.0
HINDZINC,2018-03-31,Independent,Vedanta Limited,2743154310.0
HINDZINC,2018-06-30,Independent,Vedanta Limited,2743154310.0
HINDZINC,2018-09-30,Independent,Vedanta Limited,2743154310.0
HINDZINC,2018-12-31,Independent,Vedanta Limited,2743154310.0
HINDZINC,2019-03-31,Independent,Vedanta Limited,2743154310.0
HINDZINC,2019-06-30,Independent,Vedanta Limited,2743154310.0
HINDZINC,2019-09-30,Independent,Vedanta Limited,2743154310.0
HINDZINC,2019-12-31,Independent,Vedanta Limited,2743154310.0
HINDZINC,2020-03-31,Independent,VEDANTA LIMITED,2743154310.0
HINDZINC,2020-06-30,Independent,VEDANTA LIMITED,2743154310.0
HINDZINC,2020-09-30,Independent,VEDANTA LIMITED,2743154310.0
HINDZINC,2020-12-31,Independent,VEDANTA LIMITED,2743154310.0
HINDZINC,2021-03-31,Independent,VEDANTA LIMITED,2743154310.0
HINDZINC,2021-06-30,Independent,VEDANTA LIMITED,2743154310.0
HINDZINC,2021-09-30,Independent,VEDANTA LIMITED,2743154310.0
HINDZINC,2021-12-31,Independent,VEDANTA LIMITED,2743154310.0
HINDZINC,2022-03-31,Independent,VEDANTA LIMITED,2743154310.0
HINDZINC,2022-06-30,Independent,VEDANTA LIMITED,2743154310.0
HINDZINC,2022-09-30,Independent,VEDANTA LIMITED,2743154310.0
HINDZINC,2022-12-31,Independent,VEDANTA LIMITED,2743154310.0
HINDZINC,2023-03-31,Independent,VEDANTA LIMITED,2743154310.0
HINDZINC,2023-06-30,Independent,VEDANTA LIMITED,2743154310.0
HINDZINC,2023-09-30,Independent,VEDANTA LIMITED,2743154310.0
HINDZINC,2023-12-31,Independent,VEDANTA LIMITED,2743154310.0
HINDZINC,2024-03-31,Independent,VEDANTA LIMITED,2743154310.0
HINDZINC,2024-06-30,Independent,VEDANTA LIMITED,2743154310.0
HINDZINC,2024-09-30,Independent,VEDANTA LIMITED,2679548419.0
HINDZINC,2024-12-31,Independent,VEDANTA LIMITED,2679548419.0
HINDZINC,2025-03-31,Independent,VEDANTA LIMITED,2679548419.0
HINDZINC,2025-06-30,Independent,VEDANTA LIMITED,2612848419.0
HINDZINC,2025-09-30,Independent,VEDANTA LIMITED,2612848419.0
HINDZINC,2025-12-31,Independent,VEDANTA LIMITED,2612848419.0
HUDCO,2017-05-17,GOI_PSU,Central Government/ State Government(s),1797841253.0
HUDCO,2017-06-30,GOI_PSU,Central Government/ State Government(s),1797841253.0
HUDCO,2017-09-30,GOI_PSU,Central Government/ State Government(s),1797841253.0
HUDCO,2017-12-31,GOI_PSU,Central Government/ State Government(s),1797841253.0
HUDCO,2018-03-31,GOI_PSU,Central Government/ State Government(s),1797841253.0
HUDCO,2018-06-30,GOI_PSU,Central Government/ State Government(s),1797841253.0
HUDCO,2018-09-30,GOI_PSU,Central Government/ State Government(s),1797841253.0
HUDCO,2018-12-31,GOI_PSU,Central Government/ State Government(s),1797841253.0
HUDCO,2019-03-31,GOI_PSU,Central Government/ State Government(s),1797841253.0
HUDCO,2019-06-30,GOI_PSU,Central Government/ State Government(s),1797841253.0
HUDCO,2019-09-30,GOI_PSU,Central Government/ State Government(s),1797841253.0
HUDCO,2019-12-31,GOI_PSU,Central Government/ State Government(s),1797841253.0
HUDCO,2020-03-31,GOI_PSU,Central Government/ State Government(s),1797841253.0
HUDCO,2020-06-30,GOI_PSU,Central Government/ State Government(s),1797841253.0
HUDCO,2020-09-30,GOI_PSU,Central Government/ State Government(s),1797841253.0
HUDCO,2020-12-31,GOI_PSU,Central Government/ State Government(s),1797841253.0
HUDCO,2021-03-31,GOI_PSU,Central Government/ State Government(s),1797841253.0
HUDCO,2021-06-30,GOI_PSU,Central Government/ State Government(s),1797841253.0
HUDCO,2021-09-30,GOI_PSU,Central Government/ State Government(s),1637677479.0
HUDCO,2021-12-31,GOI_PSU,Central Government/ State Government(s),1637677479.0
HUDCO,2022-03-31,GOI_PSU,Central Government/ State Government(s),1637677479.0
HUDCO,2022-06-30,GOI_PSU,Central Government/ State Government(s),1637677479.0
HUDCO,2022-09-30,GOI_PSU,Central Government/ State Government(s),1637677479.0
HUDCO,2022-12-31,GOI_PSU,Central Government/ State Government(s),1637677479.0
HUDCO,2023-03-31,GOI_PSU,Central Government/ State Government(s),1637677479.0
HUDCO,2023-06-30,GOI_PSU,Central Government/ State Government(s),1637677479.0
HUDCO,2023-09-30,GOI_PSU,Central Government/ State Government(s),1637677479.0
HUDCO,2023-12-31,GOI_PSU,Central Government/ State Government(s),1504795268.0
HUDCO,2024-03-31,GOI_PSU,Central Government/ State Government(s),1501425000.0
HUDCO,2024-06-30,GOI_PSU,Central Government/ State Government(s),1501425000.0
HUDCO,2024-09-30,GOI_PSU,Central Government/ State Government(s),1501425000.0
HUDCO,2024-12-31,GOI_PSU,Central Government/ State Government(s),1501425000.0
HUDCO,2025-03-31,GOI_PSU,Central Government/ State Government(s),1501425000.0
HUDCO,2025-06-30,GOI_PSU,Central Government/ State Government(s),1501425000.0
HUDCO,2025-09-30,GOI_PSU,Central Government/ State Government(s),1501425000.0
HUDCO,2025-12-31,GOI_PSU,Central Government/ State Government(s),1501425000.0
HYUNDAI,2024-10-19,Independent,HYUNDAI MOTOR COMPANY,670346400.0
HYUNDAI,2024-12-31,Independent,HYUNDAI MOTOR COMPANY,670346400.0
HYUNDAI,2025-03-31,Independent,HYUNDAI MOTOR COMPANY,670346400.0
HYUNDAI,2025-06-30,Independent,HYUNDAI MOTOR COMPANY,670346400.0
HYUNDAI,2025-09-30,Independent,HYUNDAI MOTOR COMPANY,670346400.0
HYUNDAI,2025-12-31,Independent,HYUNDAI MOTOR COMPANY,670346400.0
ICICIBANK,2014-03-31,Independent,,0.0
ICICIBANK,2014-06-30,Independent,,0.0
ICICIBANK,2014-09-30,Independent,,0.0
ICICIBANK,2014-12-31,Independent,,0.0
ICICIBANK,2015-03-31,Independent,,0.0
ICICIBANK,2015-06-30,Independent,,0.0
ICICIBANK,2015-09-30,Independent,,0.0
ICICIBANK,2015-12-31,Independent,,0.0
ICICIBANK,2016-03-31,Independent,,0.0
ICICIBANK,2016-06-30,Independent,,0.0
ICICIBANK,2016-09-30,Independent,,0.0
ICICIBANK,2016-12-31,Independent,,0.0
ICICIBANK,2017-03-31,Independent,,0.0
ICICIBANK,2017-06-23,Independent,,0.0
ICICIBANK,2017-06-30,Independent,,0.0
ICICIBANK,2017-09-30,Independent,,0.0
ICICIBANK,2017-12-31,Independent,,0.0
ICICIBANK,2018-03-31,Independent,,0.0
ICICIBANK,2018-06-30,Independent,,0.0
ICICIBANK,2018-09-30,Independent,,0.0
ICICIBANK,2018-12-31,Independent,,0.0
ICICIBANK,2019-03-31,Independent,,0.0
ICICIBANK,2019-06-30,Independent,,0.0
ICICIBANK,2019-09-30,Independent,,0.0
ICICIBANK,2019-12-31,Independent,,0.0
ICICIBANK,2020-03-31,Independent,,0.0
ICICIBANK,2020-06-30,Independent,,0.0
ICICIBANK,2020-08-15,Independent,,0.0
ICICIBANK,2020-09-30,Independent,,0.0
ICICIBANK,2020-12-31,Independent,,0.0
ICICIBANK,2021-03-31,Independent,,0.0
ICICIBANK,2021-06-30,Independent,,0.0
ICICIBANK,2021-09-30,Independent,,0.0
ICICIBANK,2021-12-31,Independent,,0.0
ICICIBANK,2022-03-31,Independent,,0.0
ICICIBANK,2022-06-30,Independent,,0.0
ICICIBANK,2022-09-30,Independent,,0.0
ICICIBANK,2022-12-31,Independent,,0.0
ICICIBANK,2023-03-31,Independent,,0.0
ICICIBANK,2023-06-30,Independent,,0.0
ICICIBANK,2023-09-30,Independent,,0.0
ICICIBANK,2023-12-31,Independent,,0.0
ICICIBANK,2024-03-31,Independent,,0.0
ICICIBANK,2024-06-30,Independent,,0.0
ICICIBANK,2024-09-30,Independent,,0.0
ICICIBANK,2024-12-31,Independent,,0.0
ICICIBANK,2025-03-31,Independent,,0.0
ICICIBANK,2025-06-30,Independent,,0.0
ICICIBANK,2025-09-30,Independent,,0.0
ICICIBANK,2025-12-31,Independent,,0.0
ICICIGI,2017-09-26,Independent,ICICI BANK LIMITED,253843806.0
ICICIGI,2017-09-30,Independent,ICICI BANK LIMITED,253843806.0
ICICIGI,2017-12-31,Independent,ICICI BANK LIMITED,253843806.0
ICICIGI,2018-03-31,Independent,ICICI BANK LIMITED,253843806.0
ICICIGI,2018-06-30,Independent,ICICI Bank Limited,253843806.0
ICICIGI,2018-09-30,Independent,ICICI Bank Limited,253843806.0
ICICIGI,2018-12-31,Independent,ICICI Bank Limited,253843806.0
ICICIGI,2019-03-31,Independent,ICICI Bank Limited,253843806.0
ICICIGI,2019-06-30,Independent,ICICI BANK LTD,253843806.0
ICICIGI,2019-09-30,Independent,ICICI BANK LTD,253843806.0
ICICIGI,2019-12-31,Independent,ICICI BANK LTD,253843806.0
ICICIGI,2020-03-31,Independent,ICICI BANK Limited,253843806.0
ICICIGI,2020-06-30,Independent,ICICI BANK Limited,235843806.0
ICICIGI,2020-09-30,Independent,ICICI BANK Limited,235843806.0
ICICIGI,2020-12-31,Independent,ICICI BANK Limited,235843806.0
ICICIGI,2021-03-31,Independent,ICICI BANK Limited,235843806.0
ICICIGI,2021-06-30,Independent,ICICI BANK Limited,235843806.0
ICICIGI,2021-09-08,Independent,ICICI Bank Limited,235843806.0
ICICIGI,2021-09-30,Independent,ICICI Bank Limited,235843806.0
ICICIGI,2021-12-31,Independent,ICICI Bank Limited,235843806.0
ICICIGI,2022-03-31,Independent,ICICI Bank Limited,235843806.0
ICICIGI,2022-06-30,Independent,ICICI Bank Limited,235843806.0
ICICIGI,2022-09-30,Independent,ICICI Bank Limited,235843806.0
ICICIGI,2022-12-31,Independent,ICICI BANK LIMITED,235843806.0
ICICIGI,2023-03-31,Independent,ICICI BANK LIMITED,235843806.0
ICICIGI,2023-06-30,Independent,ICICI BANK LIMITED,235843806.0
ICICIGI,2023-09-30,Independent,ICICI Bank Limited,235843806.0
ICICIGI,2023-12-31,Independent,ICICI BANK LIMITED,235843806.0
ICICIGI,2024-03-31,Independent,ICICI BANK LIMITED,252597128.0
ICICIGI,2024-06-30,Independent,ICICI BANK LIMITED,255550678.0
ICICIGI,2024-09-30,Independent,ICICI Bank Limited,255550678.0
ICICIGI,2024-12-31,Independent,ICICI Bank Limited,255550678.0
ICICIGI,2025-03-31,Independent,ICICI Bank Limited,255550678.0
ICICIGI,2025-06-30,Independent,ICICI BANK LIMITED,255550678.0
ICICIGI,2025-09-30,Independent,ICICI BANK LIMITED,255550678.0
ICICIGI,2025-12-31,Independent,ICICI BANK LIMITED,255550678.0
ICICIPRULI,2016-09-28,Independent,ICICI BANK LTD,787816604.0
ICICIPRULI,2016-09-30,Independent,ICICI BANK LIMITED,787816604.0
ICICIPRULI,2016-12-31,Independent,ICICI BANK LIMITED,787816604.0
ICICIPRULI,2017-03-31,Independent,ICICI BANK LIMITED,787816604.0
ICICIPRULI,2017-06-30,Independent,ICICI BANK LTD,787816604.0
ICICIPRULI,2017-09-30,Independent,ICICI BANK LTD,787816604.0
ICICIPRULI,2017-12-31,Independent,ICICI BANK LTD,787816604.0
ICICIPRULI,2018-03-31,Independent,ICICI BANK LTD,787816604.0
ICICIPRULI,2018-06-30,Independent,ICICI BANK LTD,759105504.0
ICICIPRULI,2018-09-30,Independent,ICICI BANK LTD,759105504.0
ICICIPRULI,2018-12-31,Independent,ICICI BANK LTD,759105504.0
ICICIPRULI,2019-03-31,Independent,ICICI BANK LTD,759105504.0
ICICIPRULI,2019-06-30,Independent,ICICI BANK LTD,759105504.0
ICICIPRULI,2019-09-30,Independent,ICICI BANK LTD,759105504.0
ICICIPRULI,2019-12-31,Independent,ICICI BANK LTD,759105504.0
ICICIPRULI,2020-03-31,Independent,ICICI Bank Limited,759105504.0
ICICIPRULI,2020-06-30,Independent,ICICI Bank Limited,737605504.0
ICICIPRULI,2020-09-30,Independent,ICICI Bank Limited,737605504.0
ICICIPRULI,2020-12-31,Independent,ICICI BANK LTD,737605504.0
ICICIPRULI,2021-03-31,Independent,ICICI BANK LTD,737605504.0
ICICIPRULI,2021-06-30,Independent,ICICI BANK LTD,737605504.0
ICICIPRULI,2021-09-30,Independent,ICICI   BANK LTD,737605504.0
ICICIPRULI,2021-12-31,Independent,ICICI BANK LTD,737605504.0
ICICIPRULI,2022-03-31,Independent,ICICI BANK LIMITED,737605504.0
ICICIPRULI,2022-06-30,Independent,ICICI BANK LTD,737605504.0
ICICIPRULI,2022-09-30,Independent,ICICI Bank Limited,737605504.0
ICICIPRULI,2022-12-31,Independent,ICICI Bank Limited,737605504.0
ICICIPRULI,2023-03-31,Independent,ICICI Bank Limited,737605504.0
ICICIPRULI,2023-06-30,Independent,ICICI Bank Limited,737605504.0
ICICIPRULI,2023-09-30,Independent,ICICI Bank Limited,737605504.0
ICICIPRULI,2023-12-31,Independent,ICICI BANK LIMITED,737605504.0
ICICIPRULI,2024-03-31,Independent,ICICI BANK LIMITED,737605504.0
ICICIPRULI,2024-06-30,Independent,ICICI BANK LIMITED,737605504.0
ICICIPRULI,2024-09-30,Independent,ICICI BANK LIMITED,737605504.0
ICICIPRULI,2024-12-31,Independent,ICICI BANK LIMITED,737605504.0
ICICIPRULI,2025-03-31,Independent,ICICI BANK LIMITED,737605504.0
ICICIPRULI,2025-06-30,Independent,ICICI BANK LTD,737605504.0
ICICIPRULI,2025-09-30,Independent,ICICI BANK LIMITED,737605504.0
ICICIPRULI,2025-12-31,Independent,ICICI BANK LIMITED,737605504.0
IDBI,2014-03-31,Independent,,0.0
IDBI,2014-06-30,Independent,,0.0
IDBI,2014-09-30,Independent,,0.0
IDBI,2014-12-31,Independent,,0.0
IDBI,2015-03-31,Independent,,0.0
IDBI,2015-06-30,Independent,,0.0
IDBI,2015-09-30,Independent,,0.0
IDBI,2015-12-31,GOI_PSU,Central Government/ State Government(s),1523113202.0
IDBI,2016-03-23,GOI_PSU,Central Government/ State Government(s),1523113202.0
IDBI,2016-03-31,GOI_PSU,Central Government/ State Government(s),1523113202.0
IDBI,2016-06-30,GOI_PSU,Central Government/ State Government(s),1523113202.0
IDBI,2016-09-30,GOI_PSU,Central Government/ State Government(s),1523113202.0
IDBI,2016-12-31,GOI_PSU,Central Government/ State Government(s),1523113202.0
IDBI,2017-03-31,GOI_PSU,Central Government/ State Government(s),1523113202.0
IDBI,2017-06-30,GOI_PSU,Central Government/ State Government(s),1523113202.0
IDBI,2017-08-14,GOI_PSU,Central Government/ State Government(s),1770605712.0
IDBI,2017-09-30,GOI_PSU,Central Government/ State Government(s),1770605712.0
IDBI,2017-10-06,GOI_PSU,Central Government/ State Government(s),2055467184.0
IDBI,2017-12-31,GOI_PSU,Central Government/ State Government(s),2055467184.0
IDBI,2018-03-28,GOI_PSU,Central Government/ State Government(s),2496838686.0
IDBI,2018-03-31,GOI_PSU,Central Government/ State Government(s),2496838686.0
IDBI,2018-05-25,GOI_PSU,Central Government/ State Government(s),3594165335.0
IDBI,2018-06-30,GOI_PSU,Central Government/ State Government(s),3594165335.0
IDBI,2018-09-30,GOI_PSU,Central Government/ State Government(s),3594165335.0
IDBI,2018-12-28,GOI_PSU,Central Government/ State Government(s),3594165335.0
IDBI,2018-12-31,GOI_PSU,Central Government/ State Government(s),3594165335.0
IDBI,2019-01-21,GOI_PSU,Central Government/ State Government(s),3594165335.0
IDBI,2019-03-31,GOI_PSU,Central Government/ State Government(s),3594165335.0
IDBI,2019-06-30,GOI_PSU,Central Government/ State Government(s),3594165335.0
IDBI,2019-09-30,GOI_PSU,Central Government/ State Government(s),3594165335.0
IDBI,2019-10-23,GOI_PSU,Central Government/ State Government(s),4889871903.0
IDBI,2019-12-31,GOI_PSU,Central Government/ State Government(s),4889871903.0
IDBI,2020-03-31,GOI_PSU,Central Government/ State Government(s),4889871903.0
IDBI,2020-06-30,GOI_PSU,Central Government/ State Government(s),4889871903.0
IDBI,2020-09-30,GOI_PSU,Central Government/ State Government(s),4889871903.0
IDBI,2020-12-19,GOI_PSU,Central Government/ State Government(s),4889871903.0
IDBI,2020-12-31,GOI_PSU,Central Government/ State Government(s),4889871903.0
IDBI,2021-03-31,GOI_PSU,Central Government/ State Government(s),4889871903.0
IDBI,2021-06-30,GOI_PSU,Central Government/ State Government(s),4889871903.0
IDBI,2021-09-30,GOI_PSU,Central Government/ State Government(s),4889871903.0
IDBI,2021-12-31,GOI_PSU,Central Government/ State Government(s),4889871903.0
IDBI,2022-03-31,GOI_PSU,Central Government/ State Government(s),4889871903.0
IDBI,2022-06-30,GOI_PSU,Central Government/ State Government(s),4889871903.0
IDBI,2022-09-30,GOI_PSU,Central Government/ State Government(s),4889871903.0
IDBI,2022-12-31,GOI_PSU,Central Government/ State Government(s),4889871903.0
IDBI,2023-03-31,GOI_PSU,Central Government/ State Government(s),4889871903.0
IDBI,2023-06-30,GOI_PSU,Central Government/ State Government(s),4889871903.0
IDBI,2023-09-30,GOI_PSU,Central Government/ State Government(s),4889871903.0
IDBI,2023-12-31,GOI_PSU,Central Government/ State Government(s),4889871903.0
IDBI,2024-03-31,GOI_PSU,Central Government/ State Government(s),4889871903.0
IDBI,2024-06-30,GOI_PSU,Central Government/ State Government(s),4889871903.0
IDBI,2024-09-30,GOI_PSU,Central Government/ State Government(s),4889871903.0
IDBI,2024-12-31,GOI_PSU,Central Government/ State Government(s),4889871903.0
IDBI,2025-03-31,GOI_PSU,Central Government/ State Government(s),4889871903.0
IDBI,2025-06-30,GOI_PSU,Central Government/ State Government(s),4889871903.0
IDBI,2025-09-30,GOI_PSU,Central Government/ State Government(s),4889871903.0
IDBI,2025-12-31,GOI_PSU,Central Government/ State Government(s),4889871903.0
IDEA,2014-03-31,Independent,,0.0
IDEA,2014-06-11,Independent,,0.0
IDEA,2014-06-30,Independent,,0.0
IDEA,2014-09-30,Independent,,0.0
IDEA,2014-12-31,Independent,,0.0
IDEA,2015-03-31,Independent,,0.0
IDEA,2015-06-30,Independent,,0.0
IDEA,2015-09-30,Independent,,0.0
IDEA,2015-12-31,Birla,ADITYA BIRLA NUVO LIMITED,837526221.0
IDEA,2016-03-31,Birla,Aditya Birla Nuvo Ltd.,837526221.0
IDEA,2016-06-30,Birla,Aditya Birla Nuvo Ltd.,837526221.0
IDEA,2016-09-30,Birla,Aditya Birla Nuvo Ltd.,837526221.0
IDEA,2016-12-31,Birla,Aditya Birla Nuvo Ltd.,837526221.0
IDEA,2017-03-31,Birla,Aditya Birla Nuvo Ltd.,837526221.0
IDEA,2017-06-30,Birla,Aditya Birla Nuvo Ltd.,837526221.0
IDEA,2017-09-30,Birla,Grasim Industries Ltd,1008540115.0
IDEA,2017-12-31,Birla,Grasim Industries Ltd,1008540115.0
IDEA,2018-02-12,Birla,Grasim Industries Ltd,1008540115.0
IDEA,2018-02-23,Birla,Grasim Industries Ltd,1008540115.0
IDEA,2018-03-31,Birla,Grasim Industries Ltd,1008540115.0
IDEA,2018-06-30,Birla,Grasim Industries Ltd,1008540115.0
IDEA,2018-08-31,Birla,Grasim Industries Ltd,1008540115.0
IDEA,2018-09-30,Birla,Grasim Industries Ltd,1008540115.0
IDEA,2018-12-31,Birla,Grasim Industries Ltd,1008540115.0
IDEA,2019-03-31,Birla,Grasim Industries Ltd,1008540115.0
IDEA,2019-05-04,Birla,Grasim Industries Ltd,3317566167.0
IDEA,2019-06-30,Birla,Grasim Industries Limited,3317566167.0
IDEA,2019-09-30,Birla,GRASIM INDUSTRIES LTD,3317566167.0
IDEA,2019-12-31,Birla,GRASIM INDUSTRIES LTD,3317566167.0
IDEA,2020-03-31,Birla,GRASIM INDUSTRIES LTD,3317566167.0
IDEA,2020-06-30,Birla,GRASIM INDUSTRIES LTD,3317566167.0
IDEA,2020-09-30,Birla,GRASIM INDUSTRIES LTD,3317566167.0
IDEA,2020-12-31,Birla,GRASIM INDUSTRIES LTD,3317566167.0
IDEA,2021-03-31,Birla,GRASIM INDUSTRIES LIMITED,3317566167.0
IDEA,2021-06-30,Birla,GRASIM INDUSTRIES LIMITED,3317566167.0
IDEA,2021-09-30,Birla,GRASIM INDUSTRIES LTD,3317566167.0
IDEA,2021-12-31,Birla,GRASIM INDUSTRIES LTD,3317566167.0
IDEA,2022-03-31,Birla,GRASIM INDUSTRIES LTD,3317566167.0
IDEA,2022-06-30,Birla,GRASIM INDUSTRIES LTD,3317566167.0
IDEA,2022-09-30,Birla,GRASIM INDUSTRIES LTD,3317566167.0
IDEA,2022-12-31,Birla,GRASIM INDUSTRIES LTD,3317566167.0
IDEA,2023-02-07,Birla,GRASIM INDUSTRIES LTD,3317566167.0
IDEA,2023-03-31,Birla,GRASIM INDUSTRIES LTD,3317566167.0
IDEA,2023-06-30,Birla,GRASIM INDUSTRIES LTD,3317566167.0
IDEA,2023-09-30,Birla,GRASIM INDUSTRIES LTD,3317566167.0
IDEA,2023-12-31,Birla,GRASIM INDUSTRIES LTD,3317566167.0
IDEA,2024-03-23,Birla,GRASIM INDUSTRIES LTD,3317566167.0
IDEA,2024-03-31,Birla,GRASIM INDUSTRIES LTD,3317566167.0
IDEA,2024-04-23,Birla,GRASIM INDUSTRIES LTD,3317566167.0
IDEA,2024-05-21,Birla,GRASIM INDUSTRIES LTD,3317566167.0
IDEA,2024-06-30,Birla,GRASIM INDUSTRIES LTD,3317566167.0
IDEA,2024-07-19,Birla,GRASIM INDUSTRIES LTD,3317566167.0
IDEA,2024-09-30,Birla,GRASIM INDUSTRIES LTD,3317566167.0
IDEA,2024-12-31,Birla,GRASIM INDUSTRIES LTD,3317566167.0
IDEA,2025-01-09,Birla,GRASIM INDUSTRIES LTD,3317566167.0
IDEA,2025-03-31,Birla,GRASIM INDUSTRIES LTD,3317566167.0
IDEA,2025-04-08,Birla,GRASIM INDUSTRIES LTD,3317566167.0
IDEA,2025-06-30,Birla,GRASIM INDUSTRIES LTD,3317566167.0
IDEA,2025-09-30,Birla,GRASIM INDUSTRIES LTD,3317566167.0
IDEA,2025-12-31,Birla,GRASIM INDUSTRIES LTD,3317566167.0
IDFC,2014-03-31,Independent,,0.0
IDFC,2014-06-30,Independent,,0.0
IDFC,2014-09-19,Independent,,0.0
IDFC,2014-09-30,Independent,,0.0
IDFC,2014-12-31,Independent,,0.0
IDFC,2015-03-31,Independent,,0.0
IDFC,2015-06-30,Independent,,0.0
IDFC,2015-09-30,Independent,,0.0
IDFC,2015-12-31,Independent,,0.0
IDFC,2016-03-31,Independent,,0.0
IDFC,2016-04-16,Independent,,0.0
IDFC,2016-06-30,Independent,,0.0
IDFC,2016-09-30,Independent,,0.0
IDFC,2016-11-18,Independent,,0.0
IDFC,2016-12-31,Independent,,0.0
IDFC,2017-03-31,Independent,,0.0
IDFC,2017-05-16,Independent,,0.0
IDFC,2017-06-15,Independent,,0.0
IDFC,2017-06-30,Independent,,0.0
IDFC,2017-09-30,Independent,,0.0
IDFC,2017-12-20,Independent,,0.0
IDFC,2017-12-31,Independent,,0.0
IDFC,2018-03-31,Independent,,0.0
IDFC,2018-06-30,Independent,,0.0
IDFC,2018-07-02,Independent,,0.0
IDFC,2018-09-30,Independent,,0.0
IDFC,2018-12-31,Independent,,0.0
IDFC,2019-03-31,Independent,,0.0
IDFC,2019-06-30,Independent,,0.0
IDFC,2019-09-30,Independent,,0.0
IDFC,2019-12-31,Independent,,0.0
IDFC,2020-03-31,Independent,,0.0
IDFC,2020-06-30,Independent,,0.0
IDFC,2020-09-30,Independent,,0.0
IDFC,2020-12-31,Independent,,0.0
IDFC,2021-03-31,Independent,,0.0
IDFC,2021-06-30,Independent,,0.0
IDFC,2021-09-30,Independent,,0.0
IDFC,2021-12-31,Independent,,0.0
IDFC,2022-03-31,Independent,,0.0
IDFC,2022-06-30,Independent,,0.0
IDFC,2022-09-30,Independent,,0.0
IDFC,2022-12-31,Independent,,0.0
IDFC,2023-03-31,Independent,,0.0
IDFC,2023-06-30,Independent,,0.0
IDFC,2023-09-30,Independent,,0.0
IDFC,2023-12-31,Independent,,0.0
IDFC,2024-03-31,Independent,,0.0
IDFC,2024-06-30,Independent,,0.0
IDFCFIRSTB,2015-10-27,Independent,,0.0
IDFCFIRSTB,2015-12-31,Independent,IDFC Financial Holding Company Limited,1797512608.0
IDFCFIRSTB,2016-03-31,Independent,Body Corporate,177234518.0
IDFCFIRSTB,2016-04-16,Independent,Body Corporate,177481593.0
IDFCFIRSTB,2016-06-30,Independent,Body Corporate,1797512668.0
IDFCFIRSTB,2016-07-05,Independent,Body Corporate,1797512668.0
IDFCFIRSTB,2016-09-17,Independent,Body Corporate,1797512668.0
IDFCFIRSTB,2016-09-30,Independent,Body Corporate,1797512668.0
IDFCFIRSTB,2016-10-15,Independent,Body Corporate,1797512668.0
IDFCFIRSTB,2016-11-18,Independent,Body Corporate,1797512668.0
IDFCFIRSTB,2016-12-15,Independent,Body Corporate,1797512668.0
IDFCFIRSTB,2016-12-31,Independent,Body Corporate,1797512668.0
IDFCFIRSTB,2017-01-17,Independent,Body Corporate,1797512668.0
IDFCFIRSTB,2017-02-15,Independent,Body Corporate,1797512668.0
IDFCFIRSTB,2017-03-16,Independent,Body Corporate,1797512668.0
IDFCFIRSTB,2017-03-31,Independent,Body Corporate,1797512668.0
IDFCFIRSTB,2017-04-17,Independent,Body Corporate,1797512668.0
IDFCFIRSTB,2017-05-16,Independent,Body Corporate,1797512668.0
IDFCFIRSTB,2017-06-15,Independent,Body Corporate,1797512668.0
IDFCFIRSTB,2017-06-30,Independent,Body Corporate,1797512668.0
IDFCFIRSTB,2017-07-14,Independent,Body Corporate,1797512668.0
IDFCFIRSTB,2017-08-16,Independent,Body Corporate,1797512668.0
IDFCFIRSTB,2017-09-14,Independent,Body Corporate,1797512668.0
IDFCFIRSTB,2017-09-30,Independent,Body Corporate,1797512668.0
IDFCFIRSTB,2017-10-16,Independent,Body Corporate,1797512668.0
IDFCFIRSTB,2017-11-15,Independent,Body Corporate,1797512668.0
IDFCFIRSTB,2017-12-14,Independent,Body Corporate,1797512668.0
IDFCFIRSTB,2017-12-31,Independent,Body Corporate,1797512668.0
IDFCFIRSTB,2018-01-15,Independent,Body Corporate,1797512668.0
IDFCFIRSTB,2018-02-15,Independent,Body Corporate,1797512668.0
IDFCFIRSTB,2018-03-16,Independent,Body Corporate,1797512668.0
IDFCFIRSTB,2018-03-31,Independent,IDFC FINANCIAL HOLDING COMPANY LIMITED,1797512668.0
IDFCFIRSTB,2018-04-16,Independent,IDFC FINANCIAL HOLDING COMPANY LIMITED,1797512668.0
IDFCFIRSTB,2018-06-30,Independent,IDFC FINANCIAL HOLDING COMPANY LIMITED,1848512668.0
IDFCFIRSTB,2018-07-02,Independent,IDFC FINANCIAL HOLDING COMPANY LIMITED,1848512668.0
IDFCFIRSTB,2018-09-25,Independent,IDFC FINANCIAL HOLDING COMPANY LIMITED,1912012668.0
IDFCFIRSTB,2018-09-30,Independent,IDFC FINANCIAL HOLDING COMPANY LIMITED,1912012668.0
IDFCFIRSTB,2018-12-31,Independent,IDFC FINANCIAL HOLDING COMPANY LIMITED,1912608691.0
IDFCFIRSTB,2019-01-05,Independent,IDFC FINANCIAL HOLDING COMPANY LIMITED,1912608691.0
IDFCFIRSTB,2019-03-31,Independent,IDFC FINANCIAL HOLDING COMPANY LIMITED,1912670691.0
IDFCFIRSTB,2019-06-30,Independent,IDFC FINANCIAL HOLDING COMPANY LIMITED  nn,1912990851.0
IDFCFIRSTB,2019-09-30,Independent,IDFC FINANCIAL HOLDING COMPANY LIMITED,1913106351.0
IDFCFIRSTB,2019-12-31,Independent,IDFC FINANCIAL HOLDING COMPANY LIMITED,1915783215.0
IDFCFIRSTB,2020-03-31,Independent,IDFC FINANCIAL HOLDING COMPANY LIMITED,1923961207.0
IDFCFIRSTB,2020-06-12,Independent,IDFC FINANCIAL HOLDING COMPANY LIMITED,2268937489.0
IDFCFIRSTB,2020-06-30,Independent,IDFC Financial Holding Company Limited,2268937489.0
IDFCFIRSTB,2020-09-30,Independent,IDFC Financial Holding Company Limited,2268937489.0
IDFCFIRSTB,2020-12-31,Independent,IDFC Financial Holding Company Limited,2268937489.0
IDFCFIRSTB,2021-03-31,Independent,IDFC Financial Holding Company Limited,2268937489.0
IDFCFIRSTB,2021-04-06,Independent,IDFC Financial Holding Company Limited,2268937489.0
IDFCFIRSTB,2021-06-30,Independent,IDFC FINANCIAL HOLDING COMPANY LIMITED,2268937489.0
IDFCFIRSTB,2021-09-30,Independent,IDFC Financial Holding Company Limited,2268937489.0
IDFCFIRSTB,2021-12-31,Independent,IDFC FINANCIAL HOLDING COMPANY LIMITED,2268937489.0
IDFCFIRSTB,2022-03-31,Independent,IDFC FINANCIAL HOLDING COMPANY LIMITED,2268937489.0
IDFCFIRSTB,2022-06-30,Independent,IDFC FINANCIAL HOLDING COMPANY LIMITED,2268937489.0
IDFCFIRSTB,2022-09-30,Independent,IDFC FINANCIAL HOLDING COMPANY LIMITED,2268937489.0
IDFCFIRSTB,2022-12-31,Independent,IDFC FINANCIAL HOLDING COMPANY LIMITED,2268937489.0
IDFCFIRSTB,2023-03-23,Independent,IDFC FINANCIAL HOLDING COMPANY LIMITED,2646438348.0
IDFCFIRSTB,2023-03-31,Independent,IDFC FINANCIAL HOLDING COMPANY LIMITED,2646438348.0
IDFCFIRSTB,2023-06-30,Independent,IDFC FINANCIAL HOLDING COMPANY LIMITED,2646438348.0
IDFCFIRSTB,2023-09-30,Independent,IDFC FINANCIAL HOLDING COMPANY LIMITED,2646438348.0
IDFCFIRSTB,2023-10-06,Independent,IDFC FINANCIAL HOLDING COMPANY LIMITED,2646438348.0
IDFCFIRSTB,2023-12-31,Independent,IDFC FINANCIAL HOLDING COMPANY LIMITED,2646438348.0
IDFCFIRSTB,2024-03-31,Independent,IDFC FINANCIAL HOLDING COMPANY LIMITED,2646438348.0
IDFCFIRSTB,2024-06-30,Independent,IDFC FINANCIAL HOLDING COMPANY LIMITED,2646438348.0
IDFCFIRSTB,2024-07-04,Independent,IDFC FINANCIAL HOLDING COMPANY LIMITED,2646438348.0
IDFCFIRSTB,2024-09-30,Independent,IDFC FINANCIAL HOLDING COMPANY LIMITED,2646438348.0
IDFCFIRSTB,2024-10-11,Independent,,0.0
IDFCFIRSTB,2024-12-31,Independent,,0.0
IDFCFIRSTB,2025-03-31,Independent,,0.0
IDFCFIRSTB,2025-06-30,Independent,,0.0
IDFCFIRSTB,2025-08-01,Independent,,0.0
IDFCFIRSTB,2025-08-19,Independent,,0.0
IDFCFIRSTB,2025-09-30,Independent,,0.0
IDFCFIRSTB,2025-10-08,Independent,,0.0
IDFCFIRSTB,2025-10-27,Independent,,0.0
IDFCFIRSTB,2025-12-31,Independent,,0.0
IFCI,2014-03-31,Independent,,0.0
IFCI,2014-06-30,Independent,,0.0
IFCI,2014-09-30,Independent,,0.0
IFCI,2014-12-31,Independent,,0.0
IFCI,2015-03-31,Independent,,0.0
IFCI,2015-06-30,Independent,,0.0
IFCI,2015-09-30,Independent,,0.0
IFCI,2016-03-31,GOI_PSU,Central Government/ State Government(s),923000000.0
IFCI,2016-06-30,GOI_PSU,Central Government/ State Government(s),923000000.0
IFCI,2016-09-30,GOI_PSU,Central Government/ State Government(s),923000000.0
IFCI,2016-12-31,GOI_PSU,Central Government/ State Government(s),923000000.0
IFCI,2017-03-31,GOI_PSU,Central Government/ State Government(s),923000000.0
IFCI,2017-06-30,GOI_PSU,Central Government/ State Government(s),923000000.0
IFCI,2017-09-30,GOI_PSU,Central Government/ State Government(s),923000000.0
IFCI,2017-12-31,GOI_PSU,Central Government/ State Government(s),923000000.0
IFCI,2018-03-31,GOI_PSU,Central Government/ State Government(s),956955857.0
IFCI,2018-06-30,GOI_PSU,Central Government/ State Government(s),956955857.0
IFCI,2018-09-30,GOI_PSU,Central Government/ State Government(s),956955857.0
IFCI,2018-12-31,GOI_PSU,Central Government/ State Government(s),956955857.0
IFCI,2019-03-31,GOI_PSU,Central Government/ State Government(s),956955857.0
IFCI,2019-06-30,GOI_PSU,Central Government/ State Government(s),956955857.0
IFCI,2019-09-30,GOI_PSU,Central Government/ State Government(s),956955857.0
IFCI,2019-12-31,GOI_PSU,Central Government/ State Government(s),956955857.0
IFCI,2020-03-31,GOI_PSU,Central Government/ State Government(s),956955857.0
IFCI,2020-05-21,GOI_PSU,Central Government/ State Government(s),1156955857.0
IFCI,2020-06-30,GOI_PSU,Central Government/ State Government(s),1156955857.0
IFCI,2020-09-30,GOI_PSU,Central Government/ State Government(s),1156955857.0
IFCI,2020-12-31,GOI_PSU,Central Government/ State Government(s),1156955857.0
IFCI,2021-03-31,GOI_PSU,Central Government/ State Government(s),1156955857.0
IFCI,2021-04-23,GOI_PSU,Central Government/ State Government(s),1302941258.0
IFCI,2021-06-30,GOI_PSU,Central Government/ State Government(s),1302941258.0
IFCI,2021-09-30,GOI_PSU,Central Government/ State Government(s),1302941258.0
IFCI,2021-12-31,GOI_PSU,Central Government/ State Government(s),1302941258.0
IFCI,2022-02-25,GOI_PSU,Central Government/ State Government(s),1363954070.0
IFCI,2022-03-31,GOI_PSU,Central Government/ State Government(s),1363954070.0
IFCI,2022-06-30,GOI_PSU,Central Government/ State Government(s),1363954070.0
IFCI,2022-09-30,GOI_PSU,Central Government/ State Government(s),1363954070.0
IFCI,2022-10-27,GOI_PSU,Central Government/ State Government(s),1456890872.0
IFCI,2022-12-31,GOI_PSU,Central Government/ State Government(s),1456890872.0
IFCI,2023-03-31,GOI_PSU,Central Government/ State Government(s),1456890872.0
IFCI,2023-04-27,GOI_PSU,Central Government/ State Government(s),1750576628.0
IFCI,2023-06-30,GOI_PSU,Central Government/ State Government(s),1750576628.0
IFCI,2023-09-30,GOI_PSU,Central Government/ State Government(s),1750576628.0
IFCI,2023-12-31,GOI_PSU,Central Government/ State Government(s),1750576628.0
IFCI,2024-03-31,GOI_PSU,Central Government/ State Government(s),1750576628.0
IFCI,2024-04-18,GOI_PSU,Central Government/ State Government(s),1874553816.0
IFCI,2024-06-30,GOI_PSU,Central Government/ State Government(s),1874553816.0
IFCI,2024-09-30,GOI_PSU,Central Government/ State Government(s),1874553816.0
IFCI,2024-12-31,GOI_PSU,Central Government/ State Government(s),1874553816.0
IFCI,2025-02-28,GOI_PSU,Central Government/ State Government(s),1955277096.0
IFCI,2025-03-31,GOI_PSU,Central Government/ State Government(s),1955277096.0
IFCI,2025-06-30,GOI_PSU,Central Government/ State Government(s),1955277096.0
IFCI,2025-09-30,GOI_PSU,Central Government/ State Government(s),1955277096.0
IFCI,2025-12-31,GOI_PSU,Central Government/ State Government(s),1955277096.0
IGL,2014-03-31,Independent,,0.0
IGL,2014-06-30,Independent,,0.0
IGL,2014-09-30,Independent,,0.0
IGL,2014-12-31,Independent,,0.0
IGL,2015-03-31,Independent,,0.0
IGL,2015-06-30,Independent,,0.0
IGL,2015-09-30,Independent,,0.0
IGL,2015-12-31,Independent,BHARAT PETROLEUM CORPORATION LTD,31500080.0
IGL,2016-03-31,Independent,BHARAT PETROLEUM CORPORATION LTD,31500080.0
IGL,2016-06-30,Independent,BHARAT PETROLEUM CORPORATION LTD,31500080.0
IGL,2016-09-30,Independent,BHARAT PETROLEUM CORPORATION LTD,31500080.0
IGL,2016-12-31,Independent,Body Corporate,63000080.0
IGL,2017-03-31,Independent,Body Corporate,63000080.0
IGL,2017-06-30,Independent,Body Corporate,63000080.0
IGL,2017-09-30,Independent,Body Corporate,63000080.0
IGL,2017-12-31,Independent,Body Corporate,315000400.0
IGL,2018-03-31,Independent,BHARAT PETROLEUM CORPORATION LTD,157500400.0
IGL,2018-06-30,Independent,BHARAT PETROLEUM CORPORATION LTD,157500400.0
IGL,2018-09-30,Independent,BHARAT PETROLEUM CORPORATION LTD,157500400.0
IGL,2018-12-31,Independent,BHARAT PETROLEUM CORPORATION LTD,157500400.0
IGL,2019-03-31,Independent,BHARAT PETROLEUM CORPORATION LTD,157500400.0
IGL,2019-06-30,Independent,BHARAT PETROLEUM CORPORATION LTD,157500400.0
IGL,2019-09-30,Independent,BHARAT PETROLEUM CORPORATION LTD,157500400.0
IGL,2019-12-31,Independent,BHARAT PETROLEUM CORPORATION LTD,157500400.0
IGL,2020-03-31,Independent,BHARAT PETROLEUM CORPORATION LTD,157500400.0
IGL,2020-06-30,Independent,BHARAT PETROLEUM CORPORATION LTD,157500400.0
IGL,2020-09-30,Independent,BHARAT PETROLEUM CORPORATION LTD,157500400.0
IGL,2020-12-31,Independent,BHARAT PETROLEUM CORPORATION LTD,157500400.0
IGL,2021-03-31,Independent,BHARAT PETROLEUM CORPORATION LTD,157500400.0
IGL,2021-06-30,Independent,BHARAT PETROLEUM CORPORATION LTD,157500400.0
IGL,2021-09-30,Independent,BHARAT PETROLEUM CORPORATION LTD,157500400.0
IGL,2021-12-31,Independent,BHARAT PETROLEUM CORPORATION LTD,157500400.0
IGL,2022-03-31,Independent,BHARAT PETROLEUM CORPORATION LTD,157500400.0
IGL,2022-06-30,Independent,BHARAT PETROLEUM CORPORATION LTD,157500400.0
IGL,2022-09-30,Independent,BHARAT PETROLEUM CORPORATION LTD,157500400.0
IGL,2022-12-31,Independent,BHARAT PETROLEUM CORPORATION LTD,157500400.0
IGL,2023-03-31,Independent,BHARAT PETROLEUM CORPORATION LTD,157500400.0
IGL,2023-06-30,Independent,BHARAT PETROLEUM CORPORATION LIMITED,157500400.0
IGL,2023-09-30,Independent,BHARAT PETROLEUM CORPORATION LTD,157500400.0
IGL,2023-12-31,Independent,BHARAT PETROLEUM CORPORATION LTD,157500400.0
IGL,2024-03-31,Independent,BHARAT PETROLEUM CORPORATION LTD,157500400.0
IGL,2024-06-30,Independent,BHARAT PETROLEUM CORPORATION LTD,157500400.0
IGL,2024-09-30,Independent,BHARAT PETROLEUM CORPORATION LTD,157500400.0
IGL,2024-12-31,Independent,BHARAT PETROLEUM CORPORATION LTD,157500400.0
IGL,2025-02-01,Independent,BHARAT PETROLEUM CORPORATION LTD,315000800.0
IGL,2025-03-31,Independent,BHARAT PETROLEUM CORPORATION LTD,315000800.0
IGL,2025-06-30,Independent,BHARAT PETROLEUM CORPORATION LTD,315000800.0
IGL,2025-09-30,Independent,BHARAT PETROLEUM CORPORATION LTD,315000800.0
IGL,2025-12-31,Independent,BHARAT PETROLEUM CORPORATION LTD,315000800.0
INDHOTEL,2014-03-31,Independent,,0.0
INDHOTEL,2014-06-30,Independent,,0.0
INDHOTEL,2014-09-30,Independent,,0.0
INDHOTEL,2014-12-31,Independent,,0.0
INDHOTEL,2015-03-31,Independent,,0.0
INDHOTEL,2015-06-30,Independent,,0.0
INDHOTEL,2015-09-30,Independent,,0.0
INDHOTEL,2016-03-31,Tata,TATA SONS LIMITED,100783005.0
INDHOTEL,2016-06-30,Tata,TATA SONS LIMITED,100783005.0
INDHOTEL,2016-09-30,Tata,TATA SONS LIMITED,100783005.0
INDHOTEL,2016-12-31,Tata,TATA SONS LIMITED,277063351.0
INDHOTEL,2017-03-31,Tata,TATA SONS LIMITED,277063351.0
INDHOTEL,2017-06-30,Tata,TATA SONS LIMITED,277063351.0
INDHOTEL,2017-09-30,Tata,TATA SONS LIMITED,382400080.0
INDHOTEL,2017-12-31,Tata,TATA SONS LIMITED,354247400.0
INDHOTEL,2018-03-31,Tata,TATA SONS LIMITED,433219860.0
INDHOTEL,2018-06-30,Tata,TATA SONS LIMITED,433219860.0
INDHOTEL,2018-09-30,Tata,TATA SONS LIMITED,433219860.0
INDHOTEL,2018-12-31,Tata,TATA SONS PRIVATE LIMITED,433219860.0
INDHOTEL,2019-03-31,Tata,TATA SONS PRIVATE LIMITED,433219860.0
INDHOTEL,2019-06-30,Tata,TATA SONS PRIVATE LIMITED,433219860.0
INDHOTEL,2019-09-30,Tata,TATA SONS PRIVATE LIMITED,433219860.0
INDHOTEL,2019-12-31,Tata,TATA SONS PRIVATE LIMITED,433219860.0
INDHOTEL,2020-03-31,Tata,TATA SONS PRIVATE LIMITED,453005131.0
INDHOTEL,2020-06-30,Tata,TATA SONS PRIVATE LIMITED,453005131.0
INDHOTEL,2020-09-30,Tata,TATA SONS PRIVATE LIMITED,453005131.0
INDHOTEL,2020-12-31,Tata,TATA SONS PRIVATE LIMITED,453005131.0
INDHOTEL,2021-03-31,Tata,TATA SONS PRIVATE LIMITED,453005131.0
INDHOTEL,2021-06-30,Tata,TATA SONS PRIVATE LIMITED,453005131.0
INDHOTEL,2021-09-30,Tata,TATA SONS PRIVATE LIMITED,453005131.0
INDHOTEL,2021-12-31,Tata,TATA SONS PRIVATE LIMITED,507655313.0
INDHOTEL,2022-03-31,Tata,TATA SONS PRIVATE LIMITED,507655313.0
INDHOTEL,2022-06-30,Tata,TATA SONS PRIVATE LIMITED,507655313.0
INDHOTEL,2022-09-30,Tata,TATA SONS PRIVATE LIMITED,507655313.0
INDHOTEL,2022-12-31,Tata,TATA SONS PRIVATE LIMITED,507655313.0
INDHOTEL,2023-03-31,Tata,TATA SONS PRIVATE LIMITED,507655313.0
INDHOTEL,2023-06-30,Tata,TATA SONS PRIVATE LIMITED,507655313.0
INDHOTEL,2023-09-30,Tata,TATA SONS PRIVATE LIMITED,507655313.0
INDHOTEL,2023-12-31,Tata,TATA SONS PRIVATE LIMITED,507655313.0
INDHOTEL,2024-03-31,Tata,TATA SONS PRIVATE LIMITED,507655313.0
INDHOTEL,2024-06-30,Tata,TATA SONS PRIVATE LIMITED,507655313.0
INDHOTEL,2024-09-30,Tata,TATA SONS PRIVATE LIMITED,507655313.0
INDHOTEL,2024-12-31,Tata,TATA SONS PRIVATE LIMITED,507655313.0
INDHOTEL,2025-03-31,Tata,TATA SONS PRIVATE LIMITED,507655313.0
INDHOTEL,2025-06-30,Tata,TATA SONS PRIVATE LIMITED,507655313.0
INDHOTEL,2025-09-30,Tata,TATA SONS PRIVATE LIMITED,507655313.0
INDHOTEL,2025-12-31,Tata,TATA SONS PRIVATE LIMITED,507655313.0
INDIACEM,2014-03-31,Independent,,0.0
INDIACEM,2014-06-30,Independent,,0.0
INDIACEM,2014-09-30,Independent,,0.0
INDIACEM,2014-12-31,Independent,,0.0
INDIACEM,2015-03-31,Independent,,0.0
INDIACEM,2015-06-30,Independent,,0.0
INDIACEM,2015-09-30,Independent,,0.0
INDIACEM,2015-12-31,Independent,EWS Finance & Investments Private Ltd,27643432.0
INDIACEM,2016-03-31,Independent,EWS Finance & Investments Private Ltd,27643432.0
INDIACEM,2016-06-30,Independent,Bodies Corporate:,66168057.0
INDIACEM,2016-09-30,Independent,EWS Finance & Investments Private Ltd,27643432.0
INDIACEM,2016-12-31,Independent,Body Corporate,66168057.0
INDIACEM,2017-03-31,Independent,Body Corporate,66168057.0
INDIACEM,2017-06-30,Independent,Body Corporate,66168057.0
INDIACEM,2017-09-30,Independent,Body Corporate,66168057.0
INDIACEM,2017-12-31,Independent,Body Corporate,66168057.0
INDIACEM,2018-03-31,Independent,EWS Finance & Investments Private Ltd,27643432.0
INDIACEM,2018-06-30,Independent,EWS Finance & Investments Private Ltd,27643432.0
INDIACEM,2018-09-30,Independent,EWS Finance & Investments Private Ltd,27643432.0
INDIACEM,2018-12-31,Independent,EWS Finance & Investments Private Ltd,27643432.0
INDIACEM,2019-03-31,Independent,EWS Finance & Investments Private Ltd,27643432.0
INDIACEM,2019-06-30,Independent,EWS Finance & Investments Private Ltd,27643432.0
INDIACEM,2019-09-30,Independent,EWS Finance & Investments Private Ltd,27643432.0
INDIACEM,2019-12-31,Independent,EWS Finance & Investments Private Ltd,27643432.0
INDIACEM,2020-03-31,Independent,EWS Finance & Investments Private Ltd,27643432.0
INDIACEM,2020-06-30,Independent,EWS Finance & Investments Private Ltd,27643432.0
INDIACEM,2020-09-30,Independent,EWS Finance & Investments Private Ltd,27643432.0
INDIACEM,2020-12-31,Independent,EWS Finance & Investments Private Ltd,27643432.0
INDIACEM,2021-03-31,Independent,EWS Finance & Investments Private Ltd,27643432.0
INDIACEM,2021-06-30,Independent,EWS Finance & Investments Private Ltd,27643432.0
INDIACEM,2021-09-30,Independent,EWS Finance & Investments Private Ltd,27643432.0
INDIACEM,2021-12-31,Independent,EWS Finance & Investments Private Ltd,27643432.0
INDIACEM,2022-03-31,Independent,EWS Finance & Investments Private Ltd,27643432.0
INDIACEM,2022-06-30,Independent,EWS Finance & Investments Private Ltd,27643432.0
INDIACEM,2022-09-30,Independent,EWS Finance & Investments Private Ltd,66803057.0
INDIACEM,2022-12-31,Independent,EWS Finance & Investments Private Ltd,66803057.0
INDIACEM,2023-03-31,Independent,EWS Finance & Investments Private Ltd,66803057.0
INDIACEM,2023-06-30,Independent,EWS Finance & Investments Private Ltd,66803057.0
INDIACEM,2023-09-30,Independent,EWS Finance & Investments Private Ltd,66803057.0
INDIACEM,2023-12-31,Independent,EWS Finance & Investments Private Ltd,66803057.0
INDIACEM,2024-03-31,Independent,EWS Finance & Investments Private Ltd,66803057.0
INDIACEM,2024-06-30,Independent,EWS Finance & Investments Private Ltd,66803057.0
INDIACEM,2024-09-30,Independent,EWS Finance & Investments Private Ltd,66803057.0
INDIACEM,2024-12-31,Birla,UltraTech Cement Limited,171955887.0
INDIACEM,2025-03-31,Birla,UltraTech Cement Limited,252529160.0
INDIACEM,2025-06-30,Birla,UltraTech Cement Limited,252529160.0
INDIACEM,2025-09-30,Birla,UltraTech Cement Limited,234282012.0
INDIACEM,2025-12-31,Birla,UltraTech Cement Limited,232416830.0
INDIAMART,2019-07-03,Independent,DINESH CHANDRA AGARWAL,8630747.0
INDIAMART,2019-09-30,Independent,Dinesh Chandra Agarwal,8630747.0
INDIAMART,2019-12-31,Independent,Dinesh Chandra Agarwal,8630747.0
INDIAMART,2020-03-31,Independent,Dinesh Chandra Agarwal,8630747.0
INDIAMART,2020-06-30,Independent,Dinesh Chandra Agarwal,8630747.0
INDIAMART,2020-09-30,Independent,Dinesh Chandra Agarwal,8630747.0
INDIAMART,2020-12-31,Independent,Dinesh Chandra Agarwal,8630747.0
INDIAMART,2021-02-22,Independent,Dinesh Chandra Agarwal,8630747.0
INDIAMART,2021-03-31,Independent,Dinesh Chandra Agarwal,8630747.0
INDIAMART,2021-06-30,Independent,Dinesh Chandra Agarwal,8630747.0
INDIAMART,2021-09-30,Independent,Dinesh Chandra Agarwal,8630747.0
INDIAMART,2021-12-31,Independent,Dinesh Chandra Agarwal,8630747.0
INDIAMART,2022-03-31,Independent,Dinesh Chandra Agarwal,8630747.0
INDIAMART,2022-06-30,Independent,Dinesh Chandra Agarwal,8590559.0
INDIAMART,2022-09-30,Independent,Dinesh Chandra Agarwal,8590559.0
INDIAMART,2022-12-31,Independent,Dinesh Chandra Agarwal,8590559.0
INDIAMART,2023-03-31,Independent,Dinesh Chandra Agarwal,8590559.0
INDIAMART,2023-06-22,Independent,Dinesh Chandra Agarwal,17181118.0
INDIAMART,2023-06-30,Independent,Dinesh Chandra Agarwal,17181118.0
INDIAMART,2023-09-25,Independent,Dinesh Chandra Agarwal,16827523.0
INDIAMART,2023-09-30,Independent,Dinesh Chandra Agarwal,16827523.0
INDIAMART,2023-12-31,Independent,Dinesh Chandra Agarwal,16827523.0
INDIAMART,2024-03-31,Independent,Dinesh Chandra Agarwal,16827523.0
INDIAMART,2024-06-30,Independent,Dinesh Chandra Agarwal,16827523.0
INDIAMART,2024-09-30,Independent,Dinesh Chandra Agarwal,16827523.0
INDIAMART,2024-12-31,Independent,Dinesh Chandra Agarwal,16827523.0
INDIAMART,2025-03-31,Independent,Dinesh Chandra Agarwal,16827523.0
INDIAMART,2025-06-30,Independent,Dinesh Chandra Agarwal,16827523.0
INDIAMART,2025-09-30,Independent,Dinesh Chandra Agarwal,16827523.0
INDIAMART,2025-12-31,Independent,Dinesh Chandra Agarwal,16827523.0
INDIANB,2014-03-31,Independent,,0.0
INDIANB,2014-06-30,Independent,,0.0
INDIANB,2014-09-30,Independent,,0.0
INDIANB,2014-12-31,Independent,,0.0
INDIANB,2015-03-31,Independent,,0.0
INDIANB,2015-06-30,Independent,,0.0
INDIANB,2015-09-30,Independent,,0.0
INDIANB,2015-12-31,GOI_PSU,Central Government/ State Government(s),394341651.0
INDIANB,2016-03-31,GOI_PSU,Central Government/ State Government(s),394341651.0
INDIANB,2016-06-30,GOI_PSU,Central Government/ State Government(s),394341651.0
INDIANB,2016-09-30,GOI_PSU,Central Government/ State Government(s),394341651.0
INDIANB,2016-12-31,GOI_PSU,Central Government/ State Government(s),394341651.0
INDIANB,2017-03-31,GOI_PSU,Central Government/ State Government(s),394341651.0
INDIANB,2017-06-30,GOI_PSU,Central Government/ State Government(s),394341651.0
INDIANB,2017-09-30,GOI_PSU,Central Government/ State Government(s),394341651.0
INDIANB,2017-12-31,GOI_PSU,Central Government/ State Government(s),393235409.0
INDIANB,2018-03-31,GOI_PSU,Central Government/ State Government(s),393235409.0
INDIANB,2018-06-30,GOI_PSU,Central Government/ State Government(s),392464282.0
INDIANB,2018-09-30,GOI_PSU,Central Government/ State Government(s),392544268.0
INDIANB,2018-12-31,GOI_PSU,Central Government/ State Government(s),392544268.0
INDIANB,2019-03-31,GOI_PSU,Central Government/ State Government(s),391369637.0
INDIANB,2019-06-30,GOI_PSU,Central Government/ State Government(s),391369637.0
INDIANB,2019-09-30,GOI_PSU,Central Government/ State Government(s),391369637.0
INDIANB,2019-12-03,GOI_PSU,Central Government/ State Government(s),508080023.0
INDIANB,2019-12-31,GOI_PSU,Central Government/ State Government(s),508080023.0
INDIANB,2020-03-31,GOI_PSU,Central Government/ State Government(s),508080023.0
INDIANB,2020-04-01,GOI_PSU,Central Government/ State Government(s),994549600.0
INDIANB,2020-06-30,GOI_PSU,Central Government/ State Government(s),994549600.0
INDIANB,2020-09-30,GOI_PSU,Central Government/ State Government(s),994549600.0
INDIANB,2020-12-31,GOI_PSU,Central Government/ State Government(s),994549600.0
INDIANB,2021-03-31,GOI_PSU,Central Government/ State Government(s),994549600.0
INDIANB,2021-06-25,GOI_PSU,Central Government/ State Government(s),994549600.0
INDIANB,2021-06-30,GOI_PSU,Central Government/ State Government(s),994549600.0
INDIANB,2021-09-30,GOI_PSU,Central Government/ State Government(s),994549600.0
INDIANB,2021-12-31,GOI_PSU,Central Government/ State Government(s),994549600.0
INDIANB,2022-03-31,GOI_PSU,Central Government/ State Government(s),994549600.0
INDIANB,2022-06-30,GOI_PSU,Central Government/ State Government(s),994549600.0
INDIANB,2022-09-30,GOI_PSU,Central Government/ State Government(s),994549600.0
INDIANB,2022-12-31,GOI_PSU,Central Government/ State Government(s),994549600.0
INDIANB,2023-03-31,GOI_PSU,Central Government/ State Government(s),994549600.0
INDIANB,2023-06-30,GOI_PSU,Central Government/ State Government(s),994549600.0
INDIANB,2023-09-30,GOI_PSU,Central Government/ State Government(s),994549600.0
INDIANB,2023-12-16,GOI_PSU,Central Government/ State Government(s),994549600.0
INDIANB,2023-12-31,GOI_PSU,Central Government/ State Government(s),994549600.0
INDIANB,2024-03-31,GOI_PSU,Central Government/ State Government(s),994549600.0
INDIANB,2024-06-30,GOI_PSU,Central Government/ State Government(s),994549600.0
INDIANB,2024-09-30,GOI_PSU,Central Government/ State Government(s),994549600.0
INDIANB,2024-12-31,GOI_PSU,Central Government/ State Government(s),994549600.0
INDIANB,2025-03-31,GOI_PSU,Central Government/ State Government(s),994549600.0
INDIANB,2025-06-30,GOI_PSU,Central Government/ State Government(s),994549600.0
INDIANB,2025-09-30,GOI_PSU,Central Government/ State Government(s),994549600.0
INDIANB,2025-12-31,GOI_PSU,Central Government/ State Government(s),994549600.0
INDIGO,2015-11-06,Independent,,0.0
INDIGO,2015-12-31,Independent,INTERGLOBE ENTERPRISES LIMITED,153649581.0
INDIGO,2016-03-31,Independent,COMPANY,153659581.0
INDIGO,2016-06-30,Independent,COMPANY,153659581.0
INDIGO,2016-09-30,Independent,COMPANY,153659581.0
INDIGO,2016-12-31,Independent,Body Corporate,153659581.0
INDIGO,2017-03-31,Independent,Body Corporate,153659581.0
INDIGO,2017-06-30,Independent,Body Corporate,153659581.0
INDIGO,2017-09-21,Independent,Body Corporate,153659581.0
INDIGO,2017-09-30,Independent,Body Corporate,153659581.0
INDIGO,2017-12-31,Independent,ACQUIRE SERVICES PRIVATE LIMITED,145706774.0
INDIGO,2018-03-31,Independent,INTERGLOBE ENTERPRISES PRIVATE LIMITED,145706774.0
INDIGO,2018-06-30,Independent,INTERGLOBE ENTERPRISES PRIVATE LIMITED,145706774.0
INDIGO,2018-09-30,Independent,INTERGLOBE ENTERPRISES PRIVATE LIMITED,145706774.0
INDIGO,2018-12-31,Independent,INTERGLOBE ENTERPRISES PRIVATE LIMITED,145706774.0
INDIGO,2019-03-31,Independent,INTERGLOBE ENTERPRISES PRIVATE LIMITED,145706774.0
INDIGO,2019-06-30,Independent,INTERGLOBE ENTERPRISES PRIVATE LIMITED,145706774.0
INDIGO,2019-09-30,Independent,INTERGLOBE ENTERPRISES PRIVATE LIMITED,145706774.0
INDIGO,2019-12-31,Independent,INTERGLOBE ENTERPRISES PRIVATE LIMITED,145706774.0
INDIGO,2020-03-31,Independent,InterGlobe Enterprise Private Limited,145706774.0
INDIGO,2020-06-30,Independent,InterGlobe Enterprise Private Limited,145706774.0
INDIGO,2020-09-30,Independent,InterGlobe Enterprises Private Limited,145706774.0
INDIGO,2020-12-31,Independent,InterGlobe Enterprises Private Limited,145706774.0
INDIGO,2021-03-31,Independent,InterGlobe Enterprises Private Limited,145706774.0
INDIGO,2021-06-30,Independent,InterGlobe Enterprises Private Limited,145706774.0
INDIGO,2021-09-30,Independent,InterGlobe Enterprises Private Limited,145706774.0
INDIGO,2021-12-31,Independent,InterGlobe Enterprises Private Limited,145706774.0
INDIGO,2022-03-31,Independent,InterGlobe Enterprises Private Limited,145706774.0
INDIGO,2022-06-30,Independent,InterGlobe Enterprises Private Limited,145706774.0
INDIGO,2022-09-30,Independent,InterGlobe Enterprises Private Limited,145706774.0
INDIGO,2022-12-31,Independent,INTERGLOBE ENTERPRISES PRIVATE LIMITED,145706774.0
INDIGO,2023-03-31,Independent,InterGlobe Enterprises Private Limited,145706774.0
INDIGO,2023-06-30,Independent,INTERGLOBE ENTERPRISES PRIVATE LIMITED,145706774.0
INDIGO,2023-09-30,Independent,INTERGLOBE ENTERPRISES PRIVATE LIMITED,145706774.0
INDIGO,2023-12-31,Independent,INTERGLOBE ENTERPRISES PRIVATE LIMITED,145706774.0
INDIGO,2024-03-31,Independent,INTERGLOBE ENTERPRISES PRIVATE LIMITED,145706774.0
INDIGO,2024-06-30,Independent,INTERGLOBE ENTERPRISES PRIVATE LIMITED,137987201.0
INDIGO,2024-09-30,Independent,INTERGLOBE ENTERPRISES PRIVATE LIMITED,137987201.0
INDIGO,2024-12-31,Independent,INTERGLOBE ENTERPRISES PRIVATE LIMITED,137987201.0
INDIGO,2025-03-31,Independent,INTERGLOBE ENTERPRISES PRIVATE LIMITED,137987201.0
INDIGO,2025-06-30,Independent,INTERGLOBE ENTERPRISES PRIVATE LIMITED,137987201.0
INDIGO,2025-09-30,Independent,INTERGLOBE ENTERPRISES PRIVATE LIMITED,137987201.0
INDIGO,2025-12-31,Independent,INTERGLOBE ENTERPRISES PRIVATE LIMITED,137987201.0
INDUSINDBK,2014-03-31,Independent,,0.0
INDUSINDBK,2014-06-30,Independent,,0.0
INDUSINDBK,2014-09-30,Independent,,0.0
INDUSINDBK,2014-12-31,Independent,,0.0
INDUSINDBK,2015-03-31,Independent,,0.0
INDUSINDBK,2015-06-30,Independent,,0.0
INDUSINDBK,2015-07-03,Independent,,0.0
INDUSINDBK,2015-09-30,Independent,,0.0
INDUSINDBK,2015-12-31,Independent,Indusind International Holdings Ltd,67038208.0
INDUSINDBK,2016-03-31,Independent,Indusind International Holdings Ltd,67038208.0
INDUSINDBK,2016-06-30,Independent,Indusind International Holdings Ltd,67038208.0
INDUSINDBK,2016-09-30,Independent,(i) Indusind International Holdings Ltd,64881344.0
INDUSINDBK,2016-12-31,Independent,Body Corporate,89561938.0
INDUSINDBK,2017-03-31,Independent,Body Corporate,89597767.0
INDUSINDBK,2017-06-30,Independent,Body Corporate,89597767.0
INDUSINDBK,2017-09-30,Independent,Body Corporate,89597767.0
INDUSINDBK,2017-12-31,Independent,Body Corporate,89827767.0
INDUSINDBK,2018-03-31,Independent,(i) Indusind International Holdings Ltd,66027767.0
INDUSINDBK,2018-06-30,Independent,Indusind International Holdings Ltd,66027767.0
INDUSINDBK,2018-09-30,Independent,Indusind International Holdings Ltd,66027767.0
INDUSINDBK,2018-12-31,Independent,Indusind International Holdings Ltd,66427939.0
INDUSINDBK,2019-03-31,Independent,Indusind International Holdings Ltd,66575939.0
INDUSINDBK,2019-06-30,Independent,Indusind International Holdings Ltd,66575939.0
INDUSINDBK,2019-07-06,Independent,Indusind International Holdings Ltd,66575939.0
INDUSINDBK,2019-09-30,Independent,Indusind International Holdings Ltd,66575939.0
INDUSINDBK,2019-12-31,Independent,Indusind International Holdings Ltd,66575939.0
INDUSINDBK,2020-03-31,Independent,Indusind International Holdings Ltd,66575939.0
INDUSINDBK,2020-06-30,Independent,Indusind International Holdings Ltd,68531364.0
INDUSINDBK,2020-09-02,Independent,Indusind International Holdings Ltd,68531364.0
INDUSINDBK,2020-09-04,Independent,Indusind International Holdings Ltd,77945025.0
INDUSINDBK,2020-09-30,Independent,Indusind International Holdings Ltd,77945025.0
INDUSINDBK,2020-12-31,Independent,Indusind International Holdings Ltd,77945025.0
INDUSINDBK,2021-02-18,Independent,Indusind International Holdings Ltd,89537464.0
INDUSINDBK,2021-03-31,Independent,Indusind International Holdings Ltd,89537464.0
INDUSINDBK,2021-06-30,Independent,Indusind International Holdings Ltd,89537464.0
INDUSINDBK,2021-09-30,Independent,Indusind International Holdings Ltd,89537464.0
INDUSINDBK,2021-12-31,Independent,Indusind International Holdings Ltd,89537464.0
INDUSINDBK,2022-03-31,Independent,Indusind International Holdings Ltd,89537464.0
INDUSINDBK,2022-06-30,Independent,Indusind International Holdings Ltd,89537464.0
INDUSINDBK,2022-09-30,Independent,Indusind International Holdings Ltd,89537464.0
INDUSINDBK,2022-12-31,Independent,Indusind International Holdings Ltd,89537464.0
INDUSINDBK,2023-03-31,Independent,Indusind International Holdings Ltd,89537464.0
INDUSINDBK,2023-06-30,Independent,Indusind International Holdings Ltd,89537464.0
INDUSINDBK,2023-09-30,Independent,Indusind International Holdings Ltd,89537464.0
INDUSINDBK,2023-12-31,Independent,Indusind International Holdings Ltd,89537464.0
INDUSINDBK,2024-03-31,Independent,Indusind International Holdings Ltd,89537464.0
INDUSINDBK,2024-06-30,Independent,Indusind International Holdings Ltd,89537464.0
INDUSINDBK,2024-09-30,Independent,Indusind International Holdings Ltd,89537464.0
INDUSINDBK,2024-12-31,Independent,Indusind International Holdings Ltd,89537464.0
INDUSINDBK,2025-03-31,Independent,Indusind International Holdings Ltd,89537464.0
INDUSINDBK,2025-06-30,Independent,Indusind International Holdings Ltd,89537464.0
INDUSINDBK,2025-09-30,Independent,Indusind International Holdings Ltd,89537464.0
INDUSINDBK,2025-12-31,Independent,Indusind International Holdings Ltd,89537464.0
INDUSTOWER,2014-03-31,Independent,,0.0
INDUSTOWER,2014-06-30,Independent,,0.0
INDUSTOWER,2014-09-30,Independent,,0.0
INDUSTOWER,2014-12-31,Independent,,0.0
INDUSTOWER,2015-03-31,Independent,,0.0
INDUSTOWER,2015-06-30,Independent,,0.0
INDUSTOWER,2015-09-30,Independent,,0.0
INDUSTOWER,2015-12-31,Independent,BODY CORPORATE - BHARTI AIRTEL LIMITED,1360000000.0
INDUSTOWER,2016-03-31,Independent,Bharti Airtel Limited,1360000000.0
INDUSTOWER,2016-06-30,Independent,Bharti Airtel Limited,1360000000.0
INDUSTOWER,2016-09-30,Independent,Bharti Airtel Limited,1330898728.0
INDUSTOWER,2016-12-31,Independent,Bharti Airtel Limited,1330898728.0
INDUSTOWER,2017-03-31,Independent,Body Corporate,1140315371.0
INDUSTOWER,2017-06-30,Independent,Body Corporate,1140315371.0
INDUSTOWER,2017-09-30,Independent,Body Corporate,1072780979.0
INDUSTOWER,2017-12-31,Independent,Body Corporate,989780979.0
INDUSTOWER,2018-03-31,Independent,Bharti Airtel Limited,930898728.0
INDUSTOWER,2018-06-30,Independent,BHARTI AIRTEL LIMITED,930898728.0
INDUSTOWER,2018-09-30,Independent,BHARTI AIRTEL LIMITED,930898728.0
INDUSTOWER,2018-12-31,Independent,BHARTI AIRTEL LIMITED,930898728.0
INDUSTOWER,2019-03-31,Independent,Bharti Airtel Limited,620898728.0
INDUSTOWER,2019-06-30,Independent,Bharti Airtel Limited,620898728.0
INDUSTOWER,2019-09-30,Independent,Bharti Airtel Limited,620898728.0
INDUSTOWER,2019-12-31,Independent,Bharti Airtel Limited,620898728.0
INDUSTOWER,2020-03-31,Independent,Bharti Airtel Limited,620898728.0
INDUSTOWER,2020-06-30,Independent,Bharti Airtel Limited,620898728.0
INDUSTOWER,2020-09-30,Independent,Bharti Airtel Limited,620898728.0
INDUSTOWER,2020-11-19,Independent,Bharti Airtel Limited,620898728.0
INDUSTOWER,2020-12-31,Independent,Bharti Airtel Limited,620898728.0
INDUSTOWER,2021-03-31,Independent,Bharti Airtel Limited,620898728.0
INDUSTOWER,2021-06-30,Independent,Bharti Airtel Limited,620898728.0
INDUSTOWER,2021-09-30,Independent,Bharti Airtel Limited,620898728.0
INDUSTOWER,2021-12-31,Independent,Bharti Airtel Limited,620898728.0
INDUSTOWER,2022-03-31,Independent,Bharti Airtel Limited,672102530.0
INDUSTOWER,2022-06-30,Independent,Bharti Airtel Limited,672102530.0
INDUSTOWER,2022-09-30,Independent,Bharti Airtel Limited,672102530.0
INDUSTOWER,2022-12-31,Independent,Bharti Airtel Limited,672102530.0
INDUSTOWER,2023-03-31,Independent,BHARTI AIRTEL LIMITED,1292261364.0
INDUSTOWER,2023-06-30,Independent,BHARTI AIRTEL LIMITED,1292261364.0
INDUSTOWER,2023-09-30,Independent,BHARTI AIRTEL LIMITED,1292261364.0
INDUSTOWER,2023-12-31,Independent,BHARTI AIRTEL LIMITED,1292261364.0
INDUSTOWER,2024-03-31,Independent,BHARTI AIRTEL LIMITED,1292261364.0
INDUSTOWER,2024-06-30,Independent,Bharti Airtel Limited,1319210733.0
INDUSTOWER,2024-09-04,Independent,BHARTI AIRTEL LIMITED,1319210733.0
INDUSTOWER,2024-09-30,Independent,Bharti Airtel Limited,1319210733.0
INDUSTOWER,2024-12-31,Independent,BHARTI AIRTEL LIMITED,1319210733.0
INDUSTOWER,2025-03-31,Independent,BHARTI AIRTEL LIMITED,1319210733.0
INDUSTOWER,2025-06-30,Independent,Bharti Airtel Limited,1319210733.0
INDUSTOWER,2025-09-30,Independent,Bharti Airtel Limited,1346314334.0
INDUSTOWER,2025-12-31,Independent,Bharti Airtel Limited,1346314334.0
INFY,2014-03-31,Independent,,0.0
INFY,2014-06-30,Independent,,0.0
INFY,2014-09-30,Independent,,0.0
INFY,2014-12-04,Independent,,0.0
INFY,2014-12-31,Independent,,0.0
INFY,2015-03-31,Independent,,0.0
INFY,2015-06-18,Independent,,0.0
INFY,2015-06-30,Independent,,0.0
INFY,2015-09-30,Independent,,0.0
INFY,2015-12-31,Independent,SUDHA GOPALAKRISHNAN,49178500.0
INFY,2016-03-31,Independent,SUDHA GOPALAKRISHNAN,49178500.0
INFY,2016-06-30,Independent,SUDHA GOPALAKRISHNAN,49178500.0
INFY,2016-09-30,Independent,SUDHA GOPALAKRISHNAN,49178500.0
INFY,2016-12-31,Independent,SUDHA GOPALAKRISHNAN,49178500.0
INFY,2017-03-31,Independent,SUDHA GOPALAKRISHNAN,49178500.0
INFY,2017-06-30,Independent,SUDHA GOPALAKRISHNAN,49178500.0
INFY,2017-09-30,Independent,SUDHA GOPALAKRISHNAN,49178500.0
INFY,2017-12-27,Independent,SUDHA GOPALAKRISHNAN,47678500.0
INFY,2017-12-31,Independent,SUDHA GOPALAKRISHNAN,47678500.0
INFY,2018-03-31,Independent,SUDHA GOPALAKRISHNAN,47678500.0
INFY,2018-06-30,Independent,SUDHA GOPALAKRISHNAN,47678500.0
INFY,2018-09-06,Independent,SUDHA GOPALAKRISHNAN,95357000.0
INFY,2018-09-30,Independent,SUDHA GOPALAKRISHNAN,95357000.0
INFY,2018-12-31,Independent,SUDHA GOPALAKRISHNAN,95357000.0
INFY,2019-03-31,Independent,SUDHA GOPALAKRISHNAN,95357000.0
INFY,2019-06-30,Independent,SUDHA GOPALAKRISHNAN,95357000.0
INFY,2019-08-29,Independent,SUDHA GOPALAKRISHNAN,95357000.0
INFY,2019-09-30,Independent,SUDHA GOPALAKRISHNAN,95357000.0
INFY,2019-12-31,Independent,SUDHA GOPALAKRISHNAN,95357000.0
INFY,2020-03-31,Independent,SUDHA GOPALAKRISHNAN,95357000.0
INFY,2020-06-30,Independent,SUDHA GOPALAKRISHNAN,95357000.0
INFY,2020-09-30,Independent,SUDHA GOPALAKRISHNAN,95357000.0
INFY,2020-12-31,Independent,SUDHA GOPALAKRISHNAN,95357000.0
INFY,2021-03-31,Independent,SUDHA GOPALAKRISHNAN,95357000.0
INFY,2021-06-30,Independent,SUDHA GOPALAKRISHNAN,95357000.0
INFY,2021-09-30,Independent,SUDHA GOPALAKRISHNAN,95357000.0
INFY,2021-12-31,Independent,SUDHA GOPALAKRISHNAN,95357000.0
INFY,2022-03-31,Independent,SUDHA GOPALAKRISHNAN,95357000.0
INFY,2022-06-30,Independent,SUDHA GOPALAKRISHNAN,95357000.0
INFY,2022-09-30,Independent,SUDHA GOPALAKRISHNAN,95357000.0
INFY,2022-12-31,Independent,SUDHA GOPALAKRISHNAN,95357000.0
INFY,2023-03-31,Independent,SUDHA GOPALAKRISHNAN,95357000.0
INFY,2023-06-30,Independent,SUDHA GOPALAKRISHNAN,95357000.0
INFY,2023-09-30,Independent,SUDHA GOPALAKRISHNAN,95357000.0
INFY,2023-12-31,Independent,SUDHA GOPALAKRISHNAN,95357000.0
INFY,2024-03-31,Independent,SUDHA GOPALAKRISHNAN,95357000.0
INFY,2024-06-30,Independent,SUDHA GOPALAKRISHNAN,95357000.0
INFY,2024-09-30,Independent,SUDHA GOPALAKRISHNAN,95357000.0
INFY,2024-12-31,Independent,SUDHA GOPALAKRISHNAN,95357000.0
INFY,2025-03-31,Independent,SUDHA GOPALAKRISHNAN,95357000.0
INFY,2025-06-30,Independent,SUDHA GOPALAKRISHNAN,95357000.0
INFY,2025-09-30,Independent,SUDHA GOPALAKRISHNAN,95357000.0
INFY,2025-12-04,Independent,SUDHA GOPALAKRISHNAN,95357000.0
INFY,2025-12-31,Independent,SUDHA GOPALAKRISHNAN,95357000.0
INGVYSYABK,2014-03-31,Independent,,0.0
INGVYSYABK,2014-06-30,Independent,,0.0
INGVYSYABK,2014-09-30,Independent,,0.0
INGVYSYABK,2014-12-31,Independent,,0.0
INOXWIND,2015-03-30,Independent,,0.0
INOXWIND,2015-06-30,Independent,,0.0
INOXWIND,2015-09-30,Independent,,0.0
INOXWIND,2015-12-31,Independent,Gujarat Fluorochemicals Limited,139999000.0
INOXWIND,2016-03-31,Independent,Bodies Corporates,189999000.0
INOXWIND,2016-06-30,Independent,Bodies Corporates,190000000.0
INOXWIND,2016-09-30,Independent,Bodies Corporates,190000000.0
INOXWIND,2016-12-31,Independent,Body Corporate,190000000.0
INOXWIND,2017-03-31,Independent,Body Corporate,190000000.0
INOXWIND,2017-06-30,Independent,Body Corporate,190000000.0
INOXWIND,2017-09-30,Independent,Body Corporate,190000000.0
INOXWIND,2017-12-31,Independent,Body Corporate,190000000.0
INOXWIND,2018-03-31,Independent,Gujarat Fluorochemicals Limited,126438669.0
INOXWIND,2018-06-30,Independent,Gujarat Fluorochemicals Limited,126438669.0
INOXWIND,2018-09-30,Independent,Gujarat Fluorochemicals Ltd,126438669.0
INOXWIND,2018-12-31,Independent,Gujarat Fluorochemicals Ltd,126438669.0
INOXWIND,2019-03-31,Independent,Gujarat Fluorochemicals Ltd,126438669.0
INOXWIND,2019-06-30,Independent,Gujarat Fluorochemicals Ltd,126438669.0
INOXWIND,2019-09-30,Independent,GFL Limited (Formerly  known as Gujarat Fluorochemicals Limited),126438669.0
INOXWIND,2019-12-31,Independent,GFL Limited (Formerly  known as Gujarat Fluorochemicals Limited),126438669.0
INOXWIND,2020-03-31,Independent,GFL Limited,126438669.0
INOXWIND,2020-06-30,Independent,GFL Limited,126438669.0
INOXWIND,2020-09-30,Independent,GFL Limited (Formerly  known as Gujarat Fluorochemicals Limited),126438669.0
INOXWIND,2020-12-31,Independent,GFL Limited (Formerly  known as Gujarat Fluorochemicals Limited),126438669.0
INOXWIND,2021-03-31,Independent,Inox Wind Energy Limited,122873258.0
INOXWIND,2021-06-30,Independent,Inox Wind Energy Limited,122873258.0
INOXWIND,2021-09-30,Independent,Inox Wind Energy Limited,112076137.0
INOXWIND,2021-12-31,Independent,Inox Wind Energy Limited,112139470.0
INOXWIND,2022-03-31,Independent,Inox Wind Energy Limited,112139470.0
INOXWIND,2022-05-25,Independent,Inox Wind Energy Limited,143885501.0
INOXWIND,2022-06-02,Independent,Inox Wind Energy Limited,143885501.0
INOXWIND,2022-06-30,Independent,Inox Wind Energy Limited,143885501.0
INOXWIND,2022-09-30,Independent,Inox Wind Energy Limited,143885501.0
INOXWIND,2022-12-31,Independent,Inox Wind Energy Limited,143885501.0
INOXWIND,2023-03-15,Independent,Inox Wind Energy Limited,178278448.0
INOXWIND,2023-03-31,Independent,Inox Wind Energy Limited,178278448.0
INOXWIND,2023-06-30,Independent,Inox Wind Energy Limited,178278448.0
INOXWIND,2023-09-30,Independent,Inox Wind Energy Limited,163630372.0
INOXWIND,2023-12-31,Independent,Inox Wind Energy Limited,125268372.0
INOXWIND,2024-03-31,Independent,Inox Wind Energy Limited,125268372.0
INOXWIND,2024-05-27,Independent,Inox Wind Energy Limited,501073488.0
INOXWIND,2024-06-30,Independent,Inox Wind Energy Limited,441073488.0
INOXWIND,2024-09-30,Independent,Inox Wind Energy Limited,441073488.0
INOXWIND,2024-12-31,Independent,Inox Wind Energy Limited,441073488.0
INOXWIND,2025-03-31,Independent,Inox Wind Energy Limited,441073488.0
INOXWIND,2025-06-24,Independent,Inox Leasing And Finance Limited,432920850.0
INOXWIND,2025-06-30,Independent,Inox Leasing and Finance Limited,432920850.0
INOXWIND,2025-08-21,Independent,Inox Leasing and Finance Limited,478915610.0
INOXWIND,2025-09-30,Independent,Inox Leasing And Finance Limited,478915610.0
INOXWIND,2025-12-31,Independent,Inox Leasing And Finance Limited,478915610.0
IOB,2014-03-31,Independent,,0.0
IOB,2014-06-30,Independent,,0.0
IOB,2014-09-30,Independent,,0.0
IOB,2014-12-31,Independent,,0.0
IOB,2015-03-31,Independent,,0.0
IOB,2015-06-30,Independent,,0.0
IOB,2015-09-30,Independent,,0.0
IOB,2015-12-31,GOI_PSU,Central Government/ State Government(s),1397328445.0
IOB,2016-03-31,GOI_PSU,Central Government/ State Government(s),1397328445.0
IOB,2016-06-30,GOI_PSU,Central Government/ State Government(s),1397328445.0
IOB,2016-09-30,GOI_PSU,Central Government/ State Government(s),1953043242.0
IOB,2016-12-31,GOI_PSU,Central Government/ State Government(s),1953043242.0
IOB,2017-03-31,GOI_PSU,Central Government/ State Government(s),1953043242.0
IOB,2017-06-30,GOI_PSU,Central Government/ State Government(s),1953043242.0
IOB,2017-08-31,GOI_PSU,Central Government/ State Government(s),2350873260.0
IOB,2017-09-30,GOI_PSU,Central Government/ State Government(s),2350873260.0
IOB,2017-12-31,GOI_PSU,Central Government/ State Government(s),2350873260.0
IOB,2018-03-31,GOI_PSU,Central Government/ State Government(s),4389084289.0
IOB,2018-04-03,GOI_PSU,Central Government/ State Government(s),4389084289.0
IOB,2018-06-30,GOI_PSU,Central Government/ State Government(s),4389084289.0
IOB,2018-09-30,GOI_PSU,Central Government/ State Government(s),4389084289.0
IOB,2018-11-12,GOI_PSU,Central Government/ State Government(s),5762095110.0
IOB,2018-12-31,GOI_PSU,Central Government/ State Government(s),5762095110.0
IOB,2019-02-15,GOI_PSU,Central Government/ State Government(s),5762095110.0
IOB,2019-03-28,GOI_PSU,Central Government/ State Government(s),8457562532.0
IOB,2019-03-31,GOI_PSU,Central Government/ State Government(s),8457562532.0
IOB,2019-06-30,GOI_PSU,Central Government/ State Government(s),8457562532.0
IOB,2019-09-30,GOI_PSU,Central Government/ State Government(s),8457562532.0
IOB,2019-11-28,GOI_PSU,Central Government/ State Government(s),11901312532.0
IOB,2019-12-31,GOI_PSU,Central Government/ State Government(s),11901312532.0
IOB,2020-02-27,GOI_PSU,Central Government/ State Government(s),15752902638.0
IOB,2020-03-31,GOI_PSU,Central Government/ State Government(s),15752902638.0
IOB,2020-06-30,GOI_PSU,Central Government/ State Government(s),15752902638.0
IOB,2020-09-30,GOI_PSU,Central Government/ State Government(s),15752902638.0
IOB,2020-12-31,GOI_PSU,Central Government/ State Government(s),15752902638.0
IOB,2021-03-31,GOI_PSU,Central Government/ State Government(s),15752902638.0
IOB,2021-06-02,GOI_PSU,Central Government/ State Government(s),18218326570.0
IOB,2021-06-30,GOI_PSU,Central Government/ State Government(s),18218326570.0
IOB,2021-09-30,GOI_PSU,Central Government/ State Government(s),18218326570.0
IOB,2021-12-31,GOI_PSU,Central Government/ State Government(s),18218326570.0
IOB,2022-03-31,GOI_PSU,Central Government/ State Government(s),18218326570.0
IOB,2022-06-30,GOI_PSU,Central Government/ State Government(s),18218326570.0
IOB,2022-09-30,GOI_PSU,Central Government/ State Government(s),18218326570.0
IOB,2022-12-31,GOI_PSU,Central Government/ State Government(s),18218326570.0
IOB,2023-03-31,GOI_PSU,Central Government/ State Government(s),18218326570.0
IOB,2023-06-30,GOI_PSU,Central Government/ State Government(s),18218326570.0
IOB,2023-09-30,GOI_PSU,Central Government/ State Government(s),18218326570.0
IOB,2023-12-31,GOI_PSU,Central Government/ State Government(s),18218326570.0
IOB,2024-03-31,GOI_PSU,Central Government/ State Government(s),18218326570.0
IOB,2024-06-30,GOI_PSU,Central Government/ State Government(s),18218326570.0
IOB,2024-09-30,GOI_PSU,Central Government/ State Government(s),18218326570.0
IOB,2024-12-31,GOI_PSU,Central Government/ State Government(s),18218326570.0
IOB,2025-03-24,GOI_PSU,Central Government/ State Government(s),18218326570.0
IOB,2025-03-31,GOI_PSU,Central Government/ State Government(s),18218326570.0
IOB,2025-06-30,GOI_PSU,Central Government/ State Government(s),18218326570.0
IOB,2025-09-30,GOI_PSU,Central Government/ State Government(s),18218326570.0
IOB,2025-12-18,GOI_PSU,Central Government/ State Government(s),17800488299.0
IOB,2025-12-31,GOI_PSU,Central Government/ State Government(s),17800488299.0
IOC,2014-03-14,Independent,,0.0
IOC,2014-03-31,Independent,,0.0
IOC,2014-06-30,Independent,,0.0
IOC,2014-09-30,Independent,,0.0
IOC,2014-12-31,Independent,,0.0
IOC,2015-03-31,Independent,,0.0
IOC,2015-06-30,Independent,,0.0
IOC,2015-08-28,Independent,,0.0
IOC,2015-09-30,Independent,,0.0
IOC,2015-12-31,GOI_PSU,Central Government/ State Government(s),1422150047.0
IOC,2016-03-31,GOI_PSU,Central Government/ State Government(s),1422150047.0
IOC,2016-06-30,GOI_PSU,Central Government/ State Government(s),1415010529.0
IOC,2016-09-30,GOI_PSU,Central Government/ State Government(s),1415010529.0
IOC,2016-10-20,GOI_PSU,Central Government/ State Government(s),2830021058.0
IOC,2016-12-31,GOI_PSU,Central Government/ State Government(s),2830021058.0
IOC,2017-03-31,GOI_PSU,Central Government/ State Government(s),2784280657.0
IOC,2017-06-30,GOI_PSU,Central Government/ State Government(s),2784280657.0
IOC,2017-09-30,GOI_PSU,Central Government/ State Government(s),2784280657.0
IOC,2017-12-31,GOI_PSU,Central Government/ State Government(s),2766718222.0
IOC,2018-03-19,GOI_PSU,Central Government/ State Government(s),5533436444.0
IOC,2018-03-31,GOI_PSU,Central Government/ State Government(s),5533436444.0
IOC,2018-06-30,GOI_PSU,Central Government/ State Government(s),5511546048.0
IOC,2018-09-30,GOI_PSU,Central Government/ State Government(s),5511546048.0
IOC,2018-12-31,GOI_PSU,Central Government/ State Government(s),5250171827.0
IOC,2019-02-14,GOI_PSU,Central Government/ State Government(s),5072317759.0
IOC,2019-03-31,GOI_PSU,Central Government/ State Government(s),4912149459.0
IOC,2019-06-30,GOI_PSU,Central Government/ State Government(s),4912149459.0
IOC,2019-09-30,GOI_PSU,Central Government/ State Government(s),4848133178.0
IOC,2019-12-31,GOI_PSU,Central Government/ State Government(s),4848133178.0
IOC,2020-03-31,GOI_PSU,Central Government/ State Government(s),4848133178.0
IOC,2020-06-30,GOI_PSU,Central Government/ State Government(s),4848133178.0
IOC,2020-09-30,GOI_PSU,Central Government/ State Government(s),4848133178.0
IOC,2020-12-31,GOI_PSU,Central Government/ State Government(s),4848133178.0
IOC,2021-03-31,GOI_PSU,Central Government/ State Government(s),4848133178.0
IOC,2021-06-30,GOI_PSU,Central Government/ State Government(s),4848133178.0
IOC,2021-09-30,GOI_PSU,Central Government/ State Government(s),4848133178.0
IOC,2021-12-31,GOI_PSU,Central Government/ State Government(s),4848133178.0
IOC,2022-03-31,GOI_PSU,Central Government/ State Government(s),4848133178.0
IOC,2022-06-30,GOI_PSU,Central Government/ State Government(s),4848133178.0
IOC,2022-07-04,GOI_PSU,Central Government/ State Government(s),7272199767.0
IOC,2022-09-30,GOI_PSU,Central Government/ State Government(s),7272199767.0
IOC,2022-12-31,GOI_PSU,Central Government/ State Government(s),7272199767.0
IOC,2023-03-31,GOI_PSU,Central Government/ State Government(s),7272199767.0
IOC,2023-06-30,GOI_PSU,Central Government/ State Government(s),7272199767.0
IOC,2023-09-30,GOI_PSU,Central Government/ State Government(s),7272199767.0
IOC,2023-12-31,GOI_PSU,Central Government/ State Government(s),7272199767.0
IOC,2024-03-31,GOI_PSU,Central Government/ State Government(s),7272199767.0
IOC,2024-06-30,GOI_PSU,Central Government/ State Government(s),7272199767.0
IOC,2024-09-30,GOI_PSU,Central Government/ State Government(s),7272199767.0
IOC,2024-12-31,GOI_PSU,Central Government/ State Government(s),7272199767.0
IOC,2025-03-31,GOI_PSU,Central Government/ State Government(s),7272199767.0
IOC,2025-06-30,GOI_PSU,Central Government/ State Government(s),7272199767.0
IOC,2025-09-30,GOI_PSU,Central Government/ State Government(s),7272199767.0
IOC,2025-12-31,GOI_PSU,Central Government/ State Government(s),7272199767.0
IPCALAB,2014-03-31,Independent,,0.0
IPCALAB,2014-06-30,Independent,,0.0
IPCALAB,2014-09-30,Independent,,0.0
IPCALAB,2014-12-31,Independent,,0.0
IPCALAB,2015-03-31,Independent,,0.0
IPCALAB,2015-06-30,Independent,,0.0
IPCALAB,2015-09-30,Independent,,0.0
IPCALAB,2015-12-31,Independent,Kaygee Investments Pv. Ltd.,27018195.0
IPCALAB,2016-03-31,Independent,Corporate Bodies,47420209.0
IPCALAB,2016-06-30,Independent,Corporate Bodies,47420209.0
IPCALAB,2016-09-30,Independent,Corporate Bodies,47420209.0
IPCALAB,2016-12-31,Independent,Body Corporate,47470209.0
IPCALAB,2017-03-31,Independent,Body Corporate,47470209.0
IPCALAB,2017-06-30,Independent,Body Corporate,47470209.0
IPCALAB,2017-09-30,Independent,Body Corporate,47470209.0
IPCALAB,2017-12-31,Independent,Body Corporate,47470209.0
IPCALAB,2018-03-31,Independent,Kaygee Investments Pvt. Ltd.,27018195.0
IPCALAB,2018-06-30,Independent,Kaygee Investments Pvt. Ltd.,27018195.0
IPCALAB,2018-09-30,Independent,Kaygee Investments Pvt. Ltd.,27018195.0
IPCALAB,2018-12-31,Independent,Kaygee Investments Pvt Ltd,27018195.0
IPCALAB,2019-03-31,Independent,Kaygee Investments Pvt Ltd,27018195.0
IPCALAB,2019-06-30,Independent,Kaygee Investments Pvt Ltd,27018195.0
IPCALAB,2019-09-30,Independent,Kaygee Investments Pvt. Ltd.,27018195.0
IPCALAB,2019-12-31,Independent,Kaygee Investments Pvt. Ltd.,27018195.0
IPCALAB,2020-03-31,Independent,Kaygee Investments Pvt. Ltd.,27018195.0
IPCALAB,2020-06-30,Independent,Kaygee Investments Pvt. Ltd.,27018195.0
IPCALAB,2020-09-30,Independent,Kaygee Investments Pvt. Ltd.,27119195.0
IPCALAB,2020-12-31,Independent,Kaygee Investments Pvt. Ltd.,27239195.0
IPCALAB,2021-03-31,Independent,Kaygee Investments Pvt. Ltd.,27239195.0
IPCALAB,2021-06-30,Independent,Kaygee Investments Pvt. Ltd.,27239195.0
IPCALAB,2021-09-30,Independent,Kaygee Investments Private Limited,27239195.0
IPCALAB,2021-12-31,Independent,Kaygee Investments Private Limited,27239195.0
IPCALAB,2022-03-31,Independent,Kaygee Investments Private Limited,54478390.0
IPCALAB,2022-06-30,Independent,Kaygee Investments Pvt. Ltd.,54478390.0
IPCALAB,2022-09-30,Independent,Kaygee Investments Private Limited,54478390.0
IPCALAB,2022-12-31,Independent,Kaygee Investments Pvt. Ltd.,54478390.0
IPCALAB,2023-03-31,Independent,Kaygee Investments Pvt. Ltd.,54478390.0
IPCALAB,2023-06-30,Independent,Kaygee Investments Pvt. Ltd.,54478390.0
IPCALAB,2023-09-30,Independent,Kaygee Investments Private Limited,54478390.0
IPCALAB,2023-12-31,Independent,Kaygee Investments Private Limited,54478390.0
IPCALAB,2024-03-31,Independent,Kaygee Investments Private Limited,54478390.0
IPCALAB,2024-06-30,Independent,Kaygee Investments Private Limited,54478390.0
IPCALAB,2024-09-30,Independent,Kaygee Investments Private Limited,54478390.0
IPCALAB,2024-12-31,Independent,Kaygee Investments Private Limited,54478390.0
IPCALAB,2025-03-31,Independent,Kaygee Investments Private Limited,54478390.0
IPCALAB,2025-06-30,Independent,Kaygee Investments Private Limited,54478390.0
IPCALAB,2025-09-30,Independent,Kaygee Investments Private Limited,64665448.0
IPCALAB,2025-12-31,Independent,Kaygee Investments Private Limited,64665448.0
IRB,2014-03-31,Independent,,0.0
IRB,2014-06-30,Independent,,0.0
IRB,2014-09-30,Independent,,0.0
IRB,2014-12-31,Independent,,0.0
IRB,2015-03-31,Independent,,0.0
IRB,2015-06-30,Independent,,0.0
IRB,2015-09-30,Independent,,0.0
IRB,2015-12-31,Independent,VIRENDRA DATTATRAYA MHAISKAR JOINTLY WITH DEEPALI VIRENDRA MHAISKAR,111968220.0
IRB,2016-03-31,Independent,VIRENDRA DATTATRAYA MHAISKAR JOINTLY WITH DEEPALI VIRENDRA MHAISKAR,111968220.0
IRB,2016-06-30,Independent,VIRENDRA DATTATRAYA MHAISKAR JOINTLY WITH DEEPALI VIRENDRA MHAISKAR,111968220.0
IRB,2016-09-30,Independent,VIRENDRA DATTATRAYA MHAISKAR,106260205.0
IRB,2016-12-31,Independent,VIRENDRA DATTATRAYA MHAISKAR,106260205.0
IRB,2017-03-31,Independent,Body Corporate,199417305.0
IRB,2017-06-30,Independent,Body Corporate,199417305.0
IRB,2017-09-30,Independent,Body Corporate,199417305.0
IRB,2017-12-31,Independent,Body Corporate,199417305.0
IRB,2018-03-31,Independent,MHAISKAR VENTURES PRIVATE LIMITED,199415015.0
IRB,2018-06-30,Independent,MHAISKAR VENTURES PRIVATE LIMITED,199415015.0
IRB,2018-09-30,Independent,MHAISKAR VENTURES PRIVATE LIMITED,199415015.0
IRB,2018-12-31,Independent,MHAISKAR VENTURES PRIVATE LIMITED,199415015.0
IRB,2019-03-31,Independent,MHAISKAR VENTURES PRIVATE LIMITED,199415015.0
IRB,2019-06-30,Independent,MHAISKAR VENTURES PRIVATE LIMITED,199415015.0
IRB,2019-09-30,Independent,MHAISKAR VENTURES PRIVATE LIMITED,199415015.0
IRB,2019-12-31,Independent,MHAISKAR VENTURES PRIVATE LIMITED,199415015.0
IRB,2020-03-31,Independent,MHAISKAR VENTURES PRIVATE LIMITED,199415015.0
IRB,2020-06-30,Independent,MHAISKAR VENTURES PRIVATE LIMITED,199415015.0
IRB,2020-09-30,Independent,MHAISKAR VENTURES PRIVATE LIMITED,199415015.0
IRB,2020-12-31,Independent,MHAISKAR VENTURES PRIVATE LIMITED,199415015.0
IRB,2021-03-31,Independent,MHAISKAR VENTURES PRIVATE LIMITED,199415015.0
IRB,2021-06-30,Independent,MHAISKAR VENTURES PRIVATE LIMITED,199415015.0
IRB,2021-09-30,Independent,MHAISKAR VENTURES PRIVATE LIMITED,199415015.0
IRB,2021-12-29,Independent,IRB HOLDING PRIVATE LIMITED (Formerly known as Mhaiskar Ventures Private Limited),199415015.0
IRB,2021-12-31,Independent,IRB HOLDING PRIVATE LIMITED (Formerly known as Mhaiskar Ventures Private Limited),199415015.0
IRB,2022-03-31,Independent,IRB HOLDING PRIVATE LIMITED (Formerly known as Mhaiskar Ventures Private Limited),199415015.0
IRB,2022-06-30,Independent,IRB HOLDING PRIVATE LIMITED (Formerly known as Mhaiskar Ventures Private Limited),199415015.0
IRB,2022-09-30,Independent,IRB HOLDING PRIVATE LIMITED (Formerly known as Mhaiskar Ventures Private Limited),199415015.0
IRB,2022-12-31,Independent,IRB HOLDING PRIVATE LIMITED,199415015.0
IRB,2023-03-31,Independent,IRB HOLDING PRIVATE LIMITED,1994150150.0
IRB,2023-06-30,Independent,IRB HOLDING PRIVATE LIMITED,1994150150.0
IRB,2023-09-30,Independent,IRB HOLDING PRIVATE LIMITED,2005130150.0
IRB,2023-12-31,Independent,IRB HOLDING PRIVATE LIMITED,2005130150.0
IRB,2024-03-31,Independent,IRB HOLDING PRIVATE LIMITED,2005130150.0
IRB,2024-06-30,Independent,IRB HOLDING PRIVATE LIMITED,1780130150.0
IRB,2024-09-30,Independent,IRB HOLDING PRIVATE LIMITED,1780130150.0
IRB,2024-12-31,Independent,IRB HOLDING PRIVATE LIMITED,1780130150.0
IRB,2025-03-31,Independent,IRB HOLDING PRIVATE LIMITED,1780130150.0
IRB,2025-06-30,Independent,IRB HOLDING PRIVATE LIMITED,1780130150.0
IRB,2025-09-30,Independent,IRB HOLDING PRIVATE LIMITED,1780130150.0
IRB,2025-12-31,Independent,IRB HOLDING PRIVATE LIMITED,1784423150.0
IRCTC,2019-09-30,GOI_PSU,Central Government/ State Government(s),139840000.0
IRCTC,2019-12-31,GOI_PSU,Central Government/ State Government(s),139840000.0
IRCTC,2020-03-31,GOI_PSU,Central Government/ State Government(s),139840000.0
IRCTC,2020-06-30,GOI_PSU,Central Government/ State Government(s),139840000.0
IRCTC,2020-09-30,GOI_PSU,Central Government/ State Government(s),139840000.0
IRCTC,2020-12-31,GOI_PSU,Central Government/ State Government(s),107834434.0
IRCTC,2021-03-31,GOI_PSU,Central Government/ State Government(s),107834434.0
IRCTC,2021-06-30,GOI_PSU,Central Government/ State Government(s),107834434.0
IRCTC,2021-09-30,GOI_PSU,Central Government/ State Government(s),107834434.0
IRCTC,2021-10-29,GOI_PSU,Central Government/ State Government(s),539172170.0
IRCTC,2021-12-31,GOI_PSU,Central Government/ State Government(s),539172170.0
IRCTC,2022-03-31,GOI_PSU,Central Government/ State Government(s),539172170.0
IRCTC,2022-06-30,GOI_PSU,Central Government/ State Government(s),539172170.0
IRCTC,2022-09-30,GOI_PSU,Central Government/ State Government(s),539172170.0
IRCTC,2022-12-31,GOI_PSU,Central Government/ State Government(s),499172170.0
IRCTC,2023-03-31,GOI_PSU,Central Government/ State Government(s),499172170.0
IRCTC,2023-06-30,GOI_PSU,Central Government/ State Government(s),499172170.0
IRCTC,2023-09-30,GOI_PSU,Central Government/ State Government(s),499172170.0
IRCTC,2023-12-31,GOI_PSU,Central Government/ State Government(s),499172170.0
IRCTC,2024-03-31,GOI_PSU,Central Government/ State Government(s),499172170.0
IRCTC,2024-06-30,GOI_PSU,Central Government/ State Government(s),499172170.0
IRCTC,2024-09-30,GOI_PSU,Central Government/ State Government(s),499172170.0
IRCTC,2024-12-31,GOI_PSU,Central Government/ State Government(s),499172170.0
IRCTC,2025-03-31,GOI_PSU,Central Government/ State Government(s),499172170.0
IRCTC,2025-06-30,GOI_PSU,Central Government/ State Government(s),499172170.0
IRCTC,2025-09-30,GOI_PSU,Central Government/ State Government(s),499172170.0
IRCTC,2025-12-31,GOI_PSU,Central Government/ State Government(s),499172170.0
IREDA,2023-11-25,GOI_PSU,Central Government/ State Government(s),2015823529.0
IREDA,2023-12-31,GOI_PSU,Central Government/ State Government(s),2015823529.0
IREDA,2024-03-31,GOI_PSU,Central Government/ State Government(s),2015823529.0
IREDA,2024-06-30,GOI_PSU,Central Government/ State Government(s),2015823529.0
IREDA,2024-09-30,GOI_PSU,Central Government/ State Government(s),2015823529.0
IREDA,2024-12-31,GOI_PSU,Central Government/ State Government(s),2015823529.0
IREDA,2025-03-31,GOI_PSU,Central Government/ State Government(s),2015823529.0
IREDA,2025-06-11,GOI_PSU,Central Government/ State Government(s),2015823529.0
IREDA,2025-06-30,GOI_PSU,Central Government/ State Government(s),2015823529.0
IREDA,2025-09-30,GOI_PSU,Central Government/ State Government(s),2015823529.0
IREDA,2025-12-31,GOI_PSU,Central Government/ State Government(s),2015823529.0
IRFC,2021-01-27,GOI_PSU,Central Government/ State Government(s),11286435800.0
IRFC,2021-03-31,GOI_PSU,Central Government/ State Government(s),11286437000.0
IRFC,2021-06-30,GOI_PSU,Central Government/ State Government(s),11286437000.0
IRFC,2021-09-30,GOI_PSU,Central Government/ State Government(s),11286437000.0
IRFC,2021-12-31,GOI_PSU,Central Government/ State Government(s),11286437000.0
IRFC,2022-03-31,GOI_PSU,Central Government/ State Government(s),11286437000.0
IRFC,2022-06-30,GOI_PSU,Central Government/ State Government(s),11286437000.0
IRFC,2022-09-30,GOI_PSU,Central Government/ State Government(s),11286437000.0
IRFC,2022-12-31,GOI_PSU,Central Government/ State Government(s),11286437000.0
IRFC,2023-03-31,GOI_PSU,Central Government/ State Government(s),11286437000.0
IRFC,2023-06-30,GOI_PSU,Central Government/ State Government(s),11286437000.0
IRFC,2023-09-30,GOI_PSU,Central Government/ State Government(s),11286437000.0
IRFC,2023-12-31,GOI_PSU,Central Government/ State Government(s),11286437000.0
IRFC,2024-03-31,GOI_PSU,Central Government/ State Government(s),11286437000.0
IRFC,2024-06-30,GOI_PSU,Central Government/ State Government(s),11286437000.0
IRFC,2024-09-30,GOI_PSU,Central Government/ State Government(s),11286437000.0
IRFC,2024-12-31,GOI_PSU,Central Government/ State Government(s),11286437000.0
IRFC,2025-03-31,GOI_PSU,Central Government/ State Government(s),11286437000.0
IRFC,2025-06-30,GOI_PSU,Central Government/ State Government(s),11286437000.0
IRFC,2025-09-30,GOI_PSU,Central Government/ State Government(s),11286437000.0
IRFC,2025-12-31,GOI_PSU,Central Government/ State Government(s),11286437000.0
ISEC,2018-03-31,Independent,ICICI BANK LIMITED,255214695.0
ISEC,2018-06-30,Independent,ICICI BANK LIMITED,255214695.0
ISEC,2018-09-30,Independent,ICICI BANK LIMITED,255214695.0
ISEC,2018-12-31,Independent,ICICI BANK LIMITED,255214695.0
ISEC,2019-03-31,Independent,ICICI BANK LIMITED,255214695.0
ISEC,2019-06-30,Independent,ICICI BANK LIMITED,255214695.0
ISEC,2019-09-30,Independent,ICICI BANK LIMITED,255214695.0
ISEC,2019-12-31,Independent,ICICI BANK LIMITED,255216095.0
ISEC,2020-03-31,Independent,ICICI BANK LIMITED,255216095.0
ISEC,2020-06-30,Independent,ICICI BANK LIMITED,255216095.0
ISEC,2020-09-30,Independent,ICICI BANK LIMITED,248774095.0
ISEC,2020-12-31,Independent,ICICI BANK LIMITED,241652692.0
ISEC,2021-03-31,Independent,ICICI BANK LIMITED,241652692.0
ISEC,2021-06-30,Independent,ICICI BANK LIMITED,241652692.0
ISEC,2021-09-30,Independent,ICICI BANK LIMITED,241652692.0
ISEC,2021-12-31,Independent,ICICI BANK LIMITED,241652692.0
ISEC,2022-03-31,Independent,ICICI BANK LIMITED,241652692.0
ISEC,2022-06-30,Independent,ICICI BANK LIMITED,241652692.0
ISEC,2022-09-30,Independent,ICICI Bank Limited,241652692.0
ISEC,2022-12-31,Independent,ICICI Bank Limited,241652692.0
ISEC,2023-03-31,Independent,ICICI Bank Limited,241652692.0
ISEC,2023-06-30,Independent,ICICI Bank Limited,241652692.0
ISEC,2023-09-30,Independent,ICICI Bank Limited,241652692.0
ISEC,2023-12-31,Independent,ICICI Bank Limited,241652692.0
ISEC,2024-03-31,Independent,ICICI BANK LIMITED,241652692.0
ISEC,2024-06-30,Independent,ICICI BANK LIMITED,241652692.0
ISEC,2024-09-30,Independent,ICICI BANK LIMITED,241652692.0
ISEC,2024-12-31,Independent,ICICI BANK LIMITED,241652692.0
ITC,2014-03-31,Independent,,0.0
ITC,2014-06-30,Independent,,0.0
ITC,2014-09-30,Independent,,0.0
ITC,2014-12-31,Independent,,0.0
ITC,2015-03-31,Independent,,0.0
ITC,2015-06-30,Independent,,0.0
ITC,2015-09-30,Independent,,0.0
ITC,2015-12-31,Independent,,0.0
ITC,2016-03-31,Independent,,0.0
ITC,2016-06-30,Independent,,0.0
ITC,2016-09-30,Independent,,0.0
ITC,2016-12-31,Independent,,0.0
ITC,2017-03-31,Independent,,0.0
ITC,2017-06-30,Independent,,0.0
ITC,2017-09-30,Independent,,0.0
ITC,2017-12-31,Independent,,0.0
ITC,2018-03-31,Independent,,0.0
ITC,2018-06-30,Independent,,0.0
ITC,2018-09-30,Independent,,0.0
ITC,2018-12-31,Independent,,0.0
ITC,2019-03-31,Independent,,0.0
ITC,2019-06-30,Independent,,0.0
ITC,2019-09-30,Independent,,0.0
ITC,2019-12-31,Independent,,0.0
ITC,2020-03-31,Independent,,0.0
ITC,2020-06-30,Independent,,0.0
ITC,2020-09-30,Independent,,0.0
ITC,2020-12-31,Independent,,0.0
ITC,2021-03-31,Independent,,0.0
ITC,2021-06-30,Independent,,0.0
ITC,2021-09-30,Independent,,0.0
ITC,2021-12-31,Independent,,0.0
ITC,2022-03-31,Independent,,0.0
ITC,2022-06-30,Independent,,0.0
ITC,2022-09-30,Independent,,0.0
ITC,2022-12-31,Independent,,0.0
ITC,2023-03-31,Independent,,0.0
ITC,2023-06-30,Independent,,0.0
ITC,2023-09-30,Independent,,0.0
ITC,2023-12-31,Independent,,0.0
ITC,2024-03-31,Independent,,0.0
ITC,2024-06-30,Independent,,0.0
ITC,2024-09-30,Independent,,0.0
ITC,2024-12-31,Independent,,0.0
ITC,2025-03-31,Independent,,0.0
ITC,2025-06-30,Independent,,0.0
ITC,2025-09-30,Independent,,0.0
ITC,2025-12-31,Independent,,0.0
ITCHOTELS,2025-01-28,Independent,ITC LIMITED,830000000.0
ITCHOTELS,2025-03-31,Independent,ITC LIMITED,830000000.0
ITCHOTELS,2025-06-30,Independent,ITC LIMITED,830000000.0
ITCHOTELS,2025-09-30,Independent,ITC LIMITED,830000000.0
ITCHOTELS,2025-12-31,Independent,ITC LIMITED,830000000.0
JETAIRWAYS,2014-03-31,Independent,,0.0
JETAIRWAYS,2014-06-30,Independent,,0.0
JETAIRWAYS,2014-09-30,Independent,,0.0
JETAIRWAYS,2014-12-31,Independent,,0.0
JETAIRWAYS,2015-03-31,Independent,,0.0
JETAIRWAYS,2015-06-30,Independent,,0.0
JETAIRWAYS,2015-09-30,Independent,,0.0
JETAIRWAYS,2015-12-31,Independent,Naresh Goyal,57923670.0
JETAIRWAYS,2016-03-31,Independent,Naresh Goyal,57933665.0
JETAIRWAYS,2016-06-30,Independent,NARESH GOYAL,57933665.0
JETAIRWAYS,2016-09-30,Independent,NARESH GOYAL,57933665.0
JETAIRWAYS,2016-12-31,Independent,NARESH GOYAL,57933665.0
JETAIRWAYS,2017-03-31,Independent,NARESH GOYAL,57933665.0
JETAIRWAYS,2017-06-30,Independent,NARESH GOYAL,57933665.0
JETAIRWAYS,2017-09-30,Independent,NARESH GOYAL,57933665.0
JETAIRWAYS,2017-12-31,Independent,NARESH GOYAL,57933665.0
JETAIRWAYS,2018-03-31,Independent,NARESH GOYAL,57933665.0
JETAIRWAYS,2018-06-30,Independent,Naresh Kumar Goyal,57933665.0
JETAIRWAYS,2018-09-30,Independent,NARESH KUMAR GOYAL,57933665.0
JETAIRWAYS,2018-12-31,Independent,NARESH KUMAR GOYAL,57933665.0
JETAIRWAYS,2019-03-31,Independent,NARESH KUMAR GOYAL,57933665.0
JETAIRWAYS,2019-06-30,Independent,NARESH KUMAR GOYAL,28386986.0
JETAIRWAYS,2019-09-30,Independent,NARESH KUMAR GOYAL,28386986.0
JETAIRWAYS,2019-12-31,Independent,NARESH KUMAR GOYAL,28386986.0
JETAIRWAYS,2020-03-31,Independent,NARESH KUMAR GOYAL,28386986.0
JETAIRWAYS,2020-06-30,Independent,NARESH KUMAR GOYAL,28386986.0
JETAIRWAYS,2020-09-30,Independent,NARESH KUMAR GOYAL,28386986.0
JETAIRWAYS,2020-12-31,Independent,NARESH KUMAR GOYAL,28386986.0
JETAIRWAYS,2021-03-31,Independent,NARESH KUMAR GOYAL,28386986.0
JETAIRWAYS,2021-06-30,Independent,NARESH KUMAR GOYAL,28386986.0
JETAIRWAYS,2021-09-30,Independent,NARESH KUMAR GOYAL,28386986.0
JETAIRWAYS,2021-12-31,Independent,NARESH KUMAR GOYAL,28386986.0
JETAIRWAYS,2022-03-31,Independent,NARESH KUMAR GOYAL,28386986.0
JETAIRWAYS,2022-06-30,Independent,NARESH KUMAR GOYAL,28386986.0
JETAIRWAYS,2022-09-30,Independent,NARESH KUMAR GOYAL,28386986.0
JETAIRWAYS,2022-12-31,Independent,NARESH KUMAR GOYAL,28386986.0
JETAIRWAYS,2023-03-31,Independent,NARESH KUMAR GOYAL,28386986.0
JETAIRWAYS,2023-06-30,Independent,NARESH KUMAR GOYAL,28386986.0
JETAIRWAYS,2023-09-30,Independent,NARESH KUMAR GOYAL,28386986.0
JETAIRWAYS,2023-12-31,Independent,NARESH KUMAR GOYAL,28386986.0
JETAIRWAYS,2024-03-31,Independent,NARESH KUMAR GOYAL,28386986.0
JETAIRWAYS,2024-06-30,Independent,NARESH KUMAR GOYAL,28386986.0
JETAIRWAYS,2024-09-30,Independent,NARESH KUMAR GOYAL,28386986.0
JETAIRWAYS,2024-12-31,Independent,NARESH KUMAR GOYAL,28386986.0
JETAIRWAYS,2025-03-31,Independent,NARESH KUMAR GOYAL,28386986.0
JETAIRWAYS,2025-12-31,Independent,NARESH KUMAR GOYAL,28386986.0
JINDALSTEL,2014-03-31,Independent,,0.0
JINDALSTEL,2014-06-30,Independent,,0.0
JINDALSTEL,2014-09-30,Independent,,0.0
JINDALSTEL,2014-12-31,Independent,,0.0
JINDALSTEL,2015-03-31,Independent,,0.0
JINDALSTEL,2015-06-30,Independent,,0.0
JINDALSTEL,2015-09-30,Independent,,0.0
JINDALSTEL,2015-12-31,Independent,OPJ TRADING PRIVATE LIMITED- Body Corporate,187637898.0
JINDALSTEL,2016-03-31,Independent,OPJ TRADING PVT LTD,187637898.0
JINDALSTEL,2016-06-30,Independent,OPJ TRADING PVT LTD,187637898.0
JINDALSTEL,2016-09-30,Independent,OPJ TRADING PRIVATE LIMITED,187637898.0
JINDALSTEL,2016-12-31,Independent,Body Corporate,479713487.0
JINDALSTEL,2017-03-31,Independent,Body Corporate,479713487.0
JINDALSTEL,2017-06-30,Independent,Body Corporate,479713487.0
JINDALSTEL,2017-09-30,Independent,Body Corporate,479713487.0
JINDALSTEL,2017-12-31,Independent,Body Corporate,481133487.0
JINDALSTEL,2018-03-27,Independent,Body Corporate,481133487.0
JINDALSTEL,2018-03-31,Independent,OPJ TRADING PRIVATE LIMITED,187637898.0
JINDALSTEL,2018-06-30,Independent,OPJ TRADING PRIVATE LIMITED,187637898.0
JINDALSTEL,2018-09-30,Independent,OPJ TRADING PRIVATE LIMITED,187637898.0
JINDALSTEL,2018-12-31,Independent,OPJ TRADING PRIVATE LIMITED,187637898.0
JINDALSTEL,2019-03-31,Independent,OPJ TRADING PRIVATE LIMITED,187637898.0
JINDALSTEL,2019-05-08,Independent,OPJ TRADING PRIVATE LIMITED,187637898.0
JINDALSTEL,2019-06-30,Independent,OPJ Trading Private Limited,187637898.0
JINDALSTEL,2019-09-30,Independent,OPJ Trading Private Limited,187637898.0
JINDALSTEL,2019-12-31,Independent,OPJ TRADING PRIVATE LIMITED,187637898.0
JINDALSTEL,2020-03-31,Independent,OPJ TRADING PRIVATE LIMITED,188413667.0
JINDALSTEL,2020-06-30,Independent,OPJ TRADING PRIVATE LIMITED,188413667.0
JINDALSTEL,2020-09-30,Independent,OPJ TRADING PRIVATE LIMITED,188413667.0
JINDALSTEL,2020-12-31,Independent,OPJ TRADING PRIVATE LIMITED,188413667.0
JINDALSTEL,2021-03-31,Independent,OPJ TRADING PRIVATE LIMITED,188413667.0
JINDALSTEL,2021-06-30,Independent,OPJ TRADING PRIVATE LIMITED,188413667.0
JINDALSTEL,2021-09-30,Independent,OPJ TRADING PRIVATE LIMITED,188413667.0
JINDALSTEL,2021-12-31,Independent,OPJ TRADING PRIVATE LIMITED,188413667.0
JINDALSTEL,2022-03-31,Independent,OPJ TRADING PRIVATE LIMITED,188413667.0
JINDALSTEL,2022-06-30,Independent,OPJ TRADING PRIVATE LIMITED,188413667.0
JINDALSTEL,2022-09-30,Independent,OPJ TRADING PRIVATE LIMITED,188413667.0
JINDALSTEL,2022-12-31,Independent,OPJ TRADING PRIVATE LIMITED,188413667.0
JINDALSTEL,2023-03-31,Independent,OPJ TRADING PRIVATE LIMITED,188413667.0
JINDALSTEL,2023-06-30,Independent,OPJ TRADING PRIVATE LIMITED,188413667.0
JINDALSTEL,2023-09-30,Independent,OPJ TRADING PRIVATE LIMITED,188413667.0
JINDALSTEL,2023-12-31,Independent,OPJ TRADING PRIVATE LIMITED,188413667.0
JINDALSTEL,2024-03-31,Independent,OPJ TRADING PRIVATE LIMITED,188413667.0
JINDALSTEL,2024-06-30,Independent,OPJ TRADING PRIVATE LIMITED,188413667.0
JINDALSTEL,2024-09-30,Independent,OPJ TRADING PRIVATE LIMITED,188413667.0
JINDALSTEL,2024-12-31,Independent,OPJ TRADING PRIVATE LIMITED,188413667.0
JINDALSTEL,2025-03-31,Independent,OPJ TRADING PRIVATE LIMITED,188413667.0
JINDALSTEL,2025-06-30,Independent,OPJ TRADING PRIVATE LIMITED,188413667.0
JINDALSTEL,2025-09-30,Independent,OPJ TRADING PRIVATE LIMITED,188413667.0
JINDALSTEL,2025-12-31,Independent,OPJ TRADING PRIVATE LIMITED,188413667.0
JIOFIN,2023-08-10,Reliance,Reliance Industries Holding Private Ltd,304014856.0
JIOFIN,2023-09-30,Reliance,Reliance Industries Holding Private Ltd,304014856.0
JIOFIN,2023-12-31,Reliance,Reliance Industries Holding Private Ltd,304014856.0
JIOFIN,2024-03-31,Reliance,Reliance Industries Holding Private Ltd,204014856.0
JIOFIN,2024-06-30,Reliance,Reliance Industries Holding Private Ltd,204014856.0
JIOFIN,2024-09-30,Reliance,Reliance Industries Holding Private Ltd,191014856.0
JIOFIN,2024-12-31,Reliance,Reliance Industries Holding Private Ltd,191014856.0
JIOFIN,2025-03-31,Reliance,Reliance Industries Holding Private Ltd (RIHPL),191014856.0
JIOFIN,2025-06-30,Reliance,Reliance Industries Holding Private Ltd,191015071.0
JIOFIN,2025-09-30,Reliance,Reliance Industries Holding Private Ltd,191015071.0
JIOFIN,2025-12-31,Reliance,Reliance Industries Holding Private Ltd,191015071.0
JISLJALEQS,2014-03-31,Independent,,0.0
JISLJALEQS,2014-06-30,Independent,,0.0
JISLJALEQS,2014-09-30,Independent,,0.0
JISLJALEQS,2014-12-31,Independent,,0.0
JISLJALEQS,2015-03-31,Independent,,0.0
JISLJALEQS,2015-06-30,Independent,,0.0
JISLJALEQS,2015-09-30,Independent,,0.0
JISLJALEQS,2015-12-31,Independent,JALGAON INVESTMENTS PRIVATE LIMITED,27469640.0
JISLJALEQS,2016-03-31,Independent,Corporate Bodies (Promoter Co),121176861.0
JISLJALEQS,2016-06-30,Independent,Corporate Bodies (Promoter Co),121176861.0
JISLJALEQS,2016-09-30,Independent,Corporate Bodies (Promoter Co),121176861.0
JISLJALEQS,2016-12-31,Independent,Body Corporate,121176861.0
JISLJALEQS,2017-03-31,Independent,Body Corporate,121176861.0
JISLJALEQS,2017-06-30,Independent,Body Corporate,121176861.0
JISLJALEQS,2017-09-16,Independent,Body Corporate,121176861.0
JISLJALEQS,2017-09-30,Independent,Body Corporate,121176861.0
JISLJALEQS,2017-12-31,Independent,Body Corporate,121176861.0
JISLJALEQS,2018-03-31,Independent,JALGAON INVESTMENTS PRIVATE LIMITED,107076861.0
JISLJALEQS,2018-06-30,Independent,JALGAON INVESTMENTS PRIVATE LIMITED,107276861.0
JISLJALEQS,2018-09-30,Independent,JALGAON INVESTMENTS PRIVATE LIMITED,107977061.0
JISLJALEQS,2018-12-31,Independent,JALGAON INVESTMENTS PRIVATE LIMITED,111677061.0
JISLJALEQS,2019-03-31,Independent,JALGAON INVESTMENTS PRIVATE LIMITED,117856061.0
JISLJALEQS,2019-06-30,Independent,JALGAON INVESTMENTS PRIVATE LIMITED,122356061.0
JISLJALEQS,2019-09-30,Independent,JALGAON INVESTMENTS PRIVATE LIMITED,122356061.0
JISLJALEQS,2019-12-31,Independent,JALGAON INVESTMENTS PRIVATE LIMITED,122356061.0
JISLJALEQS,2020-03-31,Independent,JALGAON INVESTMENTS PRIVATE LIMITED,122356061.0
JISLJALEQS,2020-06-30,Independent,JALGAON INVESTMENTS PRIVATE LIMITED,122356061.0
JISLJALEQS,2020-09-30,Independent,JALGAON INVESTMENTS PRIVATE LIMITED,122356061.0
JISLJALEQS,2020-12-31,Independent,Jalgaon Investments Private Limited,122356061.0
JISLJALEQS,2021-03-31,Independent,Jalgaon Investments Private Limited,122356061.0
JISLJALEQS,2021-06-30,Independent,Jalgaon Investments Private Limited,122356061.0
JISLJALEQS,2021-09-30,Independent,Jalgaon Investments Private Limited,122356061.0
JISLJALEQS,2021-12-31,Independent,Jalgaon Investments Private Limited,122356061.0
JISLJALEQS,2022-02-19,Independent,Jalgaon Investments Private Limited,122356061.0
JISLJALEQS,2022-03-31,Independent,Jalgaon Investments Private Limited,122356061.0
JISLJALEQS,2022-06-24,Independent,Jalgaon Investments Private Limited,122356061.0
JISLJALEQS,2022-06-30,Independent,Jalgaon Investments Private Limited,122356061.0
JISLJALEQS,2022-09-30,Independent,Jalgaon Investments Private Limited,122356061.0
JISLJALEQS,2022-12-31,Independent,Jalgaon Investments Private Limited,122356061.0
JISLJALEQS,2023-03-31,Independent,Jalgaon Investments Private Limited,122356061.0
JISLJALEQS,2023-06-30,Independent,Jalgaon Investments Private Limited,122356061.0
JISLJALEQS,2023-09-30,Independent,Jalgaon Investments Private Limited,122356061.0
JISLJALEQS,2023-12-31,Independent,Jalgaon Investments Private Limited,122356061.0
JISLJALEQS,2024-03-31,Independent,Jalgaon Investments Private Limited,122356061.0
JISLJALEQS,2024-06-30,Independent,Jalgaon Investments Private Limited,122356061.0
JISLJALEQS,2024-09-30,Independent,Jalgaon Investments Private Limited,122356061.0
JISLJALEQS,2024-12-31,Independent,Jalgaon Investments Private Limited,122356061.0
JISLJALEQS,2025-03-31,Independent,Jalgaon Investments Private Limited,122356061.0
JISLJALEQS,2025-05-19,Independent,Jalgaon Investments Private Limited,122356061.0
JISLJALEQS,2025-05-22,Independent,Jalgaon Investments Private Limited,122356061.0
JISLJALEQS,2025-06-30,Independent,Jalgaon Investments Private Limited,122356061.0
JISLJALEQS,2025-09-30,Independent,Jalgaon Investments Private Limited,122356061.0
JISLJALEQS,2025-12-31,Independent,Jalgaon Investments Private Limited,122356061.0
JKLAKSHMI,2014-03-31,Independent,,0.0
JKLAKSHMI,2014-06-30,Independent,,0.0
JKLAKSHMI,2014-09-30,Independent,,0.0
JKLAKSHMI,2014-12-31,Independent,,0.0
JKLAKSHMI,2015-03-31,Independent,,0.0
JKLAKSHMI,2015-06-30,Independent,,0.0
JKLAKSHMI,2015-09-30,Independent,,0.0
JKLAKSHMI,2015-12-31,Independent,BENGAL & ASSAM  COMPANY LIMITED(PROMOTER),27921455.0
JKLAKSHMI,2016-03-31,Independent,Body Corporate,53193217.0
JKLAKSHMI,2016-06-30,Independent,Body Corporate,53193217.0
JKLAKSHMI,2016-09-30,Independent,Body Corporate,53193217.0
JKLAKSHMI,2016-12-31,Independent,Body Corporate,53193217.0
JKLAKSHMI,2017-03-31,Independent,Body Corporate,53193217.0
JKLAKSHMI,2017-06-30,Independent,Body Corporate,53193217.0
JKLAKSHMI,2017-09-30,Independent,Body Corporate,53193217.0
JKLAKSHMI,2017-12-31,Independent,Body Corporate,53193217.0
JKLAKSHMI,2018-03-31,Independent,BENGAL & ASSAM COMPANY LTD,28056895.0
JKLAKSHMI,2018-06-30,Independent,BENGAL & ASSAM COMPANY LTD,28056895.0
JKLAKSHMI,2018-09-30,Independent,BENGAL & ASSAM COMPANY LTD,28056895.0
JKLAKSHMI,2018-12-31,Independent,BENGAL & ASSAM COMPANY LTD,28056895.0
JKLAKSHMI,2019-03-31,Independent,BENGAL & ASSAM COMPANY LTD,28056895.0
JKLAKSHMI,2019-06-30,Independent,BENGAL & ASSAM COMPANY LTD,52388321.0
JKLAKSHMI,2019-09-30,Independent,BENGAL & ASSAM COMPANY LTD,52388321.0
JKLAKSHMI,2019-12-31,Independent,BENGAL & ASSAM COMPANY LTD,52388321.0
JKLAKSHMI,2020-03-31,Independent,BENGAL & ASSAM COMPANY LTD,52388321.0
JKLAKSHMI,2020-06-30,Independent,BENGAL & ASSAM COMPANY LTD,52099121.0
JKLAKSHMI,2020-09-30,Independent,BENGAL & ASSAM COMPANY LTD,52099121.0
JKLAKSHMI,2020-12-31,Independent,BENGAL & ASSAM COMPANY LIMITED,52099121.0
JKLAKSHMI,2021-03-31,Independent,BENGAL & ASSAM COMPANY LIMITED,52099121.0
JKLAKSHMI,2021-06-30,Independent,BENGAL & ASSAM COMPANY LIMITED,52099121.0
JKLAKSHMI,2021-09-30,Independent,BENGAL & ASSAM COMPANY LIMITED,52099121.0
JKLAKSHMI,2021-12-31,Independent,BENGAL & ASSAM COMPANY LIMITED,52099121.0
JKLAKSHMI,2022-03-31,Independent,BENGAL & ASSAM COMPANY LIMITED,52099121.0
JKLAKSHMI,2022-06-30,Independent,BENGAL & ASSAM COMPANY LIMITED,52099121.0
JKLAKSHMI,2022-09-30,Independent,BENGAL & ASSAM COMPANY LIMITED,52099121.0
JKLAKSHMI,2022-12-31,Independent,BENGAL & ASSAM COMPANY LIMITED,52099121.0
JKLAKSHMI,2023-03-31,Independent,BENGAL & ASSAM COMPANY LIMITED,52099121.0
JKLAKSHMI,2023-06-30,Independent,BENGAL & ASSAM COMPANY LIMITED,52099121.0
JKLAKSHMI,2023-09-30,Independent,BENGAL & ASSAM COMPANY LTD,52099121.0
JKLAKSHMI,2023-12-31,Independent,BENGAL & ASSAM COMPANY LTD,52099121.0
JKLAKSHMI,2024-03-31,Independent,BENGAL & ASSAM COMPANY LTD,52134384.0
JKLAKSHMI,2024-06-30,Independent,BENGAL & ASSAM COMPANY LTD,52134384.0
JKLAKSHMI,2024-09-30,Independent,BENGAL & ASSAM COMPANY LTD,52134384.0
JKLAKSHMI,2024-12-31,Independent,BENGAL & ASSAM COMPANY LTD,52134384.0
JKLAKSHMI,2025-03-31,Independent,BENGAL & ASSAM COMPANY LTD,52188384.0
JKLAKSHMI,2025-06-30,Independent,BENGAL & ASSAM COMPANY LTD,52188384.0
JKLAKSHMI,2025-09-23,Independent,BENGAL & ASSAM COMPANY LTD,52188446.0
JKLAKSHMI,2025-09-30,Independent,BENGAL & ASSAM COMPANY LTD,52188446.0
JKLAKSHMI,2025-12-31,Independent,BENGAL & ASSAM COMPANY LTD,52188446.0
JPASSOCIAT,2014-03-31,Independent,,0.0
JPASSOCIAT,2014-06-30,Independent,,0.0
JPASSOCIAT,2014-09-30,Independent,,0.0
JPASSOCIAT,2014-12-31,Independent,,0.0
JPASSOCIAT,2015-03-31,Independent,,0.0
JPASSOCIAT,2015-06-30,Independent,,0.0
JPASSOCIAT,2015-09-30,Independent,,0.0
JPASSOCIAT,2015-12-31,Independent,JAYPEE INFRA VENTURES (A PRIVATE COMPANY WITH UNLIMITED LIABILITY),688306042.0
JPASSOCIAT,2016-03-31,Independent,Bodies Corporate & Trusts,890200792.0
JPASSOCIAT,2016-06-30,Independent,Bodies Corporate & Trusts,890200792.0
JPASSOCIAT,2016-09-30,Independent,Bodies Corporate & Trusts,890200792.0
JPASSOCIAT,2016-12-31,Independent,Body Corporate,890200792.0
JPASSOCIAT,2017-03-31,Independent,Body Corporate,890200792.0
JPASSOCIAT,2017-06-30,Independent,Body Corporate,890200792.0
JPASSOCIAT,2017-09-30,Independent,Body Corporate,890158105.0
JPASSOCIAT,2017-12-31,Independent,Body Corporate,890158105.0
JPASSOCIAT,2018-03-31,Independent,JAYPEE INFRA VENTURES (A PRIVATE COMPANY WITH UNLIMITED LIABILITY),688306042.0
JPASSOCIAT,2018-06-30,Independent,JAYPEE INFRA VENTURES (A PRIVATE COMPANY WITH UNLIMITED LIABILITY),688306042.0
JPASSOCIAT,2018-09-30,Independent,JAYPEE INFRA VENTURES PRIVATE LIMITED,688306042.0
JPASSOCIAT,2018-12-31,Independent,JAYPEE INFRA VENTURES PRIVATE LIMITED,688306042.0
JPASSOCIAT,2019-03-31,Independent,JAYPEE INFRA VENTURES PRIVATE LIMITED,688306042.0
JPASSOCIAT,2019-06-30,Independent,JAYPEE INFRA VENTURES PRIVATE LIMITED,688306042.0
JPASSOCIAT,2019-09-30,Independent,JAYPEE INFRA VENTURES PRIVATE LIMITED,688306042.0
JPASSOCIAT,2019-12-31,Independent,JAYPEE INFRA VENTURES PRIVATE LIMITED,688306042.0
JPASSOCIAT,2020-03-31,Independent,JAYPEE INFRA VENTURES PRIVATE LIMITED,688306042.0
JPASSOCIAT,2020-06-30,Independent,JAYPEE INFRA VENTURES PRIVATE LIMITED,688306042.0
JPASSOCIAT,2020-09-30,Independent,JAYPEE INFRA VENTURES PRIVATE LIMITED,688306042.0
JPASSOCIAT,2020-12-31,Independent,JAYPEE INFRA VENTURES PRIVATE LIMITED,688306042.0
JPASSOCIAT,2021-03-31,Independent,JAYPEE INFRA VENTURES PRIVATE LIMITED,688306042.0
JPASSOCIAT,2021-06-30,Independent,JAYPEE INFRA VENTURES PRIVATE LIMITED,688306042.0
JPASSOCIAT,2021-09-30,Independent,JAYPEE INFRA VENTURES PRIVATE LIMITED,688306042.0
JPASSOCIAT,2021-12-31,Independent,JAYPEE INFRA VENTURES PRIVATE LIMITED,688306042.0
JPASSOCIAT,2022-03-31,Independent,JAYPEE INFRA VENTURES PRIVATE LIMITED,688306042.0
JPASSOCIAT,2022-06-30,Independent,JAYPEE INFRA VENTURES PRIVATE LIMITED,688306042.0
JPASSOCIAT,2022-09-30,Independent,JAYPEE INFRA VENTURES PRIVATE LIMITED,688306042.0
JPASSOCIAT,2022-12-31,Independent,JAYPEE INFRA VENTURES PRIVATE LIMITED,688306042.0
JPASSOCIAT,2023-03-31,Independent,JAYPEE INFRA VENTURES PRIVATE LIMITED,688306042.0
JPASSOCIAT,2023-06-30,Independent,JAYPEE INFRA VENTURES PRIVATE LIMITED,688306042.0
JPASSOCIAT,2023-09-30,Independent,JAYPEE INFRA VENTURES PRIVATE LIMITED,688306042.0
JPASSOCIAT,2023-12-31,Independent,JAYPEE INFRA VENTURES PRIVATE LIMITED,688306042.0
JPASSOCIAT,2024-03-31,Independent,JAYPEE INFRA VENTURES PRIVATE LIMITED,688306042.0
JPASSOCIAT,2024-06-30,Independent,JAYPEE INFRA VENTURES PRIVATE LIMITED,688306042.0
JPASSOCIAT,2024-09-30,Independent,JAYPEE INFRA VENTURES PRIVATE LIMITED,688306042.0
JPASSOCIAT,2024-12-31,Independent,JAYPEE INFRA VENTURES PRIVATE LIMITED,688306042.0
JPASSOCIAT,2025-03-31,Independent,JAYPEE INFRA VENTURES PRIVATE LIMITED,688306042.0
JPASSOCIAT,2025-06-30,Independent,JAYPEE INFRA VENTURES PRIVATE LIMITED,688306042.0
JPASSOCIAT,2025-09-30,Independent,JAYPEE INFRA VENTURES PRIVATE LIMITED,688306042.0
JPASSOCIAT,2025-12-31,Independent,JAYPEE INFRA VENTURES PRIVATE LIMITED,688306042.0
JPPOWER,2014-03-31,Independent,,0.0
JPPOWER,2014-06-30,Independent,,0.0
JPPOWER,2014-09-30,Independent,,0.0
JPPOWER,2014-12-31,Independent,,0.0
JPPOWER,2015-03-31,Independent,,0.0
JPPOWER,2015-06-30,Independent,,0.0
JPPOWER,2015-09-30,Independent,,0.0
JPPOWER,2015-12-31,Independent,JAIPRAKASH ASSOCIATES LIMITED (JAL),1782998800.0
JPPOWER,2016-03-31,Independent,Body Corporate,1868646437.0
JPPOWER,2016-06-30,Independent,Body Corporate,1868646437.0
JPPOWER,2016-09-30,Independent,Body Corporate,1868646437.0
JPPOWER,2016-12-31,Independent,Body Corporate,1868646437.0
JPPOWER,2017-02-18,Independent,Body Corporate,1868646437.0
JPPOWER,2017-03-31,Independent,Body Corporate,1868646437.0
JPPOWER,2017-06-30,Independent,Body Corporate,1868646437.0
JPPOWER,2017-09-30,Independent,Body Corporate,1868646437.0
JPPOWER,2017-12-31,Independent,Body Corporate,1868646437.0
JPPOWER,2018-03-31,Independent,JAIPRAKASH ASSOCIATES LIMITED,1782998800.0
JPPOWER,2018-06-30,Independent,JAIPRAKASH ASSOCIATES LIMITED,1782998800.0
JPPOWER,2018-09-30,Independent,JAIPRAKASH ASSOCIATES LIMITED,1782998800.0
JPPOWER,2018-12-31,Independent,Jaiprakash Associates Limited,1782998800.0
JPPOWER,2019-03-31,Independent,Jaiprakash Associates Ltd.,1782998800.0
JPPOWER,2019-06-30,Independent,Jaiprakash Associates Ltd.,1782998800.0
JPPOWER,2019-09-30,Independent,Jaiprakash Associates Ltd.,1782998800.0
JPPOWER,2019-12-31,Independent,JAIPRAKASH ASSOCIATES LIMITED,1782998800.0
JPPOWER,2020-01-10,Independent,JAIPRAKASH ASSOCIATES LIMITED,1782998800.0
JPPOWER,2020-01-17,Independent,JAIPRAKASH ASSOCIATES LIMITED,1782998800.0
JPPOWER,2020-03-31,Independent,JAIPRAKASH ASSOCIATES LIMITED,1782998800.0
JPPOWER,2020-06-30,Independent,JAIPRAKASH ASSOCIATES LIMITED,1782998800.0
JPPOWER,2020-09-30,Independent,JAIPRAKASH ASSOCIATES LIMITED,1782998800.0
JPPOWER,2020-12-31,Independent,JAIPRAKASH ASSOCIATES LIMITED,1782998800.0
JPPOWER,2021-03-31,Independent,JAIPRAKASH ASSOCIATES LIMITED,1783000000.0
JPPOWER,2021-06-30,Independent,JAIPRAKASH ASSOCIATES LIMITED,1783000600.0
JPPOWER,2021-09-30,Independent,JAIPRAKASH ASSOCIATES LIMITED,1783000600.0
JPPOWER,2021-12-31,Independent,JAIPRAKASH ASSOCIATES LIMITED,1783000600.0
JPPOWER,2022-03-31,Independent,JAIPRAKASH ASSOCIATES LIMITED,1644830118.0
JPPOWER,2022-06-30,Independent,JAIPRAKASH ASSOCIATES LIMITED,1644830118.0
JPPOWER,2022-09-30,Independent,JAIPRAKASH ASSOCIATES LIMITED,1644830118.0
JPPOWER,2022-12-31,Independent,JAIPRAKASH ASSOCIATES LIMITED,1644830118.0
JPPOWER,2023-03-31,Independent,JAIPRAKASH ASSOCIATES LIMITED,1644830118.0
JPPOWER,2023-06-30,Independent,JAIPRAKASH ASSOCIATES LIMITED,1644830118.0
JPPOWER,2023-09-30,Independent,JAIPRAKASH ASSOCIATES LIMITED,1644830118.0
JPPOWER,2023-12-31,Independent,JAIPRAKASH ASSOCIATES LIMITED,1644830118.0
JPPOWER,2024-03-31,Independent,JAIPRAKASH ASSOCIATES LIMITED,1644830118.0
JPPOWER,2024-06-30,Independent,JAIPRAKASH ASSOCIATES LIMITED,1644830118.0
JPPOWER,2024-09-30,Independent,JAIPRAKASH ASSOCIATES LIMITED,1644830118.0
JPPOWER,2024-12-31,Independent,JAIPRAKASH ASSOCIATES LIMITED,1644830118.0
JPPOWER,2025-03-31,Independent,JAIPRAKASH ASSOCIATES LIMITED,1644830118.0
JPPOWER,2025-06-30,Independent,JAIPRAKASH ASSOCIATES LIMITED,1644830118.0
JPPOWER,2025-09-30,Independent,JAIPRAKASH ASSOCIATES LIMITED,1644830118.0
JPPOWER,2025-12-31,Independent,JAIPRAKASH ASSOCIATES LIMITED,1644830118.0
JSWENERGY,2014-03-31,Independent,,0.0
JSWENERGY,2014-06-30,Independent,,0.0
JSWENERGY,2014-09-30,Independent,,0.0
JSWENERGY,2014-12-31,Independent,,0.0
JSWENERGY,2015-03-31,Independent,,0.0
JSWENERGY,2015-06-30,Independent,,0.0
JSWENERGY,2015-09-30,Independent,,0.0
JSWENERGY,2015-12-31,Independent,SAHYOG TRADECORP PRIVATE LIMITED,256799044.0
JSWENERGY,2016-03-31,Independent,BODIES CORPORATES,1067405842.0
JSWENERGY,2016-06-30,Independent,BODIES CORPORATES,1067405842.0
JSWENERGY,2016-09-30,Independent,BODIES CORPORATES,1067405842.0
JSWENERGY,2016-12-31,Independent,Body Corporate,1154633029.0
JSWENERGY,2017-03-31,Independent,Body Corporate,1154633029.0
JSWENERGY,2017-06-30,Independent,Body Corporate,1154592529.0
JSWENERGY,2017-09-30,Independent,Body Corporate,1154592529.0
JSWENERGY,2017-12-31,Independent,Body Corporate,1154592529.0
JSWENERGY,2018-03-31,Independent,JSW INVESTMENTS PRIVATE LIMITED,332762694.0
JSWENERGY,2018-06-30,Independent,JSW INVESTMENTS PRIVATE LIMITED,332492694.0
JSWENERGY,2018-09-30,Independent,JSW INVESTMENTS PRIVATE LIMITED,332492694.0
JSWENERGY,2018-12-31,Independent,JSW INVESTMENTS PRIVATE LIMITED,332492694.0
JSWENERGY,2019-03-31,Independent,JSW INVESTMENTS PRIVATE LIMITED,332492694.0
JSWENERGY,2019-06-30,Independent,JSW INVESTMENTS PRIVATE LIMITED,332492694.0
JSWENERGY,2019-09-30,Independent,JSW INVESTMENTS PRIVATE LIMITED,332492694.0
JSWENERGY,2019-12-31,Independent,Other,1154579629.0
JSWENERGY,2020-03-31,Independent,JSW INVESTMENTS PRIVATE LIMITED,332492694.0
JSWENERGY,2020-06-30,Independent,JSW INVESTMENTS PRIVATE LIMITED,332492694.0
JSWENERGY,2020-09-30,Independent,JSW INVESTMENTS PRIVATE LIMITED,332492694.0
JSWENERGY,2020-12-31,Independent,JSW INVESTMENTS PRIVATE LIMITED,332492694.0
JSWENERGY,2021-03-31,Independent,JSW INVESTMENTS PRIVATE LIMITED,332492694.0
JSWENERGY,2021-06-30,Independent,JSW INVESTMENTS PRIVATE LIMITED,332492694.0
JSWENERGY,2021-09-30,Independent,JSW INVESTMENTS PRIVATE LIMITED,332492694.0
JSWENERGY,2021-12-31,Independent,JSW INVESTMENTS PRIVATE LIMITED,332492694.0
JSWENERGY,2022-03-31,Independent,JSW INVESTMENTS PRIVATE LIMITED,332492694.0
JSWENERGY,2022-06-30,Independent,JSW INVESTMENTS PRIVATE LIMITED,332492694.0
JSWENERGY,2022-09-30,Independent,JSW INVESTMENTS PRIVATE LIMITED,332492694.0
JSWENERGY,2022-12-31,Independent,JSW INVESTMENTS PRIVATE LIMITED,332492694.0
JSWENERGY,2023-03-31,Independent,JSW INVESTMENTS PRIVATE LIMITED,332492694.0
JSWENERGY,2023-06-30,Independent,JSW INVESTMENTS PRIVATE LIMITED,332492694.0
JSWENERGY,2023-09-30,Independent,JSW INVESTMENTS PRIVATE LIMITED,311492694.0
JSWENERGY,2023-12-31,Independent,JSW INVESTMENTS PRIVATE LIMITED,311492694.0
JSWENERGY,2024-03-31,Independent,JSW INVESTMENTS PRIVATE LIMITED,311492694.0
JSWENERGY,2024-04-05,Independent,JSW INVESTMENTS PRIVATE LIMITED,311492694.0
JSWENERGY,2024-06-30,Independent,JSW INVESTMENTS PRIVATE LIMITED,311492694.0
JSWENERGY,2024-09-30,Independent,JSW INVESTMENTS PRIVATE LIMITED,311492694.0
JSWENERGY,2024-12-31,Independent,JSW INVESTMENTS PRIVATE LIMITED,311492694.0
JSWENERGY,2025-03-31,Independent,JSW INVESTMENTS PRIVATE LIMITED,311492694.0
JSWENERGY,2025-06-30,Independent,JSW INVESTMENTS PRIVATE LIMITED,311492694.0
JSWENERGY,2025-09-30,Independent,JSW INVESTMENTS PRIVATE LIMITED,311492694.0
JSWENERGY,2025-12-31,Independent,JSW INVESTMENTS PRIVATE LIMITED,311492694.0
JSWINFRA,2023-09-28,Independent,"SAJJAN JINDAL , SANGITA JINDAL (TRUSTEES OF SAJJAN JINDAL FAMILY TRUST)",1695135390.0
JSWINFRA,2023-09-30,Independent,"SAJJAN JINDAL , SANGITA JINDAL (TRUSTEES OF SAJJAN JINDAL FAMILY TRUST)",1695135390.0
JSWINFRA,2023-12-31,Independent,"SAJJAN JINDAL , SANGITA JINDAL (TRUSTEES OF SAJJAN JINDAL FAMILY TRUST)",1695135390.0
JSWINFRA,2024-03-31,Independent,"SAJJAN JINDAL , SANGITA JINDAL (TRUSTEES OF SAJJAN JINDAL FAMILY TRUST)",1695135390.0
JSWINFRA,2024-06-30,Independent,"SAJJAN JINDAL , SANGITA JINDAL (TRUSTEES OF SAJJAN JINDAL FAMILY TRUST)",1695135390.0
JSWINFRA,2024-09-30,Independent,"Sajjan Jindal , Sangita Jindal (Trustees of Sajjan Jindal Family Trust)",1695135390.0
JSWINFRA,2024-12-31,Independent,"Sajjan Jindal , Sangita Jindal (Trustees of Sajjan Jindal Family Trust)",1695135390.0
JSWINFRA,2025-03-31,Independent,"Sajjan Jindal , Sangita Jindal (Trustees of Sajjan Jindal Family Trust)",1695135390.0
JSWINFRA,2025-06-30,Independent,"Sajjan Jindal , Sangita Jindal (Trustees of Sajjan Jindal Family Trust)",1653135390.0
JSWINFRA,2025-09-30,Independent,"Sajjan Jindal , Sangita Jindal (Trustees of Sajjan Jindal Family Trust)",1653135390.0
JSWINFRA,2025-12-31,Independent,"Sajjan Jindal , Sangita Jindal (Trustees of Sajjan Jindal Family Trust)",1653135390.0
JSWSTEEL,2014-03-31,Independent,,0.0
JSWSTEEL,2014-06-30,Independent,,0.0
JSWSTEEL,2014-09-30,Independent,,0.0
JSWSTEEL,2014-12-31,Independent,,0.0
JSWSTEEL,2015-03-31,Independent,,0.0
JSWSTEEL,2015-06-30,Independent,,0.0
JSWSTEEL,2015-09-30,Independent,,0.0
JSWSTEEL,2015-12-31,GOI_PSU,Central Government/ State Government(s),907952.0
JSWSTEEL,2016-03-31,GOI_PSU,Central Government/ State Government(s),907952.0
JSWSTEEL,2016-06-30,GOI_PSU,Central Government/ State Government(s),907952.0
JSWSTEEL,2016-09-30,GOI_PSU,Central Government/ State Government(s),907952.0
JSWSTEEL,2016-12-31,GOI_PSU,Central Government/ State Government(s),907952.0
JSWSTEEL,2017-03-31,GOI_PSU,Central Government/ State Government(s),9079520.0
JSWSTEEL,2017-06-30,GOI_PSU,Central Government/ State Government(s),9079520.0
JSWSTEEL,2017-09-30,GOI_PSU,Central Government/ State Government(s),9079520.0
JSWSTEEL,2017-12-31,GOI_PSU,Central Government/ State Government(s),9079520.0
JSWSTEEL,2018-03-31,GOI_PSU,Central Government/ State Government(s),9079520.0
JSWSTEEL,2018-06-30,GOI_PSU,Central Government/ State Government(s),9079520.0
JSWSTEEL,2018-09-30,GOI_PSU,Central Government/ State Government(s),9079520.0
JSWSTEEL,2018-12-31,GOI_PSU,Central Government/ State Government(s),9079520.0
JSWSTEEL,2019-03-31,GOI_PSU,Central Government/ State Government(s),9079520.0
JSWSTEEL,2019-06-30,GOI_PSU,Central Government/ State Government(s),9079520.0
JSWSTEEL,2019-09-30,GOI_PSU,Central Government/ State Government(s),9079520.0
JSWSTEEL,2019-12-31,GOI_PSU,Central Government/ State Government(s),9079520.0
JSWSTEEL,2020-03-31,GOI_PSU,Central Government/ State Government(s),9079520.0
JSWSTEEL,2020-06-30,GOI_PSU,Central Government/ State Government(s),9079520.0
JSWSTEEL,2020-09-30,GOI_PSU,Central Government/ State Government(s),9079520.0
JSWSTEEL,2020-12-31,GOI_PSU,Central Government/ State Government(s),9079520.0
JSWSTEEL,2021-03-31,GOI_PSU,Central Government/ State Government(s),9079520.0
JSWSTEEL,2021-06-30,GOI_PSU,Central Government/ State Government(s),9079520.0
JSWSTEEL,2021-09-30,GOI_PSU,Central Government/ State Government(s),9079520.0
JSWSTEEL,2021-12-31,GOI_PSU,Central Government/ State Government(s),9079520.0
JSWSTEEL,2022-03-31,GOI_PSU,Central Government/ State Government(s),9079520.0
JSWSTEEL,2022-06-30,GOI_PSU,Central Government/ State Government(s),9079520.0
JSWSTEEL,2022-09-30,GOI_PSU,Central Government/ State Government(s),9079520.0
JSWSTEEL,2022-12-31,GOI_PSU,Central Government/ State Government(s),9079520.0
JSWSTEEL,2023-03-31,GOI_PSU,Central Government/ State Government(s),9079520.0
JSWSTEEL,2023-06-30,GOI_PSU,Central Government/ State Government(s),9079520.0
JSWSTEEL,2023-09-30,GOI_PSU,Central Government/ State Government(s),9079520.0
JSWSTEEL,2023-12-31,GOI_PSU,Central Government/ State Government(s),9079520.0
JSWSTEEL,2024-03-31,GOI_PSU,Central Government/ State Government(s),9079520.0
JSWSTEEL,2024-06-30,GOI_PSU,Central Government/ State Government(s),9079520.0
JSWSTEEL,2024-09-30,GOI_PSU,Central Government/ State Government(s),9079520.0
JSWSTEEL,2024-12-31,GOI_PSU,Central Government/ State Government(s),9079520.0
JSWSTEEL,2025-03-31,GOI_PSU,Central Government/ State Government(s),9079520.0
JSWSTEEL,2025-06-30,GOI_PSU,Central Government/ State Government(s),9079520.0
JSWSTEEL,2025-09-30,GOI_PSU,Central Government/ State Government(s),9079520.0
JSWSTEEL,2025-12-31,GOI_PSU,Central Government/ State Government(s),9079520.0
JUBLFOOD,2014-03-31,Independent,,0.0
JUBLFOOD,2014-06-30,Independent,,0.0
JUBLFOOD,2014-09-30,Independent,,0.0
JUBLFOOD,2014-12-31,Independent,,0.0
JUBLFOOD,2015-03-31,Independent,,0.0
JUBLFOOD,2015-06-30,Independent,,0.0
JUBLFOOD,2015-09-30,Independent,,0.0
JUBLFOOD,2015-12-31,Independent,JUBILANT ENPRO SERVICES PRIVATE LIMITED (REFER NOTE 4),32022947.0
JUBLFOOD,2016-03-31,Independent,BODIES CORPORTAE,32022950.0
JUBLFOOD,2016-06-30,Independent,BODIES CORPORTAE,29652780.0
JUBLFOOD,2016-09-30,Independent,BODIES CORPORTAE,29652780.0
JUBLFOOD,2016-12-31,Independent,Body Corporate,29652780.0
JUBLFOOD,2017-03-31,Independent,Body Corporate,29652780.0
JUBLFOOD,2017-06-30,Independent,Body Corporate,29652780.0
JUBLFOOD,2017-09-30,Independent,Body Corporate,29652780.0
JUBLFOOD,2017-12-31,Independent,Body Corporate,29652780.0
JUBLFOOD,2018-03-31,Independent,Jubilant Consumer Private Limited,29652777.0
JUBLFOOD,2018-06-26,Independent,Jubilant Consumer Private Limited,59305554.0
JUBLFOOD,2018-06-30,Independent,Jubilant Consumer Private Limited,59305554.0
JUBLFOOD,2018-09-30,Independent,Jubilant Consumer Private Limited,59305554.0
JUBLFOOD,2018-12-31,Independent,Jubilant Consumer Private Limited,59305554.0
JUBLFOOD,2019-03-31,Independent,Jubilant Consumer Private Limited,55346483.0
JUBLFOOD,2019-06-30,Independent,Jubilant Consumer Private Limited,55346483.0
JUBLFOOD,2019-09-30,Independent,Jubilant Consumer Private Limited,55346483.0
JUBLFOOD,2019-12-31,Independent,Jubilant Consumer Private Limited,55346483.0
JUBLFOOD,2020-03-31,Independent,Jubilant Consumer Private Limited,55346483.0
JUBLFOOD,2020-06-30,Independent,Jubilant Consumer Private Limited,55346483.0
JUBLFOOD,2020-09-30,Independent,Jubilant Consumer Private Limited,55346483.0
JUBLFOOD,2020-12-31,Independent,Jubilant Consumer Private Limited,55346483.0
JUBLFOOD,2021-03-31,Independent,Jubilant Consumer Private Limited,55346483.0
JUBLFOOD,2021-06-30,Independent,Jubilant Consumer Private Limited,55346483.0
JUBLFOOD,2021-09-30,Independent,Jubilant Consumer Private Limited,55346483.0
JUBLFOOD,2021-12-31,Independent,Jubilant Consumer Private Limited,55346483.0
JUBLFOOD,2022-03-31,Independent,Jubilant Consumer Private Limited,55346483.0
JUBLFOOD,2022-06-30,Independent,Jubilant Consumer Private Limited,276732415.0
JUBLFOOD,2022-09-30,Independent,Jubilant Consumer Private Limited,276732415.0
JUBLFOOD,2022-12-31,Independent,Jubilant Consumer Private Limited,276732415.0
JUBLFOOD,2023-03-31,Independent,Jubilant Consumer Private Limited,276732415.0
JUBLFOOD,2023-06-30,Independent,Jubilant Consumer Private Limited,276732415.0
JUBLFOOD,2023-09-30,Independent,Jubilant Consumer Private Limited,276732415.0
JUBLFOOD,2023-12-31,Independent,Jubilant Consumer Private Limited,276732415.0
JUBLFOOD,2024-03-31,Independent,Jubilant Consumer Private Limited,276732415.0
JUBLFOOD,2024-06-30,Independent,Jubilant Consumer Private Limited,276732415.0
JUBLFOOD,2024-09-30,Independent,Jubilant Consumer Private Limited,276732415.0
JUBLFOOD,2024-12-31,Independent,Jubilant Consumer Private Limited,276732415.0
JUBLFOOD,2025-03-31,Independent,Jubilant Consumer Private Limited,276732415.0
JUBLFOOD,2025-06-30,Independent,Jubilant Consumer Private Limited,265752415.0
JUBLFOOD,2025-09-30,Independent,Jubilant Consumer Private Limited,265752415.0
JUBLFOOD,2025-12-31,Independent,Jubilant Consumer Private Limited,265752415.0
JUSTDIAL,2014-03-31,Independent,,0.0
JUSTDIAL,2014-06-30,Independent,,0.0
JUSTDIAL,2014-09-30,Independent,,0.0
JUSTDIAL,2014-12-31,Independent,,0.0
JUSTDIAL,2015-03-31,Independent,,0.0
JUSTDIAL,2015-06-30,Independent,,0.0
JUSTDIAL,2015-09-30,Independent,,0.0
JUSTDIAL,2015-12-31,Independent,VENKATACHALAM STHANU SUBRAMANI,19193175.0
JUSTDIAL,2016-03-31,Independent,VENKATACHALAM STHANU SUBRAMANI,19515340.0
JUSTDIAL,2016-06-30,Independent,VENKATACHALAM STHANU SUBRAMANI,19515340.0
JUSTDIAL,2016-09-30,Independent,VENKATACHALAM STHANU SUBRAMANI,20019245.0
JUSTDIAL,2016-12-31,Independent,VENKATACHALAM STHANU SUBRAMANI,20219245.0
JUSTDIAL,2017-03-31,Independent,VENKATACHALAM STHANU SUBRAMANI,20219245.0
JUSTDIAL,2017-06-30,Independent,VENKATACHALAM STHANU SUBRAMANI,20219245.0
JUSTDIAL,2017-09-13,Independent,VENKATACHALAM STHANU SUBRAMANI,20219245.0
JUSTDIAL,2017-09-30,Independent,VENKATACHALAM STHANU SUBRAMANI,20219245.0
JUSTDIAL,2017-12-31,Independent,VENKATACHALAM STHANU SUBRAMANI,20219245.0
JUSTDIAL,2018-03-31,Independent,VENKATACHALAM STHANU SUBRAMANI,20219245.0
JUSTDIAL,2018-06-30,Independent,VENKATACHALAM STHANU SUBRAMANI,20219245.0
JUSTDIAL,2018-09-30,Independent,VENKATACHALAM STHANU SUBRAMANI,20219245.0
JUSTDIAL,2018-12-31,Independent,VENKATACHALAM STHANU SUBRAMANI,20219245.0
JUSTDIAL,2019-01-15,Independent,VENKATACHALAM STHANU SUBRAMANI,19472804.0
JUSTDIAL,2019-03-31,Independent,VENKATACHALAM STHANU SUBRAMANI,19472804.0
JUSTDIAL,2019-06-30,Independent,VENKATACHALAM STHANU SUBRAMANI,19472804.0
JUSTDIAL,2019-09-30,Independent,VENKATACHALAM STHANU SUBRAMANI,19472804.0
JUSTDIAL,2019-12-31,Independent,VENKATACHALAM STHANU SUBRAMANI,19472804.0
JUSTDIAL,2020-03-31,Independent,VENKATACHALAM STHANU SUBRAMANI,19472804.0
JUSTDIAL,2020-09-02,Independent,VENKATACHALAM STHANU SUBRAMANI,18261341.0
JUSTDIAL,2020-09-30,Independent,VENKATACHALAM STHANU SUBRAMANI,18561798.0
JUSTDIAL,2020-12-31,Independent,VENKATACHALAM STHANU SUBRAMANI,19251190.0
JUSTDIAL,2021-03-31,Independent,VENKATACHALAM STHANU SUBRAMANI,19251190.0
JUSTDIAL,2021-06-30,Independent,VENKATACHALAM STHANU SUBRAMANI,19251190.0
JUSTDIAL,2021-09-01,Reliance,RELIANCE RETAIL VENTURES LIMITED,34238799.0
JUSTDIAL,2021-09-30,Reliance,RELIANCE RETAIL VENTURES LIMITED,34238799.0
JUSTDIAL,2021-12-31,Reliance,RELIANCE RETAIL VENTURES LIMITED,55975693.0
JUSTDIAL,2022-03-31,Reliance,RELIANCE RETAIL VENTURES LIMITED,55975693.0
JUSTDIAL,2022-06-30,Reliance,RELIANCE RETAIL VENTURES LIMITED,55975693.0
JUSTDIAL,2022-09-30,Reliance,RELIANCE RETAIL VENTURES LIMITED,55975693.0
JUSTDIAL,2022-12-31,Reliance,RELIANCE RETAIL VENTURES LIMITED,54289574.0
JUSTDIAL,2023-03-31,Reliance,RELIANCE RETAIL VENTURES LIMITED,54289574.0
JUSTDIAL,2023-06-30,Reliance,RELIANCE RETAIL VENTURES LIMITED,54289574.0
JUSTDIAL,2023-09-30,Reliance,RELIANCE RETAIL VENTURES LIMITED,54289574.0
JUSTDIAL,2023-12-31,Reliance,RELIANCE RETAIL VENTURES LIMITED,54289574.0
JUSTDIAL,2024-03-31,Reliance,RELIANCE RETAIL VENTURES LIMITED,54289574.0
JUSTDIAL,2024-06-30,Reliance,RELIANCE RETAIL VENTURES LIMITED,54289574.0
JUSTDIAL,2024-09-30,Reliance,RELIANCE RETAIL VENTURES LIMITED,54289574.0
JUSTDIAL,2024-12-31,Reliance,RELIANCE RETAIL VENTURES LIMITED,54289574.0
JUSTDIAL,2025-03-31,Reliance,RELIANCE RETAIL VENTURES LIMITED,54289574.0
JUSTDIAL,2025-06-30,Reliance,RELIANCE RETAIL VENTURES LIMITED,54289574.0
JUSTDIAL,2025-09-30,Reliance,RELIANCE RETAIL VENTURES LIMITED,54289574.0
JUSTDIAL,2025-12-31,Reliance,RELIANCE RETAIL VENTURES LIMITED,54289574.0
KAJARIACER,2014-03-31,Independent,,0.0
KAJARIACER,2014-06-30,Independent,,0.0
KAJARIACER,2014-09-30,Independent,,0.0
KAJARIACER,2014-10-27,Independent,,0.0
KAJARIACER,2014-12-31,Independent,,0.0
KAJARIACER,2015-03-31,Independent,,0.0
KAJARIACER,2015-06-30,Independent,,0.0
KAJARIACER,2015-09-30,Independent,,0.0
KAJARIACER,2015-12-31,Independent,KAJARIA EXPORTS PRIVATE LIMITED,15311999.0
KAJARIACER,2016-03-31,Independent,KAJARIA EXPORTS PRIVATE LIMITED,15311999.0
KAJARIACER,2016-06-30,Independent,KAJARIA EXPORTS PRIVATE LIMITED,15311999.0
KAJARIACER,2016-07-02,Independent,KAJARIA SECURITIES PRIVATE LIMITED,32062529.0
KAJARIACER,2016-09-30,Independent,KAJARIA SECURITIES PRIVATE LIMITED,32182569.0
KAJARIACER,2016-12-31,Independent,Body Corporate,64365138.0
KAJARIACER,2017-03-31,Independent,Body Corporate,64365138.0
KAJARIACER,2017-06-30,Independent,Body Corporate,64365138.0
KAJARIACER,2017-09-30,Independent,KAJARIA SECURITIES PRIVATE LIMITED,64669867.0
KAJARIACER,2017-12-31,Independent,Body Corporate,64669867.0
KAJARIACER,2018-03-31,Independent,Trust,64669867.0
KAJARIACER,2018-06-30,Independent,Other,64669867.0
KAJARIACER,2018-09-30,Independent,Trust,64669867.0
KAJARIACER,2018-12-31,Independent,Trust,64669867.0
KAJARIACER,2019-03-31,Independent,Trust,64669867.0
KAJARIACER,2019-06-30,Independent,Trust,64669867.0
KAJARIACER,2019-09-30,Independent,CKTrusteesPrivateLimited InItsCapacityAsSoleTrusteeOfChetanKajariaFamilyPrivateTrust,25867947.0
KAJARIACER,2019-12-31,Independent,Trust,64669867.0
KAJARIACER,2020-03-31,Independent,Trust,64669867.0
KAJARIACER,2020-06-30,Independent,Trust,64669867.0
KAJARIACER,2020-09-30,Independent,Trust,64669867.0
KAJARIACER,2020-12-31,Independent,Trust,64669867.0
KAJARIACER,2021-03-31,Independent,Trust,64669867.0
KAJARIACER,2021-06-30,Independent,Trust,64669867.0
KAJARIACER,2021-09-30,Independent,Trust,64669867.0
KAJARIACER,2021-12-31,Independent,CK TRUSTEES PRIVATE LIMITED (IN ITS CAPACITY AS SOLE TRUSTEE OF CHETAN KAJARIA FAMILY PRIVATE TRUST),25867947.0
KAJARIACER,2022-03-31,Independent,Trust,64669867.0
KAJARIACER,2022-06-30,Independent,Trust,64669867.0
KAJARIACER,2022-09-30,Independent,CK TRUSTEES PRIVATE LIMITED (IN ITS CAPACITY AS SOLE TRUSTEE OF CHETAN KAJARIA FAMILY PRIVATE TRUST),25867947.0
KAJARIACER,2022-12-31,Independent,CK TRUSTEES PRIVATE LIMITED (IN ITS CAPACITY AS SOLE TRUSTEE OF CHETAN KAJARIA FAMILY PRIVATE TRUST),25867947.0
KAJARIACER,2023-03-31,Independent,CK TRUSTEES PRIVATE LIMITED (IN ITS CAPACITY AS SOLE TRUSTEE OF CHETAN KAJARIA FAMILY PRIVATE TRUST),25867947.0
KAJARIACER,2023-06-30,Independent,CK TRUSTEES PRIVATE LIMITED (IN ITS CAPACITY AS SOLE TRUSTEE OF CHETAN KAJARIA FAMILY PRIVATE TRUST),25867947.0
KAJARIACER,2023-09-30,Independent,CK TRUSTEES PRIVATE LIMITED (IN ITS CAPACITY AS SOLE TRUSTEE OF CHETAN KAJARIA FAMILY PRIVATE TRUST),25867947.0
KAJARIACER,2023-12-31,Independent,CK TRUSTEES PRIVATE LIMITED (IN ITS CAPACITY AS SOLE TRUSTEE OF CHETAN KAJARIA FAMILY PRIVATE TRUST),25867947.0
KAJARIACER,2024-03-31,Independent,CK TRUSTEES PRIVATE LIMITED (IN ITS CAPACITY AS SOLE TRUSTEE OF CHETAN KAJARIA FAMILY PRIVATE TRUST),25867947.0
KAJARIACER,2024-06-30,Independent,CK TRUSTEES PRIVATE LIMITED (IN ITS CAPACITY AS SOLE TRUSTEE OF CHETAN KAJARIA FAMILY PRIVATE TRUST),25867947.0
KAJARIACER,2024-09-30,Independent,CK TRUSTEES PRIVATE LIMITED (IN ITS CAPACITY AS SOLE TRUSTEE OF CHETAN KAJARIA FAMILY PRIVATE TRUST),25867947.0
KAJARIACER,2024-12-31,Independent,CK TRUSTEES PRIVATE LIMITED (IN ITS CAPACITY AS SOLE TRUSTEE OF CHETAN KAJARIA FAMILY PRIVATE TRUST),25867947.0
KAJARIACER,2025-03-31,Independent,CK TRUSTEES PRIVATE LIMITED (IN ITS CAPACITY AS SOLE TRUSTEE OF CHETAN KAJARIA FAMILY PRIVATE TRUST),25867947.0
KAJARIACER,2025-06-30,Independent,CK TRUSTEES PRIVATE LIMITED (IN ITS CAPACITY AS SOLE TRUSTEE OF CHETAN KAJARIA FAMILY PRIVATE TRUST),25867947.0
KAJARIACER,2025-09-30,Independent,CK TRUSTEES PRIVATE LIMITED (IN ITS CAPACITY AS SOLE TRUSTEE OF CHETAN KAJARIA FAMILY PRIVATE TRUST),25867947.0
KAJARIACER,2025-12-31,Independent,CK TRUSTEES PRIVATE LIMITED (IN ITS CAPACITY AS SOLE TRUSTEE OF CHETAN KAJARIA FAMILY PRIVATE TRUST),25867947.0
KALYANKJIL,2021-03-24,Independent,Trikkur Sitarama Iyer Kalyanaraman,215644676.0
KALYANKJIL,2021-03-31,Independent,Trikkur Sitarama Iyer Kalyanaraman,215644676.0
KALYANKJIL,2021-06-30,Independent,Trikkur Sitarama Iyer Kalyanaraman,215659576.0
KALYANKJIL,2021-09-30,Independent,Trikkur Sitarama Iyer Kalyanaraman,215689376.0
KALYANKJIL,2021-12-31,Independent,Trikkur Sitarama Iyer Kalyanaraman,215689376.0
KALYANKJIL,2022-03-31,Independent,Trikkur Sitarama Iyer Kalyanaraman,215689376.0
KALYANKJIL,2022-06-30,Independent,Trikkur Sitarama Iyer Kalyanaraman,215689376.0
KALYANKJIL,2022-09-30,Independent,Trikkur Sitarama Iyer Kalyanaraman,215689376.0
KALYANKJIL,2022-12-31,Independent,Trikkur Sitarama Iyer Kalyanaraman,215689376.0
KALYANKJIL,2023-03-31,Independent,Trikkur Sitarama Iyer Kalyanaraman,215689376.0
KALYANKJIL,2023-06-30,Independent,Trikkur Sitarama Iyer Kalyanaraman,215689376.0
KALYANKJIL,2023-09-30,Independent,Trikkur Sitarama Iyer Kalyanaraman,215689376.0
KALYANKJIL,2023-12-31,Independent,Trikkur Sitarama Iyer Kalyanaraman,215705061.0
KALYANKJIL,2024-03-31,Independent,Trikkur Sitarama Iyer Kalyanaraman,216453564.0
KALYANKJIL,2024-06-30,Independent,Trikkur Sitarama Iyer Kalyanaraman,216453564.0
KALYANKJIL,2024-09-30,Independent,Kalyanaraman T S,229888788.0
KALYANKJIL,2024-12-31,Independent,Kalyanaraman T S,229888788.0
KALYANKJIL,2025-03-31,Independent,Kalyanaraman T S,229888788.0
KALYANKJIL,2025-06-30,Independent,Kalyanaraman T S,229888788.0
KALYANKJIL,2025-09-30,Independent,Kalyanaraman T S,229888788.0
KALYANKJIL,2025-12-31,Independent,Kalyanaraman T S,229888788.0
KARURVYSYA,2014-03-31,Independent,,0.0
KARURVYSYA,2014-06-30,Independent,,0.0
KARURVYSYA,2014-09-30,Independent,,0.0
KARURVYSYA,2014-12-31,Independent,,0.0
KARURVYSYA,2015-03-31,Independent,,0.0
KARURVYSYA,2015-06-30,Independent,,0.0
KARURVYSYA,2015-09-30,Independent,,0.0
KARURVYSYA,2015-12-31,Independent,A . S . JANARTHANAN,688961.0
KARURVYSYA,2016-03-31,Independent,A . S . JANARTHANAN,688961.0
KARURVYSYA,2016-06-30,Independent,A . S . JANARTHANAN,688961.0
KARURVYSYA,2016-09-30,Independent,A J SURIYANARAYANA,560224.0
KARURVYSYA,2016-12-31,Independent,A J SURIYANARAYANA,2801120.0
KARURVYSYA,2017-03-31,Independent,A J SURIYANARAYANA,2802620.0
KARURVYSYA,2017-06-30,Independent,A J SURIYANARAYANA,2802620.0
KARURVYSYA,2017-09-30,Independent,A J SURIYANARAYANA,2073295.0
KARURVYSYA,2017-11-22,Independent,A J SURIYANARAYANA,2451630.0
KARURVYSYA,2017-12-31,Independent,A J SURIYANARAYANA,2496630.0
KARURVYSYA,2018-03-31,Independent,A J SURIYANARAYANA,2496630.0
KARURVYSYA,2018-06-30,Independent,A J SURIYANARAYANA,2496630.0
KARURVYSYA,2018-08-20,Independent,A J SURIYANARAYANA,2746292.0
KARURVYSYA,2018-09-30,Independent,A J SURIYANARAYANA,2746292.0
KARURVYSYA,2018-12-31,Independent,A J SURIYANARAYANA,2746292.0
KARURVYSYA,2019-03-31,Independent,A J SURIYANARAYANA,2850292.0
KARURVYSYA,2019-06-30,Independent,A J SURIYANARAYANA,2850292.0
KARURVYSYA,2019-09-30,Independent,A J SURIYANARAYANA,2850292.0
KARURVYSYA,2019-12-31,Independent,A J SURIYANARAYANA,2850292.0
KARURVYSYA,2020-03-31,Independent,A J SURIYANARAYANA,2870292.0
KARURVYSYA,2020-06-30,Independent,A J SURIYANARAYANA,2870292.0
KARURVYSYA,2020-09-30,Independent,A J SURIYANARAYANA,2870292.0
KARURVYSYA,2020-12-31,Independent,A J SURIYANARAYANA,2870292.0
KARURVYSYA,2021-03-31,Independent,A J SURIYANARAYANA,2870292.0
KARURVYSYA,2021-06-30,Independent,A J SURIYANARAYANA,2870292.0
KARURVYSYA,2021-09-30,Independent,A J SURIYANARAYANA,2870292.0
KARURVYSYA,2021-12-31,Independent,A J SURIYANARAYANA,2870292.0
KARURVYSYA,2022-03-31,Independent,A J SURIYANARAYANA,2820292.0
KARURVYSYA,2022-06-30,Independent,A J SURIYANARAYANA,2820292.0
KARURVYSYA,2022-09-30,Independent,A J SURIYANARAYANA,2670292.0
KARURVYSYA,2022-12-31,Independent,A J SURIYANARAYANA,2670292.0
KARURVYSYA,2023-03-31,Independent,A J Suriyanarayana,2670292.0
KARURVYSYA,2023-06-30,Independent,Suriyanarayana A J,3201307.0
KARURVYSYA,2023-09-30,Independent,Suriyanarayana A J,3201307.0
KARURVYSYA,2023-12-31,Independent,Suriyanarayana A J,3101307.0
KARURVYSYA,2024-03-31,Independent,Suriyanarayana A J,3101307.0
KARURVYSYA,2024-06-30,Independent,Suriyanarayana A J,3101307.0
KARURVYSYA,2024-09-30,Independent,Suriyanarayana A J,3001307.0
KARURVYSYA,2024-12-31,Independent,Suriyanarayana A J,3001307.0
KARURVYSYA,2025-03-31,Independent,Suriyanarayana A J,3001307.0
KARURVYSYA,2025-06-30,Independent,Suriyanarayana A J,3001307.0
KARURVYSYA,2025-09-30,Independent,Suriyanarayana A J,3601567.0
KARURVYSYA,2025-12-31,Independent,Suriyanarayana A J,3401567.0
KEI,2014-03-31,Independent,,0.0
KEI,2014-05-15,Independent,,0.0
KEI,2014-06-30,Independent,,0.0
KEI,2014-09-30,Independent,,0.0
KEI,2014-12-31,Independent,,0.0
KEI,2015-03-31,Independent,,0.0
KEI,2015-06-30,Independent,,0.0
KEI,2015-09-30,Independent,,0.0
KEI,2015-12-31,Independent,Anil Gupta,15580776.0
KEI,2016-03-31,Independent,Body Corporate,17080000.0
KEI,2016-06-30,Independent,Body Corporate,17080000.0
KEI,2016-09-30,Independent,Body Corporate,17080000.0
KEI,2016-12-31,Independent,Body Corporate,17080000.0
KEI,2017-03-31,Independent,Body Corporate,17080000.0
KEI,2017-06-30,Independent,Body Corporate,17080000.0
KEI,2017-09-30,Independent,Body Corporate,17080000.0
KEI,2017-12-31,Independent,Body Corporate,17080000.0
KEI,2018-03-31,Independent,Anil Gupta,13680776.0
KEI,2018-06-30,Independent,Anil Gupta,13680776.0
KEI,2018-09-30,Independent,Anil Gupta,13680776.0
KEI,2018-12-31,Independent,Anil Gupta,13680776.0
KEI,2019-03-31,Independent,Anil Gupta,13680776.0
KEI,2019-06-30,Independent,Anil Gupta,13680776.0
KEI,2019-09-30,Independent,ANIL GUPTA,13680776.0
KEI,2019-12-31,Independent,ANIL GUPTA,13680776.0
KEI,2020-01-28,Independent,ANIL GUPTA,13680776.0
KEI,2020-03-31,Independent,ANIL GUPTA,13680776.0
KEI,2020-06-30,Independent,Anil Gupta,13680776.0
KEI,2020-09-30,Independent,Anil Gupta,13680776.0
KEI,2020-12-31,Independent,Anil Gupta,13680776.0
KEI,2021-03-31,Independent,Anil Gupta,13680776.0
KEI,2021-06-30,Independent,Anil Gupta,12685460.0
KEI,2021-09-30,Independent,Anil Gupta,11693302.0
KEI,2021-12-31,Independent,Anil Gupta,11693302.0
KEI,2022-03-31,Independent,Anil Gupta,11693302.0
KEI,2022-06-30,Independent,Anil Gupta,11693302.0
KEI,2022-09-30,Independent,Anil Gupta,11693302.0
KEI,2022-12-31,Independent,Anil Gupta,11093302.0
KEI,2023-03-31,Independent,Anil Gupta,10993302.0
KEI,2023-06-30,Independent,Anil Gupta,10893302.0
KEI,2023-09-30,Independent,ANIL GUPTA,10893302.0
KEI,2023-12-31,Independent,ANIL GUPTA,10893302.0
KEI,2024-03-31,Independent,ANIL GUPTA,10893302.0
KEI,2024-06-30,Independent,ANIL GUPTA,10893302.0
KEI,2024-09-30,Independent,ANIL GUPTA,10893302.0
KEI,2024-11-28,Independent,ANIL GUPTA,10893302.0
KEI,2024-12-31,Independent,ANIL GUPTA,10893302.0
KEI,2025-03-31,Independent,ANIL GUPTA,10893302.0
KEI,2025-06-30,Independent,ANIL GUPTA,10893302.0
KEI,2025-09-30,Independent,ANIL GUPTA,10893302.0
KEI,2025-12-31,Independent,ANIL GUPTA,10893302.0
KOTAKBANK,2014-03-31,Independent,,0.0
KOTAKBANK,2014-06-30,Independent,,0.0
KOTAKBANK,2014-09-30,Independent,,0.0
KOTAKBANK,2014-12-31,Independent,,0.0
KOTAKBANK,2015-03-31,Independent,,0.0
KOTAKBANK,2015-06-30,Independent,,0.0
KOTAKBANK,2015-07-10,Independent,,0.0
KOTAKBANK,2015-09-30,Independent,,0.0
KOTAKBANK,2015-12-31,Independent,Uday Suresh Kotak,612527100.0
KOTAKBANK,2016-03-31,Independent,Uday Suresh Kotak,612527100.0
KOTAKBANK,2016-06-30,Independent,Uday Suresh Kotak,612527100.0
KOTAKBANK,2016-09-30,Independent,Uday Suresh Kotak,612527100.0
KOTAKBANK,2016-12-31,Independent,Uday Suresh Kotak,612527100.0
KOTAKBANK,2017-03-31,Independent,Uday Suresh Kotak,584927100.0
KOTAKBANK,2017-05-18,Independent,Uday Suresh Kotak,584927100.0
KOTAKBANK,2017-06-30,Independent,Uday Suresh Kotak,566927100.0
KOTAKBANK,2017-09-30,Independent,Uday Suresh Kotak,566927100.0
KOTAKBANK,2017-12-31,Independent,Uday Suresh Kotak,566927100.0
KOTAKBANK,2018-03-31,Independent,Uday Suresh Kotak,566927100.0
KOTAKBANK,2018-06-30,Independent,Uday Suresh Kotak,566927100.0
KOTAKBANK,2018-09-30,Independent,Uday Suresh Kotak,566927100.0
KOTAKBANK,2018-12-31,Independent,Uday Suresh Kotak,566927100.0
KOTAKBANK,2019-03-31,Independent,Uday Suresh Kotak,566927100.0
KOTAKBANK,2019-06-30,Independent,Uday Suresh Kotak,566927100.0
KOTAKBANK,2019-09-30,Independent,UDAY SURESH KOTAK,566927100.0
KOTAKBANK,2019-12-31,Independent,UDAY SURESH KOTAK,566927100.0
KOTAKBANK,2020-03-31,Independent,UDAY SURESH KOTAK,566927100.0
KOTAKBANK,2020-05-30,Independent,UDAY SURESH KOTAK,566927100.0
KOTAKBANK,2020-06-30,Independent,UDAY SURESH KOTAK,510927100.0
KOTAKBANK,2020-09-30,Independent,UDAY SURESH KOTAK,510927100.0
KOTAKBANK,2020-12-31,Independent,UDAY SURESH KOTAK,510927100.0
KOTAKBANK,2021-03-31,Independent,UDAY SURESH KOTAK,510927100.0
KOTAKBANK,2021-06-30,Independent,UDAY SURESH KOTAK,510927100.0
KOTAKBANK,2021-09-30,Independent,UDAY SURESH KOTAK,510927100.0
KOTAKBANK,2021-12-31,Independent,UDAY SURESH KOTAK,510927100.0
KOTAKBANK,2022-03-31,Independent,UDAY SURESH KOTAK,510927100.0
KOTAKBANK,2022-06-30,Independent,UDAY SURESH KOTAK,510927100.0
KOTAKBANK,2022-09-30,Independent,UDAY SURESH KOTAK,510927100.0
KOTAKBANK,2022-12-31,Independent,UDAY SURESH KOTAK,510977100.0
KOTAKBANK,2023-03-31,Independent,UDAY SURESH KOTAK,511027100.0
KOTAKBANK,2023-06-30,Independent,Uday Suresh Kotak,511027100.0
KOTAKBANK,2023-09-30,Independent,Uday Suresh Kotak,511027100.0
KOTAKBANK,2023-12-31,Independent,Uday Suresh Kotak,511027100.0
KOTAKBANK,2024-03-31,Independent,Uday Suresh Kotak,511027100.0
KOTAKBANK,2024-06-30,Independent,Uday Suresh Kotak,511027100.0
KOTAKBANK,2024-09-30,Independent,Uday Suresh Kotak,511027100.0
KOTAKBANK,2024-12-31,Independent,Uday Suresh Kotak,511027100.0
KOTAKBANK,2025-03-31,Independent,Uday Suresh Kotak,511027100.0
KOTAKBANK,2025-06-30,Independent,Uday Suresh Kotak,511027100.0
KOTAKBANK,2025-09-30,Independent,Uday Suresh Kotak,511027100.0
KOTAKBANK,2025-12-31,Independent,Uday Suresh Kotak,511027100.0
KPITTECH,2019-04-21,Independent,Other,105558166.0
KPITTECH,2019-06-30,Independent,Other,105558166.0
KPITTECH,2019-09-30,Independent,Other,90889516.0
KPITTECH,2019-12-31,Independent,PROFICIENT FINSTOCK LLP,82364292.0
KPITTECH,2020-03-31,Independent,PROFICIENT FINSTOCK LLP,88861500.0
KPITTECH,2020-06-30,Independent,PROFICIENT FINSTOCK LLP,88861500.0
KPITTECH,2020-09-30,Independent,PROFICIENT FINSTOCK LLP,88861500.0
KPITTECH,2020-12-31,Independent,PROFICIENT FINSTOCK LLP,88861500.0
KPITTECH,2021-03-31,Independent,PROFICIENT FINSTOCK LLP,88861500.0
KPITTECH,2021-06-30,Independent,PROFICIENT FINSTOCK LLP,88861500.0
KPITTECH,2021-09-30,Independent,PROFICIENT FINSTOCK LLP,88861500.0
KPITTECH,2021-12-31,Independent,PROFICIENT FINSTOCK LLP,88861500.0
KPITTECH,2022-03-31,Independent,PROFICIENT FINSTOCK LLP,88861500.0
KPITTECH,2022-06-30,Independent,PROFICIENT FINSTOCK LLP,88861500.0
KPITTECH,2022-09-30,Independent,PROFICIENT FINSTOCK LLP,88861500.0
KPITTECH,2022-12-31,Independent,PROFICIENT FINSTOCK LLP,88861500.0
KPITTECH,2023-03-31,Independent,PROFICIENT FINSTOCK LLP,88861500.0
KPITTECH,2023-06-30,Independent,PROFICIENT FINSTOCK LLP,88861500.0
KPITTECH,2023-09-30,Independent,PROFICIENT FINSTOCK LLP,88861500.0
KPITTECH,2023-12-31,Independent,PROFICIENT FINSTOCK LLP,88861500.0
KPITTECH,2024-03-31,Independent,PROFICIENT FINSTOCK LLP,88861500.0
KPITTECH,2024-06-30,Independent,PROFICIENT FINSTOCK LLP,88861500.0
KPITTECH,2024-09-30,Independent,PROFICIENT FINSTOCK LLP,88861500.0
KPITTECH,2024-12-31,Independent,PROFICIENT FINSTOCK LLP,88861500.0
KPITTECH,2025-03-31,Independent,PROFICIENT FINSTOCK LLP,88861500.0
KPITTECH,2025-06-30,Independent,PROFICIENT FINSTOCK LLP,88861500.0
KPITTECH,2025-09-30,Independent,PROFICIENT FINSTOCK LLP,88861500.0
KPITTECH,2025-12-31,Independent,PROFICIENT FINSTOCK LLP,88861500.0
KSCL,2014-03-31,Independent,,0.0
KSCL,2014-06-30,Independent,,0.0
KSCL,2014-09-30,Independent,,0.0
KSCL,2014-12-31,Independent,,0.0
KSCL,2015-03-31,Independent,,0.0
KSCL,2015-06-30,Independent,,0.0
KSCL,2015-09-30,Independent,,0.0
KSCL,2015-12-31,Independent,VANAJA DEVI GUNDAVARAM,15775050.0
KSCL,2016-03-31,Independent,VANAJA DEVI GUNDAVARAM,15775050.0
KSCL,2016-06-30,Independent,VANAJA DEVI GUNDAVARAM,15775050.0
KSCL,2016-09-30,Independent,VANAJA DEVI GUNDAVARAM,15775050.0
KSCL,2016-12-31,Independent,VANAJA DEVI GUNDAVARAM,15775050.0
KSCL,2017-03-31,Independent,VANAJA DEVI GUNDAVARAM,15775050.0
KSCL,2017-06-30,Independent,VANAJA DEVI GUNDAVARAM,15775050.0
KSCL,2017-09-30,Independent,Vanaja Devi Gundavaram,15183341.0
KSCL,2017-12-31,Independent,Vanaja Devi Gundavaram,15183341.0
KSCL,2018-03-31,Independent,Vanaja Devi Gundavaram,15183341.0
KSCL,2018-06-30,Independent,Vanaja Devi Gundavaram,15183341.0
KSCL,2018-09-30,Independent,VANAJA DEVI GUNDAVARAM,14583618.0
KSCL,2018-12-31,Independent,VANAJA DEVI GUNDAVARAM,14583618.0
KSCL,2019-03-31,Independent,VANAJA DEVI GUNDAVARAM,14583618.0
KSCL,2019-06-30,Independent,VANAJA DEVI GUNDAVARAM,14583618.0
KSCL,2019-09-30,Independent,VANAJA DEVI GUNDAVARAM,14583618.0
KSCL,2019-12-31,Independent,VANAJA DEVI GUNDAVARAM,14583618.0
KSCL,2020-01-23,Independent,VANAJA DEVI GUNDAVARAM,14013792.0
KSCL,2020-03-31,Independent,VANAJA DEVI GUNDAVARAM,14090157.0
KSCL,2020-06-30,Independent,VANAJA DEVI GUNDAVARAM,14090157.0
KSCL,2020-09-30,Independent,VANAJA DEVI GUNDAVARAM,14090157.0
KSCL,2020-12-31,Independent,VANAJA DEVI GUNDAVARAM,14090157.0
KSCL,2021-03-31,Independent,VANAJA DEVI GUNDAVARAM,14090157.0
KSCL,2021-06-30,Independent,VANAJA DEVI GUNDAVARAM,14090157.0
KSCL,2021-09-27,Independent,VANAJA DEVI GUNDAVARAM,14090157.0
KSCL,2021-09-30,Independent,VANAJA DEVI GUNDAVARAM,14090157.0
KSCL,2021-12-31,Independent,VANAJA DEVI GUNDAVARAM,14090157.0
KSCL,2022-03-31,Independent,VANAJA DEVI GUNDAVARAM,14090157.0
KSCL,2022-06-30,Independent,VANAJA DEVI GUNDAVARAM,14090157.0
KSCL,2022-09-30,Independent,VANAJA DEVI GUNDAVARAM,14090157.0
KSCL,2022-12-30,Independent,VANAJA DEVI GUNDAVARAM,14090157.0
KSCL,2022-12-31,Independent,VANAJA DEVI GUNDAVARAM,14090157.0
KSCL,2023-03-31,Independent,"G.V. Bhaskar Rao, Trustee of Madhushree Private Trust",10859244.0
KSCL,2023-06-30,Independent,"G.V. Bhaskar Rao, Trustee of Madhushree Private Trust",10859244.0
KSCL,2023-09-30,Independent,"G.V. Bhaskar Rao, Trustee of Madhushree Private Trust",10859244.0
KSCL,2023-12-31,Independent,"G.V. Bhaskar Rao, Trustee of Madhushree Private Trust",10859244.0
KSCL,2024-03-18,Independent,"G.V. Bhaskar Rao, Trustee of Madhushree Private Trust",10089338.0
KSCL,2024-03-31,Independent,"G.V. Bhaskar Rao, Trustee of Madhushree Private Trust",10089338.0
KSCL,2024-06-30,Independent,"G.V. Bhaskar Rao, Trustee of Madhushree Private Trust",10089338.0
KSCL,2024-09-30,Independent,"G.V. Bhaskar Rao, Trustee of Madhushree Private Trust",10089338.0
KSCL,2024-12-31,Independent,"G.V. Bhaskar Rao, Trustee of Madhushree Private Trust",10089338.0
KSCL,2025-03-31,Independent,"G.V. Bhaskar Rao, Trustee of Madhushree Private Trust",10089338.0
KSCL,2025-06-30,Independent,"G.V. Bhaskar Rao, Trustee of Madhushree Private Trust",10089338.0
KSCL,2025-09-30,Independent,"G.V. Bhaskar Rao, Trustee of Madhushree Private Trust",10089338.0
KSCL,2025-12-31,Independent,"G.V. Bhaskar Rao, Trustee of Madhushree Private Trust",10089338.0
KTKBANK,2014-03-31,Independent,,0.0
KTKBANK,2014-06-30,Independent,,0.0
KTKBANK,2014-09-30,Independent,,0.0
KTKBANK,2014-12-31,Independent,,0.0
KTKBANK,2015-03-31,Independent,,0.0
KTKBANK,2015-06-30,Independent,,0.0
KTKBANK,2015-09-30,Independent,,0.0
KTKBANK,2015-12-31,Independent,,0.0
KTKBANK,2016-03-31,Independent,,0.0
KTKBANK,2016-06-30,Independent,,0.0
KTKBANK,2016-09-30,Independent,,0.0
KTKBANK,2016-12-31,Independent,,0.0
KTKBANK,2017-03-31,Independent,,0.0
KTKBANK,2017-06-30,Independent,,0.0
KTKBANK,2017-09-30,Independent,,0.0
KTKBANK,2017-12-31,Independent,,0.0
KTKBANK,2018-03-31,Independent,,0.0
KTKBANK,2018-06-30,Independent,,0.0
KTKBANK,2018-09-30,Independent,,0.0
KTKBANK,2018-12-31,Independent,,0.0
KTKBANK,2019-03-31,Independent,,0.0
KTKBANK,2019-06-30,Independent,,0.0
KTKBANK,2019-09-30,Independent,,0.0
KTKBANK,2019-12-31,Independent,,0.0
KTKBANK,2020-03-19,Independent,,0.0
KTKBANK,2020-03-31,Independent,,0.0
KTKBANK,2020-06-30,Independent,,0.0
KTKBANK,2020-09-30,Independent,,0.0
KTKBANK,2020-12-31,Independent,,0.0
KTKBANK,2021-03-31,Independent,,0.0
KTKBANK,2021-06-30,Independent,,0.0
KTKBANK,2021-09-30,Independent,,0.0
KTKBANK,2021-12-31,Independent,,0.0
KTKBANK,2022-03-31,Independent,,0.0
KTKBANK,2022-06-30,Independent,,0.0
KTKBANK,2022-09-30,Independent,,0.0
KTKBANK,2022-12-31,Independent,,0.0
KTKBANK,2023-03-31,Independent,,0.0
KTKBANK,2023-06-30,Independent,,0.0
KTKBANK,2023-09-30,Independent,,0.0
KTKBANK,2023-10-26,Independent,,0.0
KTKBANK,2023-12-31,Independent,,0.0
KTKBANK,2024-02-28,Independent,,0.0
KTKBANK,2024-03-31,Independent,,0.0
KTKBANK,2024-06-30,Independent,,0.0
KTKBANK,2024-09-30,Independent,,0.0
KTKBANK,2024-12-31,Independent,,0.0
KTKBANK,2025-03-31,Independent,,0.0
KTKBANK,2025-06-30,Independent,,0.0
KTKBANK,2025-09-30,Independent,,0.0
KTKBANK,2025-12-31,Independent,,0.0
LALPATHLAB,2015-12-19,Independent,ARVIND LAL,26972884.0
LALPATHLAB,2015-12-31,Independent,Arvind  Lal,26972884.0
LALPATHLAB,2016-03-31,Independent,Arvind  Lal,26972884.0
LALPATHLAB,2016-06-30,Independent,Arvind  Lal,26972884.0
LALPATHLAB,2016-09-30,Independent,Arvind  Lal,26972884.0
LALPATHLAB,2016-12-31,Independent,Arvind  Lal,26972884.0
LALPATHLAB,2017-03-31,Independent,Arvind  Lal,26972884.0
LALPATHLAB,2017-06-30,Independent,Arvind  Lal,26972884.0
LALPATHLAB,2017-09-30,Independent,Arvind  Lal,26972884.0
LALPATHLAB,2017-12-31,Independent,Arvind  Lal,26556220.0
LALPATHLAB,2018-03-31,Independent,Arvind  Lal,26556220.0
LALPATHLAB,2018-06-30,Independent,Arvind  Lal,26556220.0
LALPATHLAB,2018-09-30,Independent,Arvind Lal,26556220.0
LALPATHLAB,2018-12-31,Independent,Arvind Lal,26139556.0
LALPATHLAB,2019-03-31,Independent,Arvind Lal,26139556.0
LALPATHLAB,2019-06-30,Independent,Arvind  Lal,26139556.0
LALPATHLAB,2019-09-30,Independent,Arvind  Lal,26139556.0
LALPATHLAB,2019-12-31,Independent,Arvind  Lal,26980443.0
LALPATHLAB,2020-03-31,Independent,Arvind Lal,26980443.0
LALPATHLAB,2020-06-30,Independent,Arvind Lal,26980443.0
LALPATHLAB,2020-09-30,Independent,Arvind  Lal,26415443.0
LALPATHLAB,2020-12-31,Independent,Arvind  Lal,26415443.0
LALPATHLAB,2021-03-31,Independent,Arvind  Lal,26415443.0
LALPATHLAB,2021-06-30,Independent,Arvind  Lal,26415443.0
LALPATHLAB,2021-09-30,Independent,Arvind Lal,26415443.0
LALPATHLAB,2021-12-31,Independent,Arvind  Lal,26415443.0
LALPATHLAB,2022-03-31,Independent,Arvind  Lal,26415443.0
LALPATHLAB,2022-06-30,Independent,Arvind  Lal,26415443.0
LALPATHLAB,2022-09-30,Independent,Arvind Lal,26415443.0
LALPATHLAB,2022-12-31,Independent,Arvind Lal,26415443.0
LALPATHLAB,2023-03-31,Independent,Arvind Lal,26415443.0
LALPATHLAB,2023-06-30,Independent,Arvind Lal,26415443.0
LALPATHLAB,2023-09-30,Independent,Arvind Lal,26115443.0
LALPATHLAB,2023-12-31,Independent,Arvind Lal,26115443.0
LALPATHLAB,2024-03-31,Independent,Arvind  Lal,26115443.0
LALPATHLAB,2024-06-30,Independent,Arvind Lal,26115443.0
LALPATHLAB,2024-09-30,Independent,Arvind Lal,25745443.0
LALPATHLAB,2024-12-31,Independent,Arvind Lal,25745443.0
LALPATHLAB,2025-03-31,Independent,Arvind Lal,25745443.0
LALPATHLAB,2025-06-30,Independent,Arvind  Lal,25745443.0
LALPATHLAB,2025-09-30,Independent,Arvind  Lal,25265443.0
LALPATHLAB,2025-12-22,Independent,Arvind Lal,50530886.0
LALPATHLAB,2025-12-31,Independent,Arvind Lal,50530886.0
LAURUSLABS,2016-12-15,Independent,Satyanarayana Chava,16781704.0
LAURUSLABS,2016-12-31,Independent,Satyanarayana Chava,16781704.0
LAURUSLABS,2017-03-31,Independent,Satyanarayana Chava,16781704.0
LAURUSLABS,2017-06-30,Independent,Satyanarayana Chava,16781704.0
LAURUSLABS,2017-09-30,Independent,Satyanarayana Chava,16781704.0
LAURUSLABS,2017-12-31,Independent,SATYANARAYANA CHAVA,16781704.0
LAURUSLABS,2018-03-31,Independent,SATYANARAYANA CHAVA,16781704.0
LAURUSLABS,2018-06-30,Independent,SATYANARAYANA CHAVA,18356476.0
LAURUSLABS,2018-09-30,Independent,SATYANARAYANA CHAVA,18838804.0
LAURUSLABS,2018-12-31,Independent,SATYANARAYANA  CHAVA,18838804.0
LAURUSLABS,2019-03-31,Independent,SATYANARAYANA CHAVA,18838804.0
LAURUSLABS,2019-06-30,Independent,SATYANARAYANA  CHAVA,18838804.0
LAURUSLABS,2019-09-30,Independent,SATYANARAYANA CHAVA,18838804.0
LAURUSLABS,2019-12-31,Independent,SATYANARAYANA CHAVA,18838804.0
LAURUSLABS,2020-03-31,Independent,SATYANARAYANA  CHAVA,18838804.0
LAURUSLABS,2020-06-30,Independent,SATYANARAYANA CHAVA,18838804.0
LAURUSLABS,2020-09-30,Independent,SATYANARAYANA CHAVA,94194020.0
LAURUSLABS,2020-12-31,Independent,SATYANARAYANA  CHAVA,94194020.0
LAURUSLABS,2021-03-31,Independent,SATYANARAYANA CHAVA,88994020.0
LAURUSLABS,2021-06-30,Independent,SATYANARAYANA  CHAVA,88994020.0
LAURUSLABS,2021-09-30,Independent,SATYANARAYANA CHAVA,88994020.0
LAURUSLABS,2021-12-31,Independent,"M/s. NSN Holdings (Represented by its Managing Partner, Dr. Satyanarayana Chava)",124126740.0
LAURUSLABS,2022-03-31,Independent,"M/s. NSN Holdings (Represented by its Managing Partner, Dr. Satyanarayana Chava)",124126740.0
LAURUSLABS,2022-06-30,Independent,"M/s. NSN Holdings (Represented by its Managing Partner, Dr. Satyanarayana Chava)",124126740.0
LAURUSLABS,2022-09-30,Independent,"M/s. NSN Holdings (Represented by its Managing Partner, Dr. Satyanarayana Chava)",124126740.0
LAURUSLABS,2022-12-31,Independent,Partnership Firms,130831740.0
LAURUSLABS,2023-03-31,Independent,Partnership Firms,130831740.0
LAURUSLABS,2023-06-30,Independent,Partnership Firms,130831740.0
LAURUSLABS,2023-09-30,Independent,Partnership Firms,130831740.0
LAURUSLABS,2023-12-31,Independent,Partnership Firms,130831740.0
LAURUSLABS,2024-03-31,Independent,Partnership Firms,130831740.0
LAURUSLABS,2024-06-30,Independent,Partnership Firms,130831740.0
LAURUSLABS,2024-09-30,Independent,Partnership Firms,130831740.0
LAURUSLABS,2024-12-31,Independent,Partnership Firms,130831740.0
LAURUSLABS,2025-03-31,Independent,Partnership Firms,130831740.0
LAURUSLABS,2025-06-30,Independent,Partnership Firms,130831740.0
LAURUSLABS,2025-09-30,Independent,Partnership Firms,130831740.0
LAURUSLABS,2025-12-31,Independent,Partnership Firms,130331740.0
LICHSGFIN,2014-03-31,Independent,,0.0
LICHSGFIN,2014-06-30,Independent,,0.0
LICHSGFIN,2014-09-30,Independent,,0.0
LICHSGFIN,2014-12-31,Independent,,0.0
LICHSGFIN,2015-03-31,Independent,,0.0
LICHSGFIN,2015-06-30,Independent,,0.0
LICHSGFIN,2015-09-30,Independent,,0.0
LICHSGFIN,2015-12-31,Independent,LIC of India,203442495.0
LICHSGFIN,2016-03-31,Independent,LIC of India,203442495.0
LICHSGFIN,2016-06-30,Independent,LIC of India,203442495.0
LICHSGFIN,2016-09-30,Independent,LIC of India,203442495.0
LICHSGFIN,2016-12-31,Independent,LIFE INSURANCE CORPORATION OF INDIA,203442495.0
LICHSGFIN,2017-03-31,Independent,LIFE INSURANCE CORPORATION OF INDIA,203442495.0
LICHSGFIN,2017-06-30,Independent,LIFE INSURANCE CORPORATION OF INDIA,203442495.0
LICHSGFIN,2017-09-30,Independent,LIFE INSURANCE CORPORATION OF INDIA,203442495.0
LICHSGFIN,2017-12-31,Independent,LIFE INSURANCE CORPORATION OF INDIA,203442495.0
LICHSGFIN,2018-03-31,Independent,LIFE INSURANCE CORPORATION OF INDIA,203442495.0
LICHSGFIN,2018-06-30,Independent,LIFE INSURANCE CORPORATION OF INDIA,203442495.0
LICHSGFIN,2018-09-30,Independent,LIFE INSURANCE CORPORATION OF INDIA,203442495.0
LICHSGFIN,2018-12-31,Independent,LIFE INSURANCE CORPORATION OF INDIA,203442495.0
LICHSGFIN,2019-03-31,Independent,LIFE INSURANCE CORPORATION OF INDIA,203442495.0
LICHSGFIN,2019-06-30,Independent,LIFE INSURANCE CORPORATION OF INDIA,203442495.0
LICHSGFIN,2019-09-30,Independent,LIFE INSURANCE CORPORATION OF INDIA,203442495.0
LICHSGFIN,2019-12-31,Independent,LIFE INSURANCE CORPORATION OF INDIA,203442495.0
LICHSGFIN,2020-03-31,Independent,LIFE INSURANCE CORPORATION OF INDIA,203442495.0
LICHSGFIN,2020-06-30,Independent,LIFE INSURANCE CORPORATION OF INDIA,203442495.0
LICHSGFIN,2020-09-30,Independent,LIFE INSURANCE CORPORATION OF INDIA,203442495.0
LICHSGFIN,2020-12-31,Independent,LIFE INSURANCE CORPORATION OF INDIA,203442495.0
LICHSGFIN,2021-03-31,Independent,LIFE INSURANCE CORPORATION OF INDIA,203442495.0
LICHSGFIN,2021-06-30,Independent,LIFE INSURANCE CORPORATION OF INDIA,203442495.0
LICHSGFIN,2021-09-08,Independent,Life Insurance Corporation Of India,248842495.0
LICHSGFIN,2021-09-30,Independent,LIFE INSURANCE CORPORATION OF INDIA,248842495.0
LICHSGFIN,2021-12-31,Independent,LIFE INSURANCE CORPORATION OF INDIA,248842495.0
LICHSGFIN,2022-03-31,Independent,LIFE INSURANCE CORPORATION OF INDIA,248842495.0
LICHSGFIN,2022-06-30,Independent,LIFE INSURANCE CORPORATION OF INDIA,248842495.0
LICHSGFIN,2022-09-30,Independent,LIFE INSURANCE CORPORATION OF INDIA,248842495.0
LICHSGFIN,2022-12-31,Independent,LIFE INSURANCE CORPORATION OF INDIA,248842495.0
LICHSGFIN,2023-03-31,Independent,LIFE INSURANCE CORPORATION OF INDIA,248842495.0
LICHSGFIN,2023-06-30,Independent,LIFE INSURANCE CORPORATION OF INDIA,248842495.0
LICHSGFIN,2023-09-30,Independent,LIFE INSURANCE CORPORATION OF INDIA,248842495.0
LICHSGFIN,2023-12-31,Independent,LIFE INSURANCE CORPORATION OF INDIA,248842495.0
LICHSGFIN,2024-03-31,Independent,LIFE INSURANCE CORPORATION OF INDIA,248842495.0
LICHSGFIN,2024-06-30,Independent,LIFE INSURANCE CORPORATION OF INDIA,248842495.0
LICHSGFIN,2024-09-30,Independent,LIFE INSURANCE CORPORATION OF INDIA,248842495.0
LICHSGFIN,2024-12-31,Independent,LIFE INSURANCE CORPORATION OF INDIA,248842495.0
LICHSGFIN,2025-03-31,Independent,LIFE INSURANCE CORPORATION OF INDIA,248842495.0
LICHSGFIN,2025-06-30,Independent,LIFE INSURANCE CORPORATION OF INDIA,248842495.0
LICHSGFIN,2025-09-30,Independent,LIFE INSURANCE CORPORATION OF INDIA,248842495.0
LICHSGFIN,2025-12-31,Independent,LIFE INSURANCE CORPORATION OF INDIA,248842495.0
LICI,2022-05-12,GOI_PSU,Central Government/ State Government(s),6103622781.0
LICI,2022-06-30,GOI_PSU,Central Government/ State Government(s),6103622781.0
LICI,2022-09-30,GOI_PSU,Central Government/ State Government(s),6103622781.0
LICI,2022-12-31,GOI_PSU,Central Government/ State Government(s),6103622781.0
LICI,2023-03-31,GOI_PSU,Central Government/ State Government(s),6103622781.0
LICI,2023-06-30,GOI_PSU,Central Government/ State Government(s),6103622781.0
LICI,2023-09-30,GOI_PSU,Central Government/ State Government(s),6103622781.0
LICI,2023-12-31,GOI_PSU,Central Government/ State Government(s),6103622781.0
LICI,2024-03-31,GOI_PSU,Central Government/ State Government(s),6103622781.0
LICI,2024-06-30,GOI_PSU,Central Government/ State Government(s),6103622781.0
LICI,2024-09-30,GOI_PSU,Central Government/ State Government(s),6103622781.0
LICI,2024-12-31,GOI_PSU,Central Government/ State Government(s),6103622781.0
LICI,2025-03-31,GOI_PSU,Central Government/ State Government(s),6103622781.0
LICI,2025-06-30,GOI_PSU,Central Government/ State Government(s),6103622781.0
LICI,2025-09-30,GOI_PSU,Central Government/ State Government(s),6103622781.0
LICI,2025-12-31,GOI_PSU,Central Government/ State Government(s),6103622781.0
LINDEINDIA,2014-03-31,Independent,,0.0
LINDEINDIA,2014-06-30,Independent,,0.0
LINDEINDIA,2014-09-30,Independent,,0.0
LINDEINDIA,2014-12-31,Independent,,0.0
LINDEINDIA,2015-03-31,Independent,,0.0
LINDEINDIA,2015-06-30,Independent,,0.0
LINDEINDIA,2015-09-30,Independent,,0.0
LINDEINDIA,2015-12-31,Independent,The BOC Group Ltd.- Body Corporate,63963167.0
LINDEINDIA,2016-03-31,Independent,Body Corporate,63963167.0
LINDEINDIA,2016-06-30,Independent,Body Corporate,63963167.0
LINDEINDIA,2016-09-30,Independent,Body Corporate,63963167.0
LINDEINDIA,2016-12-31,Independent,Body Corporate,63963167.0
LINDEINDIA,2017-03-31,Independent,Body Corporate,63963167.0
LINDEINDIA,2017-06-30,Independent,Body Corporate,63963167.0
LINDEINDIA,2017-09-30,Independent,Body Corporate,63963167.0
LINDEINDIA,2017-12-31,Independent,Body Corporate,63963167.0
LINDEINDIA,2018-03-31,Independent,The BOC Group Limited,63963167.0
LINDEINDIA,2018-06-30,Independent,The BOC Group Limited,63963167.0
LINDEINDIA,2018-09-30,Independent,The BOC Group Limited,63963167.0
LINDEINDIA,2018-12-31,Independent,The BOC Group Limited,63963167.0
LINDEINDIA,2019-03-31,Independent,The BOC Group Limited,63963167.0
LINDEINDIA,2019-06-30,Independent,The BOC Group Limited,63963167.0
LINDEINDIA,2019-09-30,Independent,The BOC Group Limited,63963167.0
LINDEINDIA,2019-12-31,Independent,The BOC Group Limited,63988443.0
LINDEINDIA,2020-03-31,Independent,The BOC Group Limited,63988443.0
LINDEINDIA,2020-06-30,Independent,"The BOC Group Limited, U.K.",63963167.0
LINDEINDIA,2020-09-30,Independent,"The BOC Group Limited, U.K.",63963167.0
LINDEINDIA,2020-12-31,Independent,"The BOC Group Limited, U.K.",63963167.0
LINDEINDIA,2021-03-31,Independent,"The BOC Group Limited, U.K.",63963167.0
LINDEINDIA,2021-06-30,Independent,"The BOC Group Limited, U.K.",63963167.0
LINDEINDIA,2021-09-30,Independent,"The BOC Group Limited, U.K.",63963167.0
LINDEINDIA,2021-12-31,Independent,"The BOC Group Limited, U.K.",63963167.0
LINDEINDIA,2022-03-31,Independent,The BOC Group Ltd. U.K.,63963167.0
LINDEINDIA,2022-06-30,Independent,"The BOC Group Ltd., U.K.",63963167.0
LINDEINDIA,2022-09-30,Independent,"The BOC Group Ltd., U.K.",63963167.0
LINDEINDIA,2022-12-31,Independent,"The BOC Group Ltd., U.K.",63963167.0
LINDEINDIA,2023-03-31,Independent,"The BOC Group Ltd., U.K.",63963167.0
LINDEINDIA,2023-06-30,Independent,"The BOC Group Ltd., U.K.",63963167.0
LINDEINDIA,2023-09-30,Independent,"The BOC Group Ltd., U.K.",63963167.0
LINDEINDIA,2023-12-31,Independent,"The BOC Group Ltd., U.K.",63963167.0
LINDEINDIA,2024-03-31,Independent,"The BOC Group Ltd., U.K.",63963167.0
LINDEINDIA,2024-06-30,Independent,"The BOC Group Ltd., U.K.",63963167.0
LINDEINDIA,2024-09-30,Independent,"The BOC Group Ltd., U.K.",63963167.0
LINDEINDIA,2024-12-31,Independent,"The BOC Group Ltd., U.K.",63963167.0
LINDEINDIA,2025-03-31,Independent,"The BOC Group Ltd., U.K.",63963167.0
LINDEINDIA,2025-06-30,Independent,"The BOC Group Ltd., U.K.",63963167.0
LINDEINDIA,2025-09-30,Independent,"The BOC Group Ltd., U.K.",63963167.0
LINDEINDIA,2025-12-31,Independent,"The BOC Group Ltd., U.K.",63963167.0
LODHA,2021-04-16,Independent,Sambhavnath Infrabuild and Farms Private Limited,267297316.0
LODHA,2021-06-30,Independent,Sambhavnath Infrabuild And Farms nPvt Ltd,136683320.0
LODHA,2021-09-30,Independent,Sambhavnath Infrabuild And Farms Pvt Ltd,136683320.0
LODHA,2021-11-18,Independent,Sambhavnath Infrabuild and Farms Private Limited,136683320.0
LODHA,2021-12-31,Independent,Sambhavnath Infrabuild and Farms Private Limited,136683320.0
LODHA,2022-03-31,Independent,Sambhavnath Infrabuild and Farms Private Limited,136683320.0
LODHA,2022-06-30,Independent,Sambhavnath Infrabuild and Farms Private Limited,136683320.0
LODHA,2022-09-30,Independent,Sambhavnath Infrabuild And Farms Pvt Ltd,136683320.0
LODHA,2022-12-12,Independent,Sambhavnath Infrabuild And Farms Pvt Ltd,136663977.0
LODHA,2022-12-31,Independent,Sambhavnath Infrabuild And Farms Pvt Ltd,136663977.0
LODHA,2023-03-31,Independent,Sambhavnath Infrabuild And Farms Pvt Ltd,136663977.0
LODHA,2023-06-01,Independent,Sambhavnath Infrabuild And Farms Pvt Ltd,273327954.0
LODHA,2023-06-30,Independent,Sambhavnath Infrabuild And Farms Pvt Ltd,273327954.0
LODHA,2023-09-30,Independent,Sambhavnath Infrabuild And Farms Pvt Ltd,273327954.0
LODHA,2023-12-31,Independent,Sambhavnath Infrabuild And Farms Pvt Ltd,273327954.0
LODHA,2024-03-07,Independent,Sambhavnath Infrabuild And Farms Pvt Ltd,273327954.0
LODHA,2024-03-31,Independent,Sambhavnath Infrabuild And Farms Pvt Ltd,268355854.0
LODHA,2024-06-30,Independent,Sambhavnath Infrabuild And Farms Pvt Ltd,268355854.0
LODHA,2024-09-30,Independent,Sambhavnath Infrabuild And Farms Private Limited,268355854.0
LODHA,2024-12-31,Independent,Sambhavnath Trust (through its trustees Abhishek Lodha and Vinti Lodha),230945524.0
LODHA,2025-03-31,Independent,Sambhavnath Trust (through its trustees Abhishek Lodha and Vinti Lodha),230945524.0
LODHA,2025-06-30,Independent,Sambhavnath Trust (through its trustees Abhishek Lodha and Vinti Lodha),230945524.0
LODHA,2025-09-30,Independent,Sambhavnath Trust (through its trustees Abhishek Lodha and Vinti Lodha),230945524.0
LODHA,2025-12-31,Independent,Sambhavnath Trust (through its trustees Abhishek Lodha and Vinti Lodha),230945524.0
LT,2014-03-31,Independent,,0.0
LT,2014-06-30,Independent,,0.0
LT,2014-09-30,Independent,,0.0
LT,2014-12-31,Independent,,0.0
LT,2015-03-31,Independent,,0.0
LT,2015-06-30,Independent,,0.0
LT,2015-09-30,Independent,,0.0
LT,2015-12-31,Independent,,0.0
LT,2016-03-31,Independent,,0.0
LT,2016-06-30,Independent,,0.0
LT,2016-09-30,Independent,,0.0
LT,2016-12-31,Independent,,0.0
LT,2017-03-31,Independent,,0.0
LT,2017-06-30,Independent,,0.0
LT,2017-07-15,Independent,,0.0
LT,2017-09-30,Independent,,0.0
LT,2017-12-31,Independent,,0.0
LT,2018-03-31,Independent,,0.0
LT,2018-06-30,Independent,,0.0
LT,2018-09-30,Independent,,0.0
LT,2018-12-31,Independent,,0.0
LT,2019-03-31,Independent,,0.0
LT,2019-06-30,Independent,,0.0
LT,2019-09-30,Independent,,0.0
LT,2019-12-31,Independent,,0.0
LT,2020-03-31,Independent,,0.0
LT,2020-06-30,Independent,,0.0
LT,2020-09-30,Independent,,0.0
LT,2020-12-31,Independent,,0.0
LT,2021-03-31,Independent,,0.0
LT,2021-06-30,Independent,,0.0
LT,2021-09-30,Independent,,0.0
LT,2021-12-31,Independent,,0.0
LT,2022-03-31,Independent,,0.0
LT,2022-06-30,Independent,,0.0
LT,2022-09-30,Independent,,0.0
LT,2022-12-31,Independent,,0.0
LT,2023-03-31,Independent,,0.0
LT,2023-06-30,Independent,,0.0
LT,2023-09-28,Independent,,0.0
LT,2023-09-30,Independent,,0.0
LT,2023-12-31,Independent,,0.0
LT,2024-03-31,Independent,,0.0
LT,2024-06-30,Independent,,0.0
LT,2024-09-30,Independent,,0.0
LT,2024-12-31,Independent,,0.0
LT,2025-03-31,Independent,,0.0
LT,2025-06-30,Independent,,0.0
LT,2025-09-30,Independent,,0.0
LT,2025-12-31,Independent,,0.0
LTTS,2016-09-22,Independent,Larsen & Toubro Limited,91290386.0
LTTS,2016-09-30,Independent,Larsen & Toubro Limited,91290386.0
LTTS,2016-12-31,Independent,Body Corporate,91290392.0
LTTS,2017-03-31,Independent,Body Corporate,91290392.0
LTTS,2017-06-30,Independent,Body Corporate,91290392.0
LTTS,2017-09-30,Independent,Body Corporate,91290392.0
LTTS,2017-12-31,Independent,Body Corporate,91290392.0
LTTS,2018-03-31,Independent,LARSEN & TOUBRO LIMITED,90991100.0
LTTS,2018-06-30,Independent,LARSEN & TOUBRO LIMITED,89241272.0
LTTS,2018-09-30,Independent,Larsen & Toubro Limited,83602800.0
LTTS,2018-12-31,Independent,Larsen & Toubro Limited,83602800.0
LTTS,2019-03-31,Independent,Larsen & Toubro Limited,82050531.0
LTTS,2019-06-30,Independent,LARSEN AND TOUBRO LIMITED,77986899.0
LTTS,2019-09-30,Independent,LARSEN AND TOUBRO LIMITED,77986899.0
LTTS,2019-12-31,Independent,LARSEN AND TOUBRO LIMITED,77986899.0
LTTS,2020-03-31,Independent,LARSEN AND TOUBRO LIMITED,77986899.0
LTTS,2020-06-30,Independent,LARSEN AND TOUBRO LIMITED,77986899.0
LTTS,2020-09-30,Independent,Larsen & Tourbo Limited,77986899.0
LTTS,2020-12-31,Independent,LARSEN AND TOUBRO LIMITED,77986899.0
LTTS,2021-03-31,Independent,LARSEN AND TOUBRO LIMITED,77986899.0
LTTS,2021-06-30,Independent,LARSEN & TOUBRO,77986899.0
LTTS,2021-09-30,Independent,LARSEN & TOUBRO,77986899.0
LTTS,2021-12-31,Independent,LARSEN & TOUBRO,77986899.0
LTTS,2022-03-31,Independent,LARSEN & TOUBRO,77986899.0
LTTS,2022-06-30,Independent,LARSEN & TOUBRO,77986899.0
LTTS,2022-09-30,Independent,LARSEN AND TOUBRO LIMITED,77986899.0
LTTS,2022-12-31,Independent,LARSEN AND TOUBRO LIMITED,77986899.0
LTTS,2023-03-31,Independent,LARSEN AND TOUBRO LIMITED,77986899.0
LTTS,2023-06-30,Independent,LARSEN AND TOUBRO LIMITED,77986899.0
LTTS,2023-09-30,Independent,LARSEN AND TOUBRO LIMITED,77986899.0
LTTS,2023-12-31,Independent,LARSEN AND TOUBRO LIMITED,77986899.0
LTTS,2024-03-31,Independent,LARSEN AND TOUBRO LIMITED,77986899.0
LTTS,2024-06-30,Independent,LARSEN AND TOUBRO LIMITED,77986899.0
LTTS,2024-09-30,Independent,LARSEN AND TOUBRO LIMITED,77986899.0
LTTS,2024-12-31,Independent,LARSEN AND TOUBRO LIMITED,77986899.0
LTTS,2025-03-31,Independent,LARSEN AND TOUBRO LIMITED,77986899.0
LTTS,2025-06-30,Independent,LARSEN AND TOUBRO LIMITED,77986899.0
LTTS,2025-09-30,Independent,LARSEN AND TOUBRO LIMITED,77986899.0
LTTS,2025-12-31,Independent,LARSEN AND TOUBRO LIMITED,77986899.0
LUPIN,2014-03-31,Independent,,0.0
LUPIN,2014-06-30,Independent,,0.0
LUPIN,2014-09-30,Independent,,0.0
LUPIN,2014-12-31,Independent,,0.0
LUPIN,2015-03-31,Independent,,0.0
LUPIN,2015-06-30,Independent,,0.0
LUPIN,2015-09-30,Independent,,0.0
LUPIN,2015-12-31,Independent,Zyma Laboratories Ltd,54960490.0
LUPIN,2016-03-31,Independent,Zyma Laboratories Ltd,55260490.0
LUPIN,2016-06-30,Independent,Zyma Laboratories Ltd,55508383.0
LUPIN,2016-09-30,Independent,Zyma Laboratories Ltd,55658383.0
LUPIN,2016-12-31,Independent,Body Corporate,203937918.0
LUPIN,2017-03-31,Independent,Body Corporate,203937918.0
LUPIN,2017-06-30,Independent,Body Corporate,204025918.0
LUPIN,2017-09-30,Independent,Body Corporate,204558135.0
LUPIN,2017-12-31,Independent,Body Corporate,205608135.0
LUPIN,2018-03-31,Independent,Lupin Investments Pvt Ltd,205608135.0
LUPIN,2018-06-30,Independent,Lupin Investments Pvt Ltd,205608135.0
LUPIN,2018-09-30,Independent,Lupin Investments Pvt Ltd,205608135.0
LUPIN,2018-12-31,Independent,Lupin Investments Pvt Ltd,205608135.0
LUPIN,2019-03-31,Independent,Lupin Investments Pvt Ltd,205608135.0
LUPIN,2019-06-30,Independent,Lupin Investments Pvt Ltd,205608135.0
LUPIN,2019-09-30,Independent,Lupin Investments Pvt Ltd,205608135.0
LUPIN,2019-12-31,Independent,Lupin Investments Pvt Ltd,205608135.0
LUPIN,2020-03-31,Independent,Lupin Investments Pvt Ltd,205608135.0
LUPIN,2020-06-30,Independent,Lupin Investments Pvt Ltd,205608135.0
LUPIN,2020-09-30,Independent,Lupin Investments Pvt Ltd,205608135.0
LUPIN,2020-12-31,Independent,Lupin Investments Pvt Ltd,205608135.0
LUPIN,2021-03-31,Independent,Lupin Investments Pvt Ltd,205608135.0
LUPIN,2021-06-30,Independent,Lupin Investments Pvt Ltd,205608135.0
LUPIN,2021-09-30,Independent,Lupin Investments Pvt Ltd,205608135.0
LUPIN,2021-12-31,Independent,Lupin Investments Pvt Ltd,205608135.0
LUPIN,2022-03-31,Independent,Lupin Investments Pvt Ltd,205608135.0
LUPIN,2022-06-30,Independent,Lupin Investments Pvt Ltd,207138390.0
LUPIN,2022-09-30,Independent,Lupin Investments Pvt Ltd,207194390.0
LUPIN,2022-12-31,Independent,Lupin Investments Pvt Ltd,207194390.0
LUPIN,2023-03-31,Independent,Lupin Investments Pvt Ltd,207194390.0
LUPIN,2023-06-30,Independent,Lupin Investments Pvt Ltd,207194390.0
LUPIN,2023-09-30,Independent,Lupin Investments Pvt Ltd,207194390.0
LUPIN,2023-12-31,Independent,Lupin Investments Pvt Ltd,207194390.0
LUPIN,2024-03-31,Independent,Lupin Investments Pvt Ltd,207194390.0
LUPIN,2024-06-30,Independent,Lupin Investments Pvt Ltd,207194390.0
LUPIN,2024-09-30,Independent,Lupin Investments Pvt Ltd,207194390.0
LUPIN,2024-12-31,Independent,Lupin Investments Pvt Ltd,207194390.0
LUPIN,2025-03-31,Independent,Lupin Investments Pvt Ltd,207194390.0
LUPIN,2025-06-30,Independent,Lupin Investments Private Limited,207194390.0
LUPIN,2025-09-30,Independent,Lupin Investments Private Limited,207194390.0
LUPIN,2025-12-31,Independent,Lupin Investments Private Limited,207194390.0
MAHABANK,2014-03-31,Independent,,0.0
MAHABANK,2014-06-30,Independent,,0.0
MAHABANK,2014-09-30,Independent,,0.0
MAHABANK,2014-12-31,Independent,,0.0
MAHABANK,2015-03-31,Independent,,0.0
MAHABANK,2015-06-30,Independent,,0.0
MAHABANK,2015-09-30,Independent,,0.0
MAHABANK,2016-03-31,GOI_PSU,Central Government/ State Government(s),953524561.0
MAHABANK,2016-06-30,GOI_PSU,Central Government/ State Government(s),953524561.0
MAHABANK,2016-09-30,GOI_PSU,Central Government/ State Government(s),953524561.0
MAHABANK,2016-12-31,GOI_PSU,Central Government/ State Government(s),953524561.0
MAHABANK,2017-03-31,GOI_PSU,Central Government/ State Government(s),953524561.0
MAHABANK,2017-06-30,GOI_PSU,Central Government/ State Government(s),953524561.0
MAHABANK,2017-08-11,GOI_PSU,Central Government/ State Government(s),1042413449.0
MAHABANK,2017-09-30,GOI_PSU,Central Government/ State Government(s),1042413449.0
MAHABANK,2017-12-12,GOI_PSU,Central Government/ State Government(s),1042413449.0
MAHABANK,2017-12-31,GOI_PSU,Central Government/ State Government(s),1042413449.0
MAHABANK,2018-03-28,GOI_PSU,Central Government/ State Government(s),2260923433.0
MAHABANK,2018-03-31,GOI_PSU,Central Government/ State Government(s),2260923433.0
MAHABANK,2018-06-30,GOI_PSU,Central Government/ State Government(s),2260923433.0
MAHABANK,2018-09-30,GOI_PSU,Central Government/ State Government(s),2260923433.0
MAHABANK,2018-12-31,GOI_PSU,Central Government/ State Government(s),2260923433.0
MAHABANK,2019-03-30,GOI_PSU,Central Government/ State Government(s),2415640414.0
MAHABANK,2019-03-31,GOI_PSU,Central Government/ State Government(s),2415640414.0
MAHABANK,2019-04-29,GOI_PSU,Central Government/ State Government(s),5386578326.0
MAHABANK,2019-06-30,GOI_PSU,Central Government/ State Government(s),5386578326.0
MAHABANK,2019-09-30,GOI_PSU,Central Government/ State Government(s),5386578326.0
MAHABANK,2019-12-31,GOI_PSU,Central Government/ State Government(s),5386578326.0
MAHABANK,2020-03-31,GOI_PSU,Central Government/ State Government(s),5386578326.0
MAHABANK,2020-06-30,GOI_PSU,Central Government/ State Government(s),5386578326.0
MAHABANK,2020-08-25,GOI_PSU,Central Government/ State Government(s),6122627927.0
MAHABANK,2020-09-30,GOI_PSU,Central Government/ State Government(s),6122627927.0
MAHABANK,2020-12-31,GOI_PSU,Central Government/ State Government(s),6122627927.0
MAHABANK,2021-03-31,GOI_PSU,Central Government/ State Government(s),6122627927.0
MAHABANK,2021-06-30,GOI_PSU,Central Government/ State Government(s),6122627927.0
MAHABANK,2021-07-17,GOI_PSU,Central Government/ State Government(s),6122627927.0
MAHABANK,2021-09-30,GOI_PSU,Central Government/ State Government(s),6122627927.0
MAHABANK,2021-12-31,GOI_PSU,Central Government/ State Government(s),6122627927.0
MAHABANK,2022-03-31,GOI_PSU,Central Government/ State Government(s),6122627927.0
MAHABANK,2022-06-30,GOI_PSU,Central Government/ State Government(s),6122627927.0
MAHABANK,2022-09-30,GOI_PSU,Central Government/ State Government(s),6122627927.0
MAHABANK,2022-12-31,GOI_PSU,Central Government/ State Government(s),6122627927.0
MAHABANK,2023-03-31,GOI_PSU,Central Government/ State Government(s),6122627927.0
MAHABANK,2023-06-06,GOI_PSU,Central Government/ State Government(s),6122627927.0
MAHABANK,2023-06-30,GOI_PSU,Central Government/ State Government(s),6122627927.0
MAHABANK,2023-09-30,GOI_PSU,Central Government/ State Government(s),6122627927.0
MAHABANK,2023-12-31,GOI_PSU,Central Government/ State Government(s),6122627927.0
MAHABANK,2024-03-31,GOI_PSU,Central Government/ State Government(s),6122627927.0
MAHABANK,2024-06-30,GOI_PSU,Central Government/ State Government(s),6122627927.0
MAHABANK,2024-09-30,GOI_PSU,Central Government/ State Government(s),6122627927.0
MAHABANK,2024-10-05,GOI_PSU,Central Government/ State Government(s),6122627927.0
MAHABANK,2024-12-31,GOI_PSU,Central Government/ State Government(s),6122627927.0
MAHABANK,2025-03-31,GOI_PSU,Central Government/ State Government(s),6122627927.0
MAHABANK,2025-06-30,GOI_PSU,Central Government/ State Government(s),6122627927.0
MAHABANK,2025-09-30,GOI_PSU,Central Government/ State Government(s),6122627927.0
MAHABANK,2025-12-04,GOI_PSU,Central Government/ State Government(s),5661059630.0
MAHABANK,2025-12-31,GOI_PSU,Central Government/ State Government(s),5661059630.0
MANAPPURAM,2014-03-31,Independent,,0.0
MANAPPURAM,2014-06-30,Independent,,0.0
MANAPPURAM,2014-12-31,Independent,,0.0
MANAPPURAM,2015-03-31,Independent,,0.0
MANAPPURAM,2015-06-30,Independent,,0.0
MANAPPURAM,2015-09-30,Independent,,0.0
MANAPPURAM,2016-03-31,Independent,NANDAKUMAR V.P,230939917.0
MANAPPURAM,2016-06-30,Independent,NANDAKUMAR V.P,236600144.0
MANAPPURAM,2016-09-30,Independent,NANDAKUMAR V P,237013239.0
MANAPPURAM,2016-12-31,Independent,NANDAKUMAR V P,237428739.0
MANAPPURAM,2017-03-31,Independent,NANDAKUMAR V P,237567239.0
MANAPPURAM,2017-06-30,Independent,NANDAKUMAR V P,237567239.0
MANAPPURAM,2017-09-30,Independent,NANDAKUMAR V P,237567239.0
MANAPPURAM,2017-12-31,Independent,NANDAKUMAR V P,239366824.0
MANAPPURAM,2018-03-31,Independent,NANDAKUMAR V P,239366824.0
MANAPPURAM,2018-06-30,Independent,Nandakumar V.P,239366824.0
MANAPPURAM,2018-09-30,Independent,NANDAKUMAR V P,243672171.0
MANAPPURAM,2018-12-31,Independent,NANDAKUMAR V P,243672171.0
MANAPPURAM,2019-03-31,Independent,NANDAKUMAR V P,243672171.0
MANAPPURAM,2019-06-30,Independent,NANDAKUMAR V P,243672171.0
MANAPPURAM,2019-09-30,Independent,NANDAKUMAR V P,243672171.0
MANAPPURAM,2019-12-31,Independent,NANDAKUMAR V P,243672171.0
MANAPPURAM,2020-03-31,Independent,NANDAKUMAR V P,243672171.0
MANAPPURAM,2020-06-30,Independent,NANDAKUMAR V P,243672171.0
MANAPPURAM,2020-09-30,Independent,NANDAKUMAR V P,243672171.0
MANAPPURAM,2020-12-31,Independent,NANDAKUMAR V P,243672171.0
MANAPPURAM,2021-03-31,Independent,NANDAKUMAR V P,243672171.0
MANAPPURAM,2021-06-30,Independent,V P Nandakumar,243672171.0
MANAPPURAM,2021-09-30,Independent,V P Nandakumar,244172171.0
MANAPPURAM,2021-12-31,Independent,NANDAKUMAR V P,244277671.0
MANAPPURAM,2022-03-31,Independent,V P Nandakumar,244277671.0
MANAPPURAM,2022-06-30,Independent,V P Nandakumar,244983221.0
MANAPPURAM,2022-09-30,Independent,V P Nandakumar,245304221.0
MANAPPURAM,2022-12-31,Independent,V P Nandakumar,245454221.0
MANAPPURAM,2023-03-31,Independent,V P Nandakumar,245454221.0
MANAPPURAM,2023-06-30,Independent,V P Nandakumar,245454221.0
MANAPPURAM,2023-09-30,Independent,V P Nandakumar,245454221.0
MANAPPURAM,2023-12-31,Independent,V P Nandakumar,245454221.0
MANAPPURAM,2024-03-31,Independent,V P Nandakumar,245454221.0
MANAPPURAM,2024-06-30,Independent,V P Nandakumar,245804221.0
MANAPPURAM,2024-09-30,Independent,Nandakumar V P,245854221.0
MANAPPURAM,2024-12-31,Independent,Nandakumar V P,245904221.0
MANAPPURAM,2025-03-31,Independent,Nandakumar V P,245904221.0
MANAPPURAM,2025-06-30,Independent,Nandakumar V P,245904221.0
MANAPPURAM,2025-09-30,Independent,Mr. Nandakumar V P,245904221.0
MANAPPURAM,2025-12-31,Independent,Nandakumar V P,245904221.0
MARICO,2014-03-31,Independent,,0.0
MARICO,2014-06-30,Independent,,0.0
MARICO,2014-09-30,Independent,,0.0
MARICO,2014-12-31,Independent,,0.0
MARICO,2015-03-31,Independent,,0.0
MARICO,2015-06-30,Independent,,0.0
MARICO,2015-09-30,Independent,,0.0
MARICO,2015-12-31,Independent,Harsh C Mariwala,146752000.0
MARICO,2016-03-31,Independent,Harsh C Mariwala with  Kishore V Mariwala for Taurus Family Trust,146752000.0
MARICO,2016-06-30,Independent,Harsh C Mariwala with  Kishore V Mariwala for Taurus Family Trust,146752000.0
MARICO,2016-09-30,Independent,Harsh C Mariwala with  Kishore V Mariwala for Taurus Family Trust,146752000.0
MARICO,2016-12-31,Independent,Harsh C Mariwala with  Kishore V Mariwala for Taurus Family Trust,146752000.0
MARICO,2017-03-31,Independent,Harsh C Mariwala with Kishore V Mariwala for Aquarius  Family Trust,148338200.0
MARICO,2017-06-30,Independent,Harsh C Mariwala with  Kishore V Mariwala for Taurus Family Trust,148465000.0
MARICO,2017-09-30,Independent,Harsh C Mariwala with  Kishore V Mariwala for Taurus Family Trust,148465000.0
MARICO,2017-12-31,Independent,Harsh C Mariwala with  Kishore V Mariwala for Taurus Family Trust,148465000.0
MARICO,2018-03-31,Independent,Harsh C Mariwala with  Kishore V Mariwala for Taurus Family Trust,148465000.0
MARICO,2018-06-30,Independent,Harsh C Mariwala with  Kishore V Mariwala for Taurus Family Trust,148465000.0
MARICO,2018-09-30,Independent,Harsh C Mariwala with Kishore V Mariwala for Taurus Family Trust,148465000.0
MARICO,2018-12-31,Independent,Harsh C Mariwala with Kishore V Mariwala for Taurus Family Trust,148465000.0
MARICO,2019-03-31,Independent,Harsh C Mariwala with Kishore V Mariwala for Taurus Family Trust,148465000.0
MARICO,2019-06-30,Independent,Harsh C Mariwala with Kishore V Mariwala for Taurus Family Trust,148465000.0
MARICO,2019-09-30,Independent,Harsh C Mariwala with Kishore V Mariwala for Taurus Family Trust,148465000.0
MARICO,2019-12-31,Independent,Harsh C Mariwala with Kishore V Mariwala for Taurus Family Trust,148465000.0
MARICO,2020-03-31,Independent,Harsh C Mariwala with Kishore V Mariwala for Taurus Family Trust,148465000.0
MARICO,2020-06-30,Independent,Harsh C Mariwala with Kishore V Mariwala for Taurus Family Trust,148465000.0
MARICO,2020-09-30,Independent,Harsh C Mariwala with Kishore V Mariwala for Taurus Family Trust,148465000.0
MARICO,2020-12-31,Independent,Harsh C Mariwala with Kishore V Mariwala for Taurus Family Trust,148465000.0
MARICO,2021-03-31,Independent,Harsh C Mariwala with Kishore V Mariwala for Taurus Family Trust,148465000.0
MARICO,2021-06-30,Independent,Harsh C Mariwala with Kishore V Mariwala for Taurus Family Trust,148465000.0
MARICO,2021-09-30,Independent,Harsh C Mariwala with Kishore V Mariwala for Taurus Family Trust,143890750.0
MARICO,2021-12-31,Independent,Harsh C Mariwala with Kishore V Mariwala for Taurus Family Trust,143890750.0
MARICO,2022-03-31,Independent,Harsh C Mariwala with Kishore V Mariwala for Taurus Family Trust,143890750.0
MARICO,2022-06-30,Independent,Harsh C Mariwala with Kishore V Mariwala for Taurus Family Trust,143890750.0
MARICO,2022-09-30,Independent,Harsh C Mariwala with Kishore V Mariwala for Taurus Family Trust,143890750.0
MARICO,2022-12-31,Independent,Harsh C Mariwala with Kishore V Mariwala for Taurus Family Trust,143890750.0
MARICO,2023-03-31,Independent,Harsh C Mariwala with Kishore V Mariwala for Taurus Family Trust,143890750.0
MARICO,2023-06-30,Independent,Harsh C Mariwala with Kishore V Mariwala for Taurus Family Trust,143890750.0
MARICO,2023-09-30,Independent,Harsh C Mariwala with Kishore V Mariwala for Taurus Family Trust,143890750.0
MARICO,2023-12-31,Independent,Harsh C Mariwala with Kishore V Mariwala for Taurus Family Trust,143890750.0
MARICO,2024-03-31,Independent,Harsh C Mariwala with Kishore V Mariwala for Taurus Family Trust,143890750.0
MARICO,2024-06-30,Independent,Harsh C Mariwala with Kishore V Mariwala for Taurus Family Trust,143890750.0
MARICO,2024-09-30,Independent,Harsh C Mariwala with Late Kishore V Mariwala for Taurus Family Trust,143890750.0
MARICO,2024-12-31,Independent,Harsh C Mariwala with Late Kishore V Mariwala for Taurus Family Trust,143890750.0
MARICO,2025-03-31,Independent,Harsh C Mariwala with Late Kishore V Mariwala for Taurus Family Trust,143890750.0
MARICO,2025-06-30,Independent,Harsh C Mariwala with Late Kishore V Mariwala for Taurus Family Trust,143890750.0
MARICO,2025-09-30,Independent,Harsh C Mariwala with Late Kishore V Mariwala for Taurus Family Trust,143890750.0
MARICO,2025-12-31,Independent,Harsh C Mariwala with Late Kishore V Mariwala for Taurus Family Trust,143890750.0
MARUTI,2014-03-31,Independent,,0.0
MARUTI,2014-06-30,Independent,,0.0
MARUTI,2014-09-30,Independent,,0.0
MARUTI,2014-12-31,Independent,,0.0
MARUTI,2015-03-31,Independent,,0.0
MARUTI,2015-06-30,Independent,,0.0
MARUTI,2015-09-30,Independent,,0.0
MARUTI,2015-12-31,Independent,SUZUKI MOTOR CORPORATION,169788440.0
MARUTI,2016-03-31,Independent,SUZUKI MOTOR CORPORATION,169788440.0
MARUTI,2016-06-30,Independent,SUZUKI MOTOR CORPORATION,169788440.0
MARUTI,2016-09-30,Independent,SUZUKI MOTOR CORPORATION,169788440.0
MARUTI,2016-12-31,Independent,Other,169788440.0
MARUTI,2017-03-31,Independent,Body Corporate,169788440.0
MARUTI,2017-06-30,Independent,Body Corporate,169788440.0
MARUTI,2017-09-30,Independent,Body Corporate,169788440.0
MARUTI,2017-12-31,Independent,Body Corporate,169788440.0
MARUTI,2018-03-31,Independent,Other,169788440.0
MARUTI,2018-06-30,Independent,Suzuki Motor Corporation,169788440.0
MARUTI,2018-09-30,Independent,Suzuki Motor Corporation,169788440.0
MARUTI,2018-12-31,Independent,Suzuki Motor Corporation,169788440.0
MARUTI,2019-03-31,Independent,Suzuki Motor Corporation,169788440.0
MARUTI,2019-06-30,Independent,Suzuki Motor Corporation,169788440.0
MARUTI,2019-09-30,Independent,Suzuki Motor Corporation,169788440.0
MARUTI,2019-12-31,Independent,Suzuki Motor Corporation,169788440.0
MARUTI,2020-03-31,Independent,Suzuki Motor Corporation,169999440.0
MARUTI,2020-06-30,Independent,Suzuki Motor Corporation,169999440.0
MARUTI,2020-09-30,Independent,Suzuki Motor Corpporation,170283762.0
MARUTI,2020-12-31,Independent,Suzuki Motor Corporation,170283762.0
MARUTI,2021-03-31,Independent,Suzuki Motor Corporation,170283762.0
MARUTI,2021-06-30,Independent,SUZUKI MOTOR CORPORATION,170283762.0
MARUTI,2021-09-30,Independent,SUZUKI MOTOR CORPORATION,170283762.0
MARUTI,2021-12-31,Independent,SUZUKI MOTOR CORPORATION,170283762.0
MARUTI,2022-03-31,Independent,SUZUKI MOTOR CORPORATION,170283762.0
MARUTI,2022-06-30,Independent,SUZUKI MOTOR CORPORATION,170283762.0
MARUTI,2022-09-30,Independent,SUZUKI MOTOR CORPORATION,170283762.0
MARUTI,2022-12-31,Independent,SUZUKI MOTOR CORPORATION,170283762.0
MARUTI,2023-03-31,Independent,SUZUKI MOTOR CORPORATION,170628962.0
MARUTI,2023-06-30,Independent,SUZUKI MOTOR CORPORATION,170628962.0
MARUTI,2023-09-30,Independent,SUZUKI MOTOR CORPORATION,170628962.0
MARUTI,2023-11-24,Independent,SUZUKI MOTOR CORPORATION,182951476.0
MARUTI,2023-12-31,Independent,Suzuki Motor Corporation,182951476.0
MARUTI,2024-03-31,Independent,Suzuki Motor Corporation,182951476.0
MARUTI,2024-06-30,Independent,SUZUKI MOTOR CORPORATION,182951476.0
MARUTI,2024-09-30,Independent,SUZUKI MOTOR CORPORATION,182951476.0
MARUTI,2024-12-31,Independent,SUZUKI MOTOR CORPORATION,183246476.0
MARUTI,2025-03-31,Independent,SUZUKI MOTOR CORPORATION,183246476.0
MARUTI,2025-06-30,Independent,Suzuki Motor Corporation,183246476.0
MARUTI,2025-09-30,Independent,Suzuki Motor Corporation,183246476.0
MARUTI,2025-12-31,Independent,SUZUKI MOTOR CORPORATION,183246476.0
MAZDOCK,2020-09-30,GOI_PSU,Central Government/ State Government(s),201690000.0
MAZDOCK,2020-10-08,GOI_PSU,Central Government/ State Government(s),171090983.0
MAZDOCK,2020-12-31,GOI_PSU,Central Government/ State Government(s),171090983.0
MAZDOCK,2021-03-31,GOI_PSU,Central Government/ State Government(s),171090983.0
MAZDOCK,2021-06-30,GOI_PSU,Central Government/ State Government(s),171090983.0
MAZDOCK,2021-09-30,GOI_PSU,Central Government/ State Government(s),171090983.0
MAZDOCK,2021-12-31,GOI_PSU,Central Government/ State Government(s),171090983.0
MAZDOCK,2022-03-31,GOI_PSU,Central Government/ State Government(s),171090983.0
MAZDOCK,2022-06-30,GOI_PSU,Central Government/ State Government(s),171090983.0
MAZDOCK,2022-09-30,GOI_PSU,Central Government/ State Government(s),171090983.0
MAZDOCK,2022-12-31,GOI_PSU,Central Government/ State Government(s),171090983.0
MAZDOCK,2023-03-31,GOI_PSU,Central Government/ State Government(s),171090983.0
MAZDOCK,2023-06-30,GOI_PSU,Central Government/ State Government(s),171090983.0
MAZDOCK,2023-09-30,GOI_PSU,Central Government/ State Government(s),171090983.0
MAZDOCK,2023-12-31,GOI_PSU,Central Government/ State Government(s),171090983.0
MAZDOCK,2024-03-31,GOI_PSU,Central Government/ State Government(s),171090983.0
MAZDOCK,2024-06-30,GOI_PSU,Central Government/ State Government(s),171090983.0
MAZDOCK,2024-09-30,GOI_PSU,Central Government/ State Government(s),171090983.0
MAZDOCK,2024-12-31,GOI_PSU,Central Government/ State Government(s),342181966.0
MAZDOCK,2025-03-31,GOI_PSU,Central Government/ State Government(s),342181966.0
MAZDOCK,2025-06-30,GOI_PSU,Central Government/ State Government(s),327618501.0
MAZDOCK,2025-09-30,GOI_PSU,Central Government/ State Government(s),327618501.0
MAZDOCK,2025-12-31,GOI_PSU,Central Government/ State Government(s),327618501.0
MCLEODRUSS,2014-03-31,Independent,,0.0
MCLEODRUSS,2014-06-30,Independent,,0.0
MCLEODRUSS,2014-09-30,Independent,,0.0
MCLEODRUSS,2014-12-31,Independent,,0.0
MCLEODRUSS,2015-03-31,Independent,,0.0
MCLEODRUSS,2015-06-30,Independent,,0.0
MCLEODRUSS,2015-09-30,Independent,,0.0
MCLEODRUSS,2015-12-31,Independent,Williamson Magor & Co. Limited,11660946.0
MCLEODRUSS,2016-03-31,Independent,Bodies Corporate:,27385308.0
MCLEODRUSS,2016-06-30,Independent,Bodies Corporate:,27299942.0
MCLEODRUSS,2016-09-30,Independent,Bodies Corporate:,27299942.0
MCLEODRUSS,2016-12-31,Independent,Body Corporate,27299942.0
MCLEODRUSS,2017-03-31,Independent,Body Corporate,27299942.0
MCLEODRUSS,2017-06-30,Independent,Body Corporate,27299942.0
MCLEODRUSS,2017-09-30,Independent,Body Corporate,27299942.0
MCLEODRUSS,2017-12-31,Independent,Body Corporate,27299942.0
MCLEODRUSS,2018-03-31,Independent,"Kamal Kishore Baheti - (Trustee-Borelli Tea Holdings Ltd,wos of the co ).",17067500.0
MCLEODRUSS,2018-06-30,Independent,Kamal Kishore Baheti(Trustee - Borelli Tea Holding Limitecd,17067500.0
MCLEODRUSS,2018-09-30,Independent,Kamal Kishore Baheti (Trustee - Borelli Tea Holdings Limited),17067500.0
MCLEODRUSS,2018-12-31,Independent,KAMAL KISHORE BAHETI - (TRUSTEE - BORELLI TEA HOLDINGS LTD),17067500.0
MCLEODRUSS,2019-03-31,Independent,KAMAL KISHORE BAHETI - (TRUSTEE - BORELLI TEA HOLDINGS LTD),17067500.0
MCLEODRUSS,2019-06-30,Independent,KAMAL KISHORE BAHETI - (TRUSTEE-BORELLI TEA HOLDINGS LTD),17067500.0
MCLEODRUSS,2019-09-30,Independent,Ichamati Investments Limited,17124210.0
MCLEODRUSS,2019-12-31,Independent,ICHAMATI INVESTMENTS LIMITED,17124210.0
MCLEODRUSS,2020-03-31,Independent,ICHAMATI INVESTMENTS LIMITED,17124210.0
MCLEODRUSS,2020-06-30,Independent,ICHAMATI INVESTMENTS LIMITED,17124210.0
MCLEODRUSS,2020-09-30,Independent,ICHAMATI INVESTMENTS LIMITED,17124210.0
MCLEODRUSS,2020-12-31,Independent,ICHAMATI INVESTMENTS LIMITED,17124210.0
MCLEODRUSS,2021-03-31,Independent,ICHAMATI INVESTMENTS LIMITED,17124210.0
MCLEODRUSS,2021-06-30,Independent,ICHAMATI INVESTMENTS LIMITED,10056710.0
MCLEODRUSS,2021-09-30,Independent,KAVITA KHAITAN,4002591.0
MCLEODRUSS,2021-12-31,Independent,MS. KAVITA KHAITAN,4002591.0
MCLEODRUSS,2022-03-31,Independent,KAVITA KHAITAN,4002591.0
MCLEODRUSS,2022-06-30,Independent,MS. KAVITA KHAITAN,4002591.0
MCLEODRUSS,2022-09-30,Independent,MS. KAVITA KHAITAN,4002591.0
MCLEODRUSS,2022-12-31,Independent,MS KAVITA KHAITAN,4002591.0
MCLEODRUSS,2023-03-31,Independent,Kavita Khaitan,4002591.0
MCLEODRUSS,2023-06-30,Independent,Kavita Khaitan,4002591.0
MCLEODRUSS,2023-09-30,Independent,Kavita Khaitan,4002591.0
MCLEODRUSS,2023-12-31,Independent,Kavita Khaitan,4002591.0
MCLEODRUSS,2024-03-31,Independent,KAVITA KHAITAN,4002591.0
MCLEODRUSS,2024-06-30,Independent,KAVITA KHAITAN,4002591.0
MCLEODRUSS,2024-09-30,Independent,KAVITA KHAITAN,4002591.0
MCLEODRUSS,2024-12-31,Adani,Adani Commodities LLP,395418121.0
MCLEODRUSS,2025-03-31,Independent,KAVITA  KHAITAN,4002591.0
MCLEODRUSS,2025-06-30,Independent,KAVITA  KHAITAN .,4002591.0
MCLEODRUSS,2025-09-30,Independent,KAVITA  KHAITAN .,4002591.0
MCLEODRUSS,2025-12-31,Independent,KAVITA  KHAITAN .,4002591.0
MFSL,2014-03-31,Independent,,0.0
MFSL,2014-06-30,Independent,,0.0
MFSL,2014-09-30,Independent,,0.0
MFSL,2014-12-31,Independent,,0.0
MFSL,2015-03-31,Independent,,0.0
MFSL,2015-06-30,Independent,,0.0
MFSL,2015-09-30,Independent,,0.0
MFSL,2015-12-31,Independent,Liquid Investment and Trading Co. P. Ltd.,23818876.0
MFSL,2016-03-31,Independent,PIYA SINGH,110333.0
MFSL,2016-06-30,Independent,LIQUID INVESTMENT AND TRADING COMPANY PRIVATE,23818876.0
MFSL,2016-09-30,Independent,LIQUID INVESTMENT AND TRADING COMPANY PRIVATE,23818876.0
MFSL,2016-12-31,Independent,Body Corporate,80881905.0
MFSL,2017-03-31,Independent,Body Corporate,80881905.0
MFSL,2017-06-30,Independent,Body Corporate,80881905.0
MFSL,2017-09-30,Independent,Body Corporate,80881905.0
MFSL,2017-12-31,Independent,Body Corporate,80881905.0
MFSL,2018-03-31,Independent,MAX VENTURES INVESTMENT HOLDINGS PRIVATE LIMI,43372459.0
MFSL,2018-06-30,Independent,MAX VENTURES INVESTMENT HOLDINGS PRIVATE LIMI,43372459.0
MFSL,2018-09-30,Independent,MAX VENTURES INVESTMENT HOLDINGS PRIVATE LIMI,43372959.0
MFSL,2018-12-31,Independent,MAX VENTURES INVESTMENT HOLDINGS PRIVATE LIMI,66818275.0
MFSL,2019-03-31,Independent,MAX VENTURES INVESTMENT HOLDINGS PRIVATE LIMI,67518275.0
MFSL,2019-06-30,Independent,MAX VENTURES INVESTMENT HOLDINGS PRIVATE LIMI,67518275.0
MFSL,2019-09-30,Independent,MAX VENTURES INVESTMENT HOLDINGS PRIVATE LIMITED,67518275.0
MFSL,2019-12-31,Independent,MAX VENTURES INVESTMENT HOLDINGS PRIVATE LIMITED,67518275.0
MFSL,2020-03-31,Independent,MAX VENTURES INVESTMENT HOLDINGS PRIVATE LIMITED,75883275.0
MFSL,2020-06-30,Independent,MAX VENTURES INVESTMENT HOLDINGS PRIVATE LIMITED,75883275.0
MFSL,2020-09-30,Independent,MAX VENTURES INVESTMENT HOLDINGS PRIVATE LIMITED,59783275.0
MFSL,2020-12-08,Independent,MAX VENTURES INVESTMENT HOLDINGS PRIVATE LIMITED,59483275.0
MFSL,2020-12-31,Independent,MAX VENTURES INVESTMENT HOLDINGS PRIVATE LIMITED,59143275.0
MFSL,2021-03-31,Independent,MAX VENTURES INVESTMENT HOLDINGS PRIVATE LIMITED,58209137.0
MFSL,2021-06-30,Independent,MAX VENTURES INVESTMENT HOLDINGS PRIVATE LIMITED,50380920.0
MFSL,2021-09-30,Independent,MAX VENTURES INVESTMENT HOLDINGS PRIVATE LIMITED,50380920.0
MFSL,2021-12-31,Independent,MAX VENTURES INVESTMENT HOLDINGS PRIVATE LIMITED,50380920.0
MFSL,2022-03-31,Independent,MAX VENTURES INVESTMENT HOLDINGS PRIVATE LIMITED,50380920.0
MFSL,2022-06-30,Independent,MAX VENTURES INVESTMENT HOLDINGS PRIVATE LIMITED,50380920.0
MFSL,2022-09-30,Independent,MAX VENTURES INVESTMENT HOLDINGS PRIVATE LIMITED,50380920.0
MFSL,2022-12-31,Independent,MAX VENTURES INVESTMENT HOLDINGS PVT LTD,39095920.0
MFSL,2023-03-31,Independent,MAX VENTURES INVESTMENT HOLDINGS PRIVATE LIMITED,34595923.0
MFSL,2023-06-30,Independent,MAX VENTURES INVESTMENT HOLDINGS PRIVATE LIMITED,34595923.0
MFSL,2023-09-30,Independent,MAX VENTURES INVESTMENT HOLDINGS PRIVATE LIMITED,22095923.0
MFSL,2023-12-31,Independent,MAX VENTURES INVESTMENT HOLDINGS PRIVATE LIMITED,22095923.0
MFSL,2024-03-31,Independent,MAX VENTURES INVESTMENT HOLDINGS PRIVATE LIMITED,22095923.0
MFSL,2024-06-30,Independent,MAX VENTURES INVESTMENT HOLDINGS PRIVATE LIMITED,22095923.0
MFSL,2024-09-30,Independent,MAX VENTURES INVESTMENT HOLDINGS PRIVATE LIMITED,11095923.0
MFSL,2024-12-31,Independent,MAX VENTURES INVESTMENT HOLDINGS PRIVATE LIMITED,11095923.0
MFSL,2025-03-31,Independent,MAX VENTURES INVESTMENT HOLDINGS PRIVATE LIMITED,5595923.0
MFSL,2025-06-30,Independent,MAX VENTURES INVESTMENT HOLDINGS PRIVATE LIMITED,5595923.0
MFSL,2025-09-30,Independent,MAX VENTURES INVESTMENT HOLDINGS PRIVATE LIMITED,5595923.0
MFSL,2025-12-31,Independent,MAX VENTURES INVESTMENT HOLDINGS PRIVATE LIMITED,3995923.0
MGL,2016-06-30,Independent,GAIL (India) Limited,32102740.0
MGL,2016-09-30,Independent,GAIL (India) Limited,32102740.0
MGL,2016-12-31,Independent,Body Corporate,32102740.0
MGL,2017-03-31,Independent,Body Corporate,32102740.0
MGL,2017-06-30,Independent,Body Corporate,32102740.0
MGL,2017-09-30,Independent,Body Corporate,32102740.0
MGL,2017-12-31,Independent,Body Corporate,32102750.0
MGL,2018-03-31,Independent,GAIL (India) Ltd,32102750.0
MGL,2018-06-30,Independent,GAIL (India) Limited,32102750.0
MGL,2018-09-30,Independent,GAIL (India) Ltd,32102750.0
MGL,2018-12-31,Independent,GAIL (India) Limited,32102750.0
MGL,2019-03-31,Independent,GAIL (India) Limited,32102750.0
MGL,2019-06-30,Independent,GAIL (India) Limited,32102750.0
MGL,2019-09-30,Independent,GAIL (India) Ltd.,32102750.0
MGL,2019-12-31,Independent,GAIL (India) Ltd.,32102750.0
MGL,2020-03-31,Independent,GAIL (India) Ltd.,32102750.0
MGL,2020-06-30,Independent,GAIL (India) Ltd.,32102750.0
MGL,2020-09-30,Independent,GAIL (India) Ltd.,32102750.0
MGL,2020-12-31,Independent,GAIL (India) Ltd,32102750.0
MGL,2021-03-31,Independent,GAIL (India) Limited,32102750.0
MGL,2021-06-30,Independent,GAIL (India) Ltd,32102750.0
MGL,2021-09-30,Independent,GAIL (India) Ltd,32102750.0
MGL,2021-12-31,Independent,GAIL (India) Limited,32102750.0
MGL,2022-03-31,Independent,Gail (India) Ltd,32102750.0
MGL,2022-06-30,Independent,Gail (India) Ltd,32102750.0
MGL,2022-09-30,Independent,Gail (India) Limited,32102750.0
MGL,2022-12-31,Independent,GAIL (India) Ltd,32102750.0
MGL,2023-03-31,Independent,GAIL (India) Ltd,32102750.0
MGL,2023-06-30,Independent,GAIL (India) Ltd,32102750.0
MGL,2023-09-30,Independent,GAIL (India) Limited,32102750.0
MGL,2023-12-31,Independent,GAIL (India) Ltd,32102750.0
MGL,2024-03-31,Independent,Gail (India) Ltd,32102750.0
MGL,2024-06-30,Independent,GAIL (India) Limited,32102750.0
MGL,2024-09-30,Independent,Gail (India) Ltd,32102750.0
MGL,2024-12-31,Independent,Gail (India) Ltd,32102750.0
MGL,2025-03-31,Independent,Gail (India) Ltd,32102750.0
MGL,2025-06-30,Independent,Gail (India) Ltd.,32102750.0
MGL,2025-09-30,Independent,Gail (India) Ltd.,32102750.0
MGL,2025-12-31,Independent,Gail (India) Ltd.,32102750.0
MINDTREE,2014-03-31,Independent,,0.0
MINDTREE,2014-06-05,Independent,,0.0
MINDTREE,2014-06-30,Independent,,0.0
MINDTREE,2014-09-30,Independent,,0.0
MINDTREE,2014-12-31,Independent,,0.0
MINDTREE,2015-03-31,Independent,,0.0
MINDTREE,2015-06-30,Independent,,0.0
MINDTREE,2015-09-30,Independent,,0.0
MINDTREE,2015-12-31,Independent,Krishnakumar  Natarajan,4002086.0
MINDTREE,2016-03-11,Independent,Krishnakumar  N,8004172.0
MINDTREE,2016-03-31,Independent,Krishnakumar  N,8004172.0
MINDTREE,2016-06-30,Independent,Krishnakumar  N,8004172.0
MINDTREE,2016-09-30,Independent,Krishnakumar  N,8004172.0
MINDTREE,2016-12-31,Independent,Krishnakumar  N,7994172.0
MINDTREE,2017-03-31,Independent,Krishnakumar  N,7994412.0
MINDTREE,2017-06-30,Independent,Krishnakumar  N,7994172.0
MINDTREE,2017-09-30,Independent,Krishnakumar  N,6402262.0
MINDTREE,2017-12-31,Independent,Krishnakumar  N,6402262.0
MINDTREE,2018-03-31,Independent,Krishnakumar  N,6102262.0
MINDTREE,2018-06-30,Independent,Krishnakumar  N,6102262.0
MINDTREE,2018-09-30,Independent,Krishnakumar  N,6102262.0
MINDTREE,2018-12-31,Independent,Krishnakumar  N,6102262.0
MINDTREE,2019-03-31,Independent,Krishnakumar  N,6102262.0
MINDTREE,2019-06-30,Independent,Krishnakumar  N,6102262.0
MINDTREE,2019-09-30,Independent,Larsen and Toubro Limited,99650179.0
MINDTREE,2019-12-31,Independent,Larsen and Toubro Limited,99650179.0
MINDTREE,2020-03-31,Independent,Larsen and Toubro Limited,100527734.0
MINDTREE,2020-06-30,Independent,Larsen And Toubro Limited,100527734.0
MINDTREE,2020-09-30,Independent,Larsen and Toubro Limited,100527734.0
MINDTREE,2020-12-31,Independent,Larsen And Toubro Limited,100527734.0
MINDTREE,2021-03-31,Independent,Larsen And Toubro Limited,100527734.0
MINDTREE,2021-06-30,Independent,Larsen and Toubro Limited,100527734.0
MINDTREE,2021-09-30,Independent,Larsen and Toubro Limited,100527734.0
MINDTREE,2021-12-31,Independent,Larsen and Toubro Limited,100527734.0
MINDTREE,2022-03-31,Independent,Larsen and Toubro Limited,100527734.0
MINDTREE,2022-06-30,Independent,Larsen and Toubro Limited,100527734.0
MINDTREE,2022-09-30,Independent,Larsen and Toubro Limited,100527734.0
MMTC,2014-03-31,Independent,,0.0
MMTC,2014-06-30,Independent,,0.0
MMTC,2014-09-30,Independent,,0.0
MMTC,2014-12-31,Independent,,0.0
MMTC,2015-03-31,Independent,,0.0
MMTC,2015-06-30,Independent,,0.0
MMTC,2015-09-30,Independent,,0.0
MMTC,2016-03-31,GOI_PSU,Central Government/ State Government(s),899268762.0
MMTC,2016-06-30,GOI_PSU,Central Government/ State Government(s),899268762.0
MMTC,2016-09-30,GOI_PSU,Central Government/ State Government(s),899268762.0
MMTC,2016-12-31,GOI_PSU,Central Government/ State Government(s),899268762.0
MMTC,2017-03-31,GOI_PSU,Central Government/ State Government(s),899268762.0
MMTC,2017-06-30,GOI_PSU,Central Government/ State Government(s),899268762.0
MMTC,2017-09-30,GOI_PSU,Central Government/ State Government(s),899268762.0
MMTC,2017-12-31,GOI_PSU,Central Government/ State Government(s),899268762.0
MMTC,2018-03-31,GOI_PSU,Central Government/ State Government(s),899268762.0
MMTC,2018-05-07,GOI_PSU,Central Government/ State Government(s),1348903143.0
MMTC,2018-06-30,GOI_PSU,Central Government/ State Government(s),1348903143.0
MMTC,2018-09-30,GOI_PSU,Central Government/ State Government(s),1348903143.0
MMTC,2018-12-31,GOI_PSU,Central Government/ State Government(s),1348903143.0
MMTC,2019-03-31,GOI_PSU,Central Government/ State Government(s),1348903143.0
MMTC,2019-06-30,GOI_PSU,Central Government/ State Government(s),1348903143.0
MMTC,2019-09-30,GOI_PSU,Central Government/ State Government(s),1348903143.0
MMTC,2019-12-31,GOI_PSU,Central Government/ State Government(s),1348903143.0
MMTC,2020-03-31,GOI_PSU,Central Government/ State Government(s),1348903143.0
MMTC,2020-06-30,GOI_PSU,Central Government/ State Government(s),1348903143.0
MMTC,2020-09-30,GOI_PSU,Central Government/ State Government(s),1348903143.0
MMTC,2020-12-31,GOI_PSU,Central Government/ State Government(s),1348903143.0
MMTC,2021-03-31,GOI_PSU,Central Government/ State Government(s),1348903143.0
MMTC,2021-06-30,GOI_PSU,Central Government/ State Government(s),1348903143.0
MMTC,2021-09-30,GOI_PSU,Central Government/ State Government(s),1348903143.0
MMTC,2021-12-31,GOI_PSU,Central Government/ State Government(s),1348903143.0
MMTC,2022-03-31,GOI_PSU,Central Government/ State Government(s),1348903143.0
MMTC,2022-06-30,GOI_PSU,Central Government/ State Government(s),1348903143.0
MMTC,2022-09-30,GOI_PSU,Central Government/ State Government(s),1348903143.0
MMTC,2022-12-31,GOI_PSU,Central Government/ State Government(s),1348903143.0
MMTC,2023-03-31,GOI_PSU,President of India,1348903143.0
MMTC,2023-06-30,GOI_PSU,Central Government/ State Government(s),1348903143.0
MMTC,2023-09-30,GOI_PSU,Central Government/ State Government(s),1348903143.0
MMTC,2023-12-31,GOI_PSU,Central Government/ State Government(s),1348903143.0
MMTC,2024-03-31,GOI_PSU,Central Government/ State Government(s),1348903143.0
MMTC,2024-06-30,GOI_PSU,Central Government/ State Government(s),1348903143.0
MMTC,2024-09-30,GOI_PSU,Central Government/ State Government(s),1348903143.0
MMTC,2024-12-31,GOI_PSU,Central Government/ State Government(s),1348903143.0
MMTC,2025-03-31,GOI_PSU,Central Government/ State Government(s),1348903143.0
MMTC,2025-06-30,GOI_PSU,Central Government/ State Government(s),1348903143.0
MMTC,2025-09-30,GOI_PSU,Central Government/ State Government(s),1348903143.0
MMTC,2025-12-31,GOI_PSU,Central Government/ State Government(s),1348903143.0
MOTHERSON,2014-03-31,Independent,,0.0
MOTHERSON,2014-06-30,Independent,,0.0
MOTHERSON,2014-09-30,Independent,,0.0
MOTHERSON,2014-12-31,Independent,,0.0
MOTHERSON,2015-03-31,Independent,,0.0
MOTHERSON,2015-06-30,Independent,,0.0
MOTHERSON,2015-09-30,Independent,,0.0
MOTHERSON,2015-12-31,Independent,SAMVARDHANA MOTHERSON INTERNATIONAL LIMITED,488549846.0
MOTHERSON,2016-03-31,Independent,Body Corporates,488549846.0
MOTHERSON,2016-06-30,Independent,Body Corporates,488549846.0
MOTHERSON,2016-09-16,Independent,Body Corporates,488549846.0
MOTHERSON,2016-09-30,Independent,Body Corporates,488549846.0
MOTHERSON,2016-12-31,Independent,Body Corporate,488549846.0
MOTHERSON,2017-03-31,Independent,Body Corporate,488549846.0
MOTHERSON,2017-06-30,Independent,Body Corporate,488549846.0
MOTHERSON,2017-07-08,Independent,Body Corporate,732824769.0
MOTHERSON,2017-09-30,Independent,Body Corporate,732824769.0
MOTHERSON,2017-12-31,Independent,Body Corporate,703833769.0
MOTHERSON,2018-03-31,Independent,SAMVARDHANA MOTHERSON INTERNATIONAL LIMITED,703833769.0
MOTHERSON,2018-06-30,Independent,SAMVARDHANA MOTHERSON INTERNATIONAL LIMITED,703833769.0
MOTHERSON,2018-09-30,Independent,SAMVARDHANA MOTHERSON INTERNATIONAL LIMITED,703833769.0
MOTHERSON,2018-11-01,Independent,SAMVARDHANA MOTHERSON INTERNATIONAL LIMITED,1055750653.0
MOTHERSON,2018-12-31,Independent,SAMVARDHANA MOTHERSON INTERNATIONAL LIMITED,1055750653.0
MOTHERSON,2019-03-31,Independent,SAMVARDHANA MOTHERSON INTERNATIONAL LIMITED,1055750653.0
MOTHERSON,2019-06-30,Independent,SAMVARDHANA MOTHERSON nINTERNATIONAL LIMITED,1055750653.0
MOTHERSON,2019-09-30,Independent,SAMVARDHANA MOTHERSON INTERNATIONAL LIMITED,1055750653.0
MOTHERSON,2019-12-31,Independent,SAMVARDHANA MOTHERSON INTERNATIONAL LIMITED,1055750653.0
MOTHERSON,2020-03-31,Independent,SAMVARDHANA MOTHERSON nINTERNATIONAL LIMITED,1055750653.0
MOTHERSON,2020-06-30,Independent,SAMVARDHANA MOTHERSON nINTERNATIONAL LIMITED,1055750653.0
MOTHERSON,2020-09-30,Independent,SAMVARDHANA MOTHERSON nINTERNATIONAL LIMITED,1055750653.0
MOTHERSON,2020-12-31,Independent,SAMVARDHANA MOTHERSON nINTERNATIONAL LIMITED,1055750653.0
MOTHERSON,2021-03-31,Independent,SAMVARDHANA MOTHERSON INTERNATIONAL LIMITED,1055750653.0
MOTHERSON,2021-06-30,Independent,SAMVARDHANA MOTHERSON INTERNATIONAL LIMITED,1055750653.0
MOTHERSON,2021-09-30,Independent,SAMVARDHANA MOTHERSON INTERNATIONAL LIMITED,1055750653.0
MOTHERSON,2021-12-31,Independent,SAMVARDHANA MOTHERSON INTERNATIONAL LIMITED,1055750653.0
MOTHERSON,2022-03-03,Independent,SUMITOMO WIRING SYSTEMS LIMITED,792637291.0
MOTHERSON,2022-03-31,Independent,SUMITOMO WIRING SYSTEMS LIMITED,792637291.0
MOTHERSON,2022-06-30,Independent,SUMITOMO WIRING SYSTEMS LIMITED,792637291.0
MOTHERSON,2022-09-30,Independent,SUMITOMO WIRING SYSTEMS LIMITED,792637291.0
MOTHERSON,2022-10-06,Independent,SUMITOMO WIRING SYSTEMS LIMITED,1188955936.0
MOTHERSON,2022-12-31,Independent,SUMITOMO WIRING SYSTEMS LIMITED,1188955936.0
MOTHERSON,2023-03-31,Independent,SUMITOMO WIRING SYSTEMS LIMITED,958955936.0
MOTHERSON,2023-06-30,Independent,SUMITOMO WIRING SYSTEMS LIMITED,958955936.0
MOTHERSON,2023-09-30,Independent,SUMITOMO WIRING SYSTEMS LIMITED,958955936.0
MOTHERSON,2023-12-31,Independent,SUMITOMO WIRING SYSTEMS LIMITED,958955936.0
MOTHERSON,2024-03-31,Independent,SHRI SEHGALS TRUSTEE COMPANY PRIVATE LIMITED,930170146.0
MOTHERSON,2024-06-30,Independent,SHRI SEHGALS TRUSTEE COMPANY PRIVATE LIMITED,930170146.0
MOTHERSON,2024-09-20,Independent,"SHRI SEHGALS TRUSTEE COMPANY PRIVATE LIMITED, TRUSTEE (SEHGAL FAMILY TRUST)",930170146.0
MOTHERSON,2024-09-30,Independent,SHRI SEHGALS TRUSTEE COMPANY PRIVATE LIMITED TRUSTEE (SEHGAL FAMILY TRUST),930170146.0
MOTHERSON,2024-12-31,Independent,SHRI SEHGALS TRUSTEE COMPANY PRIVATE LIMITED TRUSTEE (SEHGAL FAMILY TRUST),930170146.0
MOTHERSON,2025-03-31,Independent,SHRI SEHGALS TRUSTEE COMPANY PRIVATE LIMITED (TRUSTEE OF SEHGAL FAMILY TRUST),930170146.0
MOTHERSON,2025-06-30,Independent,"SEHGAL FAMILY TRUST (SHRI SEHGALS TRUSTEE COMPANY PRIVATE LIMITED, TRUSTEE)",930170146.0
MOTHERSON,2025-07-21,Independent,"SEHGAL FAMILY TRUST (SHRI SEHGALS TRUSTEE COMPANY PRIVATE LIMITED, TRUSTEE)",1395255219.0
MOTHERSON,2025-09-30,Independent,"SEHGAL FAMILY TRUST (SHRI SEHGALS TRUSTEE COMPANY PRIVATE LIMITED, TRUSTEE)",1395255219.0
MOTHERSON,2025-12-31,Independent,"Sehgal Family Trust (Shri Sehgals Trustee Company Private Limited, Trustee)",1395255219.0
MOTILALOFS,2014-03-31,Independent,,0.0
MOTILALOFS,2014-06-30,Independent,,0.0
MOTILALOFS,2014-09-30,Independent,,0.0
MOTILALOFS,2014-12-31,Independent,,0.0
MOTILALOFS,2015-03-31,Independent,,0.0
MOTILALOFS,2015-06-30,Independent,,0.0
MOTILALOFS,2015-09-30,Independent,,0.0
MOTILALOFS,2016-03-31,Independent,Passionate Investment Management Pvt.Ltd,76792394.0
MOTILALOFS,2016-06-30,Independent,Passionate Investment Management Pvt.Ltd,76792394.0
MOTILALOFS,2016-09-30,Independent,Passionate Investment Management Pvt.Ltd,76792394.0
MOTILALOFS,2016-12-31,Independent,Body Corporate,76793394.0
MOTILALOFS,2017-03-31,Independent,Body Corporate,76794394.0
MOTILALOFS,2017-06-30,Independent,Body Corporate,76794394.0
MOTILALOFS,2017-09-30,Independent,Body Corporate,77494394.0
MOTILALOFS,2017-12-31,Independent,Body Corporate,77494394.0
MOTILALOFS,2018-03-31,Independent,Passionate Investment Management Pvt Ltd - Proprietary Account,77734132.0
MOTILALOFS,2018-06-30,Independent,Passionate Investment Management Pvt Ltd - Proprietary Account,77734132.0
MOTILALOFS,2018-09-30,Independent,Passionate Investment Management Pvt Ltd - Proprietary Account,78273132.0
MOTILALOFS,2018-12-31,Independent,Passionate Investment Management Pvt Ltd - Proprietary Account,78273132.0
MOTILALOFS,2019-03-31,Independent,Passionate Investment Management Pvt Ltd - Proprietary Account,80343667.0
MOTILALOFS,2019-06-30,Independent,Passionate Investment Management Pvt Ltd - Proprietary Account,80343667.0
MOTILALOFS,2019-09-30,Independent,Passionate Investment Management Pvt Ltd - Proprietary Account,80914083.0
MOTILALOFS,2019-12-31,Independent,Passionate Investment Management Pvt Ltd - Proprietary Account,83730715.0
MOTILALOFS,2020-03-31,Independent,Passionate Investment Management Pvt Ltd - Proprietary Account,84921363.0
MOTILALOFS,2020-06-30,Independent,Passionate Investment Management Pvt Ltd - Proprietary Account,84921363.0
MOTILALOFS,2020-09-30,Independent,Passionate Investment Management Pvt Ltd,84921363.0
MOTILALOFS,2020-12-31,Independent,Passionate Investment Management Pvt Ltd,84921363.0
MOTILALOFS,2021-03-31,Independent,Passionate Investment Management Pvt Ltd,85591163.0
MOTILALOFS,2021-06-30,Independent,Passionate Investment Management Pvt Ltd,85591163.0
MOTILALOFS,2021-09-30,Independent,Passionate Investment Management Pvt Ltd,85641163.0
MOTILALOFS,2021-12-31,Independent,Passionate Investment Management Pvt Ltd - Proprietary Account,85641163.0
MOTILALOFS,2022-03-31,Independent,Motilal Oswal Family Trust,43341158.0
MOTILALOFS,2022-06-30,Independent,Motilal Oswal Family Trust,43341158.0
MOTILALOFS,2022-09-30,Independent,Motilal Oswal Family Trust,42972734.0
MOTILALOFS,2022-12-31,Independent,Motilal Oswal Family Trust,42972734.0
MOTILALOFS,2023-03-31,Independent,Motilal Oswal Family Trust,42972734.0
MOTILALOFS,2023-06-30,Independent,Motilal Oswal Family Trust,40753527.0
MOTILALOFS,2023-09-30,Independent,Motilal Oswal Family Trust,40753527.0
MOTILALOFS,2023-12-31,Independent,Motilal Oswal Family Trust,40753527.0
MOTILALOFS,2024-03-31,Independent,Raamdeo Ramgopal Agrawal,40082015.0
MOTILALOFS,2024-06-11,Independent,Raamdeo Ramgopal Agrawal,159908060.0
MOTILALOFS,2024-06-30,Independent,Raamdeo Ramgopal Agrawal,159908060.0
MOTILALOFS,2024-09-30,Independent,Motilal Oswal Family Trust,142196408.0
MOTILALOFS,2024-12-31,Independent,Motilal Oswal Family Trust,142196408.0
MOTILALOFS,2025-03-31,Independent,Person Acting in Concert,267619776.0
MOTILALOFS,2025-06-30,Independent,Person Acting in Concert,265767776.0
MOTILALOFS,2025-09-30,Independent,Person Acting in Concert,265864776.0
MOTILALOFS,2025-12-31,Independent,Person Acting in Concert,265862476.0
MPHASIS,2014-03-31,Independent,,0.0
MPHASIS,2014-06-30,Independent,,0.0
MPHASIS,2014-09-30,Independent,,0.0
MPHASIS,2014-12-31,Independent,,0.0
MPHASIS,2015-03-31,Independent,,0.0
MPHASIS,2015-06-30,Independent,,0.0
MPHASIS,2015-09-30,Independent,,0.0
MPHASIS,2015-12-31,Independent,EDS ASIA PACIFIC HOLDINGS,83002201.0
MPHASIS,2016-03-31,Independent,FOREIGN COMPANIES,127106266.0
MPHASIS,2016-06-30,Independent,FOREIGN COMPANIES,127106266.0
MPHASIS,2016-09-30,Independent,FOREIGN COMPANIES,127108444.0
MPHASIS,2016-12-31,Independent,MARBLE II PTE LTD,127108444.0
MPHASIS,2017-03-31,Independent,MARBLE II PTE LTD,127108444.0
MPHASIS,2017-06-07,Independent,MARBLE II PTE LTD,116691668.0
MPHASIS,2017-06-30,Independent,MARBLE II PTE LTD,116691668.0
MPHASIS,2017-09-30,Independent,MARBLE II PTE LTD,116691668.0
MPHASIS,2017-12-31,Independent,MARBLE II PTE LTD,116691668.0
MPHASIS,2018-03-31,Independent,MARBLE II PTE LTD.,116691668.0
MPHASIS,2018-06-30,Independent,MARBLE II PTE LTD.,101230853.0
MPHASIS,2018-09-30,Independent,MARBLE II PTE LTD.,101230853.0
MPHASIS,2018-12-28,Independent,MARBLE II PTE LIMITED,97317781.0
MPHASIS,2018-12-31,Independent,MARBLE II PTE LTD.,97317781.0
MPHASIS,2019-03-31,Independent,MARBLE II PTE LIMITED,97317781.0
MPHASIS,2019-06-30,Independent,Marble II Pte Limited,97317781.0
MPHASIS,2019-09-30,Independent,MARBLE II PTE LTD,97317781.0
MPHASIS,2019-12-31,Independent,MARBLE II PTE LIMITED,97317781.0
MPHASIS,2020-03-31,Independent,MARBLE II PTE LIMITED,104799577.0
MPHASIS,2020-06-30,Independent,Marble II Pte Ltd,104799577.0
MPHASIS,2020-09-30,Independent,Marble II Pte Ltd,104799577.0
MPHASIS,2020-12-31,Independent,Marble II Pte Ltd,104799577.0
MPHASIS,2021-03-31,Independent,Marble II Pte Ltd,104799577.0
MPHASIS,2021-06-30,Independent,Marble II Pte Ltd,104799577.0
MPHASIS,2021-09-30,Independent,BCP TOPCO IX PTE. LTD,104799642.0
MPHASIS,2021-12-31,Independent,BCP TOPCO IX PTE. LTD,104799642.0
MPHASIS,2022-03-31,Independent,BCP TOPCO IX PTE. LTD,104799642.0
MPHASIS,2022-06-30,Independent,BCP TOPCO IX PTE. LTD,104799642.0
MPHASIS,2022-09-30,Independent,BCP TOPCO IX PTE. LTD,104799642.0
MPHASIS,2022-12-31,Independent,BCP TOPCO IX PTE. LTD,104799642.0
MPHASIS,2023-03-31,Independent,BCP TOPCO IX PTE. LTD,104799642.0
MPHASIS,2023-06-30,Independent,BCP TOPCO IX PTE. LTD,104799642.0
MPHASIS,2023-09-30,Independent,BCP TOPCO IX PTE. LTD,104799642.0
MPHASIS,2023-12-31,Independent,BCP TOPCO IX PTE. LTD.,104799642.0
MPHASIS,2024-03-31,Independent,BCP TOPCO IX PTE. LTD,104799642.0
MPHASIS,2024-06-30,Independent,BCP TOPCO IX PTE. LTD,76299642.0
MPHASIS,2024-09-30,Independent,BCP TOPCO IX PTE. LTD,76299642.0
MPHASIS,2024-12-31,Independent,BCP TOPCO IX PTE. LTD,76299642.0
MPHASIS,2025-03-31,Independent,BCP TOPCO IX PTE. LTD,76299642.0
MPHASIS,2025-06-30,Independent,BCP TOPCO IX PTE. LTD,76299642.0
MPHASIS,2025-09-30,Independent,BCP TOPCO IX PTE. LTD.,76299642.0
MPHASIS,2025-12-31,Independent,BCP TOPCO IX PTE. LTD.,58299642.0
MRF,2014-03-31,Independent,,0.0
MRF,2014-06-30,Independent,,0.0
MRF,2014-09-30,Independent,,0.0
MRF,2014-12-31,Independent,,0.0
MRF,2015-03-31,Independent,,0.0
MRF,2015-06-30,Independent,,0.0
MRF,2015-09-30,Independent,,0.0
MRF,2015-12-31,Independent,COMPREHENSIVE INVESTMENT AND FINANCE COMPANY PVT. LTD.,438414.0
MRF,2016-03-31,Independent,COMPREHENSIVE INVESTMENT AND FINANCE COMPANY PVT. LTD.,438414.0
MRF,2016-06-30,Independent,COMPREHENSIVE INVESTMENT AND FINANCE COMPANY PVT. LTD.,438414.0
MRF,2016-09-30,Independent,COMPREHENSIVE INVESTMENT AND FINANCE COMPANY PVT. LTD.,438414.0
MRF,2016-12-31,Independent,Body Corporate,593213.0
MRF,2017-03-31,Independent,Body Corporate,593213.0
MRF,2017-06-30,Independent,Body Corporate,594473.0
MRF,2017-09-30,Independent,Body Corporate,598883.0
MRF,2017-12-31,Independent,Body Corporate,601443.0
MRF,2018-03-31,Independent,COMPREHENSIVE INVESTMENT AND FINANCE COMPANY PVT. LTD.,439844.0
MRF,2018-06-30,Independent,COMPREHENSIVE INVESTMENT AND FINANCE COMPANY PVT. LTD.,439844.0
MRF,2018-09-30,Independent,COMPREHENSIVE INVESTMENT AND FINANCE COMPANY PVT. LTD.,440094.0
MRF,2018-12-31,Independent,COMPREHENSIVE INVESTMENT AND FINANCE COMPANY PVT. LTD.,440094.0
MRF,2019-03-31,Independent,COMPREHENSIVE INVESTMENT AND FINANCE COMPANY PVT. LTD.,440294.0
MRF,2019-06-30,Independent,COMPREHENSIVE INVESTMENT AND FINANCE COMPANY PVT. LTD.,440294.0
MRF,2019-09-30,Independent,COMPREHENSIVE INVESTMENT AND FINANCE COMPANY PVT. LTD.,440294.0
MRF,2019-12-31,Independent,COMPREHENSIVE INVESTMENT AND FINANCE COMPANY PVT. LTD.,440294.0
MRF,2020-03-31,Independent,COMPREHENSIVE INVESTMENT AND FINANCE COMPANY PVT. LTD.,440719.0
MRF,2020-06-30,Independent,COMPREHENSIVE INVESTMENT AND FINANCE COMPANY PVT. LTD.,440719.0
MRF,2020-09-30,Independent,COMPREHENSIVE INVESTMENT AND FINANCE COMPANY PVT. LTD.,440719.0
MRF,2020-12-31,Independent,COMPREHENSIVE INVESTMENT AND FINANCE COMPANY PVT. LTD.,440719.0
MRF,2021-03-31,Independent,COMPREHENSIVE INVESTMENT AND FINANCE COMPANY PVT. LTD.,440719.0
MRF,2021-06-30,Independent,COMPREHENSIVE INVESTMENT AND FINANCE COMPANY PVT. LTD.,441044.0
MRF,2021-09-30,Independent,COMPREHENSIVE INVESTMENT AND FINANCE COMPANY PVT. LTD.,441044.0
MRF,2021-12-31,Independent,COMPREHENSIVE INVESTMENT AND FINANCE COMPANY PVT. LTD.,441694.0
MRF,2022-03-31,Independent,COMPREHENSIVE INVESTMENT AND FINANCE COMPANY PVT. LTD.,441834.0
MRF,2022-06-30,Independent,COMPREHENSIVE INVESTMENT AND FINANCE COMPANY PVT. LTD.,441834.0
MRF,2022-09-30,Independent,COMPREHENSIVE INVESTMENT AND FINANCE COMPANY PVT. LTD.,441834.0
MRF,2022-12-31,Independent,COMPREHENSIVE INVESTMENT AND FINANCE COMPANY PVT. LTD.,441834.0
MRF,2023-03-31,Independent,COMPREHENSIVE INVESTMENT AND FINANCE COMPANY PVT. LTD.,441834.0
MRF,2023-06-30,Independent,COMPREHENSIVE INVESTMENT AND FINANCE COMPANY PVT. LTD.,441834.0
MRF,2023-09-30,Independent,COMPREHENSIVE INVESTMENT AND FINANCE COMPANY PVT. LTD.,441834.0
MRF,2023-12-31,Independent,COMPREHENSIVE INVESTMENT AND FINANCE COMPANY PVT. LTD.,441834.0
MRF,2024-03-31,Independent,COMPREHENSIVE INVESTMENT AND FINANCE COMPANY PVT. LTD.,441834.0
MRF,2024-06-30,Independent,COMPREHENSIVE INVESTMENT AND FINANCE COMPANY PVT. LTD.,441834.0
MRF,2024-09-30,Independent,COMPREHENSIVE INVESTMENT AND FINANCE COMPANY PVT. LTD.,441834.0
MRF,2024-12-31,Independent,COMPREHENSIVE INVESTMENT AND FINANCE COMPANY PVT. LTD.,441834.0
MRF,2025-03-31,Independent,COMPREHENSIVE INVESTMENT AND FINANCE COMPANY PVT. LTD.,441834.0
MRF,2025-06-30,Independent,COMPREHENSIVE INVESTMENT AND FINANCE COMPANY PVT. LTD.,441834.0
MRF,2025-09-30,Independent,COMPREHENSIVE INVESTMENT AND FINANCE COMPANY PVT. LTD.,441834.0
MRF,2025-12-31,Independent,COMPREHENSIVE INVESTMENT AND FINANCE COMPANY PVT. LTD.,441834.0
MRPL,2014-03-31,Independent,,0.0
MRPL,2014-06-30,Independent,,0.0
MRPL,2014-09-30,Independent,,0.0
MRPL,2014-12-31,Independent,,0.0
MRPL,2015-03-31,Independent,,0.0
MRPL,2015-06-30,Independent,,0.0
MRPL,2015-09-30,Independent,,0.0
MRPL,2015-12-31,Independent,OIL AND NATURAL GAS CORPORATION LIMITED,1255354097.0
MRPL,2016-03-31,Independent,OIL AND NATURAL GAS CORPORATION LIMITED,1255354097.0
MRPL,2016-06-30,Independent,OIL AND NATURAL GAS CORPORATION LIMITED,1255354097.0
MRPL,2016-09-30,Independent,OIL AND NATURAL GAS CORPORATION LIMITED,1255354097.0
MRPL,2016-12-31,Independent,Body Corporate,1552507615.0
MRPL,2017-03-31,Independent,Body Corporate,1552507615.0
MRPL,2017-06-30,Independent,Body Corporate,1552507615.0
MRPL,2017-09-30,Independent,Body Corporate,1552507615.0
MRPL,2017-12-31,Independent,Body Corporate,1552507615.0
MRPL,2018-03-31,Independent,OIL AND NATURAL GAS CORPORATION LIMITED,1255354097.0
MRPL,2018-06-30,Independent,Oil and Natural Gas Corporation Limited,1255354097.0
MRPL,2018-09-30,Independent,Oil and Natural Gas Corporation Limited,1255354097.0
MRPL,2018-12-31,Independent,Oil and Natural Gas Corporation Limited,1255354097.0
MRPL,2019-03-31,Independent,OIL AND NATURAL GAS CORPORATION LIMITED,1255354097.0
MRPL,2019-06-30,Independent,OIL AND NATURAL GAS CORPORATION LIMITED,1255354097.0
MRPL,2019-09-30,Independent,OIL AND NATURAL GAS CORPORATION LIMITED,1255354097.0
MRPL,2019-12-31,Independent,OIL AND NATURAL GAS CORPORATION LIMITED,1255354097.0
MRPL,2020-03-31,Independent,OIL AND NATURAL GAS CORPORATION LIMITED,1255354097.0
MRPL,2020-06-30,Independent,OIL AND NATURAL GAS CORPORATION OF INDIA LIMITED,1255354097.0
MRPL,2020-09-30,Independent,OIL AND NATURAL GAS CORPORATION,1255354097.0
MRPL,2020-12-31,Independent,Oil and Natural Gas Corporation Ltd,1255354097.0
MRPL,2021-03-31,Independent,Oil and Natural Gas Corporation Limited,1255354097.0
MRPL,2021-06-30,Independent,Oil and Natural Gas Corporation Ltd,1255354097.0
MRPL,2021-09-30,Independent,OIL AND NATURAL GAS CORPORATION LIMITED,1255354097.0
MRPL,2021-12-31,Independent,OIL AND NATURAL GAS CORPORATION LIMITED,1255354097.0
MRPL,2022-03-31,Independent,Oil and Natural Gas Corporation Ltd,1255354097.0
MRPL,2022-06-30,Independent,Oil and Natural Gas Corporation Limited,1255354097.0
MRPL,2022-09-30,Independent,Oil and Natural Gas Corporation Limited,1255354097.0
MRPL,2022-12-31,Independent,Oil and Natural Gas Corporation Limited,1255354097.0
MRPL,2023-03-31,Independent,Oil and Natural Gas Corporation Limited,1255354097.0
MRPL,2023-06-30,Independent,Oil and Natural Gas Corporation Ltd,1255354097.0
MRPL,2023-09-30,Independent,Oil and Gas Corporation Limited,1255354097.0
MRPL,2023-12-31,Independent,Oil and Gas Corporation Limited,1255354097.0
MRPL,2024-03-31,Independent,Oil And Natural Gas Corporation Ltd,1255354097.0
MRPL,2024-06-30,Independent,Oil And Natural Gas Corporation Ltd,1255354097.0
MRPL,2024-09-30,Independent,Oil And Natural Gas Corporation Ltd,1255354097.0
MRPL,2024-12-31,Independent,Oil And Natural Gas Corporation Ltd,1255354097.0
MRPL,2025-03-31,Independent,Oil And Natural Gas Corporation Limited,1255354097.0
MRPL,2025-06-30,Independent,Oil And Natural Gas Corporation Ltd,1255354097.0
MRPL,2025-09-30,Independent,Oil And Natural Gas Corporation Ltd,1255354097.0
MRPL,2025-12-31,Independent,Oil And Natural Gas Corporation Ltd,1255354097.0
MSUMI,2022-03-28,Independent,MOTHERSON SUMI SYSTEMS LIMITED,1055750653.0
MSUMI,2022-03-31,Independent,MOTHERSON SUMI SYSTEMS LIMITED,1055750653.0
MSUMI,2022-06-30,Independent,SAMVARDHANA MOTHERSON INTERNATIONAL LIMITED,1055750653.0
MSUMI,2022-09-30,Independent,SAMVARDHANA MOTHERSON INTERNATIONAL LIMITED,1055750653.0
MSUMI,2022-11-18,Independent,SAMVARDHANA MOTHERSON INTERNATIONAL LIMITED,1478050914.0
MSUMI,2022-12-31,Independent,SAMVARDHANA MOTHERSON INTERNATIONAL LIMITED,1478050914.0
MSUMI,2023-03-31,Independent,SAMVARDHANA MOTHERSON INTERNATIONAL LIMITED,1478050914.0
MSUMI,2023-06-30,Independent,SAMVARDHANA MOTHERSON INTERNATIONAL LIMITED,1478050914.0
MSUMI,2023-09-30,Independent,SAMVARDHANA MOTHERSON INTERNATIONAL LIMITED,1478050914.0
MSUMI,2023-12-31,Independent,SAMVARDHANA MOTHERSON INTERNATIONAL LIMITED,1478050914.0
MSUMI,2024-03-31,Independent,SAMVARDHANA MOTHERSON INTERNATIONAL LIMITED,1478050914.0
MSUMI,2024-06-30,Independent,SAMVARDHANA MOTHERSON INTERNATIONAL LIMITED,1478050914.0
MSUMI,2024-09-30,Independent,SAMVARDHANA MOTHERSON INTERNATIONAL LIMITED,1478050914.0
MSUMI,2024-12-31,Independent,SAMVARDHANA MOTHERSON INTERNATIONAL LIMITED,1478050914.0
MSUMI,2025-03-31,Independent,SAMVARDHANA MOTHERSON INTERNATIONAL LIMITED,1478050914.0
MSUMI,2025-06-30,Independent,SAMVARDHANA MOTHERSON INTERNATIONAL LIMITED,1478050914.0
MSUMI,2025-07-21,Independent,SAMVARDHANA MOTHERSON INTERNATIONAL LIMITED,2217076370.0
MSUMI,2025-09-30,Independent,SAMVARDHANA MOTHERSON INTERNATIONAL LIMITED,2217076370.0
MSUMI,2025-12-31,Independent,SAMVARDHANA MOTHERSON INTERNATIONAL LIMITED,2217076370.0
MUTHOOTFIN,2014-03-31,Independent,,0.0
MUTHOOTFIN,2014-05-02,Independent,,0.0
MUTHOOTFIN,2014-06-30,Independent,,0.0
MUTHOOTFIN,2014-09-30,Independent,,0.0
MUTHOOTFIN,2014-12-31,Independent,,0.0
MUTHOOTFIN,2015-03-31,Independent,,0.0
MUTHOOTFIN,2015-06-30,Independent,,0.0
MUTHOOTFIN,2015-09-30,Independent,,0.0
MUTHOOTFIN,2016-03-31,Independent,M G George Muthoot,47385132.0
MUTHOOTFIN,2016-06-30,Independent,M G George Muthoot,47385132.0
MUTHOOTFIN,2016-09-30,Independent,M G George Muthoot,47385132.0
MUTHOOTFIN,2016-12-31,Independent,M G George Muthoot,47385132.0
MUTHOOTFIN,2017-03-31,Independent,M G George Muthoot,46551632.0
MUTHOOTFIN,2017-06-30,Independent,M G George Muthoot,46551632.0
MUTHOOTFIN,2017-09-30,Independent,M G George Muthoot,46551632.0
MUTHOOTFIN,2017-12-31,Independent,M G George Muthoot,46551632.0
MUTHOOTFIN,2018-03-31,Independent,M G George Muthoot,46551632.0
MUTHOOTFIN,2018-06-30,Independent,M G George Muthoot,46551632.0
MUTHOOTFIN,2018-09-30,Independent,M G George Muthoot,46551632.0
MUTHOOTFIN,2018-12-31,Independent,M G George Muthoot,46551632.0
MUTHOOTFIN,2019-03-31,Independent,M G George Muthoot,46551632.0
MUTHOOTFIN,2019-06-30,Independent,M G GEORGE MUTHOOT,46551632.0
MUTHOOTFIN,2019-09-30,Independent,M G George Muthoot,46551632.0
MUTHOOTFIN,2019-12-31,Independent,M G George Muthoot,46551632.0
MUTHOOTFIN,2020-03-31,Independent,M G George Muthoot,46551632.0
MUTHOOTFIN,2020-06-30,Independent,M G George Muthoot,46551632.0
MUTHOOTFIN,2020-09-30,Independent,M G George Muthoot,46551632.0
MUTHOOTFIN,2020-12-31,Independent,M G George Muthoot,46551632.0
MUTHOOTFIN,2021-03-31,Independent,Sara George,60070968.0
MUTHOOTFIN,2021-06-30,Independent,George Alexander Muthoot,43630900.0
MUTHOOTFIN,2021-09-30,Independent,George Jacob Muthoot,43630900.0
MUTHOOTFIN,2021-12-31,Independent,George Jacob Muthoot,43630900.0
MUTHOOTFIN,2022-03-31,Independent,George Jacob Muthoot,43630900.0
MUTHOOTFIN,2022-06-30,Independent,George Jacob Muthoot,43630900.0
MUTHOOTFIN,2022-09-30,Independent,George Jacob Muthoot,43630900.0
MUTHOOTFIN,2022-12-31,Independent,George Jacob Muthoot,43630900.0
MUTHOOTFIN,2023-03-31,Independent,George Jacob Muthoot,43630900.0
MUTHOOTFIN,2023-06-30,Independent,George Jacob Muthoot,43630900.0
MUTHOOTFIN,2023-09-30,Independent,George Jacob Muthoot,43630900.0
MUTHOOTFIN,2023-12-31,Independent,George Jacob Muthoot,43630900.0
MUTHOOTFIN,2024-03-31,Independent,George Jacob Muthoot,43630900.0
MUTHOOTFIN,2024-06-30,Independent,George Jacob Muthoot,43630900.0
MUTHOOTFIN,2024-09-30,Independent,George Jacob Muthoot,43630900.0
MUTHOOTFIN,2024-12-31,Independent,George Jacob Muthoot,43630900.0
MUTHOOTFIN,2025-03-31,Independent,George Jacob Muthoot,43630900.0
MUTHOOTFIN,2025-06-30,Independent,George Jacob Muthoot,43630900.0
MUTHOOTFIN,2025-09-30,Independent,George Jacob Muthoot,43630900.0
MUTHOOTFIN,2025-12-31,Independent,George Jacob Muthoot,43630900.0
NAM-INDIA,2017-11-02,Reliance,Reliance Capital Limited,262395000.0
NAM-INDIA,2017-12-31,Reliance,Reliance Capital Limited,262395000.0
NAM-INDIA,2018-03-31,Reliance,Reliance Capital Limited,262395000.0
NAM-INDIA,2018-06-30,Reliance,Reliance Capital Limited,262395000.0
NAM-INDIA,2018-09-30,Reliance,Reliance Capital Limited,262395000.0
NAM-INDIA,2018-12-31,Reliance,RELIANCE CAPITAL LIMITED,262395000.0
NAM-INDIA,2019-03-31,Reliance,Reliance Capital Limited,262395000.0
NAM-INDIA,2019-06-30,Reliance,Reliance Capital Limited,196604000.0
NAM-INDIA,2019-09-30,Reliance,Reliance Capital Limited,26176019.0
NAM-INDIA,2019-12-31,Reliance,Reliance Capital Limited,5678596.0
NAM-INDIA,2020-03-31,Reliance,Reliance Capital Limited,5678596.0
NAM-INDIA,2020-06-30,Reliance,Reliance Capital Limited,5678596.0
NAM-INDIA,2020-09-30,Reliance,Reliance Capital Limited,5678596.0
NAM-INDIA,2020-12-31,Reliance,Reliance Capital Limited,5678596.0
NAM-INDIA,2021-03-31,Independent,NIPPON LIFE INSURANCE COMPANY,459028095.0
NAM-INDIA,2021-06-30,Independent,NIPPON LIFE INSURANCE COMPANY,459028095.0
NAM-INDIA,2021-09-30,Independent,NIPPON LIFE INSURANCE COMPANY,459028095.0
NAM-INDIA,2021-12-31,Independent,NIPPON LIFE INSURANCE COMPANY,459028095.0
NAM-INDIA,2022-03-31,Independent,NIPPON LIFE INSURANCE COMPANY,459028095.0
NAM-INDIA,2022-06-30,Independent,NIPPON LIFE INSURANCE COMPANY,459028095.0
NAM-INDIA,2022-09-30,Independent,NIPPON LIFE INSURANCE COMPANY,459028095.0
NAM-INDIA,2022-12-31,Independent,NIPPON LIFE INSURANCE COMPANY,459028095.0
NAM-INDIA,2023-03-31,Independent,NIPPON LIFE INSURANCE COMPANY,459028095.0
NAM-INDIA,2023-06-30,Independent,NIPPON LIFE INSURANCE COMPANY,459028095.0
NAM-INDIA,2023-09-30,Independent,NIPPON LIFE INSURANCE COMPANY,459028095.0
NAM-INDIA,2023-12-31,Independent,NIPPON LIFE INSURANCE COMPANY,459028095.0
NAM-INDIA,2024-03-31,Independent,NIPPON LIFE INSURANCE COMPANY,459028095.0
NAM-INDIA,2024-06-30,Independent,NIPPON LIFE INSURANCE COMPANY,459028095.0
NAM-INDIA,2024-09-30,Independent,NIPPON LIFE INSURANCE COMPANY,459028095.0
NAM-INDIA,2024-12-31,Independent,NIPPON LIFE INSURANCE COMPANY,459028095.0
NAM-INDIA,2025-03-31,Independent,NIPPON LIFE INSURANCE COMPANY,459028095.0
NAM-INDIA,2025-06-30,Independent,NIPPON LIFE INSURANCE COMPANY,459028095.0
NAM-INDIA,2025-09-30,Independent,NIPPON LIFE INSURANCE COMPANY,459028095.0
NAM-INDIA,2025-12-31,Independent,NIPPON LIFE INSURANCE COMPANY,459028095.0
NATCOPHARM,2014-03-31,Independent,,0.0
NATCOPHARM,2014-06-30,Independent,,0.0
NATCOPHARM,2014-09-30,Independent,,0.0
NATCOPHARM,2014-12-31,Independent,,0.0
NATCOPHARM,2015-03-31,Independent,,0.0
NATCOPHARM,2015-06-30,Independent,,0.0
NATCOPHARM,2015-09-30,Independent,,0.0
NATCOPHARM,2015-12-31,Independent,V C NANNAPANENI,34527525.0
NATCOPHARM,2016-03-31,Independent,Body Corporate,37717220.0
NATCOPHARM,2016-06-30,Independent,Body Corporate,37717220.0
NATCOPHARM,2016-09-30,Independent,Body Corporate,37717220.0
NATCOPHARM,2016-12-31,Independent,Other,37717220.0
NATCOPHARM,2017-03-31,Independent,Body Corporate,37717220.0
NATCOPHARM,2017-06-30,Independent,V C NANNAPANENI,35296770.0
NATCOPHARM,2017-09-30,Independent,V C NANNAPANENI,35311270.0
NATCOPHARM,2017-12-15,Independent,Body Corporate,37684470.0
NATCOPHARM,2017-12-31,Independent,V C NANNAPANENI,35311270.0
NATCOPHARM,2018-03-31,Independent,V C NANNAPANENI,35311270.0
NATCOPHARM,2018-06-30,Independent,V C NANNAPANENI,35311270.0
NATCOPHARM,2018-09-30,Independent,V C NANNAPANENI,35311270.0
NATCOPHARM,2018-12-31,Independent,V C NANNAPANENI,35311270.0
NATCOPHARM,2019-03-31,Independent,V C NANNAPANENI,35311270.0
NATCOPHARM,2019-06-30,Independent,V C NANNAPANENI,22587930.0
NATCOPHARM,2019-09-30,Independent,V C NANNAPANENI,22587930.0
NATCOPHARM,2019-12-31,Independent,V C NANNAPANENI,22587930.0
NATCOPHARM,2020-03-31,Independent,V C NANNAPANENI,22587930.0
NATCOPHARM,2020-06-30,Independent,V C NANNAPANENI,22587930.0
NATCOPHARM,2020-09-30,Independent,V C NANNAPANENI,22587930.0
NATCOPHARM,2020-12-31,Independent,V C NANNAPANENI,22587930.0
NATCOPHARM,2021-03-31,Independent,V C NANNAPANENI,22587930.0
NATCOPHARM,2021-06-30,Independent,V C NANNAPANENI,22587930.0
NATCOPHARM,2021-09-30,Independent,V C NANNAPANENI,22587930.0
NATCOPHARM,2021-12-31,Independent,V C NANNAPANENI,22587930.0
NATCOPHARM,2022-03-31,Independent,V C NANNAPANENI,22587930.0
NATCOPHARM,2022-06-30,Independent,V C NANNAPANENI,22587930.0
NATCOPHARM,2022-09-30,Independent,V C NANNAPANENI,22587930.0
NATCOPHARM,2022-12-31,Independent,V C NANNAPANENI,22605860.0
NATCOPHARM,2023-03-31,Independent,V C NANNAPANENI,22605860.0
NATCOPHARM,2023-06-30,Independent,V C NANNAPANENI,28045905.0
NATCOPHARM,2023-09-30,Independent,V C NANNAPANENI,28045905.0
NATCOPHARM,2023-12-31,Independent,V C NANNAPANENI,28045905.0
NATCOPHARM,2024-03-31,Independent,V C NANNAPANENI,28045905.0
NATCOPHARM,2024-06-30,Independent,V C NANNAPANENI,28045905.0
NATCOPHARM,2024-09-30,Independent,V C NANNAPANENI,28045905.0
NATCOPHARM,2024-12-31,Independent,V C NANNAPANENI,28045905.0
NATCOPHARM,2025-03-31,Independent,V C NANNAPANENI,28045905.0
NATCOPHARM,2025-06-30,Independent,V C NANNAPANENI,28045905.0
NATCOPHARM,2025-09-30,Independent,V C NANNAPANENI,28045905.0
NATCOPHARM,2025-12-31,Independent,V C NANNAPANENI,28045905.0
NATIONALUM,2014-03-31,Independent,,0.0
NATIONALUM,2014-06-30,Independent,,0.0
NATIONALUM,2014-09-30,Independent,,0.0
NATIONALUM,2014-12-31,Independent,,0.0
NATIONALUM,2015-03-31,Independent,,0.0
NATIONALUM,2015-06-30,Independent,,0.0
NATIONALUM,2015-09-26,Independent,,0.0
NATIONALUM,2015-09-30,Independent,,0.0
NATIONALUM,2015-12-31,GOI_PSU,Central Government/ State Government(s),2085782622.0
NATIONALUM,2016-03-31,GOI_PSU,Central Government/ State Government(s),2085782622.0
NATIONALUM,2016-06-30,GOI_PSU,Central Government/ State Government(s),2085782622.0
NATIONALUM,2016-09-22,GOI_PSU,Central Government/ State Government(s),1441482490.0
NATIONALUM,2016-09-30,GOI_PSU,Central Government/ State Government(s),1441482490.0
NATIONALUM,2016-12-31,GOI_PSU,Central Government/ State Government(s),1441482490.0
NATIONALUM,2017-03-31,GOI_PSU,Central Government/ State Government(s),1441482490.0
NATIONALUM,2017-06-30,GOI_PSU,Central Government/ State Government(s),1263412563.0
NATIONALUM,2017-09-30,GOI_PSU,Central Government/ State Government(s),1263412563.0
NATIONALUM,2017-12-31,GOI_PSU,Central Government/ State Government(s),1163717107.0
NATIONALUM,2018-03-31,GOI_PSU,Central Government/ State Government(s),1163717107.0
NATIONALUM,2018-06-30,GOI_PSU,Central Government/ State Government(s),1085740021.0
NATIONALUM,2018-09-30,GOI_PSU,Central Government/ State Government(s),1093828280.0
NATIONALUM,2018-12-07,GOI_PSU,Central Government/ State Government(s),1059067840.0
NATIONALUM,2018-12-31,GOI_PSU,Central Government/ State Government(s),1059067840.0
NATIONALUM,2019-03-31,GOI_PSU,Central Government/ State Government(s),970081517.0
NATIONALUM,2019-06-30,GOI_PSU,Central Government/ State Government(s),970081517.0
NATIONALUM,2019-09-30,GOI_PSU,Central Government/ State Government(s),970081517.0
NATIONALUM,2019-12-31,GOI_PSU,Central Government/ State Government(s),960793011.0
NATIONALUM,2020-03-31,GOI_PSU,Central Government/ State Government(s),960793011.0
NATIONALUM,2020-06-30,GOI_PSU,Central Government/ State Government(s),960793011.0
NATIONALUM,2020-09-30,GOI_PSU,Central Government/ State Government(s),960793011.0
NATIONALUM,2020-12-31,GOI_PSU,Central Government/ State Government(s),960793011.0
NATIONALUM,2021-03-31,GOI_PSU,Central Government/ State Government(s),941793011.0
NATIONALUM,2021-06-30,GOI_PSU,Central Government/ State Government(s),941793011.0
NATIONALUM,2021-09-30,GOI_PSU,Central Government/ State Government(s),941793011.0
NATIONALUM,2021-12-31,GOI_PSU,Central Government/ State Government(s),941793011.0
NATIONALUM,2022-03-31,GOI_PSU,Central Government/ State Government(s),941793011.0
NATIONALUM,2022-06-30,GOI_PSU,Central Government/ State Government(s),941793011.0
NATIONALUM,2022-09-30,GOI_PSU,Central Government/ State Government(s),941793011.0
NATIONALUM,2022-12-31,GOI_PSU,Central Government/ State Government(s),941793011.0
NATIONALUM,2023-03-31,GOI_PSU,Central Government/ State Government(s),941793011.0
NATIONALUM,2023-06-30,GOI_PSU,Central Government/ State Government(s),941793011.0
NATIONALUM,2023-09-30,GOI_PSU,Central Government/ State Government(s),941793011.0
NATIONALUM,2023-12-31,GOI_PSU,Central Government/ State Government(s),941793011.0
NATIONALUM,2024-03-31,GOI_PSU,Central Government/ State Government(s),941793011.0
NATIONALUM,2024-06-30,GOI_PSU,Central Government/ State Government(s),941793011.0
NATIONALUM,2024-09-30,GOI_PSU,Central Government/ State Government(s),941793011.0
NATIONALUM,2024-12-31,GOI_PSU,Central Government/ State Government(s),941793011.0
NATIONALUM,2025-03-31,GOI_PSU,Central Government/ State Government(s),941793011.0
NATIONALUM,2025-06-30,GOI_PSU,Central Government/ State Government(s),941793011.0
NATIONALUM,2025-09-30,GOI_PSU,Central Government/ State Government(s),941793011.0
NATIONALUM,2025-12-31,GOI_PSU,Central Government/ State Government(s),941793011.0
NAUKRI,2014-03-31,Independent,,0.0
NAUKRI,2014-06-30,Independent,,0.0
NAUKRI,2014-09-12,Independent,,0.0
NAUKRI,2014-09-30,Independent,,0.0
NAUKRI,2014-12-31,Independent,,0.0
NAUKRI,2015-03-31,Independent,,0.0
NAUKRI,2015-06-30,Independent,,0.0
NAUKRI,2015-09-30,Independent,,0.0
NAUKRI,2015-12-31,Independent,Sanjeev Bikhchandani,34914312.0
NAUKRI,2016-03-31,Independent,Sanjeev Bikhchandani,34996373.0
NAUKRI,2016-06-30,Independent,Sanjeev Bikhchandani,34996373.0
NAUKRI,2016-09-30,Independent,Sanjeev Bikhchandani,34946800.0
NAUKRI,2016-12-31,Independent,Sanjeev Bikhchandani,34639873.0
NAUKRI,2017-03-31,Independent,Sanjeev Bikhchandani,34455386.0
NAUKRI,2017-06-30,Independent,Sanjeev Bikhchandani,34124444.0
NAUKRI,2017-09-30,Independent,Sanjeev Bikhchandani,34114844.0
NAUKRI,2017-12-31,Independent,Sanjeev Bikhchandani,33637045.0
NAUKRI,2018-03-31,Independent,Sanjeev Bikhchandani,33632645.0
NAUKRI,2018-06-30,Independent,Sanjeev Bikhchandani,33632645.0
NAUKRI,2018-09-30,Independent,Sanjeev Bikhchandani,33632271.0
NAUKRI,2018-12-31,Independent,Sanjeev Bikhchandani,32489694.0
NAUKRI,2019-03-31,Independent,Sanjeev Bikhchandani,31831019.0
NAUKRI,2019-06-30,Independent,Sanjeev Bikhchandani,31731019.0
NAUKRI,2019-09-30,Independent,Sanjeev Bikhchandani,31731019.0
NAUKRI,2019-12-31,Independent,Sanjeev Bikhchandani,31731019.0
NAUKRI,2020-03-31,Independent,Sanjeev Bikhchandani,31731019.0
NAUKRI,2020-08-08,Independent,Sanjeev Bikhchandani,31699159.0
NAUKRI,2020-09-30,Independent,Sanjeev Bikhchandani,31699159.0
NAUKRI,2020-12-31,Independent,Sanjeev Bikhchandani,31699159.0
NAUKRI,2021-03-31,Independent,Sanjeev Bikhchandani,31699159.0
NAUKRI,2021-06-30,Independent,Sanjeev Bikhchandani,31699159.0
NAUKRI,2021-09-30,Independent,Sanjeev Bikhchandani,31699159.0
NAUKRI,2021-12-31,Independent,Sanjeev Bikhchandani,31699159.0
NAUKRI,2022-03-31,Independent,Sanjeev Bikhchandani,31404815.0
NAUKRI,2022-06-30,Independent,Sanjeev Bikhchandani,31404815.0
NAUKRI,2022-09-30,Independent,Sanjeev Bikhchandani,31404815.0
NAUKRI,2022-12-31,Independent,Sanjeev Bikhchandani,31404815.0
NAUKRI,2023-03-31,Independent,Sanjeev Bikhchandani,31404815.0
NAUKRI,2023-06-30,Independent,Sanjeev Bikhchandani,31404815.0
NAUKRI,2023-09-30,Independent,Sanjeev Bikhchandani,31404815.0
NAUKRI,2023-12-31,Independent,Sanjeev Bikhchandani,31404815.0
NAUKRI,2024-03-31,Independent,Sanjeev Bikhchandani,31404815.0
NAUKRI,2024-06-30,Independent,Sanjeev Bikhchandani,31404815.0
NAUKRI,2024-09-30,Independent,Sanjeev Bikhchandani,31404815.0
NAUKRI,2024-12-31,Independent,Sanjeev Bikhchandani,31334127.0
NAUKRI,2025-03-31,Independent,Sanjeev Bikhchandani,31334127.0
NAUKRI,2025-06-30,Independent,Sanjeev Bikhchandani,156670635.0
NAUKRI,2025-09-30,Independent,Sanjeev Bikhchandani,156620635.0
NAUKRI,2025-12-31,Independent,Sanjeev Bikhchandani,156620635.0
NAVINFLUOR,2014-03-31,Independent,,0.0
NAVINFLUOR,2014-06-30,Independent,,0.0
NAVINFLUOR,2014-09-30,Independent,,0.0
NAVINFLUOR,2014-12-31,Independent,,0.0
NAVINFLUOR,2015-03-31,Independent,,0.0
NAVINFLUOR,2015-06-30,Independent,,0.0
NAVINFLUOR,2015-09-30,Independent,,0.0
NAVINFLUOR,2015-12-31,Independent,SUREMI TRADING PRIVATE LIMITED,646081.0
NAVINFLUOR,2016-03-31,Independent,BODIES CORPORATE AND TRUSTS,3305397.0
NAVINFLUOR,2016-06-30,Independent,BODIES CORPORATES AND TRUSTS,3305397.0
NAVINFLUOR,2016-09-30,Independent,BODIES CORPORATES AND TRUSTS,3316567.0
NAVINFLUOR,2016-12-31,Independent,Body Corporate,3316567.0
NAVINFLUOR,2017-03-31,Independent,Body Corporate,3316567.0
NAVINFLUOR,2017-06-30,Independent,Body Corporate,2686529.0
NAVINFLUOR,2017-09-30,Independent,Body Corporate,13432645.0
NAVINFLUOR,2017-12-31,Independent,Body Corporate,13420145.0
NAVINFLUOR,2018-03-31,Independent,Other,13405215.0
NAVINFLUOR,2018-06-30,Independent,MAFATLAL IMPEX PRIVATE LIMITED,11656420.0
NAVINFLUOR,2018-09-30,Independent,MAFATLAL IMPEX PRIVATE LIMITED,11656420.0
NAVINFLUOR,2018-12-31,Independent,MAFATLAL IMPEX PRIVATE LIMITED,11656420.0
NAVINFLUOR,2019-03-31,Independent,MAFATLAL IMPEX PRIVATE LIMITED,11657420.0
NAVINFLUOR,2019-06-30,Independent,MAFATLAL IMPEX PRIVATE LIMITED,11657420.0
NAVINFLUOR,2019-09-30,Independent,MAFATLAL IMPEX PRIVATE LIMITED,11657420.0
NAVINFLUOR,2019-12-31,Independent,MAFATLAL IMPEX PRIVATE LIMITED,11657420.0
NAVINFLUOR,2020-03-31,Independent,MAFATLAL IMPEX PRIVATE LIMITED,11407420.0
NAVINFLUOR,2020-06-30,Independent,MAFATLAL IMPEX PRIVATE LIMITED,11407420.0
NAVINFLUOR,2020-09-30,Independent,MAFATLAL IMPEX PRIVATE LIMITED,11407420.0
NAVINFLUOR,2020-12-31,Independent,MAFATLAL IMPEX PRIVATE LIMITED,11407420.0
NAVINFLUOR,2021-03-31,Independent,MAFATLAL IMPEX PRIVATE LIMITED,11407420.0
NAVINFLUOR,2021-06-30,Independent,MAFATLAL IMPEX PRIVATE LIMITED,11407420.0
NAVINFLUOR,2021-09-30,Independent,MAFATLAL IMPEX PRIVATE LIMITED,11407420.0
NAVINFLUOR,2021-12-31,Independent,MAFATLAL IMPEX PRIVATE LIMITED,11407420.0
NAVINFLUOR,2022-03-31,Independent,MAFATLAL IMPEX PRIVATE LIMITED,11407420.0
NAVINFLUOR,2022-06-30,Independent,MAFATLAL IMPEX PRIVATE LIMITED,11407420.0
NAVINFLUOR,2022-09-30,Independent,MAFATLAL IMPEX PRIVATE LIMITED,11407420.0
NAVINFLUOR,2022-12-31,Independent,MAFATLAL IMPEX PRIVATE LIMITED,11407420.0
NAVINFLUOR,2023-03-31,Independent,MAFATLAL IMPEX PRIVATE LIMITED,11407420.0
NAVINFLUOR,2023-06-30,Independent,MAFATLAL IMPEX PRIVATE LIMITED,11407420.0
NAVINFLUOR,2023-09-30,Independent,MAFATLAL IMPEX PRIVATE LIMITED n(Mafatlal Exim Pvt Ltd amalgamated with Mafatlal Impex Pvt Ltd),13036149.0
NAVINFLUOR,2023-12-31,Independent,MAFATLAL IMPEX PRIVATE LIMITED n(Mafatlal Exim Pvt Ltd amalgamated with Mafatlal Impex Pvt Ltd),13036149.0
NAVINFLUOR,2024-03-31,Independent,MAFATLAL IMPEX PRIVATE LIMITED n(Mafatlal Exim Pvt Ltd amalgamated with Mafatlal Impex Pvt Ltd),13036149.0
NAVINFLUOR,2024-06-30,Independent,MAFATLAL IMPEX PRIVATE LIMITED n(Mafatlal Exim Pvt Ltd amalgamated with Mafatlal Impex Pvt Ltd),13036149.0
NAVINFLUOR,2024-09-30,Independent,MAFATLAL IMPEX PRIVATE LIMITED n(Mafatlal Exim Pvt Ltd amalgamated with Mafatlal Impex Pvt Ltd),13036149.0
NAVINFLUOR,2024-12-31,Independent,MAFATLAL IMPEX PRIVATE LIMITED n(Mafatlal Exim Pvt Ltd amalgamated with Mafatlal Impex Pvt Ltd),13036149.0
NAVINFLUOR,2025-03-31,Independent,MAFATLAL IMPEX PRIVATE LIMITED n(Mafatlal Exim Pvt Ltd amalgamated with Mafatlal Impex Pvt Ltd),13036149.0
NAVINFLUOR,2025-06-30,Independent,MAFATLAL IMPEX PRIVATE LIMITED n(Mafatlal Exim Pvt Ltd amalgamated with Mafatlal Impex Pvt Ltd),13036149.0
NAVINFLUOR,2025-07-11,Independent,MAFATLAL IMPEX PRIVATE LIMITED n(Mafatlal Exim Pvt Ltd amalgamated with Mafatlal Impex Pvt Ltd),13036149.0
NAVINFLUOR,2025-09-30,Independent,MAFATLAL IMPEX PRIVATE LIMITED n(Mafatlal Exim Pvt Ltd amalgamated with Mafatlal Impex Pvt Ltd),13036149.0
NAVINFLUOR,2025-12-31,Independent,MAFATLAL IMPEX PRIVATE LIMITED n(Mafatlal Exim Pvt Ltd amalgamated with Mafatlal Impex Pvt Ltd),13036149.0
NBCC,2014-03-31,Independent,,0.0
NBCC,2014-06-30,Independent,,0.0
NBCC,2014-09-30,Independent,,0.0
NBCC,2014-12-31,Independent,,0.0
NBCC,2015-03-31,Independent,,0.0
NBCC,2015-06-30,Independent,,0.0
NBCC,2015-09-30,Independent,,0.0
NBCC,2015-12-31,GOI_PSU,Central Government/ State Government(s),107999994.0
NBCC,2016-03-31,GOI_PSU,Central Government/ State Government(s),108000000.0
NBCC,2016-06-30,GOI_PSU,Central Government/ State Government(s),540000000.0
NBCC,2016-09-30,GOI_PSU,Central Government/ State Government(s),540000000.0
NBCC,2016-12-31,GOI_PSU,Central Government/ State Government(s),450000000.0
NBCC,2017-02-22,GOI_PSU,Central Government/ State Government(s),675000000.0
NBCC,2017-03-31,GOI_PSU,Central Government/ State Government(s),675000000.0
NBCC,2017-06-30,GOI_PSU,Central Government/ State Government(s),675000000.0
NBCC,2017-09-30,GOI_PSU,Central Government/ State Government(s),675000000.0
NBCC,2017-12-31,GOI_PSU,Central Government/ State Government(s),670527665.0
NBCC,2018-03-31,GOI_PSU,Central Government/ State Government(s),668608249.0
NBCC,2018-06-30,GOI_PSU,Central Government/ State Government(s),1326379862.0
NBCC,2018-09-30,GOI_PSU,Central Government/ State Government(s),1327503904.0
NBCC,2018-12-31,GOI_PSU,Central Government/ State Government(s),1270252552.0
NBCC,2019-03-31,GOI_PSU,Central Government/ State Government(s),1227308635.0
NBCC,2019-06-30,GOI_PSU,Central Government/ State Government(s),1227308635.0
NBCC,2019-09-30,GOI_PSU,Central Government/ State Government(s),1186699424.0
NBCC,2019-12-31,GOI_PSU,Central Government/ State Government(s),1169102978.0
NBCC,2020-03-31,GOI_PSU,Central Government/ State Government(s),1111579093.0
NBCC,2020-06-30,GOI_PSU,Central Government/ State Government(s),1111579093.0
NBCC,2020-09-30,GOI_PSU,Central Government/ State Government(s),1111579093.0
NBCC,2020-12-31,GOI_PSU,Central Government/ State Government(s),1111579093.0
NBCC,2021-03-31,GOI_PSU,Central Government/ State Government(s),1111579093.0
NBCC,2021-06-30,GOI_PSU,Central Government/ State Government(s),1111579093.0
NBCC,2021-09-30,GOI_PSU,Central Government/ State Government(s),1111579093.0
NBCC,2021-12-31,GOI_PSU,Central Government/ State Government(s),1111579093.0
NBCC,2022-03-31,GOI_PSU,Central Government/ State Government(s),1111579093.0
NBCC,2022-06-30,GOI_PSU,Central Government/ State Government(s),1111579093.0
NBCC,2022-09-30,GOI_PSU,Central Government/ State Government(s),1111579093.0
NBCC,2022-12-31,GOI_PSU,Central Government/ State Government(s),1111579093.0
NBCC,2023-03-31,GOI_PSU,Central Government/ State Government(s),1111579093.0
NBCC,2023-06-30,GOI_PSU,Central Government/ State Government(s),1111579093.0
NBCC,2023-09-30,GOI_PSU,PRESIDENT OF INDIA,1111579093.0
NBCC,2023-12-31,GOI_PSU,Central Government/ State Government(s),1111579093.0
NBCC,2024-03-31,GOI_PSU,Central Government/ State Government(s),1111579093.0
NBCC,2024-06-30,GOI_PSU,Central Government/ State Government(s),1111579093.0
NBCC,2024-09-30,GOI_PSU,Central Government/ State Government(s),1111579093.0
NBCC,2024-10-09,GOI_PSU,Central Government/ State Government(s),1667368639.0
NBCC,2024-12-31,GOI_PSU,Central Government/ State Government(s),1667368639.0
NBCC,2025-03-31,GOI_PSU,Central Government/ State Government(s),1667368639.0
NBCC,2025-06-30,GOI_PSU,Central Government/ State Government(s),1667368639.0
NBCC,2025-09-30,GOI_PSU,Central Government/ State Government(s),1667368639.0
NBCC,2025-12-31,GOI_PSU,Central Government/ State Government(s),1667368639.0
NCC,2014-03-31,Independent,,0.0
NCC,2014-06-30,Independent,,0.0
NCC,2014-09-30,Independent,,0.0
NCC,2014-12-31,Independent,,0.0
NCC,2015-03-31,Independent,,0.0
NCC,2015-06-30,Independent,,0.0
NCC,2015-09-30,Independent,,0.0
NCC,2015-12-31,Independent,A V S R HOLDINGS PRIVATE LIMITED,34052278.0
NCC,2016-03-31,Independent,A V S R HOLDINGS PRIVATE LIMITED,34052278.0
NCC,2016-06-30,Independent,A V S R HOLDINGS PRIVATE LIMITED,36352278.0
NCC,2016-09-30,Independent,A V S R HOLDINGS PRIVATE LIMITED,36352278.0
NCC,2016-12-31,Independent,Body Corporate,46535123.0
NCC,2017-03-31,Independent,Body Corporate,46535123.0
NCC,2017-06-30,Independent,Body Corporate,49285123.0
NCC,2017-09-30,Independent,Body Corporate,55636123.0
NCC,2017-12-31,Independent,Other,56523183.0
NCC,2018-02-01,Independent,Body Corporate,56523183.0
NCC,2018-03-31,Independent,Other,56523183.0
NCC,2018-06-30,Independent,Other,56523183.0
NCC,2018-09-30,Independent,A V S R HOLDINGS PRIVATE LIMITED,40453278.0
NCC,2018-12-31,Independent,A V S R HOLDINGS PRIVATE LIMITED,40453278.0
NCC,2019-03-31,Independent,A V S R HOLDINGS PRIVATE LIMITED,40453278.0
NCC,2019-06-30,Independent,A V S R HOLDINGS PRIVATE LIMITED,40453278.0
NCC,2019-09-30,Independent,A V S R HOLDINGS PRIVATE LIMITED,40453278.0
NCC,2019-12-31,Independent,A V S R HOLDINGS PRIVATE LIMITED,40453278.0
NCC,2020-03-31,Independent,A V S R HOLDINGS PRIVATE LIMITED,49653278.0
NCC,2020-06-30,Independent,A V S R HOLDINGS PRIVATE LTD,58816174.0
NCC,2020-09-30,Independent,A V S R HOLDINGS PRIVATE LTD,61071225.0
NCC,2020-12-31,Independent,A V S R HOLDINGS PRIVATE LTD,61071225.0
NCC,2021-03-31,Independent,A V S R HOLDINGS PRIVATE LTD,62766225.0
NCC,2021-06-30,Independent,A V S R HOLDINGS PRIVATE LIMITED,62766225.0
NCC,2021-09-30,Independent,A V S R HOLDINGS PRIVATE LIMITED,63556225.0
NCC,2021-12-31,Independent,A V S R HOLDINGS PRIVATE LIMITED,63556225.0
NCC,2022-03-31,Independent,A V S R HOLDINGS PRIVATE LTD,63556225.0
NCC,2022-06-30,Independent,A V S R HOLDINGS PRIVATE LTD,66556225.0
NCC,2022-07-01,Independent,A V S R HOLDINGS PRIVATE LTD,66556225.0
NCC,2022-09-30,Independent,A V S R HOLDINGS PRIVATE LTD,66556225.0
NCC,2022-12-31,Independent,A V S R HOLDINGS PRIVATE LIMITED,66556225.0
NCC,2023-03-31,Independent,A V S R HOLDINGS PRIVATE LTD,66636225.0
NCC,2023-06-30,Independent,A V S R HOLDINGS PRIVATE LTD,66636225.0
NCC,2023-09-30,Independent,A V S R HOLDINGS PRIVATE LTD,66636225.0
NCC,2023-12-31,Independent,A V S R HOLDINGS PRIVATE LIMITED,66636225.0
NCC,2024-03-31,Independent,A V S R HOLDINGS PRIVATE LTD,66636225.0
NCC,2024-06-30,Independent,A V S R HOLDINGS PRIVATE LIMITED,66636225.0
NCC,2024-09-30,Independent,A V S R HOLDINGS PRIVATE LIMITED,66636225.0
NCC,2024-12-31,Independent,A V S R HOLDINGS PRIVATE LIMITED,66636225.0
NCC,2025-03-31,Independent,A V S R HOLDINGS PRIVATE LTD,66958078.0
NCC,2025-06-30,Independent,A V S R HOLDINGS PRIVATE LTD,66958078.0
NCC,2025-09-30,Independent,A V S R HOLDINGS PRIVATE LTD,67005578.0
NCC,2025-12-31,Independent,A V S R HOLDINGS PRIVATE LTD,67815353.0
NESTLEIND,2014-03-31,Independent,,0.0
NESTLEIND,2014-06-30,Independent,,0.0
NESTLEIND,2014-09-30,Independent,,0.0
NESTLEIND,2015-03-31,Independent,,0.0
NESTLEIND,2015-06-30,Independent,,0.0
NESTLEIND,2015-09-30,Independent,,0.0
NESTLEIND,2016-03-31,Independent,BODY CORPORATE,60515079.0
NESTLEIND,2016-06-30,Independent,BODY CORPORATE,60515079.0
NESTLEIND,2016-09-30,Independent,BODY CORPORATE,60515079.0
NESTLEIND,2016-12-31,Independent,Other,60515079.0
NESTLEIND,2017-03-31,Independent,Other,60515079.0
NESTLEIND,2017-06-30,Independent,Body Corporate,60515079.0
NESTLEIND,2017-09-30,Independent,Other,60515079.0
NESTLEIND,2017-12-31,Independent,Other,60515079.0
NESTLEIND,2018-03-31,Independent,Other,60515079.0
NESTLEIND,2018-06-30,Independent,Other,60515079.0
NESTLEIND,2018-09-30,Independent,NESTLE SA,33051399.0
NESTLEIND,2018-12-31,Independent,NESTLE SA,33051399.0
NESTLEIND,2023-06-30,Independent,NESTLE S.A.,33051399.0
NESTLEIND,2023-09-30,Independent,NESTLE S.A.,33051399.0
NESTLEIND,2023-12-31,Independent,NESTLE S.A.,33051399.0
NESTLEIND,2024-03-31,Independent,NESTLE S.A.,330513990.0
NESTLEIND,2024-06-30,Independent,NESTLE S.A.,330513990.0
NESTLEIND,2024-09-30,Independent,NESTLE S.A.,330513990.0
NESTLEIND,2024-12-31,Independent,NESTLE S.A.,330513990.0
NESTLEIND,2025-03-31,Independent,NESTLE S.A.,330513990.0
NESTLEIND,2025-06-30,Independent,NESTLE S.A.,330513990.0
NESTLEIND,2025-08-11,Independent,NESTLE S.A.,661027980.0
NESTLEIND,2025-09-30,Independent,NESTLE S.A.,661027980.0
NESTLEIND,2025-12-31,Independent,NESTLE S.A.,661027980.0
NHPC,2014-03-31,Independent,,0.0
NHPC,2014-06-30,Independent,,0.0
NHPC,2014-09-30,Independent,,0.0
NHPC,2014-12-31,Independent,,0.0
NHPC,2015-03-31,Independent,,0.0
NHPC,2015-06-30,Independent,,0.0
NHPC,2015-09-30,Independent,,0.0
NHPC,2015-12-31,GOI_PSU,Central Government/ State Government(s),9516209722.0
NHPC,2016-03-31,GOI_PSU,Central Government/ State Government(s),9516209722.0
NHPC,2016-06-30,GOI_PSU,Central Government/ State Government(s),8258581781.0
NHPC,2016-09-30,GOI_PSU,Central Government/ State Government(s),8258581781.0
NHPC,2016-12-31,GOI_PSU,Central Government/ State Government(s),8248285361.0
NHPC,2017-03-31,GOI_PSU,Central Government/ State Government(s),7643406901.0
NHPC,2017-06-30,GOI_PSU,Central Government/ State Government(s),7643406901.0
NHPC,2017-09-30,GOI_PSU,Central Government/ State Government(s),7643406901.0
NHPC,2017-12-31,GOI_PSU,Central Government/ State Government(s),7587481082.0
NHPC,2018-03-31,GOI_PSU,Central Government/ State Government(s),7587481082.0
NHPC,2018-06-30,GOI_PSU,Central Government/ State Government(s),7554729303.0
NHPC,2018-09-30,GOI_PSU,Central Government/ State Government(s),7558126518.0
NHPC,2018-12-31,GOI_PSU,Central Government/ State Government(s),7558126518.0
NHPC,2019-01-24,GOI_PSU,Central Government/ State Government(s),7415854615.0
NHPC,2019-03-31,GOI_PSU,Central Government/ State Government(s),7365964993.0
NHPC,2019-06-30,GOI_PSU,Central Government/ State Government(s),7365964993.0
NHPC,2019-09-30,GOI_PSU,Central Government/ State Government(s),7365964993.0
NHPC,2019-12-31,GOI_PSU,Central Government/ State Government(s),7343930795.0
NHPC,2020-03-31,GOI_PSU,Central Government/ State Government(s),7126772676.0
NHPC,2020-06-30,GOI_PSU,Central Government/ State Government(s),7126772676.0
NHPC,2020-09-30,GOI_PSU,Central Government/ State Government(s),7126772676.0
NHPC,2020-12-31,GOI_PSU,Central Government/ State Government(s),7126772676.0
NHPC,2021-03-31,GOI_PSU,Central Government/ State Government(s),7126772676.0
NHPC,2021-06-30,GOI_PSU,Central Government/ State Government(s),7126772676.0
NHPC,2021-09-30,GOI_PSU,Central Government/ State Government(s),7126772676.0
NHPC,2021-12-31,GOI_PSU,Central Government/ State Government(s),7126772676.0
NHPC,2022-03-31,GOI_PSU,Central Government/ State Government(s),7126772676.0
NHPC,2022-06-30,GOI_PSU,Central Government/ State Government(s),7126772676.0
NHPC,2022-09-30,GOI_PSU,Central Government/ State Government(s),7126772676.0
NHPC,2022-12-31,GOI_PSU,Central Government/ State Government(s),7126772676.0
NHPC,2023-03-31,GOI_PSU,Central Government/ State Government(s),7126772676.0
NHPC,2023-06-30,GOI_PSU,Central Government/ State Government(s),7126772676.0
NHPC,2023-09-30,GOI_PSU,Central Government/ State Government(s),7126772676.0
NHPC,2023-12-31,GOI_PSU,Central Government/ State Government(s),7126772676.0
NHPC,2024-03-31,GOI_PSU,Central Government/ State Government(s),6770146458.0
NHPC,2024-06-30,GOI_PSU,Central Government/ State Government(s),6770146458.0
NHPC,2024-09-30,GOI_PSU,Central Government/ State Government(s),6770146458.0
NHPC,2024-12-31,GOI_PSU,Central Government/ State Government(s),6770146458.0
NHPC,2025-03-31,GOI_PSU,Central Government/ State Government(s),6770146458.0
NHPC,2025-06-30,GOI_PSU,Central Government/ State Government(s),6770146458.0
NHPC,2025-09-30,GOI_PSU,Central Government/ State Government(s),6770146458.0
NHPC,2025-12-31,GOI_PSU,Central Government/ State Government(s),6770146458.0
NIACL,2017-11-09,GOI_PSU,Central Government/ State Government(s),704000000.0
NIACL,2017-12-31,GOI_PSU,Central Government/ State Government(s),703999840.0
NIACL,2018-03-31,GOI_PSU,Central Government/ State Government(s),703999856.0
NIACL,2018-06-29,GOI_PSU,Central Government/ State Government(s),1408000000.0
NIACL,2018-06-30,GOI_PSU,Central Government/ State Government(s),1408000000.0
NIACL,2018-09-30,GOI_PSU,Central Government / State Government(s),1408000000.0
NIACL,2018-12-31,GOI_PSU,Central Government/ State Government(s),1408000000.0
NIACL,2019-03-31,GOI_PSU,Central Government/ State Government(s),1408000000.0
NIACL,2019-06-30,GOI_PSU,Central Government/ State Government(s),1408000000.0
NIACL,2019-09-30,GOI_PSU,Central Government/ State Government(s),1408000000.0
NIACL,2019-12-31,GOI_PSU,Central Government/ State Government(s),1408000000.0
NIACL,2020-03-31,GOI_PSU,Central Government/ State Government(s),1408000000.0
NIACL,2020-06-30,GOI_PSU,Central Government/ State Government(s),1408000000.0
NIACL,2020-09-30,GOI_PSU,Central Government/ State Government(s),1408000000.0
NIACL,2020-12-31,GOI_PSU,Central Government/ State Government(s),1408000000.0
NIACL,2021-03-31,GOI_PSU,Central Government/ State Government(s),1408000000.0
NIACL,2021-06-30,GOI_PSU,Central Government/ State Government(s),1408000000.0
NIACL,2021-09-30,GOI_PSU,Central Government/ State Government(s),1408000000.0
NIACL,2021-12-31,GOI_PSU,Central Government/ State Government(s),1408000000.0
NIACL,2022-03-31,GOI_PSU,Central Government/ State Government(s),1408000000.0
NIACL,2022-06-30,GOI_PSU,Central Government/ State Government(s),1408000000.0
NIACL,2022-09-30,GOI_PSU,Central Government/ State Government(s),1408000000.0
NIACL,2022-12-31,GOI_PSU,Central Government/ State Government(s),1408000000.0
NIACL,2023-03-31,GOI_PSU,Central Government/ State Government(s),1408000000.0
NIACL,2023-06-30,GOI_PSU,Central Government/ State Government(s),1408000000.0
NIACL,2023-09-30,GOI_PSU,Central Government/ State Government(s),1408000000.0
NIACL,2023-12-31,GOI_PSU,Central Government/ State Government(s),1408000000.0
NIACL,2024-03-31,GOI_PSU,Central Government/ State Government(s),1408000000.0
NIACL,2024-06-30,GOI_PSU,Central Government/ State Government(s),1408000000.0
NIACL,2024-09-30,GOI_PSU,Central Government/ State Government(s),1408000000.0
NIACL,2024-12-31,GOI_PSU,Central Government/ State Government(s),1408000000.0
NIACL,2025-03-31,GOI_PSU,Central Government/ State Government(s),1408000000.0
NIACL,2025-06-30,GOI_PSU,Central Government/ State Government(s),1408000000.0
NIACL,2025-09-30,GOI_PSU,Central Government/ State Government(s),1408000000.0
NIACL,2025-12-31,GOI_PSU,Central Government/ State Government(s),1408000000.0
NLCINDIA,2014-03-31,Independent,,0.0
NLCINDIA,2014-06-30,Independent,,0.0
NLCINDIA,2014-09-30,Independent,,0.0
NLCINDIA,2014-12-31,Independent,,0.0
NLCINDIA,2015-03-31,Independent,,0.0
NLCINDIA,2015-06-30,Independent,,0.0
NLCINDIA,2015-09-30,Independent,,0.0
NLCINDIA,2015-12-31,GOI_PSU,Central Government/ State Government(s),1509938640.0
NLCINDIA,2016-03-31,GOI_PSU,Central Government/ State Government(s),1509938640.0
NLCINDIA,2016-06-30,GOI_PSU,Central Government/ State Government(s),1509938640.0
NLCINDIA,2016-09-30,GOI_PSU,Central Government/ State Government(s),1509938640.0
NLCINDIA,2016-12-31,GOI_PSU,Central Government/ State Government(s),1509938640.0
NLCINDIA,2017-03-27,GOI_PSU,Central Government/ State Government(s),1365392374.0
NLCINDIA,2017-03-31,GOI_PSU,Central Government/ State Government(s),1365392374.0
NLCINDIA,2017-06-30,GOI_PSU,Central Government/ State Government(s),1365392374.0
NLCINDIA,2017-09-30,GOI_PSU,Central Government/ State Government(s),1365392374.0
NLCINDIA,2017-12-31,GOI_PSU,Central Government/ State Government(s),1284603208.0
NLCINDIA,2018-03-31,GOI_PSU,Central Government/ State Government(s),1284603208.0
NLCINDIA,2018-06-30,GOI_PSU,Central Government/ State Government(s),1282976612.0
NLCINDIA,2018-09-30,GOI_PSU,Central Government/ State Government(s),1283145332.0
NLCINDIA,2018-12-06,GOI_PSU,President of India,1170533507.0
NLCINDIA,2018-12-31,GOI_PSU,Central Government/ State Government(s),1148094377.0
NLCINDIA,2019-03-31,GOI_PSU,Central Government/ State Government(s),1135784910.0
NLCINDIA,2019-06-30,GOI_PSU,Central Government/ State Government(s),1135784910.0
NLCINDIA,2019-09-30,GOI_PSU,Central Government/ State Government(s),1121120791.0
NLCINDIA,2019-12-31,GOI_PSU,Central Government/ State Government(s),1119074746.0
NLCINDIA,2020-03-31,GOI_PSU,Central Government/ State Government(s),1098221224.0
NLCINDIA,2020-06-30,GOI_PSU,Central Government/ State Government(s),1098221224.0
NLCINDIA,2020-09-30,GOI_PSU,Central Government/ State Government(s),1098221224.0
NLCINDIA,2020-12-31,GOI_PSU,Central Government/ State Government(s),1098221224.0
NLCINDIA,2021-03-31,GOI_PSU,Central Government/ State Government(s),1098221224.0
NLCINDIA,2021-06-30,GOI_PSU,Central Government/ State Government(s),1098221224.0
NLCINDIA,2021-09-30,GOI_PSU,Central Government/ State Government(s),1098221224.0
NLCINDIA,2021-12-31,GOI_PSU,Central Government/ State Government(s),1098221224.0
NLCINDIA,2022-03-31,GOI_PSU,Central Government/ State Government(s),1098221224.0
NLCINDIA,2022-06-30,GOI_PSU,Central Government/ State Government(s),1098221224.0
NLCINDIA,2022-09-30,GOI_PSU,Central Government/ State Government(s),1098221224.0
NLCINDIA,2022-12-31,GOI_PSU,Central Government/ State Government(s),1098221224.0
NLCINDIA,2023-03-31,GOI_PSU,Central Government/ State Government(s),1098221224.0
NLCINDIA,2023-06-30,GOI_PSU,Central Government/ State Government(s),1098221224.0
NLCINDIA,2023-09-30,GOI_PSU,Central Government/ State Government(s),1098221224.0
NLCINDIA,2023-12-31,GOI_PSU,Central Government/ State Government(s),1098221224.0
NLCINDIA,2024-03-31,GOI_PSU,Central Government/ State Government(s),1001156562.0
NLCINDIA,2024-06-30,GOI_PSU,Central Government/ State Government(s),1001156562.0
NLCINDIA,2024-09-30,GOI_PSU,Central Government/ State Government(s),1001156562.0
NLCINDIA,2024-12-31,GOI_PSU,Central Government/ State Government(s),1001156562.0
NLCINDIA,2025-03-31,GOI_PSU,Central Government/ State Government(s),1001156562.0
NLCINDIA,2025-06-30,GOI_PSU,Central Government/ State Government(s),1001156562.0
NLCINDIA,2025-09-30,GOI_PSU,Central Government/ State Government(s),1001156562.0
NLCINDIA,2025-12-31,GOI_PSU,Central Government/ State Government(s),1001156562.0
NMDC,2014-03-31,Independent,,0.0
NMDC,2014-06-30,Independent,,0.0
NMDC,2014-09-30,Independent,,0.0
NMDC,2014-12-31,Independent,,0.0
NMDC,2015-03-31,Independent,,0.0
NMDC,2015-06-30,Independent,,0.0
NMDC,2015-09-30,Independent,,0.0
NMDC,2015-12-31,GOI_PSU,Central Government/ State Government(s),3171946300.0
NMDC,2016-03-31,GOI_PSU,Central Government/ State Government(s),3171946300.0
NMDC,2016-06-30,GOI_PSU,Central Government/ State Government(s),3171946300.0
NMDC,2016-09-30,GOI_PSU,Central Government/ State Government(s),3171946300.0
NMDC,2016-10-14,GOI_PSU,Central Government/ State Government(s),2371126192.0
NMDC,2016-12-31,GOI_PSU,Central Government/ State Government(s),2371126192.0
NMDC,2017-03-31,GOI_PSU,Central Government/ State Government(s),2371126192.0
NMDC,2017-06-30,GOI_PSU,Central Government/ State Government(s),2371126192.0
NMDC,2017-09-30,GOI_PSU,Central Government/ State Government(s),2371126192.0
NMDC,2017-12-31,GOI_PSU,Central Government/ State Government(s),2371126192.0
NMDC,2018-03-31,GOI_PSU,Central Government/ State Government(s),2291571551.0
NMDC,2018-06-30,GOI_PSU,Central Government/ State Government(s),2291571551.0
NMDC,2018-09-30,GOI_PSU,Central Government/ State Government(s),2291571551.0
NMDC,2018-12-31,GOI_PSU,Central Government/ State Government(s),2291571551.0
NMDC,2019-03-08,GOI_PSU,Central Government/ State Government(s),2213035712.0
NMDC,2019-03-31,GOI_PSU,Central Government/ State Government(s),2213035712.0
NMDC,2019-06-30,GOI_PSU,Central Government/ State Government(s),2213035712.0
NMDC,2019-09-30,GOI_PSU,Central Government/ State Government(s),2213035712.0
NMDC,2019-12-31,GOI_PSU,Central Government/ State Government(s),2213035712.0
NMDC,2020-02-07,GOI_PSU,Central Government/ State Government(s),2132453593.0
NMDC,2020-03-31,GOI_PSU,Central Government/ State Government(s),2132453593.0
NMDC,2020-06-30,GOI_PSU,Central Government/ State Government(s),2132453593.0
NMDC,2020-09-30,GOI_PSU,Central Government/ State Government(s),2132453593.0
NMDC,2020-12-31,GOI_PSU,Central Government/ State Government(s),2132453593.0
NMDC,2021-01-11,GOI_PSU,Central Government/ State Government(s),2001283891.0
NMDC,2021-03-31,GOI_PSU,Central Government/ State Government(s),2001283891.0
NMDC,2021-06-30,GOI_PSU,Central Government/ State Government(s),2001283891.0
NMDC,2021-07-20,GOI_PSU,Central Government/ State Government(s),1781633571.0
NMDC,2021-09-30,GOI_PSU,Central Government/ State Government(s),1781633571.0
NMDC,2021-12-31,GOI_PSU,Central Government/ State Government(s),1781633571.0
NMDC,2022-03-31,GOI_PSU,Central Government/ State Government(s),1781633571.0
NMDC,2022-06-30,GOI_PSU,Central Government/ State Government(s),1781633571.0
NMDC,2022-09-30,GOI_PSU,Central Government/ State Government(s),1781633571.0
NMDC,2022-12-31,GOI_PSU,Central Government/ State Government(s),1781633571.0
NMDC,2023-03-31,GOI_PSU,Central Government/ State Government(s),1781633571.0
NMDC,2023-06-30,GOI_PSU,Central Government/ State Government(s),1781633571.0
NMDC,2023-09-30,GOI_PSU,Central Government/ State Government(s),1781633571.0
NMDC,2023-12-31,GOI_PSU,Central Government/ State Government(s),1781633571.0
NMDC,2024-03-31,GOI_PSU,Central Government/ State Government(s),1781633571.0
NMDC,2024-06-30,GOI_PSU,Central Government/ State Government(s),1781633571.0
NMDC,2024-09-30,GOI_PSU,Central Government/ State Government(s),1781633571.0
NMDC,2024-12-30,GOI_PSU,Central Government/ State Government(s),5344900713.0
NMDC,2024-12-31,GOI_PSU,Central Government/ State Government(s),5344900713.0
NMDC,2025-03-31,GOI_PSU,Central Government/ State Government(s),5344900713.0
NMDC,2025-06-30,GOI_PSU,Central Government/ State Government(s),5344900713.0
NMDC,2025-09-30,GOI_PSU,Central Government/ State Government(s),5344900713.0
NMDC,2025-12-31,GOI_PSU,Central Government/ State Government(s),5344900713.0
NTPC,2014-03-31,Independent,,0.0
NTPC,2014-06-13,Independent,,0.0
NTPC,2014-06-30,Independent,,0.0
NTPC,2014-09-30,Independent,,0.0
NTPC,2014-12-31,Independent,,0.0
NTPC,2015-03-31,Independent,,0.0
NTPC,2015-06-30,Independent,,0.0
NTPC,2015-09-30,Independent,,0.0
NTPC,2015-12-31,GOI_PSU,Central Government/ State Government(s),6180614980.0
NTPC,2016-03-31,GOI_PSU,Central Government/ State Government(s),5768341760.0
NTPC,2016-06-30,GOI_PSU,Central Government/ State Government(s),5768341760.0
NTPC,2016-09-30,GOI_PSU,Central Government/ State Government(s),5750759170.0
NTPC,2016-12-31,GOI_PSU,Central Government/ State Government(s),5750759170.0
NTPC,2017-03-31,GOI_PSU,Central Government/ State Government(s),5750759170.0
NTPC,2017-09-30,GOI_PSU,Central Government/ State Government(s),5194138878.0
NTPC,2017-12-31,GOI_PSU,Central Government/ State Government(s),5134825262.0
NTPC,2018-03-31,GOI_PSU,Central Government/ State Government(s),5134825262.0
NTPC,2018-06-30,GOI_PSU,Central Government/ State Government(s),5088447066.0
NTPC,2018-09-30,GOI_PSU,Central Government/ State Government(s),5093257695.0
NTPC,2018-12-31,GOI_PSU,Central Government/ State Government(s),4859245106.0
NTPC,2019-03-23,GOI_PSU,Central Government/ State Government(s),5560036792.0
NTPC,2019-03-31,GOI_PSU,Central Government/ State Government(s),5550120301.0
NTPC,2019-06-30,GOI_PSU,Central Government/ State Government(s),5581167271.0
NTPC,2019-09-30,GOI_PSU,Central Government/ State Government(s),5392920157.0
NTPC,2019-12-31,GOI_PSU,Central Government/ State Government(s),5356846444.0
NTPC,2020-03-31,GOI_PSU,Central Government/ State Government(s),5048097508.0
NTPC,2020-06-30,GOI_PSU,Central Government/ State Government(s),5048097508.0
NTPC,2020-09-30,GOI_PSU,Central Government/ State Government(s),5048097508.0
NTPC,2020-12-31,GOI_PSU,Central Government/ State Government(s),4955346251.0
NTPC,2021-03-31,GOI_PSU,Central Government/ State Government(s),4955346251.0
NTPC,2021-06-30,GOI_PSU,Central Government/ State Government(s),4955346251.0
NTPC,2021-09-30,GOI_PSU,Central Government/ State Government(s),4955346251.0
NTPC,2021-12-31,GOI_PSU,Central Government/ State Government(s),4955346251.0
NTPC,2022-03-31,GOI_PSU,Central Government/ State Government(s),4955346251.0
NTPC,2022-06-30,GOI_PSU,Central Government/ State Government(s),4955346251.0
NTPC,2022-09-30,GOI_PSU,Central Government/ State Government(s),4955346251.0
NTPC,2022-12-31,GOI_PSU,Central Government/ State Government(s),4955346251.0
NTPC,2023-03-31,GOI_PSU,Central Government/ State Government(s),4955346251.0
NTPC,2023-06-30,GOI_PSU,Central Government/ State Government(s),4955346251.0
NTPC,2023-09-30,GOI_PSU,Central Government/ State Government(s),4955346251.0
NTPC,2023-12-31,GOI_PSU,Central Government/ State Government(s),4955346251.0
NTPC,2024-03-31,GOI_PSU,Central Government/ State Government(s),4955346251.0
NTPC,2024-06-30,GOI_PSU,Central Government/ State Government(s),4955346251.0
NTPC,2024-09-30,GOI_PSU,Central Government/ State Government(s),4955346251.0
NTPC,2024-12-31,GOI_PSU,Central Government/ State Government(s),4955346251.0
NTPC,2025-03-31,GOI_PSU,Central Government/ State Government(s),4955346251.0
NTPC,2025-06-30,GOI_PSU,Central Government/ State Government(s),4955346251.0
NTPC,2025-09-30,GOI_PSU,Central Government/ State Government(s),4955346251.0
NTPC,2025-12-31,GOI_PSU,Central Government/ State Government(s),4955346251.0
NTPCGREEN,2024-11-26,Independent,NTPC LIMITED,7500000000.0
NTPCGREEN,2024-12-31,Independent,NTPC LIMITED,7499999900.0
NTPCGREEN,2025-03-31,Independent,NTPC Limited,7499999900.0
NTPCGREEN,2025-06-30,Independent,NTPC LIMITED,7499999900.0
NTPCGREEN,2025-09-30,Independent,NTPC LIMITED,7499999900.0
NTPCGREEN,2025-12-31,Independent,NTPC LIMITED,7499999900.0
OBEROIRLTY,2014-03-31,Independent,,0.0
OBEROIRLTY,2014-06-30,Independent,,0.0
OBEROIRLTY,2014-09-30,Independent,,0.0
OBEROIRLTY,2014-12-31,Independent,,0.0
OBEROIRLTY,2015-03-31,Independent,,0.0
OBEROIRLTY,2015-06-30,Independent,,0.0
OBEROIRLTY,2015-07-20,Independent,,0.0
OBEROIRLTY,2015-09-30,Independent,,0.0
OBEROIRLTY,2015-12-31,Independent,Vikas Oberoi,212872504.0
OBEROIRLTY,2016-03-31,Independent,Vikas Oberoi,212872504.0
OBEROIRLTY,2016-06-30,Independent,Vikas Oberoi,212872504.0
OBEROIRLTY,2016-09-30,Independent,Vikas Oberoi,212872504.0
OBEROIRLTY,2016-12-31,Independent,Vikas Oberoi,212873614.0
OBEROIRLTY,2017-03-31,Independent,Vikas Oberoi,212873614.0
OBEROIRLTY,2017-06-30,Independent,Vikas Oberoi,212873614.0
OBEROIRLTY,2017-09-30,Independent,Vikas Oberoi,212873614.0
OBEROIRLTY,2017-12-31,Independent,Vikas Oberoi,212873614.0
OBEROIRLTY,2018-03-31,Independent,Vikas Oberoi,212873614.0
OBEROIRLTY,2018-06-21,Independent,Vikas Oberoi,212873614.0
OBEROIRLTY,2018-06-30,Independent,Vikas Oberoi,212873614.0
OBEROIRLTY,2018-09-30,Independent,Vikas Ranvir Oberoi,212873614.0
OBEROIRLTY,2018-12-31,Independent,Vikas Ranvir Oberoi,212873614.0
OBEROIRLTY,2019-03-31,Independent,Vikas Ranvir Oberoi,212873614.0
OBEROIRLTY,2019-06-30,Independent,Vikas Ranvir Oberoi,212873614.0
OBEROIRLTY,2019-09-30,Independent,Vikas Ranvir Oberoi,212873614.0
OBEROIRLTY,2019-12-31,Independent,Vikas Ranvir Oberoi,212873614.0
OBEROIRLTY,2020-03-31,Independent,Vikas Ranvir Oberoi,212873614.0
OBEROIRLTY,2020-06-30,Independent,Vikas Ranvir Oberoi,212873614.0
OBEROIRLTY,2020-09-30,Independent,Vikas Ranvir Oberoi,212873614.0
OBEROIRLTY,2020-12-31,Independent,Vikas Ranvir Oberoi,212873614.0
OBEROIRLTY,2021-03-31,Independent,Vikas Ranvir Oberoi,212873614.0
OBEROIRLTY,2021-06-30,Independent,Vikas Ranvir Oberoi,212873614.0
OBEROIRLTY,2021-09-30,Independent,Vikas Ranvir Oberoi,212873614.0
OBEROIRLTY,2021-12-31,Independent,VIKAS RANVIR OBEROI,212873614.0
OBEROIRLTY,2022-03-31,Independent,Vikas Ranvir Oberoi,212873614.0
OBEROIRLTY,2022-06-30,Independent,Vikas Ranvir Oberoi,212873614.0
OBEROIRLTY,2022-09-30,Independent,Vikas Ranvir Oberoi,212873614.0
OBEROIRLTY,2022-12-31,Independent,Vikas Ranvir Oberoi,212873614.0
OBEROIRLTY,2023-03-31,Independent,Vikas Ranvir Oberoi,212873614.0
OBEROIRLTY,2023-06-30,Independent,Vikas Ranvir Oberoi,212873614.0
OBEROIRLTY,2023-09-30,Independent,Vikas Ranvir Oberoi,212873614.0
OBEROIRLTY,2023-12-31,Independent,Vikas Ranvir Oberoi,212873614.0
OBEROIRLTY,2024-03-31,Independent,Vikas Ranvir Oberoi,212873614.0
OBEROIRLTY,2024-06-30,Independent,Vikas Ranvir Oberoi,212873614.0
OBEROIRLTY,2024-09-30,Independent,Vikas Ranvir Oberoi,212873614.0
OBEROIRLTY,2024-12-31,Independent,Vikas Ranvir Oberoi,212873614.0
OBEROIRLTY,2025-03-31,Independent,Vikas Ranvir Oberoi,212873614.0
OBEROIRLTY,2025-06-30,Independent,Vikas Ranvir Oberoi,212873614.0
OBEROIRLTY,2025-09-30,Independent,Vikas Ranvir Oberoi,212873614.0
OBEROIRLTY,2025-12-31,Independent,Vikas Ranvir Oberoi,212873614.0
OFSS,2014-03-31,Independent,,0.0
OFSS,2014-06-30,Independent,,0.0
OFSS,2014-09-30,Independent,,0.0
OFSS,2014-12-31,Independent,,0.0
OFSS,2015-03-31,Independent,,0.0
OFSS,2015-06-30,Independent,,0.0
OFSS,2015-09-30,Independent,,0.0
OFSS,2016-03-31,Independent,Oracle Global Mauritus Limited,63051197.0
OFSS,2016-06-30,Independent,Oracle Global Mauritus Limited,63051197.0
OFSS,2016-09-30,Independent,Oracle Global Mauritus Limited,63051197.0
OFSS,2016-12-31,Independent,Oracle Global Mauritus Limited,63051197.0
OFSS,2017-03-31,Independent,Body Corporate,63051197.0
OFSS,2017-06-30,Independent,Oracle Global Mauritius Limites,63051197.0
OFSS,2017-09-30,Independent,Body Corporate,63051197.0
OFSS,2017-12-31,Independent,Body Corporate,63051197.0
OFSS,2018-03-31,Independent,Oracle Global Mauritius Limites,63051197.0
OFSS,2018-06-30,Independent,Oracle Global Mauritius Limited,63051197.0
OFSS,2018-09-30,Independent,Oracle Global Mauritius Limited,63051197.0
OFSS,2018-12-31,Independent,Oracle Global Mauritius Limited,63051197.0
OFSS,2019-03-31,Independent,Oracle Global Mauritius Limited,63051197.0
OFSS,2019-06-30,Independent,Oracle Global Mauritius Limited,63051197.0
OFSS,2019-09-30,Independent,Oracle Global Mauritius Limited,63051197.0
OFSS,2019-12-31,Independent,Oracle Global Mauritius Limited,63051197.0
OFSS,2020-03-31,Independent,Oracle Global Mauritius Limited,63051197.0
OFSS,2020-06-30,Independent,Oracle Global Mauritius Limited,63051197.0
OFSS,2020-09-30,Independent,Oracle Global Mauritius Limited,63051197.0
OFSS,2020-12-31,Independent,ORACLE GLOBAL MAURITIUS LIMITED,63051197.0
OFSS,2021-03-31,Independent,ORACLE GLOBAL MAURITIUS LIMITED,63051197.0
OFSS,2021-06-30,Independent,ORACLE GLOBAL MAURITIUS LIMITED,63051197.0
OFSS,2021-09-30,Independent,ORACLE GLOBAL MAURITIUS LIMITED,63051197.0
OFSS,2021-12-31,Independent,ORACLE GLOBAL MAURITIUS LIMITED,63051197.0
OFSS,2022-03-31,Independent,ORACLE GLOBAL MAURITIUS LIMITED,63051197.0
OFSS,2022-06-30,Independent,ORACLE GLOBAL MAURITIUS LIMITED,63051197.0
OFSS,2022-09-30,Independent,ORACLE GLOBAL MAURITIUS LIMITED,63051197.0
OFSS,2022-12-31,Independent,ORACLE GLOBAL MAURITIUS LIMITED,63051197.0
OFSS,2023-03-31,Independent,ORACLE GLOBAL MAURITIUS LIMITED,63051197.0
OFSS,2023-06-30,Independent,ORACLE GLOBAL MAURITIUS LIMITED,63051197.0
OFSS,2023-09-30,Independent,ORACLE GLOBAL MAURITIUS LIMITED,63051197.0
OFSS,2023-12-31,Independent,ORACLE GLOBAL MAURITIUS LIMITED,63051197.0
OFSS,2024-03-31,Independent,ORACLE GLOBAL MAURITIUS LIMITED,63051197.0
OFSS,2024-06-30,Independent,ORACLE GLOBAL MAURITIUS LIMITED,63051197.0
OFSS,2024-09-30,Independent,ORACLE GLOBAL MAURITIUS LIMITED,63051197.0
OFSS,2024-12-31,Independent,ORACLE GLOBAL MAURITIUS LIMITED,63051197.0
OFSS,2025-03-31,Independent,ORACLE GLOBAL MAURITIUS LIMITED,63051197.0
OFSS,2025-06-30,Independent,ORACLE GLOBAL MAURITIUS LIMITED,63051197.0
OFSS,2025-09-30,Independent,ORACLE GLOBAL MAURITIUS LIMITED,63051197.0
OFSS,2025-12-31,Independent,ORACLE GLOBAL MAURITIUS LIMITED,63051197.0
OIL,2014-03-31,Independent,,0.0
OIL,2014-06-30,Independent,,0.0
OIL,2014-09-30,Independent,,0.0
OIL,2014-12-31,Independent,,0.0
OIL,2015-03-31,Independent,,0.0
OIL,2015-06-30,Independent,,0.0
OIL,2015-09-30,Independent,,0.0
OIL,2015-12-31,GOI_PSU,Central Government/ State Government(s),406620507.0
OIL,2016-03-31,GOI_PSU,Central Government/ State Government(s),406620507.0
OIL,2016-06-30,GOI_PSU,Central Government/ State Government(s),406620507.0
OIL,2016-09-30,GOI_PSU,Central Government/ State Government(s),406620507.0
OIL,2016-12-31,GOI_PSU,Central Government/ State Government(s),406620507.0
OIL,2017-01-16,GOI_PSU,Central Government/ State Government(s),542160676.0
OIL,2017-03-31,GOI_PSU,Central Government/ State Government(s),533793769.0
OIL,2017-06-15,GOI_PSU,Central Government/ State Government(s),500365555.0
OIL,2017-06-30,GOI_PSU,Central Government/ State Government(s),500365555.0
OIL,2017-09-30,GOI_PSU,Central Government/ State Government(s),500365555.0
OIL,2017-12-31,GOI_PSU,Central Government/ State Government(s),500365555.0
OIL,2018-03-31,GOI_PSU,Central Government/ State Government(s),500365555.0
OIL,2018-04-03,GOI_PSU,Central Government/ State Government(s),750548332.0
OIL,2018-06-30,GOI_PSU,Central Government/ State Government(s),750548332.0
OIL,2018-09-30,GOI_PSU,Central Government/ State Government(s),750548332.0
OIL,2018-12-31,GOI_PSU,Central Government/ State Government(s),717227931.0
OIL,2019-03-18,GOI_PSU,Central Government/ State Government(s),683664235.0
OIL,2019-03-31,GOI_PSU,Central Government/ State Government(s),668145292.0
OIL,2019-06-30,GOI_PSU,Central Government/ State Government(s),668145292.0
OIL,2019-09-30,GOI_PSU,Central Government/ State Government(s),645973967.0
OIL,2019-12-31,GOI_PSU,Central Government/ State Government(s),645973967.0
OIL,2020-03-31,GOI_PSU,Central Government/ State Government(s),614376660.0
OIL,2020-06-30,GOI_PSU,Central Government/ State Government(s),614376660.0
OIL,2020-09-30,GOI_PSU,Central Government/ State Government(s),614376660.0
OIL,2020-12-31,GOI_PSU,Central Government/ State Government(s),614376660.0
OIL,2021-03-31,GOI_PSU,Central Government/ State Government(s),614376660.0
OIL,2021-06-30,GOI_PSU,Central Government/ State Government(s),614376660.0
OIL,2021-09-30,GOI_PSU,Central Government/ State Government(s),614376660.0
OIL,2021-12-31,GOI_PSU,Central Government/ State Government(s),614376660.0
OIL,2022-03-31,GOI_PSU,Central Government/ State Government(s),614376660.0
OIL,2022-06-30,GOI_PSU,Central Government/ State Government(s),614376660.0
OIL,2022-09-30,GOI_PSU,Central Government/ State Government(s),614376660.0
OIL,2022-12-31,GOI_PSU,Central Government/ State Government(s),614376660.0
OIL,2023-03-31,GOI_PSU,Central Government/ State Government(s),614376660.0
OIL,2023-06-30,GOI_PSU,Central Government/ State Government(s),614376660.0
OIL,2023-09-30,GOI_PSU,Central Government/ State Government(s),614376660.0
OIL,2023-12-31,GOI_PSU,Central Government/ State Government(s),614376660.0
OIL,2024-03-31,GOI_PSU,Central Government/ State Government(s),614376660.0
OIL,2024-06-30,GOI_PSU,Central Government/ State Government(s),614376660.0
OIL,2024-07-04,GOI_PSU,Central Government/ State Government(s),921564990.0
OIL,2024-09-30,GOI_PSU,Central Government/ State Government(s),921564990.0
OIL,2024-12-31,GOI_PSU,Central Government/ State Government(s),921564990.0
OIL,2025-03-31,GOI_PSU,Central Government/ State Government(s),921564990.0
OIL,2025-06-30,GOI_PSU,Central Government/ State Government(s),921564990.0
OIL,2025-09-30,GOI_PSU,Central Government/ State Government(s),921564990.0
OIL,2025-12-31,GOI_PSU,Central Government/ State Government(s),921564990.0
OLAELEC,2024-08-08,Independent,Bhavish Aggarwal,1323960029.0
OLAELEC,2024-09-30,Independent,Bhavish Aggarwal,1323960029.0
OLAELEC,2024-12-31,Independent,Bhavish Aggarwal,1323960029.0
OLAELEC,2025-03-31,Independent,Bhavish Aggarwal,1323960029.0
OLAELEC,2025-06-30,Independent,Bhavish Aggarwal,1323960029.0
OLAELEC,2025-09-30,Independent,Bhavish Aggarwal,1323960029.0
OLAELEC,2025-12-31,Independent,Bhavish Aggarwal,1227499575.0
ONGC,2014-03-31,Independent,,0.0
ONGC,2014-06-30,Independent,,0.0
ONGC,2014-09-30,Independent,,0.0
ONGC,2014-12-31,Independent,,0.0
ONGC,2015-03-31,Independent,,0.0
ONGC,2015-06-30,Independent,,0.0
ONGC,2015-09-30,Independent,,0.0
ONGC,2015-12-31,GOI_PSU,Central Government/ State Government(s),5897676260.0
ONGC,2016-03-31,GOI_PSU,Central Government/ State Government(s),5897676260.0
ONGC,2016-06-30,GOI_PSU,Central Government/ State Government(s),5897676260.0
ONGC,2016-09-30,GOI_PSU,Central Government/ State Government(s),5897676260.0
ONGC,2016-12-18,GOI_PSU,Central Government/ State Government(s),8846514390.0
ONGC,2016-12-31,GOI_PSU,Central Government/ State Government(s),8846514390.0
ONGC,2017-03-31,GOI_PSU,Central Government/ State Government(s),8735650510.0
ONGC,2017-06-30,GOI_PSU,Central Government/ State Government(s),8735650510.0
ONGC,2017-09-30,GOI_PSU,Central Government/ State Government(s),8735650510.0
ONGC,2017-12-31,GOI_PSU,Central Government/ State Government(s),8690032256.0
ONGC,2018-03-31,GOI_PSU,Central Government/ State Government(s),8690032256.0
ONGC,2018-06-30,GOI_PSU,Central Government/ State Government(s),8656221699.0
ONGC,2018-09-30,GOI_PSU,Central Government/ State Government(s),8659728737.0
ONGC,2018-12-31,GOI_PSU,Central Government/ State Government(s),8424257486.0
ONGC,2019-03-31,GOI_PSU,Central Government/ State Government(s),8082685420.0
ONGC,2019-06-30,GOI_PSU,Central Government/ State Government(s),8082685420.0
ONGC,2019-09-30,GOI_PSU,Central Government/ State Government(s),7922601430.0
ONGC,2019-12-31,GOI_PSU,Central Government/ State Government(s),7898016506.0
ONGC,2020-03-31,GOI_PSU,Central Government/ State Government(s),7599608458.0
ONGC,2020-06-30,GOI_PSU,Central Government/ State Government(s),7599608458.0
ONGC,2020-09-30,GOI_PSU,Central Government/ State Government(s),7599608458.0
ONGC,2020-12-31,GOI_PSU,Central Government/ State Government(s),7599608458.0
ONGC,2021-03-31,GOI_PSU,Central Government/ State Government(s),7599608458.0
ONGC,2021-06-30,GOI_PSU,Central Government/ State Government(s),7599608458.0
ONGC,2021-09-30,GOI_PSU,Central Government/ State Government(s),7599608458.0
ONGC,2021-12-31,GOI_PSU,Central Government/ State Government(s),7599608458.0
ONGC,2022-03-31,GOI_PSU,Central Government/ State Government(s),7410904270.0
ONGC,2022-06-30,GOI_PSU,Central Government/ State Government(s),7408866983.0
ONGC,2022-09-30,GOI_PSU,Central Government/ State Government(s),7408867093.0
ONGC,2022-12-31,GOI_PSU,Central Government/ State Government(s),7408867093.0
ONGC,2023-03-31,GOI_PSU,Central Government/ State Government(s),7408867093.0
ONGC,2023-06-30,GOI_PSU,Central Government/ State Government(s),7408867093.0
ONGC,2023-09-30,GOI_PSU,Central Government/ State Government(s),7408867093.0
ONGC,2023-12-31,GOI_PSU,Central Government/ State Government(s),7408867093.0
ONGC,2024-03-31,GOI_PSU,Central Government/ State Government(s),7408867093.0
ONGC,2024-06-30,GOI_PSU,Central Government/ State Government(s),7408867093.0
ONGC,2024-09-30,GOI_PSU,Central Government/ State Government(s),7408867093.0
ONGC,2024-12-31,GOI_PSU,Central Government/ State Government(s),7408867093.0
ONGC,2025-03-31,GOI_PSU,Central Government/ State Government(s),7408867093.0
ONGC,2025-06-30,GOI_PSU,Central Government/ State Government(s),7408867093.0
ONGC,2025-09-30,GOI_PSU,Central Government/ State Government(s),7408867093.0
ONGC,2025-12-31,GOI_PSU,Central Government/ State Government(s),7408867093.0
ORIENTBANK,2014-03-31,Independent,,0.0
ORIENTBANK,2014-06-30,Independent,,0.0
ORIENTBANK,2014-09-30,Independent,,0.0
ORIENTBANK,2014-12-31,Independent,,0.0
ORIENTBANK,2015-03-31,Independent,,0.0
ORIENTBANK,2015-06-30,Independent,,0.0
ORIENTBANK,2015-09-30,Independent,,0.0
ORIENTBANK,2016-03-31,GOI_PSU,Central Government/ State Government(s),177309043.0
ORIENTBANK,2016-05-06,GOI_PSU,Central Government/ State Government(s),202081957.0
ORIENTBANK,2016-06-30,GOI_PSU,Central Government/ State Government(s),202081957.0
ORIENTBANK,2016-09-30,GOI_PSU,Central Government/ State Government(s),202081957.0
ORIENTBANK,2016-12-31,GOI_PSU,Central Government/ State Government(s),202081957.0
ORIENTBANK,2017-03-31,GOI_PSU,Central Government/ State Government(s),202081957.0
ORIENTBANK,2017-06-30,GOI_PSU,Central Government/ State Government(s),202081957.0
ORIENTBANK,2017-09-30,GOI_PSU,Central Government/ State Government(s),202081957.0
ORIENTBANK,2017-12-31,GOI_PSU,Central Government/ State Government(s),202081957.0
ORIENTBANK,2018-03-28,GOI_PSU,Central Government/ State Government(s),488679067.0
ORIENTBANK,2018-03-31,GOI_PSU,Central Government/ State Government(s),488679067.0
ORIENTBANK,2018-06-30,GOI_PSU,Central Government/ State Government(s),488679067.0
ORIENTBANK,2018-09-30,GOI_PSU,Central Government/ State Government(s),488679067.0
ORIENTBANK,2018-12-31,GOI_PSU,Central Government/ State Government(s),488679067.0
ORIENTBANK,2019-02-14,GOI_PSU,Central Government/ State Government(s),1060999566.0
ORIENTBANK,2019-02-16,GOI_PSU,Central Government/ State Government(s),1060999566.0
ORIENTBANK,2019-03-26,GOI_PSU,Central Government/ State Government(s),1199989370.0
ORIENTBANK,2019-03-31,GOI_PSU,Central Government/ State Government(s),1199989370.0
ORIENTBANK,2019-06-30,GOI_PSU,Central Government/ State Government(s),1199989370.0
ORIENTBANK,2019-09-30,GOI_PSU,Central Government/ State Government(s),1199989370.0
ORIENTBANK,2019-12-31,GOI_PSU,Central Government/ State Government(s),1199989370.0
PAGEIND,2014-03-31,Independent,,0.0
PAGEIND,2014-06-30,Independent,,0.0
PAGEIND,2014-09-30,Independent,,0.0
PAGEIND,2014-12-31,Independent,,0.0
PAGEIND,2015-03-31,Independent,,0.0
PAGEIND,2015-06-30,Independent,,0.0
PAGEIND,2015-09-30,Independent,,0.0
PAGEIND,2016-03-31,Independent,NARI GENOMAL,1822336.0
PAGEIND,2016-06-30,Independent,NARI GENOMAL,1822336.0
PAGEIND,2016-09-30,Independent,NARI GENOMAL,1822336.0
PAGEIND,2016-12-31,Independent,NARI GENOMAL,1822336.0
PAGEIND,2017-03-31,Independent,NARI GENOMAL,1822336.0
PAGEIND,2017-06-30,Independent,NARI GENOMAL,1822336.0
PAGEIND,2017-09-30,Independent,NARI GENOMAL,1822336.0
PAGEIND,2017-12-31,Independent,NARI GENOMAL,1822336.0
PAGEIND,2018-03-31,Independent,NARI GENOMAL,1822336.0
PAGEIND,2018-06-30,Independent,Nari Genomal,1822336.0
PAGEIND,2018-09-30,Independent,Nari Genomal,1796124.0
PAGEIND,2018-12-31,Independent,Nari Genomal,1796124.0
PAGEIND,2019-03-31,Independent,Nari Genomal,1796124.0
PAGEIND,2019-06-30,Independent,Nari Genomal,1796124.0
PAGEIND,2019-09-30,Independent,Nari Genomal,1796124.0
PAGEIND,2019-12-31,Independent,Nari Genomal,1796124.0
PAGEIND,2020-03-31,Independent,Nari Genomal,1796124.0
PAGEIND,2020-06-30,Independent,Nari Genomal,1796124.0
PAGEIND,2020-09-30,Independent,Nari Genomal,1796124.0
PAGEIND,2020-12-31,Independent,Nari Genomal,1796124.0
PAGEIND,2021-03-31,Independent,Nari Genomal,1796124.0
PAGEIND,2021-06-30,Independent,Nari Genomal,1781124.0
PAGEIND,2021-09-30,Independent,Nari Genomal,1781124.0
PAGEIND,2021-12-31,Independent,Nari Genomal,1754324.0
PAGEIND,2022-03-31,Independent,Nari Genomal,1754324.0
PAGEIND,2022-06-30,Independent,Nari Genomal,1714324.0
PAGEIND,2022-09-30,Independent,Nari Genomal,1714324.0
PAGEIND,2022-12-31,Independent,Nari Genomal,1714324.0
PAGEIND,2023-03-31,Independent,Nari Genomal,1714324.0
PAGEIND,2023-06-30,Independent,Sunder Genomal,1714324.0
PAGEIND,2023-09-30,Independent,Sunder Genomal,1674278.0
PAGEIND,2023-12-31,Independent,Sunder Genomal,1674278.0
PAGEIND,2024-03-31,Independent,Ramesh Genomal,1674268.0
PAGEIND,2024-06-30,Independent,Ramesh Genomal,1674268.0
PAGEIND,2024-09-30,Independent,Ramesh Genomal,1646272.0
PAGEIND,2024-12-31,Independent,Ramesh Genomal,1594268.0
PAGEIND,2025-03-31,Independent,Ramesh Genomal,1594268.0
PAGEIND,2025-06-30,Independent,Ramesh Genomal,1594268.0
PAGEIND,2025-09-30,Independent,Ramesh Genomal,1594268.0
PAGEIND,2025-12-31,Independent,Ramesh Genomal,1594268.0
PATANJALI,2019-12-18,Independent,Patanjali Ayurved Limited,142500000.0
PATANJALI,2019-12-31,Independent,Patanlaji Ayurved Limited,142500000.0
PATANJALI,2020-01-24,Independent,Soyumm Marketing Pvt. Ltd,282555.0
PATANJALI,2020-03-31,Independent,Patanjali Ayurved Limited,142500000.0
PATANJALI,2020-06-30,Independent,Patanjali Ayurved Limited,142500000.0
PATANJALI,2020-09-30,Independent,Patanjali Ayurved Limited,142500000.0
PATANJALI,2020-12-31,Independent,Patanjali Ayurved Limited,142500000.0
PATANJALI,2021-03-31,Independent,Patanjali Ayurved Limited,142500000.0
PATANJALI,2021-06-30,Independent,Patanjali Ayurved Limited,142500000.0
PATANJALI,2021-09-30,Independent,Patanjali Ayurved Limited,142500000.0
PATANJALI,2021-12-31,Independent,Patanjali Ayurved Limited,142500000.0
PATANJALI,2022-03-31,Independent,Patanjali Ayurved Limited,142500000.0
PATANJALI,2022-04-05,Independent,Patanjali Ayurved Limited,142500000.0
PATANJALI,2022-06-30,Independent,Patanjali Ayurved Limited,142500000.0
PATANJALI,2022-09-30,Independent,Patanjali Ayurved Limited,142500000.0
PATANJALI,2022-12-31,Independent,Patanjali Ayurved Limited,142500000.0
PATANJALI,2023-03-31,Independent,Patanjali Ayurved Limited,142500000.0
PATANJALI,2023-06-30,Independent,Patanjali Ayurved Limited,142500000.0
PATANJALI,2023-09-30,Independent,Patanjali Ayurved Limited,117160360.0
PATANJALI,2023-12-31,Independent,Patanjali Ayurved Limited,117160360.0
PATANJALI,2024-03-31,Independent,Patanjali Ayurved Limited,117160360.0
PATANJALI,2024-06-30,Independent,Patanjali Ayurved Limited,117160360.0
PATANJALI,2024-09-30,Independent,Patanjali Ayurved Limited,107367480.0
PATANJALI,2024-12-31,Independent,Patanjali Ayurved Limited,107367480.0
PATANJALI,2025-03-31,Independent,Patanjali Ayurved Limited,107367480.0
PATANJALI,2025-06-30,Independent,Patanjali Ayurved Limited,107367480.0
PATANJALI,2025-09-12,Independent,Patanjali Ayurved Limited,322102440.0
PATANJALI,2025-09-30,Independent,PATANJALI AYURVED LIMITED,322102440.0
PATANJALI,2025-12-31,Independent,PATANJALI AYURVED LIMITED,322102440.0
PCJEWELLER,2014-03-31,Independent,,0.0
PCJEWELLER,2014-06-30,Independent,,0.0
PCJEWELLER,2014-09-30,Independent,,0.0
PCJEWELLER,2014-12-31,Independent,,0.0
PCJEWELLER,2015-03-31,Independent,,0.0
PCJEWELLER,2015-06-30,Independent,,0.0
PCJEWELLER,2015-09-30,Independent,,0.0
PCJEWELLER,2015-12-31,Independent,BALRAM GARG,66951050.0
PCJEWELLER,2016-03-31,Independent,BALRAM GARG,66951050.0
PCJEWELLER,2016-06-30,Independent,BALRAM GARG,66951050.0
PCJEWELLER,2016-09-30,Independent,BALRAM GARG,66951050.0
PCJEWELLER,2016-12-31,Independent,BALRAM GARG,66976050.0
PCJEWELLER,2017-03-31,Independent,BALRAM GARG,66976050.0
PCJEWELLER,2017-06-30,Independent,BALRAM GARG,66976050.0
PCJEWELLER,2017-07-10,Independent,Balram Garg,133952100.0
PCJEWELLER,2017-08-19,Independent,BALRAM GARG,133952100.0
PCJEWELLER,2017-09-01,Independent,BALRAM GARG,133952100.0
PCJEWELLER,2017-09-30,Independent,BALRAM GARG,133952100.0
PCJEWELLER,2017-12-31,Independent,BALRAM GARG,133952100.0
PCJEWELLER,2018-03-31,Independent,BALRAM GARG,133952100.0
PCJEWELLER,2018-06-30,Independent,BALRAM GARG,133952100.0
PCJEWELLER,2018-09-30,Independent,BALRAM GARG,133952100.0
PCJEWELLER,2018-12-31,Independent,BALRAM GARG,133952100.0
PCJEWELLER,2019-03-31,Independent,BALRAM GARG,133952100.0
PCJEWELLER,2019-06-30,Independent,BALRAM GARG,133952100.0
PCJEWELLER,2019-09-30,Independent,BALRAM GARG,133952100.0
PCJEWELLER,2019-12-31,Independent,BALRAM GARG,133952100.0
PCJEWELLER,2020-03-31,Independent,BALRAM GARG,133952100.0
PCJEWELLER,2020-06-30,Independent,BALRAM GARG,133952100.0
PCJEWELLER,2020-09-30,Independent,BALRAM GARG,133952100.0
PCJEWELLER,2020-12-31,Independent,Balram Garg,133952100.0
PCJEWELLER,2021-02-04,Independent,Balram Garg,204282100.0
PCJEWELLER,2021-03-31,Independent,Balram Garg,204282100.0
PCJEWELLER,2021-06-30,Independent,Balram Garg,204282100.0
PCJEWELLER,2021-12-31,Independent,Balram Garg,204282100.0
PCJEWELLER,2022-03-31,Independent,Balram Garg,204282100.0
PCJEWELLER,2022-06-30,Independent,Balram Garg,204282100.0
PCJEWELLER,2022-09-30,Independent,Balram Garg,204282100.0
PCJEWELLER,2022-12-31,Independent,Balram Garg,204282100.0
PCJEWELLER,2023-03-31,Independent,BALRAM GARG,204282100.0
PCJEWELLER,2023-06-30,Independent,BALRAM GARG,204282100.0
PCJEWELLER,2023-09-30,Independent,BALRAM GARG,204282100.0
PCJEWELLER,2023-12-31,Independent,BALRAM GARG,204282100.0
PCJEWELLER,2024-03-31,Independent,Balram Garg,204282100.0
PCJEWELLER,2024-06-30,Independent,Balram Garg,204282100.0
PCJEWELLER,2024-09-30,Independent,Balram Garg,204282100.0
PCJEWELLER,2024-10-30,Independent,Balram Garg,204282100.0
PCJEWELLER,2024-11-12,Independent,Balram Garg,204282100.0
PCJEWELLER,2024-12-19,Independent,Balram Garg,2042821000.0
PCJEWELLER,2024-12-31,Independent,Balram Garg,2042821000.0
PCJEWELLER,2025-03-17,Independent,Balram Garg,2042821000.0
PCJEWELLER,2025-03-31,Independent,BALRAM GARG,2042821000.0
PCJEWELLER,2025-04-29,Independent,BALRAM GARG,2042821000.0
PCJEWELLER,2025-06-30,Independent,BALRAM GARG,2042821000.0
PCJEWELLER,2025-07-25,Independent,BALRAM GARG,2042821000.0
PCJEWELLER,2025-09-18,Independent,BALRAM GARG,2042821000.0
PCJEWELLER,2025-09-30,Independent,BALRAM GARG,2042821000.0
PCJEWELLER,2025-12-31,Independent,BALRAM GARG,2042821000.0
PEL,2014-03-31,Independent,,0.0
PEL,2014-06-30,Independent,,0.0
PEL,2014-09-30,Independent,,0.0
PEL,2014-12-31,Independent,,0.0
PEL,2015-03-31,Independent,,0.0
PEL,2015-06-30,Independent,,0.0
PEL,2015-09-30,Independent,,0.0
PEL,2015-12-31,Independent,Piramal Management Services Pvt. Ltd as Corporate Trustee of The Sri Krishna Trust,83905941.0
PEL,2016-03-31,Independent,The Sri Krishna Trust through its Trustee Mr. Ajay G Piramal and Dr. (Mrs.) Swati A Piramal,83905941.0
PEL,2016-06-30,Independent,The Sri Krishna Trust through its Trustee Mr. Ajay G Piramal and Dr. (Mrs.) Swati A Piramal,83905941.0
PEL,2016-09-30,Independent,The Sri Krishna Trust through its Trustee Mr. Ajay G Piramal and Dr. (Mrs.) Swati A Piramal,83905941.0
PEL,2016-12-31,Independent,Trust,87243559.0
PEL,2017-03-31,Independent,Trust,78621321.0
PEL,2017-06-30,Independent,Trust,79452041.0
PEL,2017-09-30,Independent,Trust,79409756.0
PEL,2017-12-31,Independent,Trust,79409756.0
PEL,2018-03-08,Independent,Trust,82940107.0
PEL,2018-03-31,Independent,The Sri Krishna Trust through its Trustee Mr. Ajay G Piramal,78806574.0
PEL,2018-06-30,Independent,The Sri Krishna Trust through its Trustee Mr. Ajay G Piramal and Dr. (Mrs.) Swati A Piramal,78786142.0
PEL,2018-09-30,Independent,The Sri Krishna Trust through its Trustee Mr. Ajay G Piramal and Dr. (Mrs.) Swati A Piramal,78786142.0
PEL,2018-12-31,Independent,The Sri Krishna Trust through its Trustee Mr. Ajay G Piramal and Dr.(Mrs.) Swati A. Piramal,78786142.0
PEL,2019-03-31,Independent,The Sri Krishna Trust through its Trustee Mr. Ajay G Piramal and Dr. (Mrs.) Swati A Piramal,78754817.0
PEL,2019-04-22,Independent,The Sri Krishna Trust through its Trustee Mr. Ajay G Piramal and Dr. (Mrs.) Swati A Piramal,78754817.0
PEL,2019-06-30,Independent,The Sri Krishna Trust through its Trustee Mr. Ajay G Piramal and Dr. (Mrs.) Swati A Piramal,78754817.0
PEL,2019-09-30,Independent,The Sri Krishna Trust through its Trustee Mr. Ajay G Piramal and Dr. (Mrs.) Swati A Piramal,78754817.0
PEL,2019-12-31,Independent,The Sri Krishna Trust through its Trustee Mr. Ajay G Piramal and Dr. (Mrs.) Swati A Piramal,78877580.0
PEL,2020-01-29,Independent,The Sri Krishna Trust through its Trustee Mr. Ajay G Piramal and Dr. (Mrs.) Swati A Piramal,78877580.0
PEL,2020-03-31,Independent,The Sri Krishna Trust through its Trustee Mr. Ajay G Piramal and Dr. (Mrs.) Swati A Piramal,78877580.0
PEL,2020-06-30,Independent,The Sri Krishna Trust through its Trustee Mr. Ajay G Piramal and Dr. (Mrs.) Swati A Piramal,78877580.0
PEL,2020-09-30,Independent,The Sri Krishna Trust through its Trustee Mr. Ajay G Piramal and Dr. (Mrs.) Swati A Piramal,78877580.0
PEL,2020-12-31,Independent,The Sri Krishna Trust through its Trustee Mr. Ajay G Piramal and Dr. (Mrs.) Swati A Piramal,78877580.0
PEL,2021-03-31,Independent,The Sri Krishna Trust through its Trustee Mr. Ajay G Piramal and Dr. (Mrs.) Swati A Piramal,78877580.0
PEL,2021-06-14,Independent,The Sri Krishna Trust through its Trustee Mr. Ajay G Piramal and Dr. (Mrs.) Swati A Piramal,78877580.0
PEL,2021-06-30,Independent,The Sri Krishna Trust through its Trustee Mr. Ajay G Piramal and Dr. (Mrs.) Swati A Piramal,78877580.0
PEL,2021-09-30,Independent,The Sri Krishna Trust through its Trustee Mr. Ajay G Piramal and Dr. (Mrs.) Swati A Piramal,78877580.0
PEL,2021-12-31,Independent,The Sri Krishna Trust through its Trustee Mr. Ajay G Piramal and Dr. (Mrs.) Swati A Piramal,78877580.0
PEL,2022-03-31,Independent,The Sri Krishna Trust through its Trustee Mr. Ajay G Piramal and Dr. (Mrs.) Swati A Piramal,78877580.0
PEL,2022-06-30,Independent,The Sri Krishna Trust through its Trustee Mr. Ajay G Piramal and Dr. (Mrs.) Swati A Piramal,78877580.0
PEL,2022-09-30,Independent,The Sri Krishna Trust through its Trustee Mr. Ajay G Piramal and Dr. (Mrs.) Swati A Piramal,78877580.0
PEL,2022-12-31,Independent,The Sri Krishna Trust through its Trustee Mr. Ajay G Piramal and Dr. (Mrs.) Swati A Piramal,78877580.0
PEL,2023-03-31,Independent,The Sri Krishna Trust through its Trustee Mr. Ajay G Piramal and Dr. (Mrs.) Swati A Piramal,78877580.0
PEL,2023-06-30,Independent,The Sri Krishna Trust through its Trustee Mr. Ajay G Piramal and Dr. (Mrs.) Swati A Piramal,78877580.0
PEL,2023-09-18,Independent,The Sri Krishna Trust through its Trustee Mr. Ajay G Piramal and Dr. (Mrs.) Swati A Piramal,78877580.0
PEL,2023-09-30,Independent,The Sri Krishna Trust through its Trustee Mr. Ajay G Piramal and Dr. (Mrs.) Swati A Piramal,78877580.0
PEL,2023-12-31,Independent,The Sri Krishna Trust through its Trustee Mr. Ajay G Piramal and Dr. (Mrs.) Swati A Piramal,78877580.0
PEL,2024-03-31,Independent,The Sri Krishna Trust through its Trustee Mr. Ajay G Piramal and Dr. (Mrs.) Swati A Piramal,78877580.0
PEL,2024-06-30,Independent,Anutham Realty Private Limited,56165925.0
PEL,2024-09-30,Independent,Anutham Realty Private Limited,56165925.0
PEL,2024-12-31,Independent,Anutham Realty Private Limited,56165925.0
PEL,2025-03-31,Independent,Anutham Realty Private Limited,56165925.0
PEL,2025-06-30,Independent,Anutham Realty Private Limited,56165925.0
PERSISTENT,2014-03-31,Independent,,0.0
PERSISTENT,2014-06-30,Independent,,0.0
PERSISTENT,2014-09-30,Independent,,0.0
PERSISTENT,2014-12-31,Independent,,0.0
PERSISTENT,2015-03-31,Independent,,0.0
PERSISTENT,2015-06-30,Independent,,0.0
PERSISTENT,2015-09-30,Independent,,0.0
PERSISTENT,2015-12-31,Independent,Anand Suresh Deshpande,22813340.0
PERSISTENT,2016-03-31,Independent,Mr. Anand Suresh Deshpande and Ms. Sonali Anand Deshpande,22813340.0
PERSISTENT,2016-06-30,Independent,Mr. Anand Suresh Deshpande and Ms. Sonali Anand Deshpande,22813340.0
PERSISTENT,2016-09-30,Independent,Dr. Anand Suresh Deshpande and Ms. Sonali Anand Deshpande,22813340.0
PERSISTENT,2016-12-31,Independent,Dr. Anand Suresh Deshpande and Ms. Sonali Anand Deshpande,22814340.0
PERSISTENT,2017-03-31,Independent,Dr. Anand Suresh Deshpande and Ms. Sonali Anand Deshpande,22814340.0
PERSISTENT,2017-06-30,Independent,Dr. Anand Suresh Deshpande and Ms. Sonali Anand Deshpande,22814340.0
PERSISTENT,2017-09-30,Independent,Dr. Anand Suresh Deshpande and Ms. Sonali Anand Deshpande,22814340.0
PERSISTENT,2017-12-31,Independent,Dr. Anand Suresh Deshpande and Ms. Sonali Anand Deshpande,22815340.0
PERSISTENT,2018-03-31,Independent,Dr. Anand Suresh Deshpande and Ms. Sonali Anand Deshpande,22815340.0
PERSISTENT,2018-06-30,Independent,Dr. Anand Suresh Deshpande and Ms. Sonali Anand Deshpande,22815340.0
PERSISTENT,2018-09-30,Independent,Dr. Anand Suresh Deshpande and Ms. Sonali Anand Deshpande,22815340.0
PERSISTENT,2018-12-31,Independent,Dr. Anand Suresh Deshpande and Ms. Sonali Anand Deshpande,22841340.0
PERSISTENT,2019-03-31,Independent,Dr. Anand Suresh Deshpande and Ms. Sonali Anand Deshpande,22841340.0
PERSISTENT,2019-06-30,Independent,Anand Suresh Deshpande,22841340.0
PERSISTENT,2019-09-30,Independent,Anand Suresh Deshpande,22848840.0
PERSISTENT,2019-12-31,Independent,Anand Suresh Deshpande,22848840.0
PERSISTENT,2020-03-31,Independent,Anand Suresh Deshpande,22848840.0
PERSISTENT,2020-06-30,Independent,Anand Suresh Deshpande,22848840.0
PERSISTENT,2020-09-30,Independent,Anand Suresh Deshpande,22848840.0
PERSISTENT,2020-12-31,Independent,Anand Suresh Deshpande,22849840.0
PERSISTENT,2021-03-31,Independent,Anand Suresh Deshpande,22849840.0
PERSISTENT,2021-06-30,Independent,Anand Suresh Deshpande,22849840.0
PERSISTENT,2021-09-30,Independent,Anand Suresh Deshpande,22849840.0
PERSISTENT,2021-12-31,Independent,Anand Suresh Deshpande,22860840.0
PERSISTENT,2022-03-31,Independent,Anand Suresh Deshpande,22860840.0
PERSISTENT,2022-06-30,Independent,Anand Suresh Deshpande,22860840.0
PERSISTENT,2022-09-30,Independent,Anand Suresh Deshpande,22860840.0
PERSISTENT,2022-12-31,Independent,Anand Suresh Deshpande,22871840.0
PERSISTENT,2023-03-31,Independent,Anand Suresh Deshpande,22871840.0
PERSISTENT,2023-06-30,Independent,Anand Suresh Deshpande,22871840.0
PERSISTENT,2023-09-30,Independent,Anand Suresh Deshpande,22871840.0
PERSISTENT,2023-12-31,Independent,Anand Suresh Deshpande,22872840.0
PERSISTENT,2024-03-31,Independent,Anand Suresh Deshpande,22872840.0
PERSISTENT,2024-06-30,Independent,Anand Suresh Deshpande,45745680.0
PERSISTENT,2024-09-30,Independent,Anand Suresh Deshpande,45745680.0
PERSISTENT,2024-12-31,Independent,Anand Suresh Deshpande,45747680.0
PERSISTENT,2025-03-31,Independent,Anand Suresh Deshpande,45747680.0
PERSISTENT,2025-06-30,Independent,Anand Suresh Deshpande,45727680.0
PERSISTENT,2025-09-30,Independent,Anand Suresh Deshpande,45727680.0
PERSISTENT,2025-12-31,Independent,Anand Suresh Deshpande,45783680.0
PETRONET,2014-03-31,Independent,,0.0
PETRONET,2014-06-30,Independent,,0.0
PETRONET,2014-09-30,Independent,,0.0
PETRONET,2014-12-31,Independent,,0.0
PETRONET,2015-03-31,Independent,,0.0
PETRONET,2015-06-30,Independent,,0.0
PETRONET,2015-09-30,Independent,,0.0
PETRONET,2015-12-31,Independent,BHARAT PETROLEUM CORPORATION LTD,93750000.0
PETRONET,2016-03-31,Independent,BHARAT PETROLEUM CORPORATION LTD,93750000.0
PETRONET,2016-06-30,Independent,Indian Companies,375000000.0
PETRONET,2016-09-30,Independent,Indian Companies,375000000.0
PETRONET,2016-12-31,Independent,Body Corporate,375000000.0
PETRONET,2017-03-31,Independent,Body Corporate,375000000.0
PETRONET,2017-06-30,Independent,Body Corporate,375000000.0
PETRONET,2017-07-05,Independent,Body Corporate,750000000.0
PETRONET,2017-09-30,Independent,Body Corporate,750000000.0
PETRONET,2017-12-31,Independent,Body Corporate,750000000.0
PETRONET,2018-03-31,Independent,Bharat Petroleum Corporation Limited,187500000.0
PETRONET,2018-06-30,Independent,Bharat Petroleum Corporation Limited,187500000.0
PETRONET,2018-09-30,Independent,Bharat Petroleum Corporation Limited,187500000.0
PETRONET,2018-12-31,Independent,Bharat Petroleum Corporation Limited,187500000.0
PETRONET,2019-03-31,Independent,Bharat Petroleum Corporation Limited,187500000.0
PETRONET,2019-06-30,Independent,Bharat Petroleum Corporation Limited,187500000.0
PETRONET,2019-09-30,Independent,BHARAT PETROLEUM CORPORATION LTD,187500000.0
PETRONET,2019-12-31,Independent,BHARAT PETROLEUM CORPORATION LTD,187500000.0
PETRONET,2020-03-31,Independent,BHARAT PETROLEUM CORPORATION LIMITED,187500000.0
PETRONET,2020-06-30,Independent,BHARAT PETROLEUM CORPORATION LTD,187500000.0
PETRONET,2020-09-30,Independent,BHARAT PETROLEUM CORPORATION LTD,187500000.0
PETRONET,2020-12-31,Independent,BHARAT PETROLEUM CORPORATION LTD,187500000.0
PETRONET,2021-03-31,Independent,BHARAT PETROLEUM CORPORATION LTD,187500000.0
PETRONET,2021-06-30,Independent,BHARAT PETROLEUM CORPORATION LTD,187500000.0
PETRONET,2021-09-30,Independent,BHARAT PETROLEUM CORPORATION LTD,187500000.0
PETRONET,2021-12-31,Independent,BHARAT PETROLEUM CORPORATION LTD,187500000.0
PETRONET,2022-03-31,Independent,BHARAT PETROLEUM CORPORATION LTD,187500000.0
PETRONET,2022-06-30,Independent,BHARAT PETROLEUM CORPORATION LTD,187500000.0
PETRONET,2022-09-30,Independent,BHARAT PETROLEUM CORPORATION LTD,187500000.0
PETRONET,2022-12-31,Independent,BHARAT PETROLEUM CORPORATION LTD,187500000.0
PETRONET,2023-03-31,Independent,BHARAT PETROLEUM CORPORATION LTD,187500000.0
PETRONET,2023-06-30,Independent,BHARAT PETROLEUM CORPORATION LTD,187500000.0
PETRONET,2023-09-30,Independent,BHARAT PETROLEUM CORPORATION LTD,187500000.0
PETRONET,2023-12-31,Independent,BHARAT PETROLEUM CORPORATION LTD,187500000.0
PETRONET,2024-03-31,Independent,BHARAT PETROLEUM CORPORATION LTD,187500000.0
PETRONET,2024-06-30,Independent,BHARAT PETROLEUM CORPORATION LTD,187500000.0
PETRONET,2024-09-30,Independent,BHARAT PETROLEUM CORPORATION LTD,187500000.0
PETRONET,2024-12-31,Independent,BHARAT PETROLEUM CORPORATION LTD,187500000.0
PETRONET,2025-03-31,Independent,BHARAT PETROLEUM CORPORATION LTD,187500000.0
PETRONET,2025-06-30,Independent,BHARAT PETROLEUM CORPORATION LTD,187500000.0
PETRONET,2025-09-30,Independent,BHARAT PETROLEUM CORPORATION LTD,187500000.0
PETRONET,2025-12-31,Independent,BHARAT PETROLEUM CORPORATION LTD,187500000.0
PFC,2014-03-31,Independent,,0.0
PFC,2014-06-30,Independent,,0.0
PFC,2014-09-30,Independent,,0.0
PFC,2014-12-31,Independent,,0.0
PFC,2015-03-31,Independent,,0.0
PFC,2015-06-30,Independent,,0.0
PFC,2015-09-30,Independent,,0.0
PFC,2015-12-31,GOI_PSU,Central Government/ State Government(s),894924366.0
PFC,2016-03-31,GOI_PSU,Central Government/ State Government(s),894924366.0
PFC,2016-06-30,GOI_PSU,Central Government/ State Government(s),894924366.0
PFC,2016-09-30,GOI_PSU,Central Government/ State Government(s),1789848732.0
PFC,2016-12-31,GOI_PSU,Central Government/ State Government(s),1789848732.0
PFC,2017-03-31,GOI_PSU,Central Government/ State Government(s),1751631394.0
PFC,2017-06-30,GOI_PSU,Central Government/ State Government(s),1751631394.0
PFC,2017-09-30,GOI_PSU,Central Government/ State Government(s),1751631394.0
PFC,2017-12-31,GOI_PSU,Central Government/ State Government(s),1740216107.0
PFC,2018-03-31,GOI_PSU,Central Government/ State Government(s),1740216107.0
PFC,2018-06-30,GOI_PSU,Central Government/ State Government(s),1732209572.0
PFC,2018-09-30,GOI_PSU,Central Government/ State Government(s),1733040058.0
PFC,2018-12-31,GOI_PSU,Central Government/ State Government(s),1623231514.0
PFC,2019-03-31,GOI_PSU,Central Government/ State Government(s),1558889417.0
PFC,2019-06-30,GOI_PSU,Central Government/ State Government(s),1558889417.0
PFC,2019-09-30,GOI_PSU,Central Government/ State Government(s),1482575588.0
PFC,2019-12-31,GOI_PSU,Central Government/ State Government(s),1478291778.0
PFC,2020-03-31,GOI_PSU,Central Government/ State Government(s),1478291778.0
PFC,2020-06-30,GOI_PSU,Central Government/ State Government(s),1478291778.0
PFC,2020-09-30,GOI_PSU,Central Government/ State Government(s),1478291778.0
PFC,2020-12-31,GOI_PSU,Central Government/ State Government(s),1478291778.0
PFC,2021-03-31,GOI_PSU,Central Government/ State Government(s),1478291778.0
PFC,2021-06-30,GOI_PSU,Central Government/ State Government(s),1478291778.0
PFC,2021-09-30,GOI_PSU,Central Government/ State Government(s),1478291778.0
PFC,2021-12-31,GOI_PSU,Central Government/ State Government(s),1478291778.0
PFC,2022-03-31,GOI_PSU,Central Government/ State Government(s),1478291778.0
PFC,2022-06-30,GOI_PSU,Central Government/ State Government(s),1478291778.0
PFC,2022-09-30,GOI_PSU,Central Government/ State Government(s),1478291778.0
PFC,2022-12-31,GOI_PSU,Central Government/ State Government(s),1478291778.0
PFC,2023-03-31,GOI_PSU,Central Government/ State Government(s),1478291778.0
PFC,2023-06-30,GOI_PSU,Central Government/ State Government(s),1478291778.0
PFC,2023-09-22,GOI_PSU,Central Government/ State Government(s),1847864722.0
PFC,2023-09-30,GOI_PSU,Central Government/ State Government(s),1847864722.0
PFC,2023-12-31,GOI_PSU,Central Government/ State Government(s),1847864722.0
PFC,2024-03-31,GOI_PSU,Central Government/ State Government(s),1847864722.0
PFC,2024-06-30,GOI_PSU,Central Government/ State Government(s),1847864722.0
PFC,2024-09-30,GOI_PSU,Central Government/ State Government(s),1847864722.0
PFC,2024-12-31,GOI_PSU,Central Government/ State Government(s),1847864722.0
PFC,2025-03-31,GOI_PSU,Central Government/ State Government(s),1847864722.0
PFC,2025-06-30,GOI_PSU,Central Government/ State Government(s),1847864722.0
PFC,2025-09-30,GOI_PSU,Central Government/ State Government(s),1847864722.0
PFC,2025-12-31,GOI_PSU,Central Government/ State Government(s),1847864722.0
PFIZER,2014-03-31,Independent,,0.0
PFIZER,2014-06-30,Independent,,0.0
PFIZER,2014-09-30,Independent,,0.0
PFIZER,2014-12-31,Independent,,0.0
PFIZER,2015-01-16,Independent,,0.0
PFIZER,2015-03-31,Independent,,0.0
PFIZER,2015-06-30,Independent,,0.0
PFIZER,2015-09-30,Independent,,0.0
PFIZER,2015-12-31,Independent,PFIZER EAST INDIA B V,18186334.0
PFIZER,2016-03-31,Independent,body corporate,29243042.0
PFIZER,2016-06-30,Independent,body corporate,29243042.0
PFIZER,2016-09-30,Independent,body corporate,29243042.0
PFIZER,2016-12-31,Independent,Body Corporate,29243042.0
PFIZER,2017-03-31,Independent,Pfizer East India B.V.,18186334.0
PFIZER,2017-06-30,Independent,Body Corporate,29243042.0
PFIZER,2017-09-30,Independent,Body Corporate,29243042.0
PFIZER,2017-12-31,Independent,Body Corporate,29243042.0
PFIZER,2018-03-31,Independent,PFIZER EAST INDIA B V,18186334.0
PFIZER,2018-06-30,Independent,PFIZER EAST INDIA B V,18186334.0
PFIZER,2018-09-30,Independent,PFIZER EAST INDIA B V,18186334.0
PFIZER,2018-12-31,Independent,PFIZER EAST INDIA B V,18186334.0
PFIZER,2019-03-31,Independent,PFIZER EAST INDIA B V,18186334.0
PFIZER,2019-06-30,Independent,PFIZER EAST INDIA B V,18186334.0
PFIZER,2019-09-30,Independent,PFIZER EAST INDIA B V,18186334.0
PFIZER,2019-12-31,Independent,PFIZER EAST INDIA B V,18186334.0
PFIZER,2020-03-31,Independent,PFIZER EAST INDIA B V,18186334.0
PFIZER,2020-06-30,Independent,PFIZER EAST INDIA B V,18186334.0
PFIZER,2020-09-30,Independent,PFIZER EAST INDIA B V,18186334.0
PFIZER,2020-12-31,Independent,PFIZER EAST INDIA B V,18186334.0
PFIZER,2021-03-31,Independent,PFIZER EAST INDIA B V,18186334.0
PFIZER,2021-06-30,Independent,PFIZER EAST INDIA B V,18186334.0
PFIZER,2021-09-30,Independent,PFIZER EAST INDIA B V,18186334.0
PFIZER,2021-12-31,Independent,PFIZER EAST INDIA B V,18186334.0
PFIZER,2022-03-31,Independent,PFIZER EAST INDIA B V,18186334.0
PFIZER,2022-06-30,Independent,PFIZER EAST INDIA B V,18186334.0
PFIZER,2022-09-30,Independent,Pfizer East India B V,18186334.0
PFIZER,2022-12-31,Independent,Pfizer East India B V,18186334.0
PFIZER,2023-03-31,Independent,Pfizer East India B.V,18186334.0
PFIZER,2023-06-30,Independent,PFIZER EAST INDIA B V,18186334.0
PFIZER,2023-09-30,Independent,Other,29243042.0
PFIZER,2023-12-31,Independent,Other,29243042.0
PFIZER,2024-03-31,Independent,Other,29243042.0
PFIZER,2024-06-30,Independent,Other,29243042.0
PFIZER,2024-09-30,Independent,Other,29243042.0
PFIZER,2024-12-31,Independent,Other,29243042.0
PFIZER,2025-03-31,Independent,Other,29243042.0
PFIZER,2025-06-30,Independent,Other,29243042.0
PFIZER,2025-09-30,Independent,Other,29243042.0
PFIZER,2025-12-31,Independent,Other,29243042.0
PGHH,2014-03-31,Independent,,0.0
PGHH,2014-06-30,Independent,,0.0
PGHH,2014-09-30,Independent,,0.0
PGHH,2014-12-31,Independent,,0.0
PGHH,2015-03-31,Independent,,0.0
PGHH,2015-06-30,Independent,,0.0
PGHH,2015-09-30,Independent,,0.0
PGHH,2015-12-31,Independent,Procter And Gamble Asia Holding BV - Bodies Corporate,21221953.0
PGHH,2016-03-31,Independent,Procter and Gamble Asia Holding BV,21221953.0
PGHH,2016-06-30,Independent,Procter and Gamble Asia Holding BV,21221953.0
PGHH,2016-09-30,Independent,Procter and Gamble Asia Holding BV,21221953.0
PGHH,2016-12-31,Independent,Body Corporate,22310090.0
PGHH,2017-03-31,Independent,Body Corporate,22310090.0
PGHH,2017-06-30,Independent,Body Corporate,22310090.0
PGHH,2017-09-30,Independent,Body Corporate,22310090.0
PGHH,2017-12-31,Independent,Body Corporate,22310090.0
PGHH,2018-03-31,Independent,Procter and Gamble Overseas India BV,22310090.0
PGHH,2018-06-30,Independent,Procter and Gamble Overseas India BV,22310090.0
PGHH,2018-09-30,Independent,Procter And Gamble Overseas India B.V.,22310090.0
PGHH,2018-12-31,Independent,Procter And Gamble Overseas India B.V.,22310090.0
PGHH,2019-03-31,Independent,Procter And Gamble Overseas India B.V.,22310090.0
PGHH,2019-06-30,Independent,PROCTER AND GAMBLE OVERSEAS INDIA B.V.,22310090.0
PGHH,2019-09-30,Independent,PROCTER & GAMBLE OVERSEAS INDIA BV,22310090.0
PGHH,2019-12-31,Independent,Procter And Gamble Overseas India B.V.,22310090.0
PGHH,2020-03-31,Independent,Procter And Gamble Overseas India B.V.,22310090.0
PGHH,2020-06-30,Independent,Procter And Gamble Overseas India B.V.,22310090.0
PGHH,2020-09-30,Independent,Procter And Gamble Overseas India B.V.,22310090.0
PGHH,2020-12-31,Independent,Procter And Gamble Overseas India B.V.,22310090.0
PGHH,2021-03-31,Independent,Procter And Gamble Overseas India B.V.,22310090.0
PGHH,2021-06-30,Independent,Procter And Gamble Overseas India B.V.,22310090.0
PGHH,2021-09-30,Independent,Procter And Gamble Overseas India B.V.,22310090.0
PGHH,2021-12-31,Independent,Procter And Gamble Overseas India B.V.,22310090.0
PGHH,2022-03-31,Independent,Procter And Gamble Overseas India B.V.,22310090.0
PGHH,2022-06-30,Independent,Procter And Gamble Overseas India B.V.,22310090.0
PGHH,2022-09-30,Independent,Procter And Gamble Overseas India B.V.,22310090.0
PGHH,2022-12-31,Independent,Procter And Gamble Overseas India B.V.,22310090.0
PGHH,2023-03-31,Independent,Procter And Gamble Overseas India B.V.,22310090.0
PGHH,2023-06-30,Independent,Procter And Gamble Overseas India B.V.,22310090.0
PGHH,2023-09-30,Independent,Procter And Gamble Overseas India B.V.,22310090.0
PGHH,2023-12-31,Independent,Procter And Gamble Overseas India B.V.,22310090.0
PGHH,2024-03-31,Independent,Procter And Gamble Overseas India B.V.,22310090.0
PGHH,2024-06-30,Independent,Procter And Gamble Overseas India B.V.,22310090.0
PGHH,2024-09-30,Independent,Clearing Member,22310090.0
PGHH,2024-12-31,Independent,Procter And Gamble Overseas India B.V.,22310090.0
PGHH,2025-03-31,Independent,Procter And Gamble Overseas India B.V.,22310090.0
PGHH,2025-06-30,Independent,Procter And Gamble Overseas India B.V.,22310090.0
PGHH,2025-09-30,Independent,Procter And Gamble Overseas India B.V.,22310090.0
PGHH,2025-12-31,Independent,Procter And Gamble Overseas India B.V.,22310090.0
PHOENIXLTD,2014-03-31,Independent,,0.0
PHOENIXLTD,2014-06-30,Independent,,0.0
PHOENIXLTD,2014-09-30,Independent,,0.0
PHOENIXLTD,2014-12-31,Independent,,0.0
PHOENIXLTD,2015-03-31,Independent,,0.0
PHOENIXLTD,2015-06-30,Independent,,0.0
PHOENIXLTD,2015-07-17,Independent,,0.0
PHOENIXLTD,2015-09-30,Independent,,0.0
PHOENIXLTD,2016-03-31,Independent,Body Corporates,86208962.0
PHOENIXLTD,2016-06-30,Independent,Body Corporates,86208962.0
PHOENIXLTD,2016-09-30,Independent,Body Corporates,86208962.0
PHOENIXLTD,2016-12-31,Independent,Body Corporate,86208962.0
PHOENIXLTD,2017-03-31,Independent,Body Corporate,86208962.0
PHOENIXLTD,2017-06-30,Independent,Body Corporate,86208962.0
PHOENIXLTD,2017-09-30,Independent,Body Corporate,86208962.0
PHOENIXLTD,2017-12-31,Independent,Body Corporate,86208962.0
PHOENIXLTD,2018-03-31,Independent,Ruia International Holding Company Private Limited,49347248.0
PHOENIXLTD,2018-06-30,Independent,Ruia International Holding Company Private Limited,49347248.0
PHOENIXLTD,2018-09-30,Independent,Ruia International Holding Company Private Limited,49347248.0
PHOENIXLTD,2018-12-31,Independent,Ruia International Holding Company Private Limited,49347248.0
PHOENIXLTD,2019-03-31,Independent,Ruia International Holding Company Private Limited,49347248.0
PHOENIXLTD,2019-06-30,Independent,Ruia International Holding Company Private Limited,49347248.0
PHOENIXLTD,2019-09-30,Independent,Ruia International Holding Company Private Limited,49347248.0
PHOENIXLTD,2019-12-31,Independent,Ruia International Holding Company Private Limited,49347248.0
PHOENIXLTD,2020-03-31,Independent,Ruia International Holding Company Private Limited,49347248.0
PHOENIXLTD,2020-06-30,Independent,Ruia International Holding Company Private Limited,49347248.0
PHOENIXLTD,2020-08-22,Independent,Ruia International Holding Company Private Limited,49347248.0
PHOENIXLTD,2020-09-30,Independent,Ruia International Holding Company Private Limited,49347248.0
PHOENIXLTD,2020-12-31,Independent,Ruia International Holding Company Private Limited,49347248.0
PHOENIXLTD,2021-03-31,Independent,Ruia International Holding Company Private Limited,49347248.0
PHOENIXLTD,2021-06-30,Independent,Ruia International Holding Company Private Limited,49347248.0
PHOENIXLTD,2021-09-30,Independent,Ruia International Holding Company Private Limited,49347248.0
PHOENIXLTD,2021-12-31,Independent,Ruia International Holding Company Private Limited,49347248.0
PHOENIXLTD,2022-01-13,Independent,Ruia International Holding Company Private Limited,55617248.0
PHOENIXLTD,2022-03-31,Independent,Ruia International Holding Company Private Limited,55617248.0
PHOENIXLTD,2022-06-30,Independent,Ruia International Holding Company Private Limited,55617248.0
PHOENIXLTD,2022-09-30,Independent,Ruia International Holding Company Private Limited,55617248.0
PHOENIXLTD,2022-12-31,Independent,Ruia International Holding Company Private Limited,55617248.0
PHOENIXLTD,2023-03-31,Independent,Ruia International Holding Company Private Limited,55617248.0
PHOENIXLTD,2023-06-30,Independent,Ruia International Holding Company Private Limited,55617248.0
PHOENIXLTD,2023-09-30,Independent,Ruia International Holding Company Private Limited,55617248.0
PHOENIXLTD,2023-12-31,Independent,Ruia International Holding Company Private Limited,55617248.0
PHOENIXLTD,2024-03-31,Independent,Ruia International Holding Company Private Limited,55617248.0
PHOENIXLTD,2024-06-30,Independent,Ruia International Holding Company Private Limited,55617248.0
PHOENIXLTD,2024-09-23,Independent,Ruia International Holding Company Private Limited,111234496.0
PHOENIXLTD,2024-09-30,Independent,Ruia International Holding Company Private Limited,111234496.0
PHOENIXLTD,2024-12-31,Independent,Ruia International Holding Company Private Limited,111234496.0
PHOENIXLTD,2025-03-31,Independent,Ruia International Holding Company Private Limited,111234496.0
PHOENIXLTD,2025-06-30,Independent,Ruia International Holding Company Private Limited,111234496.0
PHOENIXLTD,2025-09-30,Independent,Ruia International Holding Company Private Limited,111234496.0
PHOENIXLTD,2025-12-31,Independent,Ruia International Holding Company Private Limited,111234496.0
PIDILITIND,2014-03-31,Independent,,0.0
PIDILITIND,2014-06-30,Independent,,0.0
PIDILITIND,2014-09-30,Independent,,0.0
PIDILITIND,2014-12-31,Independent,,0.0
PIDILITIND,2015-03-31,Independent,,0.0
PIDILITIND,2015-06-30,Independent,,0.0
PIDILITIND,2015-09-30,Independent,,0.0
PIDILITIND,2015-12-31,Independent,Madhukar Balvantray Parekh,48765564.0
PIDILITIND,2016-03-31,Independent,Madhukar Balvantray Parekh,56777568.0
PIDILITIND,2016-06-30,Independent,Madhukar Balvantray Parekh,56227568.0
PIDILITIND,2016-09-30,Independent,Madhukar Balvantray Parekh,56227568.0
PIDILITIND,2016-12-31,Independent,Body Corporate,86831932.0
PIDILITIND,2017-03-31,Independent,Body Corporate,86831932.0
PIDILITIND,2017-06-30,Independent,Body Corporate,86931932.0
PIDILITIND,2017-09-30,Independent,Body Corporate,86931932.0
PIDILITIND,2017-12-31,Independent,Body Corporate,87216932.0
PIDILITIND,2018-03-31,Independent,Narendrakumar Kalyanji Parekh,54273688.0
PIDILITIND,2018-06-30,Independent,Narendrakumar Kalyanji Parekh,54273688.0
PIDILITIND,2018-09-30,Independent,NARENDRAKUMAR KALYANJI PAREKH,54273688.0
PIDILITIND,2018-12-31,Independent,NARENDRAKUMAR KALYANJI PAREKH,54273688.0
PIDILITIND,2019-03-31,Independent,NARENDRAKUMAR KALYANJI PAREKH,54273688.0
PIDILITIND,2019-06-30,Independent,NARENDRAKUMAR KALYANJI PAREKH,54273688.0
PIDILITIND,2019-09-30,Independent,NARENDRAKUMAR KALYANJI PAREKH,54273688.0
PIDILITIND,2019-12-31,Independent,NARENDRAKUMAR KALYANJI PAREKH,54273688.0
PIDILITIND,2020-03-31,Independent,NARENDRAKUMAR KALYANJI PAREKH,54273688.0
PIDILITIND,2020-06-30,Independent,NARENDRAKUMAR KALYANJI PAREKH,54273688.0
PIDILITIND,2020-09-30,Independent,NARENDRAKUMAR KALYANJI PAREKH,54273688.0
PIDILITIND,2020-12-31,Independent,NARENDRAKUMAR KALYANJI PAREKH,54273688.0
PIDILITIND,2021-03-31,Independent,NARENDRAKUMAR KALYANJI PAREKH,54273688.0
PIDILITIND,2021-06-30,Independent,NARENDRAKUMAR KALYANJI PAREKH,54273688.0
PIDILITIND,2021-09-30,Independent,Narendrakumar Kalyanji Parekh,54273688.0
PIDILITIND,2021-12-31,Independent,Narendrakumar Kalyanji Parekh,54273688.0
PIDILITIND,2022-03-31,Independent,Narendrakumar Kalyanji Parekh,54273688.0
PIDILITIND,2022-06-30,Independent,Narendrakumar Kalyanji Parekh,54273688.0
PIDILITIND,2022-09-30,Independent,Narendrakumar Kalyanji Parekh,54273688.0
PIDILITIND,2022-12-31,Independent,Narendrakumar Kalyanji Parekh,54273688.0
PIDILITIND,2023-03-31,Independent,Narendrakumar Kalyanji Parekh,54273688.0
PIDILITIND,2023-06-30,Independent,Narendrakumar Kalyanji Parekh,54273688.0
PIDILITIND,2023-09-30,Independent,Narendrakumar Kalyanji Parekh,54273688.0
PIDILITIND,2023-12-31,Independent,Narendrakumar Kalyanji Parekh,54273688.0
PIDILITIND,2024-03-31,Independent,Narendrakumar Kalyanji Parekh,54273688.0
PIDILITIND,2024-06-30,Independent,Narendrakumar Kalyanji Parekh,54273688.0
PIDILITIND,2024-09-30,Independent,Madhukar Balvantray Parekh,56293286.0
PIDILITIND,2024-12-31,Independent,Madhukar Balvantray Parekh,56293286.0
PIDILITIND,2025-03-31,Independent,Madhukar Balvantray Parekh,56293286.0
PIDILITIND,2025-06-30,Independent,Partnership Firms,166677686.0
PIDILITIND,2025-09-24,Independent,Partnership Firms,333355372.0
PIDILITIND,2025-09-30,Independent,Partnership Firms,333355372.0
PIDILITIND,2025-12-31,Independent,Partnership Firms,331213372.0
PIIND,2014-03-31,Independent,,0.0
PIIND,2014-06-30,Independent,,0.0
PIIND,2014-09-30,Independent,,0.0
PIIND,2014-12-31,Independent,,0.0
PIIND,2015-03-31,Independent,,0.0
PIIND,2015-06-30,Independent,,0.0
PIIND,2015-09-30,Independent,,0.0
PIIND,2015-12-31,Independent,MRS MADHU SINGHAL JOINTLY WITH MR SALIL SINGHAL,23764621.0
PIIND,2016-03-31,Independent,MRS MADHU SINGHAL JOINTLY WITH SHRI SALIL SINGHAL,23764621.0
PIIND,2016-06-30,Independent,MR SALIL SINGHAL,30159053.0
PIIND,2016-09-30,Independent,SALIL SINGHAL,30159053.0
PIIND,2016-12-31,Independent,Mr. Mayank Singhal,32028510.0
PIIND,2017-03-31,Independent,MAYANK SINGHAL,32028510.0
PIIND,2017-06-30,Independent,Mr. Mayank Singhal,32028510.0
PIIND,2017-09-30,Independent,Mr. Mayank Singhal,32028510.0
PIIND,2017-12-31,Independent,Mr. Mayank Singhal,32028510.0
PIIND,2018-03-31,Independent,Mr. Mayank Singhal,32028510.0
PIIND,2018-06-30,Independent,Mr. Mayank Singhal,32028510.0
PIIND,2018-09-30,Independent,Mr. Mayank Singhal,32028510.0
PIIND,2018-12-31,Independent,Mr. Mayank Singhal,32028510.0
PIIND,2019-03-31,Independent,Mr. Mayank Singhal,32028510.0
PIIND,2019-06-30,Independent,Mr. Mayank Singhal,32028510.0
PIIND,2019-09-30,Independent,Mr. Mayank Singhal,32028510.0
PIIND,2019-12-31,Independent,Mr. Mayank Singhal,32028510.0
PIIND,2020-03-31,Independent,MAYANK SINGHAL,32028510.0
PIIND,2020-06-30,Independent,MAYANK SINGHAL,32028510.0
PIIND,2020-07-09,Independent,MAYANK SINGHAL,32028510.0
PIIND,2020-09-30,Independent,MAYANK SINGHAL,32028510.0
PIIND,2020-12-31,Independent,MAYANK SINGHAL,32028510.0
PIIND,2021-03-31,Independent,MAYANK SINGHAL,32028510.0
PIIND,2021-06-30,Independent,MAYANK SINGHAL,32028510.0
PIIND,2021-09-30,Independent,MAYANK SINGHAL,32028510.0
PIIND,2021-12-31,Independent,MAYANK SINGHAL,32028510.0
PIIND,2022-03-31,Independent,MAYANK SINGHAL,32028510.0
PIIND,2022-06-30,Independent,MAYANK SINGHAL,32028510.0
PIIND,2022-09-30,Independent,MAYANK SINGHAL,31028510.0
PIIND,2022-12-31,Independent,MAYANK SINGHAL,31028510.0
PIIND,2023-03-31,Independent,MAYANK SINGHAL,31028510.0
PIIND,2023-06-30,Independent,MAYANK SINGHAL,31028510.0
PIIND,2023-09-30,Independent,MAYANK SINGHAL,31028510.0
PIIND,2023-12-31,Independent,MAYANK SINGHAL,31028510.0
PIIND,2024-03-31,Independent,MAYANK SINGHAL,31028510.0
PIIND,2024-06-30,Independent,MAYANK SINGHAL,31028510.0
PIIND,2024-09-30,Independent,MAYANK SINGHAL,31028510.0
PIIND,2024-12-31,Independent,MAYANK SINGHAL,31028510.0
PIIND,2025-03-31,Independent,MAYANK SINGHAL,31028510.0
PIIND,2025-06-30,Independent,MAYANK SINGHAL,31028510.0
PIIND,2025-09-30,Independent,MAYANK SINGHAL,31028510.0
PIIND,2025-12-31,Independent,MAYANK SINGHAL,31028510.0
PNB,2014-03-31,Independent,,0.0
PNB,2014-06-30,Independent,,0.0
PNB,2014-09-30,Independent,,0.0
PNB,2014-12-31,Independent,,0.0
PNB,2015-03-31,Independent,,0.0
PNB,2015-06-30,Independent,,0.0
PNB,2015-09-30,Independent,,0.0
PNB,2015-12-31,GOI_PSU,Central Government/ State Government(s),1219088455.0
PNB,2016-03-31,GOI_PSU,Central Government/ State Government(s),1219088455.0
PNB,2016-06-30,GOI_PSU,Central Government/ State Government(s),1219088455.0
PNB,2016-09-14,GOI_PSU,Central Government/ State Government(s),1383459223.0
PNB,2016-09-30,GOI_PSU,Central Government/ State Government(s),1383459223.0
PNB,2016-12-31,GOI_PSU,Central Government/ State Government(s),1383459223.0
PNB,2017-03-31,GOI_PSU,Central Government/ State Government(s),1383459223.0
PNB,2017-06-30,GOI_PSU,Central Government/ State Government(s),1383459223.0
PNB,2017-09-30,GOI_PSU,Central Government/ State Government(s),1383459223.0
PNB,2017-12-18,GOI_PSU,Central Government/ State Government(s),1383459223.0
PNB,2017-12-31,GOI_PSU,Central Government/ State Government(s),1383459223.0
PNB,2018-03-27,GOI_PSU,Central Government/ State Government(s),1718445145.0
PNB,2018-03-31,GOI_PSU,Central Government/ State Government(s),1718445145.0
PNB,2018-06-30,GOI_PSU,Central Government/ State Government(s),1718445145.0
PNB,2018-09-19,GOI_PSU,Central Government/ State Government(s),2031438364.0
PNB,2018-09-30,GOI_PSU,Central Government/ State Government(s),2031438364.0
PNB,2018-11-01,GOI_PSU,Central Government/ State Government(s),2669628728.0
PNB,2018-12-31,GOI_PSU,Central Government/ State Government(s),2669628728.0
PNB,2019-03-28,GOI_PSU,Central Government/ State Government(s),3471692263.0
PNB,2019-03-31,GOI_PSU,Central Government/ State Government(s),3471692263.0
PNB,2019-06-30,GOI_PSU,Central Government/ State Government(s),3471692263.0
PNB,2019-09-30,GOI_PSU,CENTRAL GOVT/STATE GOVT/PRESIDENT OF INDIA,3471692263.0
PNB,2019-11-06,GOI_PSU,CENTRAL GOVT/STATE GOVT/PRESIDENT OF INDIA,5605211223.0
PNB,2019-12-31,GOI_PSU,CENTRAL GOVT/STATE GOVT/PRESIDENT OF INDIA,5605211223.0
PNB,2020-03-31,GOI_PSU,CENTRAL GOVT/STATE GOVT/PRESIDENT OF INDIA,5605211223.0
PNB,2020-04-01,GOI_PSU,CENTRAL GOVT/STATE GOVT/PRESIDENT OF INDIA,8054125685.0
PNB,2020-06-30,GOI_PSU,Central Government/ State Government(s),8054125685.0
PNB,2020-09-30,GOI_PSU,Central Government/ State Government(s),8054125685.0
PNB,2020-12-21,GOI_PSU,Central Government/ State Government(s),8054125685.0
PNB,2020-12-31,GOI_PSU,Central Government/ State Government(s),8054125685.0
PNB,2021-03-31,GOI_PSU,Central Government/ State Government(s),8054125685.0
PNB,2021-05-15,GOI_PSU,Central Government/ State Government(s),8054125685.0
PNB,2021-06-30,GOI_PSU,Central Government/ State Government(s),8054125685.0
PNB,2021-09-30,GOI_PSU,Central Government/ State Government(s),8054125685.0
PNB,2021-12-31,GOI_PSU,Central Government (through President of India),8054125685.0
PNB,2022-03-31,GOI_PSU,Central Government/ State Government(s),8054125685.0
PNB,2022-06-30,GOI_PSU,Central Government/ State Government(s),8054125685.0
PNB,2022-09-30,GOI_PSU,Central Government (Through President of India),8054125685.0
PNB,2022-12-31,GOI_PSU,Central Government (Through President of India)),8054125685.0
PNB,2023-03-31,GOI_PSU,Central Government (Through President of India),8054125685.0
PNB,2023-06-30,GOI_PSU,Central Government (Through President of India),8054125685.0
PNB,2023-09-30,GOI_PSU,Central Government (Through President of India),8054125685.0
PNB,2023-12-31,GOI_PSU,Central Government (Through President of India),8054125685.0
PNB,2024-03-31,GOI_PSU,Central Government (Through President of India),8054125685.0
PNB,2024-06-30,GOI_PSU,Central Government/ State Government(s),8054125685.0
PNB,2024-09-27,GOI_PSU,Central Government/ State Government(s),8054125685.0
PNB,2024-09-30,GOI_PSU,Central Government (Through President of India),8054125685.0
PNB,2024-12-31,GOI_PSU,Central Government/ State Government(s),8054125685.0
PNB,2025-03-31,GOI_PSU,Central Government/ State Government(s),8054125685.0
PNB,2025-06-30,GOI_PSU,Central Government (President Of India),8054125685.0
PNB,2025-09-30,GOI_PSU,Central Government (President Of India),8054125685.0
PNB,2025-12-31,GOI_PSU,Central Government (President Of India),8054125685.0
PNBHOUSING,2016-11-04,Independent,Bodies Corporates,64730680.0
PNBHOUSING,2016-12-31,Independent,Body Corporate,64730680.0
PNBHOUSING,2017-03-31,Independent,Body Corporate,64730700.0
PNBHOUSING,2017-06-30,Independent,Body Corporate,64730700.0
PNBHOUSING,2017-09-30,Independent,Body Corporate,64730700.0
PNBHOUSING,2017-12-31,Independent,Other,54914840.0
PNBHOUSING,2018-03-31,Independent,Punjab National Bank,54914840.0
PNBHOUSING,2018-06-30,Independent,Punjab National Bank,54914840.0
PNBHOUSING,2018-09-30,Independent,Punjab National Bank,54914840.0
PNBHOUSING,2018-12-31,Independent,Punjab National Bank,54914840.0
PNBHOUSING,2019-03-31,Independent,Punjab National Bank,54914840.0
PNBHOUSING,2019-06-30,Independent,Punjab National Bank,54914840.0
PNBHOUSING,2019-09-30,Independent,Punjab National Bank,54914840.0
PNBHOUSING,2019-12-31,Independent,Punjab National Bank,54914840.0
PNBHOUSING,2020-03-31,Independent,Punjab National Bank,54914840.0
PNBHOUSING,2020-06-30,Independent,Punjab National Bank,54914840.0
PNBHOUSING,2020-09-30,Independent,PUNJAB NATIONAL BANK,54914840.0
PNBHOUSING,2020-12-31,Independent,PUNJAB NATIONAL BANK,54914840.0
PNBHOUSING,2021-03-31,Independent,PUNJAB NATIONAL BANK,54914840.0
PNBHOUSING,2021-06-30,Independent,PUNJAB NATIONAL BANK,54914840.0
PNBHOUSING,2021-09-30,Independent,PUNJAB NATIONAL BANK,54914840.0
PNBHOUSING,2021-12-31,Independent,PUNJAB NATIONAL BANK,54914840.0
PNBHOUSING,2022-03-31,Independent,PUNJAB NATIONAL BANK,54914840.0
PNBHOUSING,2022-06-30,Independent,PUNJAB NATIONAL BANK,54914840.0
PNBHOUSING,2022-09-30,Independent,PUNJAB NATIONAL BANK,54914840.0
PNBHOUSING,2022-12-31,Independent,PUNJAB NATIONAL BANK,54914840.0
PNBHOUSING,2023-03-31,Independent,PUNJAB NATIONAL BANK,54914840.0
PNBHOUSING,2023-05-04,Independent,Punjab National Bank,73051205.0
PNBHOUSING,2023-06-30,Independent,PUNJAB NATIONAL BANK,73051205.0
PNBHOUSING,2023-09-30,Independent,Punjab National Bank,73051205.0
PNBHOUSING,2023-12-31,Independent,Punjab National Bank,73051205.0
PNBHOUSING,2024-03-31,Independent,Punjab National Bank,73051205.0
PNBHOUSING,2024-06-30,Independent,Punjab National Bank,73051205.0
PNBHOUSING,2024-09-30,Independent,Punjab National Bank,73051205.0
PNBHOUSING,2024-12-31,Independent,Punjab National Bank,73051205.0
PNBHOUSING,2025-03-31,Independent,Punjab National Bank,73051205.0
PNBHOUSING,2025-06-30,Independent,Punjab National Bank,73051205.0
PNBHOUSING,2025-09-30,Independent,Punjab National Bank,73051205.0
PNBHOUSING,2025-12-31,Independent,Punjab National Bank,73051205.0
POLYCAB,2019-04-15,Independent,INDER T JAISINGHANI,21450976.0
POLYCAB,2019-06-30,Independent,INDER T JAISINGHANI,21450976.0
POLYCAB,2019-09-30,Independent,INDER T JAISINGHANI,21450976.0
POLYCAB,2019-12-31,Independent,INDER T JAISINGHANI,21450976.0
POLYCAB,2020-03-31,Independent,INDER T JAISINGHANI,21450976.0
POLYCAB,2020-06-30,Independent,INDER T JAISINGHANI,21450976.0
POLYCAB,2020-09-30,Independent,INDER T JAISINGHANI,21450976.0
POLYCAB,2020-12-31,Independent,INDER T JAISINGHANI,21432476.0
POLYCAB,2021-03-31,Independent,INDER T JAISINGHANI,21432476.0
POLYCAB,2021-06-30,Independent,INDER T JAISINGHANI,21432476.0
POLYCAB,2021-09-30,Independent,INDER T JAISINGHANI,19432476.0
POLYCAB,2021-12-31,Independent,INDER T JAISINGHANI,19404976.0
POLYCAB,2022-03-31,Independent,INDER T JAISINGHANI,19383976.0
POLYCAB,2022-06-30,Independent,INDER T JAISINGHANI,19383976.0
POLYCAB,2022-09-30,Independent,INDER T JAISINGHANI,19383976.0
POLYCAB,2022-12-31,Independent,INDER T JAISINGHANI,18883976.0
POLYCAB,2023-03-31,Independent,INDER T JAISINGHANI,18873976.0
POLYCAB,2023-06-30,Independent,INDER T JAISINGHANI,18873976.0
POLYCAB,2023-09-30,Independent,INDER T JAISINGHANI,18873976.0
POLYCAB,2023-12-31,Independent,INDER T JAISINGHANI,18873976.0
POLYCAB,2024-03-31,Independent,INDER T JAISINGHANI,18873976.0
POLYCAB,2024-06-30,Independent,INDER T JAISINGHANI,18873976.0
POLYCAB,2024-09-30,Independent,INDER T JAISINGHANI,18123976.0
POLYCAB,2024-12-31,Independent,INDER T JAISINGHANI,18123976.0
POLYCAB,2025-03-31,Independent,INDER T JAISINGHANI,18123976.0
POLYCAB,2025-06-30,Independent,INDER T JAISINGHANI,18123976.0
POLYCAB,2025-09-30,Independent,INDER T JAISINGHANI,17540794.0
POLYCAB,2025-12-31,Independent,INDER T JAISINGHANI,17540794.0
POONAWALLA,2014-03-31,Independent,,0.0
POONAWALLA,2014-06-30,Independent,,0.0
POONAWALLA,2014-09-30,Independent,,0.0
POONAWALLA,2014-12-31,Independent,,0.0
POONAWALLA,2015-03-31,Independent,,0.0
POONAWALLA,2015-05-08,Independent,,0.0
POONAWALLA,2015-06-30,Independent,,0.0
POONAWALLA,2015-09-30,Independent,,0.0
POONAWALLA,2015-12-31,Independent,Bodies Corporate:MICROFIRM CAPITAL PRIVATE LIMITED,34015928.0
POONAWALLA,2016-03-31,Independent,BODY CORPORATE,63450383.0
POONAWALLA,2016-06-30,Independent,BODY CORPORATE,63450383.0
POONAWALLA,2016-09-30,Independent,BODY CORPORATE,63450383.0
POONAWALLA,2016-12-31,Independent,Body Corporate,63450383.0
POONAWALLA,2017-03-31,Independent,Body Corporate,65270503.0
POONAWALLA,2017-06-30,Independent,Body Corporate,65270503.0
POONAWALLA,2017-09-30,Independent,Body Corporate,65270503.0
POONAWALLA,2017-12-31,Independent,Body Corporate,65270503.0
POONAWALLA,2018-03-31,Independent,MICROFIRM CAPITAL PRIVATE LIMITED,34015928.0
POONAWALLA,2018-04-12,Independent,MICROFIRM CAPITAL PRIVATE LIMITED,34015928.0
POONAWALLA,2018-06-30,Independent,MICROFIRM CAPITAL PRIVATE LIMITED,34015928.0
POONAWALLA,2018-09-30,Independent,MICROFIRM CAPITAL PRIVATE LIMITED,34015928.0
POONAWALLA,2018-12-31,Independent,Microfirm Capital Private Limited,34015928.0
POONAWALLA,2019-03-31,Independent,MICROFIRM CAPITAL PRIVATE LIMITED,34015928.0
POONAWALLA,2019-06-30,Independent,MICROFIRM CAPITAL PRIVATE LIMITED,34015928.0
POONAWALLA,2019-09-30,Independent,MICROFIRM CAPITAL PRIVATE LIMITED,34015928.0
POONAWALLA,2019-12-31,Independent,MICROFIRM CAPITAL PRIVATE LIMITED,34015928.0
POONAWALLA,2020-03-31,Independent,MICROFIRM CAPITAL PRIVATE LIMITED,34015928.0
POONAWALLA,2020-06-30,Independent,MICROFIRM CAPITAL PRIVATE LIMITED,34015928.0
POONAWALLA,2020-09-30,Independent,MICROFIRM CAPITAL PRIVATE LIMITED,34015928.0
POONAWALLA,2020-12-31,Independent,MICROFIRM CAPITAL PRIVATE LIMITED,34015928.0
POONAWALLA,2021-03-31,Independent,MICROFIRM CAPITAL PRIVATE LIMITED,34015928.0
POONAWALLA,2021-05-06,Independent,RISING SUN HOLDING PVT. LTD.,458000000.0
POONAWALLA,2021-06-30,Independent,RISING SUN HOLDINGS PVT LTD,458005352.0
POONAWALLA,2021-09-30,Independent,RISING SUN HOLDINGS PVT LTD,458005352.0
POONAWALLA,2021-12-31,Independent,RISING SUN HOLDINGS PVT LTD,470405352.0
POONAWALLA,2022-03-31,Independent,RISING SUN HOLDINGS PVT LTD,470405352.0
POONAWALLA,2022-06-30,Independent,RISING SUN HOLDINGS PVT LTD,470405352.0
POONAWALLA,2022-09-30,Independent,RISING SUN HOLDINGS PVT LTD,470405352.0
POONAWALLA,2022-12-31,Independent,Rising Sun Holdings Pvt Ltd,474726690.0
POONAWALLA,2023-03-31,Independent,Rising Sun Holdings Pvt Ltd,477184690.0
POONAWALLA,2023-06-30,Independent,Rising Sun Holdings Private Limited,477184690.0
POONAWALLA,2023-09-30,Independent,Rising Sun Holdings Pvt Ltd,477184690.0
POONAWALLA,2023-12-31,Independent,Rising Sun Holdings Pvt Ltd,477184690.0
POONAWALLA,2024-03-31,Independent,Rising Sun Holdings Pvt Ltd,481217690.0
POONAWALLA,2024-06-30,Independent,Rising Sun Holdings Pvt Ltd,481217690.0
POONAWALLA,2024-09-30,Independent,Rising Sun Holdings Pvt Ltd,481217690.0
POONAWALLA,2024-12-31,Independent,Rising Sun Holdings Pvt Ltd,485187255.0
POONAWALLA,2025-03-31,Independent,Rising Sun Holdings Pvt Ltd,486496535.0
POONAWALLA,2025-06-30,Independent,Rising Sun Holdings Pvt Ltd,486496535.0
POONAWALLA,2025-09-17,Independent,Rising Sun Holdings Pvt Ltd,519644637.0
POONAWALLA,2025-09-30,Independent,Rising Sun Holdings Pvt Ltd,519644637.0
POONAWALLA,2025-12-31,Independent,Rising Sun Holdings Pvt Ltd,519644637.0
POWERGRID,2014-03-31,Independent,,0.0
POWERGRID,2014-06-30,Independent,,0.0
POWERGRID,2014-09-30,Independent,,0.0
POWERGRID,2014-12-31,Independent,,0.0
POWERGRID,2015-03-31,Independent,,0.0
POWERGRID,2015-06-30,Independent,,0.0
POWERGRID,2015-09-30,Independent,,0.0
POWERGRID,2015-12-31,GOI_PSU,Central Government/ State Government(s),3028835198.0
POWERGRID,2016-03-31,GOI_PSU,Central Government/ State Government(s),3028835198.0
POWERGRID,2016-06-30,GOI_PSU,Central Government/ State Government(s),3028835198.0
POWERGRID,2016-09-30,GOI_PSU,Central Government/ State Government(s),3028835198.0
POWERGRID,2016-12-31,GOI_PSU,Central Government/ State Government(s),3028835198.0
POWERGRID,2017-03-31,GOI_PSU,Central Government/ State Government(s),3028835198.0
POWERGRID,2017-06-30,GOI_PSU,Central Government/ State Government(s),3028835198.0
POWERGRID,2017-09-30,GOI_PSU,Central Government/ State Government(s),3028835198.0
POWERGRID,2017-12-31,GOI_PSU,Central Government/ State Government(s),2977314759.0
POWERGRID,2018-03-31,GOI_PSU,Central Government/ State Government(s),2977314759.0
POWERGRID,2018-06-30,GOI_PSU,Central Government/ State Government(s),2943912183.0
POWERGRID,2018-09-30,GOI_PSU,Central Government/ State Government(s),2947376901.0
POWERGRID,2018-12-31,GOI_PSU,Central Government/ State Government(s),2947376901.0
POWERGRID,2019-03-31,GOI_PSU,Central Government/ State Government(s),2896495942.0
POWERGRID,2019-06-30,GOI_PSU,Central Government/ State Government(s),2896495942.0
POWERGRID,2019-09-30,GOI_PSU,Central Government/ State Government(s),2896495942.0
POWERGRID,2019-12-31,GOI_PSU,Central Government/ State Government(s),2875438470.0
POWERGRID,2020-03-31,GOI_PSU,Central Government/ State Government(s),2685872408.0
POWERGRID,2020-06-30,GOI_PSU,Central Government/ State Government(s),2685872408.0
POWERGRID,2020-09-30,GOI_PSU,Central Government/ State Government(s),2685872408.0
POWERGRID,2020-12-31,GOI_PSU,Central Government/ State Government(s),2685872408.0
POWERGRID,2021-03-31,GOI_PSU,Central Government/ State Government(s),2685872408.0
POWERGRID,2021-06-30,GOI_PSU,Central Government/ State Government(s),2685872408.0
POWERGRID,2021-08-03,GOI_PSU,Central Government/ State Government(s),3581163210.0
POWERGRID,2021-09-30,GOI_PSU,Central Government/ State Government(s),3581163210.0
POWERGRID,2021-12-31,GOI_PSU,Central Government/ State Government(s),3581163210.0
POWERGRID,2022-03-31,GOI_PSU,Central Government/ State Government(s),3581163210.0
POWERGRID,2022-06-30,GOI_PSU,Central Government/ State Government(s),3581163210.0
POWERGRID,2022-09-30,GOI_PSU,Central Government/ State Government(s),3581163210.0
POWERGRID,2022-12-31,GOI_PSU,Central Government/ State Government(s),3581163210.0
POWERGRID,2023-03-31,GOI_PSU,Central Government/ State Government(s),3581163210.0
POWERGRID,2023-06-30,GOI_PSU,Central Government/ State Government(s),3581163210.0
POWERGRID,2023-09-30,GOI_PSU,Central Government/ State Government(s),4774884280.0
POWERGRID,2023-12-31,GOI_PSU,Central Government/ State Government(s),4774884280.0
POWERGRID,2024-03-31,GOI_PSU,Central Government/ State Government(s),4774884280.0
POWERGRID,2024-06-30,GOI_PSU,Central Government/ State Government(s),4774884280.0
POWERGRID,2024-09-30,GOI_PSU,Central Government/ State Government(s),4774884280.0
POWERGRID,2024-12-31,GOI_PSU,Central Government/ State Government(s),4774884280.0
POWERGRID,2025-03-31,GOI_PSU,Central Government/ State Government(s),4774884280.0
POWERGRID,2025-06-30,GOI_PSU,Central Government/ State Government(s),4774884280.0
POWERGRID,2025-09-30,GOI_PSU,Central Government/ State Government(s),4774884280.0
POWERGRID,2025-12-31,GOI_PSU,Central Government/ State Government(s),4774884280.0
POWERINDIA,2020-03-13,Independent,ABB ASEA BROWN BOVERI LTD,31786256.0
POWERINDIA,2020-03-31,Independent,ABB ASEA BROWN BOVERI LTD,31786256.0
POWERINDIA,2020-06-30,Independent,ABB ASEA BROWN BOVERI LTD.,31786256.0
POWERINDIA,2020-09-30,Independent,ABB ASEA BROWN BOVERI LTD *,31786256.0
POWERINDIA,2020-12-31,Independent,ABB ASEA BROWN BOVERI LTD,31786256.0
POWERINDIA,2021-03-31,Independent,HITACHI ABB POWER GRIDS LTD,31786256.0
POWERINDIA,2021-06-30,Independent,HITACHI ABB POWER GRIDS LTD,31786256.0
POWERINDIA,2021-09-30,Independent,HITACHI ABB POWER GRIDS LTD,31786256.0
POWERINDIA,2021-12-31,Independent,HITACHI ABB POWER GRIDS LTD,31786256.0
POWERINDIA,2022-03-31,Independent,HITACHI ABB POWER GRIDS LTD,31786256.0
POWERINDIA,2022-06-30,Independent,HITACHI ABB POWER GRIDS LTD,31786256.0
POWERINDIA,2022-09-30,Independent,HITACHI ABB POWER GRIDS LTD,31786256.0
POWERINDIA,2022-12-31,Independent,HITACHI ABB POWER GRIDS LTD,31786256.0
POWERINDIA,2023-03-31,Independent,HITACHI ABB POWER GRIDS LTD (NOW KNOWN AS HITACHI ENERGY LTD.),31786256.0
POWERINDIA,2023-06-30,Independent,HITACHI ABB POWER GRIDS LTD. (NOW KNOWN AS HITACHI ENERGY LTD.),31786256.0
POWERINDIA,2023-09-30,Independent,HITACHI ABB POWER GRIDS LTD. (NOW KNOWN AS HITACHI ENERGY LTD.),31786256.0
POWERINDIA,2023-12-31,Independent,HITACHI ABB POWER GRIDS LTD. (NOW KNOWN AS HITACHI ENERGY LTD.),31786256.0
POWERINDIA,2024-03-31,Independent,HITACHI ABB POWER GRIDS LTD. (NOW KNOWN AS HITACHI ENERGY LTD.),31786256.0
POWERINDIA,2024-06-30,Independent,HITACHI ABB POWER GRIDS LTD. (NOW KNOWN AS HITACHI ENERGY LTD.),31786256.0
POWERINDIA,2024-09-30,Independent,HITACHI ABB POWER GRIDS LTD,31786256.0
POWERINDIA,2024-12-31,Independent,HITACHI ABB POWER GRIDS LTD,31786256.0
POWERINDIA,2025-03-13,Independent,HITACHI ABB POWER GRIDS LTD,31786256.0
POWERINDIA,2025-03-31,Independent,HITACHI ENERGY LTD,31786256.0
POWERINDIA,2025-06-30,Independent,HITACHI ENERGY LTD,31786256.0
POWERINDIA,2025-09-30,Independent,HITACHI ENERGY LTD,31786256.0
POWERINDIA,2025-12-31,Independent,HITACHI ENERGY LTD,31786256.0
PREMIERENE,2024-08-30,Independent,CHIRANJEEV SINGH SALUJA,259612382.0
PREMIERENE,2024-09-30,Independent,CHIRANJEEV SINGH SALUJA,259612382.0
PREMIERENE,2024-12-31,Independent,CHIRANJEEV SINGH SALUJA,259612382.0
PREMIERENE,2025-03-31,Independent,CHIRANJEEV SINGH SALUJA,259612382.0
PREMIERENE,2025-06-30,Independent,CHIRANJEEV SINGH SALUJA,259612382.0
PREMIERENE,2025-09-30,Independent,CHIRANJEEV SINGH SALUJA,259612382.0
PREMIERENE,2025-12-31,Independent,CHIRANJEEV SINGH SALUJA,259612382.0
PRESTIGE,2014-03-31,Independent,,0.0
PRESTIGE,2014-06-30,Independent,,0.0
PRESTIGE,2014-09-30,Independent,,0.0
PRESTIGE,2014-12-31,Independent,,0.0
PRESTIGE,2015-03-31,Independent,,0.0
PRESTIGE,2015-06-30,Independent,,0.0
PRESTIGE,2015-09-30,Independent,,0.0
PRESTIGE,2015-12-31,Independent,IRFAN RAZACK,65625000.0
PRESTIGE,2016-03-31,Independent,IRFAN RAZACK,65625000.0
PRESTIGE,2016-06-30,Independent,IRFAN RAZACK,65625000.0
PRESTIGE,2016-09-30,Independent,IRFAN RAZACK,65625000.0
PRESTIGE,2016-12-31,Independent,IRFAN RAZACK,65625000.0
PRESTIGE,2017-03-31,Independent,RAZACK  FAMILY TRUST,225000000.0
PRESTIGE,2017-06-30,Independent,RAZACK  FAMILY TRUST,225000000.0
PRESTIGE,2017-09-30,Independent,RAZACK  FAMILY TRUST,225000000.0
PRESTIGE,2017-12-31,Independent,RAZACK  FAMILY TRUST,225000000.0
PRESTIGE,2018-03-31,Independent,RAZACK  FAMILY TRUST,225000000.0
PRESTIGE,2018-06-30,Independent,Other,225000000.0
PRESTIGE,2018-09-30,Independent,Other,225000000.0
PRESTIGE,2018-12-31,Independent,Razack Family Trust,225000000.0
PRESTIGE,2019-03-31,Independent,Razack Family Trust,225000000.0
PRESTIGE,2019-06-30,Independent,Razack Family Trust,225000000.0
PRESTIGE,2019-09-30,Independent,Razack Family Trust,225000000.0
PRESTIGE,2019-12-31,Independent,Razack Family Trust,225000000.0
PRESTIGE,2020-01-24,Independent,Razack Family Trust,225000000.0
PRESTIGE,2020-02-05,Independent,Razack Family Trust,225000000.0
PRESTIGE,2020-03-31,Independent,Razack Family Trust,225000000.0
PRESTIGE,2020-06-30,Independent,Razack Family Trust(Irfan Razack),225000000.0
PRESTIGE,2020-09-30,Independent,Razack Family Trust(Irfan Razack),225000000.0
PRESTIGE,2020-12-31,Independent,Razack Family Trust(Irfan Razack),225000000.0
PRESTIGE,2021-03-31,Independent,Razack Family Trust(Irfan Razack),225000000.0
PRESTIGE,2021-06-30,Independent,Razack Family Trust (Irfan Razack),225000000.0
PRESTIGE,2021-09-30,Independent,Razack Family Trust (Irfan Razack),225000000.0
PRESTIGE,2021-12-31,Independent,Razack Family Trust (Irfan Razack),225000000.0
PRESTIGE,2022-03-31,Independent,Razack Family Trust (Irfan Razack),225000000.0
PRESTIGE,2022-06-30,Independent,Razack Family Trust (Irfan Razack),225000000.0
PRESTIGE,2022-09-30,Independent,Razack Family Trust (Irfan Razack),225000000.0
PRESTIGE,2022-12-31,Independent,Razack Family Trust (Irfan Razack),225000000.0
PRESTIGE,2023-03-31,Independent,Razack Family Trust (Irfan Razack),225000000.0
PRESTIGE,2023-06-30,Independent,Razack Family Trust (Irfan Razack),225000000.0
PRESTIGE,2023-09-30,Independent,Razack Family Trust (Irfan Razack),225000000.0
PRESTIGE,2023-12-31,Independent,Razack Family Trust (Irfan Razack),225000000.0
PRESTIGE,2024-03-31,Independent,Razack Family Trust (Irfan Razack),225000000.0
PRESTIGE,2024-06-30,Independent,Razack Family Trust (Irfan Razack),225000000.0
PRESTIGE,2024-09-05,Independent,Razack Family Trust (Irfan Razack),225000000.0
PRESTIGE,2024-09-30,Independent,Razack Family Trust (Irfan Razack),225000000.0
PRESTIGE,2024-12-31,Independent,Razack Family Trust,225000000.0
PRESTIGE,2025-03-31,Independent,Razack Family Trust,225000000.0
PRESTIGE,2025-06-30,Independent,Razack Family Trust,225000000.0
PRESTIGE,2025-09-30,Independent,Razack Family Trust,225000000.0
PRESTIGE,2025-12-31,Independent,Razack Family Trust,225000000.0
PTC,2014-03-31,Independent,,0.0
PTC,2014-06-30,Independent,,0.0
PTC,2014-09-30,Independent,,0.0
PTC,2014-12-31,Independent,,0.0
PTC,2015-03-31,Independent,,0.0
PTC,2015-06-30,Independent,,0.0
PTC,2015-09-30,Independent,,0.0
PTC,2015-12-31,Independent,NTPC Limited,12000000.0
PTC,2016-03-31,Independent,NATIONAL HYDROELECTRIC POWER CORPORATION LIMITED,12000000.0
PTC,2016-06-30,Independent,NATIONAL HYDROELECTRIC POWER CORPORATION LIMITED,12000000.0
PTC,2016-09-30,Independent,NATIONAL HYDROELECTRIC POWER CORPORATION LIMITED,12000000.0
PTC,2016-12-31,Independent,Body Corporate,48000000.0
PTC,2017-03-31,Independent,Body Corporate,48000000.0
PTC,2017-06-30,Independent,Body Corporate,48000000.0
PTC,2017-09-30,Independent,Body Corporate,48000000.0
PTC,2017-12-31,Independent,Body Corporate,48000000.0
PTC,2018-03-31,Independent,NATIONAL HYDROELECTRIC POWER CORPORATION LIMITED,12000000.0
PTC,2018-06-30,Independent,NATIONAL HYDROELECTRIC POWER CORPORATION LIMITED,12000000.0
PTC,2018-09-30,Independent,Director or Director's Relatives,12000000.0
PTC,2018-12-31,Independent,NATIONAL HYDROELECTRIC POWER CORPORATION LIMITED,12000000.0
PTC,2019-03-31,Independent,NATIONAL HYDROELECTRIC POWER CORPORATION LIMITED,12000000.0
PTC,2019-06-30,Independent,NATIONAL HYDROELECTRIC POWER CORPORATION LIMITED,12000000.0
PTC,2019-09-30,Independent,NATIONAL HYDROELECTRIC POWER CORPORATION LIMITED,12000000.0
PTC,2019-12-31,Independent,NATIONAL HYDROELECTRIC POWER CORPORATION LIMITED,12000000.0
PTC,2020-03-31,Independent,NATIONAL HYDROELECTRIC POWER CORPORATION LIMITED,12000000.0
PTC,2020-06-30,Independent,NATIONAL HYDROELECTRIC POWER CORPORATION LIMITED,12000000.0
PTC,2020-09-30,Independent,NATIONAL HYDROELECTRIC POWER CORPORATION LIMITED,12000000.0
PTC,2020-12-31,Independent,NATIONAL HYDROELECTRIC POWER CORPORATION LIMITED,12000000.0
PTC,2021-03-31,Independent,NATIONAL HYDROELECTRIC POWER CORPORATION LIMITED,12000000.0
PTC,2021-06-30,Independent,NATIONAL HYDROELECTRIC POWER CORPORATION LIMITED,12000000.0
PTC,2021-09-30,Independent,NATIONAL HYDROELECTRIC POWER CORPORATION LIMITED,12000000.0
PTC,2021-12-31,Independent,NATIONAL HYDROELECTRIC POWER CORPORATION LIMITED,12000000.0
PTC,2022-03-31,Independent,NATIONAL HYDROELECTRIC POWER CORPORATION LIMITED,12000000.0
PTC,2022-06-30,Independent,NATIONAL HYDROELECTRIC POWER CORPORATION LIMITED,12000000.0
PTC,2022-09-30,Independent,NATIONAL HYDROELECTRIC POWER CORPORATION LIMITED,12000000.0
PTC,2022-12-31,Independent,NATIONAL HYDROELECTRIC POWER CORPORATION LIMITED,12000000.0
PTC,2023-03-31,Independent,NHPC LIMITED,12000000.0
PTC,2023-06-30,Independent,NHPC LIMITED,12000000.0
PTC,2023-09-30,Independent,NHPC LIMITED,12000000.0
PTC,2023-12-31,Independent,NHPC LIMITED,12000000.0
PTC,2024-03-31,Independent,NHPC  LIMITED,12000000.0
PTC,2024-06-30,Independent,NHPC  LIMITED,12000000.0
PTC,2024-09-30,Independent,NHPC  LIMITED,12000000.0
PTC,2024-12-31,Independent,NHPC  LIMITED,12000000.0
PTC,2025-03-31,Independent,NHPC  LIMITED,12000000.0
PTC,2025-06-30,Independent,NHPC  LIMITED,12000000.0
PTC,2025-09-30,Independent,NHPC  LIMITED,12000000.0
PTC,2025-12-31,Independent,NHPC LIMITED,12000000.0
QUESS,2016-07-08,Independent,BODIES  CORPORATE,94189320.0
QUESS,2016-09-30,Independent,BODIES  CORPORATE,94189320.0
QUESS,2016-12-31,Independent,Body Corporate,94189320.0
QUESS,2017-03-31,Independent,Body Corporate,94189320.0
QUESS,2017-06-30,Independent,Body Corporate,94189320.0
QUESS,2017-08-18,Independent,Body Corporate,94189320.0
QUESS,2017-09-30,Independent,Body Corporate,94189320.0
QUESS,2017-12-27,Independent,Body Corporate,86689320.0
QUESS,2017-12-31,Independent,Body Corporate,86689320.0
QUESS,2018-03-31,Independent,Thomas Cook India  Limited,71323496.0
QUESS,2018-06-30,Independent,Thomas Cook India  Limited,71323496.0
QUESS,2018-09-30,Independent,Thomas Cook India  Limited,71323496.0
QUESS,2018-12-31,Independent,Thomas Cook ( India) Limited,71323496.0
QUESS,2019-03-31,Independent,Thomas Cook ( India) Limited,71323496.0
QUESS,2019-06-30,Independent,Thomas Cook ( India) Limited,71323496.0
QUESS,2019-09-30,Independent,Thomas Cook (India) Limited,71323496.0
QUESS,2019-12-09,Independent,Fairbridge Capital (Mauritius) Limited,46876237.0
QUESS,2019-12-31,Independent,Fairbridge Capital (Mauritius) Limited,46876237.0
QUESS,2020-03-31,Independent,Fairbridge Capital Mauritius Limited,46876237.0
QUESS,2020-06-30,Independent,Fairbridge Capital Mauritius Limited,46876237.0
QUESS,2020-09-30,Independent,Fairbridge Capital Mauritius Limited,46876237.0
QUESS,2020-12-31,Independent,Fairbridge Capital Mauritius Limited,46876237.0
QUESS,2021-03-31,Independent,Fairbridge Capital Mauritius Limited,46876237.0
QUESS,2021-06-30,Independent,Fairbridge Capital Mauritius Limited,46876237.0
QUESS,2021-09-30,Independent,Fairbridge Capital Mauritius Limited,43876237.0
QUESS,2021-12-31,Independent,Fairbridge Capital Mauritius Limited,43876237.0
QUESS,2022-03-31,Independent,Fairbridge Capital Mauritius Limited,43876237.0
QUESS,2022-06-30,Independent,Fairbridge Capital Mauritius Limited,43876237.0
QUESS,2022-09-30,Independent,Fairbridge Capital Mauritius Limited,43876237.0
QUESS,2022-12-31,Independent,Fairbridge Capital Mauritius Limited,43876237.0
QUESS,2023-03-31,Independent,Fairbridge Capital Mauritius Limited,50476237.0
QUESS,2023-06-30,Independent,Fairbridge Capital Mauritius Limited,50476237.0
QUESS,2023-09-30,Independent,Fairbridge Capital Mauritius Limited,50476237.0
QUESS,2023-12-31,Independent,Fairbridge Capital Mauritius Limited,50476237.0
QUESS,2024-03-31,Independent,Fairbridge Capital Mauritius Limited,50476237.0
QUESS,2024-06-30,Independent,Fairbridge Capital Mauritius Limited,50476237.0
QUESS,2024-09-30,Independent,Fairbridge Capital Mauritius Limited,50476237.0
QUESS,2024-12-31,Independent,Fairbridge Capital Mauritius Limited,50476237.0
QUESS,2025-03-31,Independent,Fairbridge Capital Mauritius Limited,50853455.0
QUESS,2025-06-30,Independent,Fairbridge Capital Mauritius Limited,50853455.0
QUESS,2025-09-30,Independent,Fairbridge Capital Mauritius Limited,50853455.0
QUESS,2025-12-31,Independent,Fairbridge Capital Mauritius Limited,50853455.0
RAJESHEXPO,2014-03-31,Independent,,0.0
RAJESHEXPO,2014-06-30,Independent,,0.0
RAJESHEXPO,2014-09-30,Independent,,0.0
RAJESHEXPO,2014-12-31,Independent,,0.0
RAJESHEXPO,2015-03-31,Independent,,0.0
RAJESHEXPO,2015-06-30,Independent,,0.0
RAJESHEXPO,2015-09-30,Independent,,0.0
RAJESHEXPO,2015-12-31,Independent,RAJESH JASVANTRAI MEHTA,88046234.0
RAJESHEXPO,2016-03-31,Independent,RAJESH JASVANTRAI MEHTA,88081234.0
RAJESHEXPO,2016-06-30,Independent,RAJESH JASVANTRAI MEHTA,88101234.0
RAJESHEXPO,2016-09-30,Independent,RAJESH JASVANTRAI MEHTA,88148234.0
RAJESHEXPO,2016-12-31,Independent,RAJESH JASVANTRAI MEHTA,88181234.0
RAJESHEXPO,2017-03-31,Independent,RAJESH JASVANTRAI MEHTA,88181234.0
RAJESHEXPO,2017-06-30,Independent,RAJESH JASVANTRAI MEHTA,88181234.0
RAJESHEXPO,2017-09-30,Independent,RAJESH JASVANTRAI MEHTA,88181234.0
RAJESHEXPO,2017-12-31,Independent,RAJESH JASVANTRAI MEHTA,88181234.0
RAJESHEXPO,2018-03-31,Independent,RAJESH JASVANTRAI MEHTA,88181234.0
RAJESHEXPO,2018-06-30,Independent,RAJESH JASVANTRAI MEHTA,88437145.0
RAJESHEXPO,2018-09-30,Independent,RAJESH JASVANTRAI MEHTA,88437145.0
RAJESHEXPO,2018-12-31,Independent,RAJESH JASVANTRAI MEHTA,88437145.0
RAJESHEXPO,2019-03-31,Independent,RAJESH JASVANTRAI MEHTA,88437145.0
RAJESHEXPO,2019-06-30,Independent,RAJESH JASVANTRAI MEHTA,88437145.0
RAJESHEXPO,2019-09-30,Independent,RAJESH JASVANTRAI MEHTA,88437145.0
RAJESHEXPO,2019-12-31,Independent,RAJESH JASVANTRAI MEHTA,88437145.0
RAJESHEXPO,2020-03-31,Independent,RAJESH JASVANTRAI MEHTA,88464145.0
RAJESHEXPO,2020-06-30,Independent,RAJESH JASVANTRAI MEHTA,88481645.0
RAJESHEXPO,2020-09-30,Independent,RAJESH JASVANTRAI MEHTA,88481645.0
RAJESHEXPO,2020-12-31,Independent,RAJESH JASVANTRAI MEHTA,88481645.0
RAJESHEXPO,2021-03-31,Independent,RAJESH JASVANTRAI MEHTA,88488645.0
RAJESHEXPO,2021-06-30,Independent,RAJESH JASVANTRAI MEHTA,88491645.0
RAJESHEXPO,2021-09-30,Independent,RAJESH JASVANTRAI MEHTA,88491645.0
RAJESHEXPO,2021-12-31,Independent,RAJESH JASVANTRAI MEHTA,88491645.0
RAJESHEXPO,2022-03-31,Independent,Rajesh Jasvantrai Mehta,88491645.0
RAJESHEXPO,2022-06-30,Independent,Rajesh Jasvantrai Mehta,88491645.0
RAJESHEXPO,2022-09-30,Independent,Rajesh Jasvantrai Mehta,88491645.0
RAJESHEXPO,2022-12-31,Independent,Rajesh Jasvantrai Mehta,88491645.0
RAJESHEXPO,2023-03-31,Independent,Rajesh Jasvantrai Mehta,88491645.0
RAJESHEXPO,2023-06-30,Independent,Rajesh Jasvantrai Mehta,88491645.0
RAJESHEXPO,2023-09-30,Independent,Rajesh Jasvantrai Mehta,88491645.0
RAJESHEXPO,2023-12-31,Independent,Rajesh Jasvantrai Mehta,88491645.0
RAJESHEXPO,2024-03-31,Independent,Rajesh Jasvantrai Mehta,88491645.0
RAJESHEXPO,2024-06-30,Independent,Rajesh Jasvantrai Mehta,88491645.0
RAJESHEXPO,2024-09-30,Independent,Rajesh Jasvantrai Mehta,88491645.0
RAJESHEXPO,2024-12-31,Independent,Rajesh Jasvantrai Mehta,88491645.0
RAJESHEXPO,2025-03-31,Independent,Rajesh Jasvantrai Mehta,121803049.0
RAJESHEXPO,2025-06-30,Independent,Rajesh Jasvantrai Mehta,121803049.0
RAJESHEXPO,2025-09-30,Independent,Rajesh Jasvantrai Mehta,121803049.0
RALLIS,2014-03-31,Independent,,0.0
RALLIS,2014-06-30,Independent,,0.0
RALLIS,2014-09-30,Independent,,0.0
RALLIS,2014-12-31,Independent,,0.0
RALLIS,2015-03-31,Independent,,0.0
RALLIS,2015-06-30,Independent,,0.0
RALLIS,2015-09-30,Independent,,0.0
RALLIS,2016-03-31,Tata,Tata Chemicals Ltd.,80443840.0
RALLIS,2016-06-30,Tata,Tata Chemicals Limited,97341610.0
RALLIS,2016-09-30,Tata,Tata Chemicals Limited,97341610.0
RALLIS,2016-12-31,Tata,Tata Chemicals Limited,97341610.0
RALLIS,2017-03-31,Tata,Tata Chemicals Limited,97341610.0
RALLIS,2017-06-30,Tata,Tata Chemicals Limtied,97341610.0
RALLIS,2017-09-30,Tata,Tata Chemicals Limited,97341610.0
RALLIS,2017-12-31,Tata,Tata Chemicals Limited,97341610.0
RALLIS,2018-03-31,Tata,Tata Chemicals Limited,97341610.0
RALLIS,2018-06-30,Tata,TATA CHEMICALS LIMITED,97341610.0
RALLIS,2018-09-30,Tata,TATA CHEMICALS LIMITED,97341610.0
RALLIS,2018-12-31,Tata,Tata Chemicals Limited,97341610.0
RALLIS,2019-03-31,Tata,Tata Chemicals Limited,97341610.0
RALLIS,2019-06-30,Tata,Tata Chemicals Limited,97341610.0
RALLIS,2019-09-30,Tata,Tata Chemicals Limited,97341610.0
RALLIS,2019-12-31,Tata,Tata Chemicals Limited,97341610.0
RALLIS,2020-03-31,Tata,Tata Chemicals Limited,97341610.0
RALLIS,2020-06-30,Tata,Tata Chemicals Limited,97341610.0
RALLIS,2020-09-30,Tata,Tata Chemicals Limited,97341610.0
RALLIS,2020-12-31,Tata,Tata Chemicals Limited,97341610.0
RALLIS,2021-03-31,Tata,Tata Chemicals Limited,97341610.0
RALLIS,2021-06-30,Tata,Tata Chemicals Limited,97341610.0
RALLIS,2021-09-30,Tata,Tata Chemicals Limited,97341610.0
RALLIS,2021-12-31,Tata,Tata Chemicals Limited,97341610.0
RALLIS,2022-03-31,Tata,Tata Chemicals Ltd.,97341610.0
RALLIS,2022-06-30,Tata,Tata Chemicals Ltd.,97341610.0
RALLIS,2022-09-30,Tata,Tata Chemicals Limited,97341610.0
RALLIS,2022-12-31,Tata,Tata Chemicals Limited,97341610.0
RALLIS,2023-03-31,Tata,Tata Chemicals Limited,97341610.0
RALLIS,2023-06-30,Tata,Tata Chemicals Limited,97341610.0
RALLIS,2023-09-30,Tata,Tata Chemicals Limited,107041610.0
RALLIS,2023-12-31,Tata,TATA CHEMICALS LIMITED,107041610.0
RALLIS,2024-03-31,Tata,TATA CHEMICALS LIMITED,107041610.0
RALLIS,2024-06-30,Tata,TATA CHEMICALS LIMITED,107041610.0
RALLIS,2024-09-30,Tata,TATA CHEMICALS LIMITED,107041610.0
RALLIS,2024-12-31,Tata,TATA CHEMICALS LIMITED,107041610.0
RALLIS,2025-03-31,Tata,Tata Chemicals Limited,107041610.0
RALLIS,2025-06-30,Tata,Tata Chemicals Limited,107041610.0
RALLIS,2025-09-30,Tata,Tata Chemicals Limited,107041610.0
RALLIS,2025-12-31,Tata,Tata Chemicals Limited,107041610.0
RAMCOCEM,2014-03-31,Independent,,0.0
RAMCOCEM,2014-06-30,Independent,,0.0
RAMCOCEM,2014-09-30,Independent,,0.0
RAMCOCEM,2014-12-31,Independent,,0.0
RAMCOCEM,2015-03-31,Independent,,0.0
RAMCOCEM,2015-06-30,Independent,,0.0
RAMCOCEM,2015-09-30,Independent,,0.0
RAMCOCEM,2015-12-31,Independent,BODY CORPORATE,92707220.0
RAMCOCEM,2016-03-31,Independent,BODY CORPORATES,92707220.0
RAMCOCEM,2016-06-30,Independent,BODY CORPORATES,92707220.0
RAMCOCEM,2016-09-30,Independent,BODY CORPORATES,92707220.0
RAMCOCEM,2016-12-31,Independent,Body Corporate,92707220.0
RAMCOCEM,2017-03-31,Independent,Body Corporate,92707220.0
RAMCOCEM,2017-06-30,Independent,Body Corporate,92707220.0
RAMCOCEM,2017-09-30,Independent,Body Corporate,92707220.0
RAMCOCEM,2017-12-31,Independent,Body Corporate,92707220.0
RAMCOCEM,2018-03-31,Independent,RAMCO INDUSTRIES LIMITED,49312420.0
RAMCOCEM,2018-06-30,Independent,RAMCO INDUSTRIES LIMITED,49312420.0
RAMCOCEM,2018-09-30,Independent,RAMCO INDUSTRIES LIMITED,49460420.0
RAMCOCEM,2018-12-31,Independent,RAMCO INDUSTRIES LIMITED,49460420.0
RAMCOCEM,2019-03-31,Independent,RAMCO INDUSTRIES LIMITED,49460420.0
RAMCOCEM,2019-06-30,Independent,RAMCO INDUSTRIES LIMITED,49460420.0
RAMCOCEM,2019-09-30,Independent,RAMCO INDUSTRIES LIMITED,49460420.0
RAMCOCEM,2019-12-31,Independent,RAMCO INDUSTRIES LIMITED,49589420.0
RAMCOCEM,2020-03-31,Independent,RAMCO INDUSTRIES LIMITED,49589420.0
RAMCOCEM,2020-09-30,Independent,RAMCO INDUSTRIES LIMITED,49589420.0
RAMCOCEM,2020-12-31,Independent,RAMCO INDUSTRIES LIMITED,49589420.0
RAMCOCEM,2021-03-31,Independent,RAMCO INDUSTRIES LIMITED,49900245.0
RAMCOCEM,2021-06-30,Independent,RAMCO INDUSTRIES LIMITED,50162745.0
RAMCOCEM,2021-09-30,Independent,RAMCO INDUSTRIES LIMITED,50162745.0
RAMCOCEM,2021-12-31,Independent,RAMCO INDUSTRIES LIMITED,50162745.0
RAMCOCEM,2022-03-31,Independent,RAMCO INDUSTRIES LIMITED,50475795.0
RAMCOCEM,2022-06-30,Independent,RAMCO INDUSTRIES LIMITED,50475795.0
RAMCOCEM,2022-09-30,Independent,RAMCO INDUSTRIES LIMITED,50475795.0
RAMCOCEM,2022-12-31,Independent,RAMCO INDUSTRIES LIMITED,50475795.0
RAMCOCEM,2023-03-31,Independent,RAMCO INDUSTRIES LIMITED,50475795.0
RAMCOCEM,2023-06-30,Independent,RAMCO INDUSTRIES LIMITED,50475795.0
RAMCOCEM,2023-09-30,Independent,RAMCO INDUSTRIES LIMITED,50475795.0
RAMCOCEM,2023-12-31,Independent,RAMCO INDUSTRIES LIMITED,50475795.0
RAMCOCEM,2024-03-31,Independent,RAMCO INDUSTRIES LIMITED,50475795.0
RAMCOCEM,2024-06-30,Independent,RAMCO INDUSTRIES LIMITED,50475795.0
RAMCOCEM,2024-09-30,Independent,RAMCO INDUSTRIES LIMITED,50475795.0
RAMCOCEM,2024-12-31,Independent,RAMCO INDUSTRIES LIMITED,51566295.0
RAMCOCEM,2025-03-31,Independent,RAMCO INDUSTRIES LIMITED,51566295.0
RAMCOCEM,2025-06-30,Independent,RAMCO INDUSTRIES LIMITED,51566295.0
RAMCOCEM,2025-09-30,Independent,RAMCO INDUSTRIES LIMITED,51566295.0
RAMCOCEM,2025-12-31,Independent,RAMCO INDUSTRIES LIMITED,51566295.0
RAYMOND,2014-03-31,Independent,,0.0
RAYMOND,2014-06-30,Independent,,0.0
RAYMOND,2014-09-30,Independent,,0.0
RAYMOND,2014-12-31,Independent,,0.0
RAYMOND,2015-03-31,Independent,,0.0
RAYMOND,2015-06-30,Independent,,0.0
RAYMOND,2015-09-30,Independent,,0.0
RAYMOND,2015-12-31,Independent,J K Investors (Bombay) Limited,16918578.0
RAYMOND,2016-03-31,Independent,J K Investors (Bombay) Limited,17332798.0
RAYMOND,2016-06-30,Independent,J K Investors (Bombay) Limited,17440518.0
RAYMOND,2016-09-30,Independent,J K Investors (Bombay) Limited,17789287.0
RAYMOND,2016-12-31,Independent,Body Corporate,25767254.0
RAYMOND,2017-03-31,Independent,Body Corporate,25839245.0
RAYMOND,2017-06-30,Independent,Body Corporate,25879215.0
RAYMOND,2017-09-30,Independent,Body Corporate,26029215.0
RAYMOND,2017-12-31,Independent,Body Corporate,26029215.0
RAYMOND,2018-03-31,Independent,J K Investors (Bombay) Limited,18207960.0
RAYMOND,2018-06-30,Independent,J K Investors (Bombay) Limited,18266514.0
RAYMOND,2018-09-30,Independent,J K Investors (Bombay) Limited,18416514.0
RAYMOND,2018-12-31,Independent,J K Investors (Bombay) Limited,18511514.0
RAYMOND,2019-03-31,Independent,J K Investors (Bombay) Limited,18710514.0
RAYMOND,2019-06-30,Independent,J K Investors (Bombay) Limited,18710514.0
RAYMOND,2019-09-30,Independent,J K Investors (Bombay) Limited,18710514.0
RAYMOND,2019-12-12,Independent,J K Investors (Bombay) Limited,18710514.0
RAYMOND,2019-12-31,Independent,J K Investors (Bombay) Limited,18710514.0
RAYMOND,2020-03-31,Independent,J K Investors (Bombay) Limited,18710514.0
RAYMOND,2020-04-03,Independent,J K Investors (Bombay) Limited,18710514.0
RAYMOND,2020-06-30,Independent,J K Investors (Bombay) Limited,18710514.0
RAYMOND,2020-09-30,Independent,J K Investors (Bombay) Limited,18710514.0
RAYMOND,2020-12-31,Independent,J K Investors (Bombay) Limited,18710514.0
RAYMOND,2021-03-31,Independent,J K Investors (Bombay) Limited,18930793.0
RAYMOND,2021-06-30,Independent,J K Investors (Bombay) Limited,19000793.0
RAYMOND,2021-09-30,Independent,J K Investors (Bombay) Limited,19000793.0
RAYMOND,2021-12-31,Independent,J K Investors (Bombay) Limited,19000793.0
RAYMOND,2022-03-31,Independent,J K Investors (Bombay) Limited,19625793.0
RAYMOND,2022-06-30,Independent,J K Investors (Bombay) Limited,19861793.0
RAYMOND,2022-09-30,Independent,J K Investors (Bombay) Limited,19861793.0
RAYMOND,2022-12-31,Independent,J K Investors (Bombay) Limited,19861793.0
RAYMOND,2023-03-31,Independent,J K Investors (Bombay) Limited,19861793.0
RAYMOND,2023-06-30,Independent,J K Investors (Bombay) Limited,19861793.0
RAYMOND,2023-09-30,Independent,J K Investors (Bombay) Limited,19861793.0
RAYMOND,2023-12-31,Independent,J K Investors (Bombay) Limited,19861793.0
RAYMOND,2024-03-31,Independent,J K Investors (Bombay) Limited,19861793.0
RAYMOND,2024-06-30,Independent,J K Investors (Bombay) Limited,19861793.0
RAYMOND,2024-09-30,Independent,J K Investors (Bombay) Limited,19861793.0
RAYMOND,2024-12-31,Independent,J K Investors (Bombay) Limited,19861793.0
RAYMOND,2025-03-31,Independent,J K Investors (Bombay) Limited,19861793.0
RAYMOND,2025-06-30,Independent,J K Investors (Bombay) Limited,19861793.0
RAYMOND,2025-09-30,Independent,J K Investors (Bombay) Limited,19861793.0
RAYMOND,2025-12-31,Independent,J K Investors (Bombay) Limited,19861793.0
RBLBANK,2016-08-29,Independent,,0.0
RBLBANK,2016-09-30,Independent,,0.0
RBLBANK,2016-12-31,Independent,,0.0
RBLBANK,2017-03-31,Independent,,0.0
RBLBANK,2017-06-30,Independent,,0.0
RBLBANK,2017-08-09,Independent,,0.0
RBLBANK,2017-09-30,Independent,,0.0
RBLBANK,2017-12-31,Independent,,0.0
RBLBANK,2018-03-31,Independent,,0.0
RBLBANK,2018-06-30,Independent,,0.0
RBLBANK,2018-09-30,Independent,,0.0
RBLBANK,2018-12-31,Independent,,0.0
RBLBANK,2019-03-31,Independent,,0.0
RBLBANK,2019-06-30,Independent,,0.0
RBLBANK,2019-09-30,Independent,,0.0
RBLBANK,2019-12-06,Independent,,0.0
RBLBANK,2019-12-30,Independent,,0.0
RBLBANK,2019-12-31,Independent,,0.0
RBLBANK,2020-03-31,Independent,,0.0
RBLBANK,2020-06-30,Independent,,0.0
RBLBANK,2020-09-30,Independent,,0.0
RBLBANK,2020-11-12,Independent,,0.0
RBLBANK,2020-12-31,Independent,,0.0
RBLBANK,2021-03-31,Independent,,0.0
RBLBANK,2021-06-30,Independent,,0.0
RBLBANK,2021-09-30,Independent,,0.0
RBLBANK,2021-12-31,Independent,,0.0
RBLBANK,2022-03-31,Independent,,0.0
RBLBANK,2022-06-30,Independent,,0.0
RBLBANK,2022-09-30,Independent,,0.0
RBLBANK,2022-12-31,Independent,,0.0
RBLBANK,2023-03-31,Independent,,0.0
RBLBANK,2023-06-30,Independent,,0.0
RBLBANK,2023-09-30,Independent,,0.0
RBLBANK,2023-12-31,Independent,,0.0
RBLBANK,2024-03-31,Independent,,0.0
RBLBANK,2024-06-30,Independent,,0.0
RBLBANK,2024-09-30,Independent,,0.0
RBLBANK,2024-12-31,Independent,,0.0
RBLBANK,2025-03-31,Independent,,0.0
RBLBANK,2025-06-30,Independent,,0.0
RBLBANK,2025-09-30,Independent,,0.0
RBLBANK,2025-12-31,Independent,,0.0
RCOM,2014-03-31,Independent,,0.0
RCOM,2014-06-30,Independent,,0.0
RCOM,2014-07-02,Independent,,0.0
RCOM,2014-09-30,Independent,,0.0
RCOM,2014-12-31,Independent,,0.0
RCOM,2015-01-20,Independent,,0.0
RCOM,2015-03-31,Independent,,0.0
RCOM,2015-06-30,Independent,,0.0
RCOM,2015-09-30,Independent,,0.0
RCOM,2015-12-31,Reliance,Reliance Communications Enterprises Private Limited,723110172.0
RCOM,2016-03-31,Reliance,Reliance Communications Enterprieses Private Limited,723110172.0
RCOM,2016-06-30,Reliance,Reliance Communications Enterprieses Private Limited,723110172.0
RCOM,2016-09-30,Reliance,Reliance Communications Enterprieses Private Limited,723110172.0
RCOM,2016-12-31,Reliance,Reliance Communications Enterprieses Private Limited,723110172.0
RCOM,2017-03-31,Reliance,Reliance Communications Enterprieses Private Limited,723110172.0
RCOM,2017-06-30,Reliance,Reliance Communications Enterprieses Private Limited,723110172.0
RCOM,2017-09-30,Reliance,Reliance Communications Enterprises Private Limited,723110172.0
RCOM,2017-10-31,Reliance,Reliance Communications Enterprises Private Limited,723110172.0
RCOM,2017-12-31,Reliance,Reliance Communications Enterprises Private Limited,723110172.0
RCOM,2018-03-31,Reliance,Reliance Communications Enterprises Private Limited,723110172.0
RCOM,2018-06-30,Reliance,Reliance Communications Enterprises Private Limited,723110172.0
RCOM,2018-09-30,Reliance,Reliance Communications Enterprises Private Limited,723110172.0
RCOM,2018-12-31,Reliance,Reliance Communications Enterprises Private Limited,723110172.0
RCOM,2019-03-31,Reliance,Reliance Communications Enterprises Private Limited,365610172.0
RCOM,2019-06-30,Reliance,Reliance Communications Enterprises Private Limited,365610172.0
RCOM,2019-09-30,Reliance,Reliance Communications Enterprises Private Limited,134010172.0
RCOM,2019-12-31,Reliance,Reliance Communications Enterprises Private Limited,134010172.0
RCOM,2020-03-31,Reliance,Reliance Ornatus Enterprises And Ventures Private Limited,92000000.0
RCOM,2020-06-30,Reliance,Reliance Ornatus Enterprises And Ventures Private Limited,92000000.0
RCOM,2020-09-30,Reliance,Reliance Ornatus Enterprises And Ventures Private Limited,92000000.0
RCOM,2020-12-31,Reliance,Reliance Ornatus Enterprises And Ventures Private Limited,92000000.0
RCOM,2021-03-31,Reliance,Reliance Ornatus Enterprises And Ventures Private Limited,92000000.0
RCOM,2021-06-30,Reliance,Reliance Ornatus Enterprises And Ventures Private Limited,92000000.0
RCOM,2021-09-30,Reliance,Reliance Ornatus Enterprises And Ventures Private Limited,92000000.0
RCOM,2021-12-31,Reliance,Reliance Ornatus Enterprises And Ventures Private Limited,92000000.0
RCOM,2022-03-31,Reliance,Reliance Ornatus Enterprises And Ventures Private Limited,92000000.0
RCOM,2022-06-30,Reliance,Reliance Ornatus Enterprises And Ventures Private Limited,92000000.0
RCOM,2022-09-30,Reliance,RELIANCE ORNATUS ENTERPRISES AND VENTURES PRIVATE,92000000.0
RCOM,2022-12-31,Reliance,RELIANCE ORNATUS ENTERPRISES AND VENTURES PRIVATE,92000000.0
RCOM,2023-03-31,Reliance,RELIANCE ORNATUS ENTERPRISES AND VENTURES PRIVATE,92000000.0
RCOM,2023-06-30,Reliance,Reliance Capital Limited,29695295.0
RCOM,2023-09-30,Reliance,Reliance Capital Limited,29695295.0
RCOM,2023-12-31,Reliance,Reliance Capital Limited,29695295.0
RCOM,2024-03-31,Reliance,Reliance Capital Limited,29695295.0
RCOM,2024-06-30,Reliance,Reliance Capital Limited,29695295.0
RCOM,2024-09-30,Reliance,Reliance Capital Limited,29695295.0
RCOM,2024-12-31,Reliance,Reliance Capital Limited,29695295.0
RCOM,2025-03-31,Reliance,SMT.KOKILA D. AMBANI,4665847.0
RCOM,2025-06-30,Reliance,SMT.KOKILA D. AMBANI,4665847.0
RCOM,2025-09-30,Reliance,SMT.KOKILA D. AMBANI,4665847.0
RCOM,2025-12-31,Reliance,SMT.KOKILA D. AMBANI,4665847.0
RECLTD,2014-03-31,Independent,,0.0
RECLTD,2014-06-30,Independent,,0.0
RECLTD,2014-09-30,Independent,,0.0
RECLTD,2014-12-31,Independent,,0.0
RECLTD,2015-03-31,Independent,,0.0
RECLTD,2015-06-30,Independent,,0.0
RECLTD,2015-09-30,Independent,,0.0
RECLTD,2015-12-31,GOI_PSU,Central Government/ State Government(s),598767680.0
RECLTD,2016-03-31,GOI_PSU,Central Government/ State Government(s),598767680.0
RECLTD,2016-06-30,GOI_PSU,Central Government/ State Government(s),598767680.0
RECLTD,2016-09-30,GOI_PSU,Central Government/ State Government(s),598767680.0
RECLTD,2016-12-31,GOI_PSU,Central Government/ State Government(s),1197535360.0
RECLTD,2017-03-31,GOI_PSU,Central Government/ State Government(s),1162504472.0
RECLTD,2017-06-30,GOI_PSU,Central Government/ State Government(s),1162504472.0
RECLTD,2017-09-30,GOI_PSU,Central Government/ State Government(s),1162504472.0
RECLTD,2017-12-31,GOI_PSU,Central Government/ State Government(s),1151678783.0
RECLTD,2018-03-31,GOI_PSU,Central Government/ State Government(s),1151678783.0
RECLTD,2018-06-30,GOI_PSU,Central Government/ State Government(s),1144456388.0
RECLTD,2018-09-30,GOI_PSU,Central Government/ State Government(s),1145205539.0
RECLTD,2018-12-31,GOI_PSU,Central Government/ State Government(s),1043735400.0
RECLTD,2019-03-31,Independent,POWER FINANCE CORPORATION LTD,1039495247.0
RECLTD,2019-06-30,Independent,POWER FINANCE CORPORATION LTD,1039495247.0
RECLTD,2019-09-30,Independent,POWER FINANCE CORPORATION LTD,1039495247.0
RECLTD,2019-12-31,Independent,POWER FINANCE CORPORATION LTD,1039495247.0
RECLTD,2020-03-31,Independent,POWER FINANCE CORPORATION LIMITED,1039495247.0
RECLTD,2020-06-30,Independent,Power Finance Corporation Limited,1039495247.0
RECLTD,2020-09-30,Independent,POWER FINANCE CORPORATION LIMITED,1039495247.0
RECLTD,2020-12-31,Independent,POWER FINANCE CORPORATION LIMITED,1039495247.0
RECLTD,2021-03-31,Independent,POWER FINANCE CORPORATION LTD,1039495247.0
RECLTD,2021-06-30,Independent,POWER FINANCE CORPORATION LTD,1039495247.0
RECLTD,2021-09-30,Independent,POWER FINANCE CORPORATION LTD,1039495247.0
RECLTD,2021-12-31,Independent,POWER FINANCE CORPORATION LTD,1039495247.0
RECLTD,2022-03-31,Independent,POWER FINANCE CORPORATION LTD,1039495247.0
RECLTD,2022-06-30,Independent,Other,1039495247.0
RECLTD,2022-09-30,Independent,Other,1385993662.0
RECLTD,2022-12-31,Independent,Other,1385993662.0
RECLTD,2023-03-31,Independent,Other,1385993662.0
RECLTD,2023-06-30,Independent,POWER FINANCE CORPORATION LTD,1385993662.0
RECLTD,2023-09-30,Independent,Other,1385993662.0
RECLTD,2023-12-31,Independent,Other,1385993662.0
RECLTD,2024-03-31,Independent,POWER FINANCE CORPORATION LTD,1385993662.0
RECLTD,2024-06-30,Independent,POWER FINANCE CORPORATION LTD,1385993662.0
RECLTD,2024-09-30,Independent,POWER FINANCE CORPORATION LTD,1385993662.0
RECLTD,2024-12-31,Independent,POWER FINANCE CORPORATION LTD,1385993662.0
RECLTD,2025-03-31,Independent,POWER FINANCE CORPORATION LTD,1385993662.0
RECLTD,2025-06-30,Independent,POWER FINANCE CORPORATION LTD,1385993662.0
RECLTD,2025-09-30,Independent,POWER FINANCE CORPORATION LTD,1385993662.0
RECLTD,2025-12-31,Independent,POWER FINANCE CORPORATION LTD,1385993662.0
REDINGTON,2014-01-30,Independent,,0.0
REDINGTON,2014-03-12,Independent,,0.0
REDINGTON,2014-03-31,Independent,,0.0
REDINGTON,2014-06-09,Independent,,0.0
REDINGTON,2014-06-30,Independent,,0.0
REDINGTON,2014-09-17,Independent,,0.0
REDINGTON,2014-09-30,Independent,,0.0
REDINGTON,2014-12-31,Independent,,0.0
REDINGTON,2015-03-31,Independent,,0.0
REDINGTON,2015-06-30,Independent,,0.0
REDINGTON,2015-09-30,Independent,,0.0
REDINGTON,2015-12-31,Independent,"Bodies Corporate- ""HARROW INVESTMENT HOLDING  LIMITED""",53282932.0
REDINGTON,2016-03-31,Independent,HARROW INVESTMENT HOLDING  LIMITED,53282932.0
REDINGTON,2016-06-30,Independent,HARROW INVESTMENT HOLDING  LIMITED,32777599.0
REDINGTON,2016-09-30,Independent,HARROW INVESTMENT HOLDING  LIMITED,32777599.0
REDINGTON,2016-12-31,Independent,Body Corporate,32777599.0
REDINGTON,2017-03-31,Independent,Body Corporate,32777599.0
REDINGTON,2017-06-30,Independent,Body Corporate,32777599.0
REDINGTON,2017-09-30,Independent,,0.0
REDINGTON,2017-12-31,Independent,,0.0
REDINGTON,2018-03-31,Independent,,0.0
REDINGTON,2018-06-30,Independent,,0.0
REDINGTON,2018-09-30,Independent,,0.0
REDINGTON,2018-12-07,Independent,,0.0
REDINGTON,2018-12-31,Independent,,0.0
REDINGTON,2019-03-31,Independent,,0.0
REDINGTON,2019-06-30,Independent,,0.0
REDINGTON,2019-09-30,Independent,,0.0
REDINGTON,2019-12-31,Independent,,0.0
REDINGTON,2020-03-31,Independent,,0.0
REDINGTON,2020-06-30,Independent,,0.0
REDINGTON,2020-09-30,Independent,,0.0
REDINGTON,2020-12-31,Independent,,0.0
REDINGTON,2021-03-31,Independent,,0.0
REDINGTON,2021-06-30,Independent,,0.0
REDINGTON,2021-08-23,Independent,,0.0
REDINGTON,2021-09-30,Independent,,0.0
REDINGTON,2021-12-31,Independent,,0.0
REDINGTON,2022-03-31,Independent,,0.0
REDINGTON,2022-06-30,Independent,,0.0
REDINGTON,2022-09-30,Independent,,0.0
REDINGTON,2022-12-31,Independent,,0.0
REDINGTON,2023-03-31,Independent,,0.0
REDINGTON,2023-06-30,Independent,,0.0
REDINGTON,2023-09-30,Independent,,0.0
REDINGTON,2023-12-31,Independent,,0.0
REDINGTON,2024-03-31,Independent,,0.0
REDINGTON,2024-06-30,Independent,,0.0
REDINGTON,2024-09-30,Independent,,0.0
REDINGTON,2024-12-31,Independent,,0.0
REDINGTON,2025-03-31,Independent,,0.0
REDINGTON,2025-06-30,Independent,,0.0
REDINGTON,2025-09-30,Independent,,0.0
REDINGTON,2025-12-31,Independent,,0.0
RELCAPITAL,2014-03-31,Independent,,0.0
RELCAPITAL,2014-06-30,Independent,,0.0
RELCAPITAL,2014-09-30,Independent,,0.0
RELCAPITAL,2014-12-31,Independent,,0.0
RELCAPITAL,2015-03-13,Independent,,0.0
RELCAPITAL,2015-03-31,Independent,,0.0
RELCAPITAL,2015-06-30,Independent,,0.0
RELCAPITAL,2015-09-30,Independent,,0.0
RELCAPITAL,2015-12-31,Reliance,Reliance Inceptum Private Limited,97714206.0
RELCAPITAL,2016-03-31,Reliance,Reliance Inceptum Private Limited,97714206.0
RELCAPITAL,2016-06-30,Reliance,Reliance Inceptum Private Limited,97714206.0
RELCAPITAL,2016-09-30,Reliance,Reliance Inceptum Private Limited,97714206.0
RELCAPITAL,2016-12-31,Reliance,Reliance Inceptum Private Limited,97714206.0
RELCAPITAL,2017-03-31,Reliance,Reliance Inceptum Private Limited,97714206.0
RELCAPITAL,2017-06-30,Reliance,Reliance Inceptum Private Limited,97714206.0
RELCAPITAL,2017-09-30,Reliance,Reliance Inceptum Private Limited,97714206.0
RELCAPITAL,2017-12-31,Reliance,Reliance Inceptum Private Limited,97714206.0
RELCAPITAL,2018-03-31,Reliance,Reliance Inceptum Private Limited,97714206.0
RELCAPITAL,2018-06-30,Reliance,Reliance Inceptum Private Limited,97714206.0
RELCAPITAL,2018-09-30,Reliance,Reliance Inceptum Private Limited,97714206.0
RELCAPITAL,2018-12-31,Reliance,Reliance Inceptum Private Limited,97714206.0
RELCAPITAL,2019-03-31,Reliance,Reliance Inceptum Private Limited,94139206.0
RELCAPITAL,2019-06-30,Reliance,Reliance Inceptum Private Limited,80676206.0
RELCAPITAL,2019-09-30,Reliance,Reliance Inceptum Private Limited,80676206.0
RELCAPITAL,2019-12-31,Reliance,Reliance Inceptum Private Limited,63303079.0
RELCAPITAL,2020-03-31,Reliance,Reliance Infrastructure Consulting & Engineers Private Limited,1775991.0
RELCAPITAL,2020-06-30,Reliance,Reliance Infrastructure Consulting & Engineers Private Limited,1775991.0
RELCAPITAL,2020-09-30,Reliance,Reliance Infrastructure Consulting & Engineers Private Limited,1775991.0
RELCAPITAL,2020-12-31,Reliance,Reliance Infrastructure Consulting & Engineers Private Limited,1775991.0
RELCAPITAL,2021-03-31,Reliance,Reliance Infrastructure Consulting & Engineers Private Limited,1775991.0
RELCAPITAL,2021-06-30,Reliance,Reliance Infrastructure Consulting & Engineers Private Limited,1775991.0
RELCAPITAL,2021-09-30,Reliance,Reliance Infrastructure Consulting & Engineers Private Limited,1775991.0
RELCAPITAL,2021-12-31,Reliance,Reliance Infrastructure Consulting & Engineers Private Limited,1775991.0
RELCAPITAL,2022-03-31,Reliance,Reliance Infrastructure Consulting & Engineers Private Limited,1775991.0
RELCAPITAL,2022-06-30,Reliance,Reliance Infrastructure Consulting & Engineers Private Limited,1775991.0
RELCAPITAL,2022-09-30,Reliance,RELIANCE INFRASTRUCTURE CONSULTING AND ENGINEERS Private Limited,1775991.0
RELCAPITAL,2022-12-31,Reliance,RELIANCE INFRASTRUCTURE CONSULTING AND ENGINEERS Private Limited,1775991.0
RELCAPITAL,2023-03-31,Reliance,RELIANCE INFRASTRUCTURE CONSULTING AND ENGINEERS PRIVATE LIMITED,1775991.0
RELCAPITAL,2023-06-30,Reliance,RELIANCE INFRASTRUCTURE CONSULTING AND ENGINEERS PRIVATE LIMITED,1775991.0
RELCAPITAL,2023-09-30,Reliance,Reliance Infrastructure Consulting and Engineers Private Limited,1775991.0
RELCAPITAL,2023-12-31,Reliance,Reliance Infrastructure Consulting and Engineers Private Limited,1775991.0
RELCAPITAL,2024-03-31,Reliance,Reliance Infrastructure Consulting and Engineers Private Limited,1775991.0
RELCAPITAL,2024-06-30,Reliance,Reliance Infrastructure Consulting and Engineers Private Limited,1775991.0
RELCAPITAL,2024-09-30,Reliance,Reliance Infrastructure Consulting and Engineers Private Limited,1775991.0
RELCAPITAL,2024-12-31,Reliance,Reliance Infrastructure Consulting and Engineers Private Limited,1775991.0
RELIANCE,2014-03-31,Independent,,0.0
RELIANCE,2014-06-30,Independent,,0.0
RELIANCE,2014-09-30,Independent,,0.0
RELIANCE,2014-12-31,Independent,,0.0
RELIANCE,2015-03-31,Independent,,0.0
RELIANCE,2015-06-30,Independent,,0.0
RELIANCE,2015-09-30,Independent,,0.0
RELIANCE,2015-12-31,Reliance,Trilokesh Commercials LLP,124513168.0
RELIANCE,2016-03-31,Reliance,Trilokesh Commercials LLP,124513168.0
RELIANCE,2016-06-30,Reliance,Trilokesh Commercials LLP,124513168.0
RELIANCE,2016-09-30,Reliance,Trilokesh Commercials LLP,124513168.0
RELIANCE,2016-12-31,Reliance,Reliance Industries Holding Private Ltd,128768863.0
RELIANCE,2017-03-31,Reliance,Reliance Industries Holding Private Ltd,128768863.0
RELIANCE,2017-06-30,Reliance,Reliance Industries Holding Private Ltd,128768863.0
RELIANCE,2017-09-13,Reliance,Reliance Industries Holding Private Ltd,257537726.0
RELIANCE,2017-09-30,Reliance,Reliance Industries Holding Private Ltd,257537726.0
RELIANCE,2017-12-31,Reliance,Reliance Industries Holding Private Ltd,257537726.0
RELIANCE,2018-03-31,Reliance,Reliance Industries Holding Private Ltd,257537726.0
RELIANCE,2018-06-30,Reliance,Reliance Industries Holding Private Ltd,257537726.0
RELIANCE,2018-09-30,Reliance,Reliance Industries Holding Private Ltd,257537726.0
RELIANCE,2018-12-31,Reliance,Reliance Industries Holding Private Ltd,257537726.0
RELIANCE,2019-03-31,Reliance,Reliance Industries Holding Private Ltd,257537726.0
RELIANCE,2019-06-30,Reliance,Reliance Industries Holding Private Ltd,257537726.0
RELIANCE,2019-09-30,Reliance,Reliance Industries Holding Private Limited,257537726.0
RELIANCE,2019-12-31,Reliance,Reliance Industries Holding Private Ltd,257537726.0
RELIANCE,2020-03-31,Reliance,Reliance Industries Holding Private Ltd,257537726.0
RELIANCE,2020-06-11,Reliance,Reliance Industries Holding Private Ltd,304014856.0
RELIANCE,2020-06-30,Reliance,Reliance Industries Holding Private Ltd,269157009.0
RELIANCE,2020-09-30,Reliance,Reliance Industries Holding Private Ltd,269157008.0
RELIANCE,2020-12-31,Reliance,Reliance Industries Holding Private Ltd,269157008.0
RELIANCE,2021-03-31,Reliance,Reliance Industries Holding Private Ltd,269157008.0
RELIANCE,2021-06-30,Reliance,Reliance Industries Holding Private Ltd,280776291.0
RELIANCE,2021-09-30,Reliance,Reliance Industries Holding Private Ltd,280776291.0
RELIANCE,2021-12-08,Reliance,Reliance Industries Holding Private Ltd,304014856.0
RELIANCE,2021-12-31,Reliance,Reliance Industries Holding Private Ltd,304014856.0
RELIANCE,2022-03-31,Reliance,Reliance Industries Holding Private Ltd,304014856.0
RELIANCE,2022-06-30,Reliance,Reliance Industries Holding Private Ltd,304014856.0
RELIANCE,2022-09-30,Reliance,Reliance Industries Holding Private Ltd,304014856.0
RELIANCE,2022-12-31,Reliance,Reliance Industries Holding Private Ltd,304014856.0
RELIANCE,2023-03-31,Reliance,Reliance Industries Holding Private Ltd,304014856.0
RELIANCE,2023-06-30,Reliance,Reliance Industries Holding Private Ltd,304014856.0
RELIANCE,2023-09-30,Reliance,Reliance Industries Holding Private Ltd,304014856.0
RELIANCE,2023-12-31,Reliance,Reliance Industries Holding Private Ltd,304014856.0
RELIANCE,2024-03-31,Reliance,Reliance Industries Holding Private Ltd,304014856.0
RELIANCE,2024-06-30,Reliance,Reliance Industries Holding Private Ltd,304014856.0
RELIANCE,2024-09-30,Reliance,Reliance Industries Holding Private Ltd,304014856.0
RELIANCE,2024-10-29,Reliance,Reliance Industries Holding Private Ltd,608029712.0
RELIANCE,2024-12-31,Reliance,Reliance Industries Holding Private Ltd,608029712.0
RELIANCE,2025-03-31,Reliance,Reliance Industries Holding Private Ltd,608029712.0
RELIANCE,2025-06-30,Reliance,Reliance Industries Holding Private Ltd,608030142.0
RELIANCE,2025-09-30,Reliance,Reliance Industries Holding Private Ltd,608030142.0
RELIANCE,2025-12-31,Reliance,Reliance Industries Holding Private Ltd,608030142.0
RELINFRA,2014-03-31,Independent,,0.0
RELINFRA,2014-06-30,Independent,,0.0
RELINFRA,2014-09-30,Independent,,0.0
RELINFRA,2014-12-31,Independent,,0.0
RELINFRA,2015-03-31,Independent,,0.0
RELINFRA,2015-06-30,Independent,,0.0
RELINFRA,2015-09-30,Independent,,0.0
RELINFRA,2015-12-31,Reliance,Reliance Project Ventures And Management Private Limitied,106148937.0
RELINFRA,2016-03-31,Reliance,Reliance Project Ventures And Management Private Limited,106148937.0
RELINFRA,2016-06-30,Reliance,Reliance Project Ventures And Management Private Limited,106148937.0
RELINFRA,2016-09-30,Reliance,Reliance Project Ventures And Management Private Limited,106148937.0
RELINFRA,2016-12-31,Reliance,Reliance Project Ventures And Management Private Limited,106148937.0
RELINFRA,2017-03-31,Reliance,Reliance Project Ventures And Management Private Limited,106148937.0
RELINFRA,2017-06-30,Reliance,RELIANCE PROJECT VENTURES AND MANAGEMENT PRIVATE LIMITED,106148937.0
RELINFRA,2017-09-30,Reliance,RELIANCE PROJECT VENTURES AND MANAGEMENT PRIVATE LIMITED,106148937.0
RELINFRA,2017-12-31,Reliance,Reliance Project Ventures And Management Private Limited,106148937.0
RELINFRA,2018-03-31,Reliance,Reliance Project Ventures And Management Private Limitied,106148937.0
RELINFRA,2018-06-30,Reliance,Reliance Project Ventures And Management Private Limited,106148937.0
RELINFRA,2018-09-30,Reliance,Reliance Project Ventures and Management Private Limited,106148937.0
RELINFRA,2018-12-31,Reliance,Reliance Project Ventures and Management Private Limited,106148937.0
RELINFRA,2019-03-31,Reliance,Reliance Project Ventures and Management Private Limited,88029932.0
RELINFRA,2019-06-30,Reliance,Reliance Project Ventures And Management Private Limited,84540932.0
RELINFRA,2019-09-30,Reliance,Reliance Project Ventures And Management Private Limitied,84540932.0
RELINFRA,2019-12-31,Reliance,Reliance Project Ventures And Management Private Limitied,72590932.0
RELINFRA,2020-03-31,Reliance,Reliance Project Ventures And Management Private Limitied,27709937.0
RELINFRA,2020-06-30,Reliance,Reliance Project Ventures And Management Private Limitied,27709937.0
RELINFRA,2020-09-30,Reliance,Reliance Project Ventures and Management Private Limited,12350000.0
RELINFRA,2020-12-31,Reliance,Reliance Project Ventures And Management Private Limited,12350000.0
RELINFRA,2021-03-31,Reliance,Reliance Project Ventures And Management Private Limitied,12350000.0
RELINFRA,2021-06-30,Reliance,Reliance Project Ventures And Management Private Limited,12350000.0
RELINFRA,2021-09-30,Reliance,Reliance Project Ventures And Management Private Limitied,12350000.0
RELINFRA,2021-12-31,Reliance,Reliance Project Ventures And Management Private Limitied,12350000.0
RELINFRA,2022-03-31,Reliance,Reliance Project Ventures And Management Private Limitied,12350000.0
RELINFRA,2022-06-30,Reliance,Reliance Project Ventures And Management Private Limitied,12350000.0
RELINFRA,2022-09-30,Reliance,RELIANCE PROJECT VENTURES AND MANAGEMENT PRIVATE LIMITED,12350000.0
RELINFRA,2022-11-16,Reliance,RELIANCE PROJECT VENTURES AND MANAGEMENT PRIVATE LIMITED,12350000.0
RELINFRA,2022-12-07,Reliance,RELIANCE PROJECT VENTURES AND MANAGEMENT PRIVATE LIMITED,12350000.0
RELINFRA,2022-12-31,Reliance,RELIANCE PROJECT VENTURES AND MANAGEMENT PRIVATE LIMITED,12350000.0
RELINFRA,2023-01-13,Reliance,RELIANCE PROJECT VENTURES AND MANAGEMENT PRIVATE LIMITED,12350000.0
RELINFRA,2023-03-31,Reliance,SMT.KOKILA D. AMBANI,274937.0
RELINFRA,2023-06-30,Reliance,SMT.KOKILA D. AMBANI,274937.0
RELINFRA,2023-09-05,Reliance,SMT.KOKILA D. AMBANI,274937.0
RELINFRA,2023-09-30,Reliance,SMT.KOKILA D. AMBANI,274937.0
RELINFRA,2023-12-31,Reliance,SMT.KOKILA D. AMBANI,274937.0
RELINFRA,2024-03-31,Reliance,SMT.KOKILA D. AMBANI,274937.0
RELINFRA,2024-06-30,Reliance,SMT.KOKILA D. AMBANI,274937.0
RELINFRA,2024-09-30,Reliance,SMT.KOKILA D. AMBANI,274937.0
RELINFRA,2025-03-31,Reliance,SMT.KOKILA D. AMBANI,274937.0
RELINFRA,2025-06-18,Reliance,SMT.KOKILA D. AMBANI,274937.0
RELINFRA,2025-06-30,Reliance,SMT.KOKILA D. AMBANI,274937.0
RELINFRA,2025-09-30,Reliance,SMT.KOKILA D. AMBANI,274937.0
RELINFRA,2025-12-31,Reliance,SMT.KOKILA D. AMBANI,274937.0
REPCOHOME,2014-03-31,Independent,,0.0
REPCOHOME,2014-06-30,Independent,,0.0
REPCOHOME,2014-09-30,Independent,,0.0
REPCOHOME,2014-12-31,Independent,,0.0
REPCOHOME,2015-03-31,Independent,,0.0
REPCOHOME,2015-06-30,Independent,,0.0
REPCOHOME,2015-09-30,Independent,,0.0
REPCOHOME,2015-12-31,Independent,REPATRIATES CO OPERATIVE FINANCE & DEVELOPMENT BANK LTD,23230606.0
REPCOHOME,2016-03-31,Independent,Multi state cooperative society,23230606.0
REPCOHOME,2016-06-30,Independent,Multi state cooperative society,23230606.0
REPCOHOME,2016-09-30,Independent,Multi state cooperative society,23230606.0
REPCOHOME,2016-12-31,Independent,REPATRIATES CO OPERATIVE FINANCE & DEVELOPMENT BANK LTD,23230606.0
REPCOHOME,2017-03-31,Independent,Other,23230606.0
REPCOHOME,2017-06-30,Independent,Other,23230606.0
REPCOHOME,2017-09-30,Independent,Other,23230606.0
REPCOHOME,2017-12-31,Independent,Other,23230606.0
REPCOHOME,2018-03-31,Independent,Other,23230606.0
REPCOHOME,2018-06-30,Independent,Other,23230606.0
REPCOHOME,2018-09-30,Independent,Other,23230606.0
REPCOHOME,2018-12-31,Independent,Other,23230606.0
REPCOHOME,2019-03-31,Independent,Other,23230606.0
REPCOHOME,2019-06-30,Independent,Other,23230606.0
REPCOHOME,2019-09-30,Independent,Other,23230606.0
REPCOHOME,2019-12-31,Independent,Other,23230606.0
REPCOHOME,2020-03-31,Independent,Other,23230606.0
REPCOHOME,2020-06-30,Independent,Other,23230606.0
REPCOHOME,2020-09-30,Independent,Other,23230606.0
REPCOHOME,2020-12-31,Independent,Other,23230606.0
REPCOHOME,2021-03-31,Independent,Other,23230606.0
REPCOHOME,2021-06-30,Independent,Other,23230606.0
REPCOHOME,2021-09-30,Independent,Other,23230606.0
REPCOHOME,2021-12-31,Independent,Other,23230606.0
REPCOHOME,2022-03-31,Independent,Other,23230606.0
REPCOHOME,2022-06-30,Independent,Other,23230606.0
REPCOHOME,2022-09-30,Independent,Other,23230606.0
REPCOHOME,2022-12-31,Independent,Other,23230606.0
REPCOHOME,2023-03-31,Independent,Other,23230606.0
REPCOHOME,2023-06-30,Independent,Other,23230606.0
REPCOHOME,2023-09-30,Independent,Other,23230606.0
REPCOHOME,2023-12-31,Independent,Other,23230606.0
REPCOHOME,2024-03-31,Independent,Other,23230606.0
REPCOHOME,2024-06-30,Independent,Other,23230606.0
REPCOHOME,2024-09-30,Independent,Other,23230606.0
REPCOHOME,2024-12-31,Independent,Other,23230606.0
REPCOHOME,2025-03-31,Independent,Other,23230606.0
REPCOHOME,2025-06-30,Independent,Other,23230606.0
REPCOHOME,2025-09-30,Independent,Other,23230606.0
REPCOHOME,2025-12-31,Independent,Other,23230606.0
RPOWER,2014-03-31,Independent,,0.0
RPOWER,2014-06-30,Independent,,0.0
RPOWER,2014-09-30,Independent,,0.0
RPOWER,2014-12-31,Independent,,0.0
RPOWER,2015-03-31,Independent,,0.0
RPOWER,2015-06-30,Independent,,0.0
RPOWER,2015-09-30,Independent,,0.0
RPOWER,2015-12-31,Reliance,Reliance Infrastructure Limited,1211998193.0
RPOWER,2016-03-31,Reliance,Reliance Infrastructure Limited,1211998193.0
RPOWER,2016-06-30,Reliance,Reliance Infrastructure Limited,1211998193.0
RPOWER,2016-09-30,Reliance,Reliance Infrastructure Limited,1211998193.0
RPOWER,2016-12-31,Reliance,Reliance Infrastructure Limited,1211998193.0
RPOWER,2017-03-31,Reliance,Reliance Infrastructure Limited,1211998193.0
RPOWER,2017-06-30,Reliance,Reliance Infrastructure Limited,1211998193.0
RPOWER,2017-09-30,Reliance,Reliance Infrastructure Limited,1211998193.0
RPOWER,2017-12-31,Reliance,Reliance Infrastructure Limited,1211998193.0
RPOWER,2018-03-31,Reliance,Reliance Infrastructure Limited,1211998193.0
RPOWER,2018-06-30,Reliance,Reliance Infrastructure Limited,1211998193.0
RPOWER,2018-09-30,Reliance,Reliance Infrastructure Limited *,1211998193.0
RPOWER,2018-12-31,Reliance,Reliance Infrastructure Limited *,1211998193.0
RPOWER,2019-03-31,Reliance,Reliance Infrastructure Limited,928498193.0
RPOWER,2019-06-30,Reliance,Reliance Infrastructure Limited,813498193.0
RPOWER,2019-09-30,Reliance,Reliance Infrastructure Limited,758498193.0
RPOWER,2019-12-31,Reliance,Reliance Infrastructure Limited *,626598193.0
RPOWER,2020-03-31,Reliance,Reliance Infrastructure Limited,358298193.0
RPOWER,2020-06-30,Reliance,Reliance Infrastructure Limited,358298193.0
RPOWER,2020-09-30,Reliance,Reliance Infrastructure Limited,358298193.0
RPOWER,2020-12-31,Reliance,Reliance Infrastructure Limited,166560739.0
RPOWER,2021-03-31,Reliance,Reliance Infrastructure Limited,166560739.0
RPOWER,2021-06-30,Reliance,Reliance Infrastructure Limited,166560739.0
RPOWER,2021-07-15,Reliance,Reliance Infrastructure Limited,761560739.0
RPOWER,2021-09-30,Reliance,Reliance Infrastructure Limited,761560739.0
RPOWER,2021-12-31,Reliance,Reliance Infrastructure Limited,761560739.0
RPOWER,2022-03-31,Reliance,Reliance Infrastructure Limited,761560739.0
RPOWER,2022-06-30,Reliance,Reliance infrastructure Limited,761560739.0
RPOWER,2022-09-30,Reliance,Reliance Infrastructure Limited,761560739.0
RPOWER,2022-12-30,Reliance,RELIANCE INFRASTRUCTURE LIMITED,823560490.0
RPOWER,2022-12-31,Reliance,RELIANCE INFRASTRUCTURE LIMITED,823560490.0
RPOWER,2023-01-13,Reliance,RELIANCE INFRASTRUCTURE LIMITED,930104490.0
RPOWER,2023-03-31,Reliance,RELIANCE INFRASTRUCTURE LIMITED,930104490.0
RPOWER,2023-06-30,Reliance,RELIANCE INFRASTRUCTURE LIMITED,930104490.0
RPOWER,2023-09-05,Reliance,RELIANCE INFRASTRUCTURE LIMITED,930104490.0
RPOWER,2023-09-30,Reliance,RELIANCE INFRASTRUCTURE LIMITED,930104490.0
RPOWER,2023-12-31,Reliance,RELIANCE INFRASTRUCTURE LIMITED,930104490.0
RPOWER,2024-03-13,Reliance,RELIANCE INFRASTRUCTURE LIMITED,930104490.0
RPOWER,2024-03-31,Reliance,RELIANCE INFRASTRUCTURE LIMITED,930104490.0
RPOWER,2024-06-30,Reliance,RELIANCE INFRASTRUCTURE LIMITED,930104490.0
RPOWER,2024-09-30,Reliance,RELIANCE INFRASTRUCTURE LIMITED,931104490.0
RPOWER,2025-03-31,Reliance,RELIANCE INFRASTRUCTURE LIMITED,931104490.0
RPOWER,2025-05-07,Reliance,RELIANCE INFRASTRUCTURE LIMITED,1026604490.0
RPOWER,2025-06-30,Reliance,RELIANCE INFRASTRUCTURE LIMITED,1029904490.0
RPOWER,2025-09-30,Reliance,RELIANCE INFRASTRUCTURE LIMITED,1029904490.0
RPOWER,2025-12-31,Reliance,RELIANCE INFRASTRUCTURE LIMITED,1029904490.0
RVNL,2019-03-31,GOI_PSU,Central Government/ State Government(s),1831562820.0
RVNL,2019-06-30,GOI_PSU,Central Government/ State Government(s),1831562820.0
RVNL,2019-09-30,GOI_PSU,Central Government/ State Government(s),1831562820.0
RVNL,2019-12-31,GOI_PSU,Central Government/ State Government(s),1831562820.0
RVNL,2020-03-31,GOI_PSU,Central Government/ State Government(s),1831562820.0
RVNL,2020-06-30,GOI_PSU,Central Government/ State Government(s),1831562820.0
RVNL,2020-09-30,GOI_PSU,Central Government/ State Government(s),1831562820.0
RVNL,2020-12-31,GOI_PSU,Central Government/ State Government(s),1831562820.0
RVNL,2021-03-31,GOI_PSU,Central Government/ State Government(s),1630628894.0
RVNL,2021-06-30,GOI_PSU,Central Government/ State Government(s),1630500971.0
RVNL,2021-09-30,GOI_PSU,Central Government/ State Government(s),1630500971.0
RVNL,2021-12-31,GOI_PSU,Central Government/ State Government(s),1630500971.0
RVNL,2022-03-31,GOI_PSU,Central Government/ State Government(s),1630500971.0
RVNL,2022-06-30,GOI_PSU,Central Government/ State Government(s),1630500971.0
RVNL,2022-09-30,GOI_PSU,Central Government/ State Government(s),1630500971.0
RVNL,2022-12-31,GOI_PSU,Central Government/ State Government(s),1630500971.0
RVNL,2023-03-31,GOI_PSU,Central Government/ State Government(s),1630500971.0
RVNL,2023-06-30,GOI_PSU,Central Government/ State Government(s),1630500971.0
RVNL,2023-07-28,GOI_PSU,Central Government/ State Government(s),1518743894.0
RVNL,2023-09-30,GOI_PSU,Central Government/ State Government(s),1518743694.0
RVNL,2023-12-31,GOI_PSU,Central Government/ State Government(s),1518743694.0
RVNL,2024-03-31,GOI_PSU,Central Government/ State Government(s),1518743694.0
RVNL,2024-06-30,GOI_PSU,Central Government/ State Government(s),1518743694.0
RVNL,2024-09-30,GOI_PSU,Central Government/ State Government(s),1518743694.0
RVNL,2024-12-31,GOI_PSU,Central Government/ State Government(s),1518743694.0
RVNL,2025-03-31,GOI_PSU,Central Government/ State Government(s),1518743694.0
RVNL,2025-06-30,GOI_PSU,Central Government/ State Government(s),1518743694.0
RVNL,2025-09-30,GOI_PSU,Central Government/ State Government(s),1518743694.0
RVNL,2025-12-31,GOI_PSU,Central Government/ State Government(s),1518743694.0
SADBHAV,2014-03-31,Independent,,0.0
SADBHAV,2014-06-30,Independent,,0.0
SADBHAV,2014-09-30,Independent,,0.0
SADBHAV,2014-12-31,Independent,,0.0
SADBHAV,2015-03-31,Independent,,0.0
SADBHAV,2015-06-30,Independent,,0.0
SADBHAV,2015-09-30,Independent,,0.0
SADBHAV,2015-12-31,Independent,PATEL VISHNUBHAI MAFATLAL,21022050.0
SADBHAV,2016-03-31,Independent,Patel Vishnubhai Mafatlal                              PATEL VIS,21022050.0
SADBHAV,2016-06-30,Independent,Patel Vishnubhai Mafatlal,21022050.0
SADBHAV,2016-09-30,Independent,Patel Vishnubhai Mafatlal,25603750.0
SADBHAV,2016-12-31,Independent,Patel Vishnubhai Mafatlal,28124920.0
SADBHAV,2017-03-31,Independent,Patel Vishnubhai Mafatlal,28124920.0
SADBHAV,2017-06-30,Independent,Patel Vishnubhai Mafatlal,28124920.0
SADBHAV,2017-09-30,Independent,Patel Vishnubhai Mafatlal,28124920.0
SADBHAV,2017-12-31,Independent,Patel Vishnubhai Mafatlal,28124920.0
SADBHAV,2018-03-31,Independent,Patel Vishnubhai Mafatlal,28124920.0
SADBHAV,2018-06-30,Independent,Patel Vishnubhai Mafatlal,28124920.0
SADBHAV,2018-09-30,Independent,Patel Vishnubhai Mafatlal,28124920.0
SADBHAV,2018-12-31,Independent,Patel Vishnubhai Mafatlal,25717750.0
SADBHAV,2019-03-31,Independent,Patel Shantaben V*,48161135.0
SADBHAV,2019-06-30,Independent,Patel Shantaben V,48161135.0
SADBHAV,2019-09-30,Independent,Patel Shantaben V,48161135.0
SADBHAV,2019-12-31,Independent,Shantaben Vishnubhai Patel,49086135.0
SADBHAV,2020-03-31,Independent,Shantaben Vishnubhai Patel,49086135.0
SADBHAV,2020-06-30,Independent,Shantaben Vishnubhai Patel,49086135.0
SADBHAV,2020-09-30,Independent,Shantaben Vishnubhai Patel,49086135.0
SADBHAV,2020-12-31,Independent,Shantaben  Vishnubhai  Patel,49086135.0
SADBHAV,2021-03-31,Independent,Shantaben  Vishnubhai  Patel,49086135.0
SADBHAV,2021-06-30,Independent,Shantaben  Vishnubhai  Patel,49086135.0
SADBHAV,2021-09-30,Independent,Shantaben  Vishnubhai  Patel*,49086135.0
SADBHAV,2021-12-31,Independent,Shantaben  Vishnubhai  Patel*,49086135.0
SADBHAV,2022-03-31,Independent,Shantaben Vishnubhai Patel*,49061199.0
SADBHAV,2022-06-30,Independent,Shantaben Vishnubhai Patel*,46271699.0
SADBHAV,2022-09-30,Independent,Shantaben Vishnubhai Patel*,42888091.0
SADBHAV,2022-12-31,Independent,Shantaben Vishnubhai Patel,41388091.0
SADBHAV,2023-03-31,Independent,Shantaben Vishnubhai Patel,41388091.0
SADBHAV,2023-06-30,Independent,Shantaben Vishnubhai Patel,41388091.0
SADBHAV,2023-09-30,Independent,Shantaben  Vishnubhai  Patel,41388091.0
SADBHAV,2023-12-31,Independent,Shantaben  Vishnubhai  Patel,41556331.0
SADBHAV,2024-03-31,Independent,Shantaben  Vishnubhai  Patel,41556331.0
SADBHAV,2024-06-30,Independent,Late Shantaben  Vishnubhai  Patel,41556331.0
SADBHAV,2024-09-30,Independent,Late Shantaben  Vishnubhai  Patel,41556331.0
SADBHAV,2024-12-31,Independent,Shashin Vishnubhai Patel,27094342.0
SADBHAV,2025-03-31,Independent,Shashin Vishnubhai Patel,27094342.0
SADBHAV,2025-06-30,Independent,Shashin Vishnubhai Patel,27094342.0
SADBHAV,2025-09-30,Independent,Late Shantaben  Vishnubhai  Patel,16850855.0
SADBHAV,2025-12-31,Independent,Shashin Vishnubhai Patel,22098162.0
SAIL,2014-03-31,Independent,,0.0
SAIL,2014-06-30,Independent,,0.0
SAIL,2014-09-30,Independent,,0.0
SAIL,2014-12-31,Independent,,0.0
SAIL,2015-03-31,Independent,,0.0
SAIL,2015-06-30,Independent,,0.0
SAIL,2015-09-30,Independent,,0.0
SAIL,2015-12-31,GOI_PSU,Central Government/ State Government(s),3097767449.0
SAIL,2016-03-31,GOI_PSU,Central Government/ State Government(s),3097767449.0
SAIL,2016-06-30,GOI_PSU,Central Government/ State Government(s),3097767449.0
SAIL,2016-09-30,GOI_PSU,Central Government/ State Government(s),3097767449.0
SAIL,2016-12-31,GOI_PSU,Central Government/ State Government(s),3097767449.0
SAIL,2017-03-31,GOI_PSU,Central Government/ State Government(s),3097767449.0
SAIL,2017-06-30,GOI_PSU,Central Government/ State Government(s),3097767449.0
SAIL,2017-09-30,GOI_PSU,Central Government/ State Government(s),3097767449.0
SAIL,2017-12-31,GOI_PSU,Central Government/ State Government(s),3097767449.0
SAIL,2018-03-31,GOI_PSU,Central Government/ State Government(s),3097767449.0
SAIL,2018-06-30,GOI_PSU,Central Government/ State Government(s),3097767449.0
SAIL,2018-09-30,GOI_PSU,Central Government/ State Government(s),3097767449.0
SAIL,2018-12-31,GOI_PSU,Central Government/ State Government(s),3097767449.0
SAIL,2019-03-31,GOI_PSU,Central Government/ State Government(s),3097767449.0
SAIL,2019-06-30,GOI_PSU,President of India,3097767449.0
SAIL,2019-09-30,GOI_PSU,Central Government/ State Government(s),3097767449.0
SAIL,2019-12-31,GOI_PSU,Central Government/ State Government(s),3097767449.0
SAIL,2020-03-31,GOI_PSU,Central Government/ State Government(s),3097767449.0
SAIL,2020-06-30,GOI_PSU,Central Government/ State Government(s),3097767449.0
SAIL,2020-09-30,GOI_PSU,Central Government/ State Government(s),3097767449.0
SAIL,2020-12-31,GOI_PSU,Central Government/ State Government(s),3097767449.0
SAIL,2021-03-31,GOI_PSU,Central Government/ State Government(s),2684714550.0
SAIL,2021-06-30,GOI_PSU,Central Government/ State Government(s),2684714550.0
SAIL,2021-09-30,GOI_PSU,Central Government/ State Government(s),2684714550.0
SAIL,2021-12-31,GOI_PSU,Central Government/ State Government(s),2684714550.0
SAIL,2022-03-31,GOI_PSU,Central Government/ State Government(s),2684714550.0
SAIL,2022-06-30,GOI_PSU,Central Government/ State Government(s),2684714550.0
SAIL,2022-09-30,GOI_PSU,Central Government/ State Government(s),2684714550.0
SAIL,2022-12-31,GOI_PSU,Central Government/ State Government(s),2684714550.0
SAIL,2023-03-31,GOI_PSU,Central Government/ State Government(s),2684714550.0
SAIL,2023-06-30,GOI_PSU,Central Government/ State Government(s),2684714550.0
SAIL,2023-09-30,GOI_PSU,Central Government/ State Government(s),2684714550.0
SAIL,2023-12-31,GOI_PSU,Central Government/ State Government(s),2684714550.0
SAIL,2024-03-31,GOI_PSU,Central Government/ State Government(s),2684714550.0
SAIL,2024-06-30,GOI_PSU,Central Government/ State Government(s),2684714550.0
SAIL,2024-09-30,GOI_PSU,Central Government/ State Government(s),2684714550.0
SAIL,2024-12-31,GOI_PSU,Central Government/ State Government(s),2684714550.0
SAIL,2025-03-31,GOI_PSU,Central Government/ State Government(s),2684714550.0
SAIL,2025-06-30,GOI_PSU,Central Government/ State Government(s),2684714550.0
SAIL,2025-09-30,GOI_PSU,Central Government/ State Government(s),2684714550.0
SAIL,2025-12-31,GOI_PSU,Central Government/ State Government(s),2684714550.0
SANOFI,2014-03-31,Independent,,0.0
SANOFI,2014-06-30,Independent,,0.0
SANOFI,2014-09-30,Independent,,0.0
SANOFI,2014-12-31,Independent,,0.0
SANOFI,2015-03-31,Independent,,0.0
SANOFI,2015-06-30,Independent,,0.0
SANOFI,2015-09-30,Independent,,0.0
SANOFI,2015-12-31,Independent,HOECHST GmbH,13904722.0
SANOFI,2016-03-31,Independent,HOECHST GMBH,13904722.0
SANOFI,2016-06-30,Independent,HOECHST GMBH,13904722.0
SANOFI,2016-09-30,Independent,HOECHST GMBH,13904722.0
SANOFI,2016-12-31,Independent,Body Corporate,13909587.0
SANOFI,2017-03-31,Independent,Body Corporate,13909587.0
SANOFI,2017-06-30,Independent,Body Corporate,13909587.0
SANOFI,2017-09-30,Independent,Body Corporate,13909587.0
SANOFI,2017-12-31,Independent,Body Corporate,13909587.0
SANOFI,2018-03-31,Independent,HOECHST GMBH,13904722.0
SANOFI,2018-06-30,Independent,HOECHST GMBH,13904722.0
SANOFI,2018-09-30,Independent,HOECHST GMBH,13904722.0
SANOFI,2018-12-31,Independent,Hoechst Gmbh,13904722.0
SANOFI,2019-03-31,Independent,Hoechst Gmbh,13904722.0
SANOFI,2019-06-30,Independent,Hoechst Gmbh,13904722.0
SANOFI,2019-09-30,Independent,Hoechst Gmbh,13904722.0
SANOFI,2019-12-31,Independent,HOECHST GMBH,13904722.0
SANOFI,2020-03-31,Independent,HOECHST GMBH,13904722.0
SANOFI,2020-06-30,Independent,AAACH1067P,13904722.0
SANOFI,2020-09-30,Independent,HOECHST GMBH,13904722.0
SANOFI,2020-12-31,Independent,HOECHST GMBH,13904722.0
SANOFI,2021-03-31,Independent,HOECHST GMBH,13904722.0
SANOFI,2021-06-30,Independent,HOECHST GMBH,13904722.0
SANOFI,2021-09-30,Independent,HOECHST GMBH,13904722.0
SANOFI,2021-12-31,Independent,HOECHST GMBH,13904722.0
SANOFI,2022-03-31,Independent,HOECHST GMBH,13904722.0
SANOFI,2022-06-30,Independent,HOECHST GMBH,13904722.0
SANOFI,2022-09-30,Independent,Hoechst Gmbh,13904722.0
SANOFI,2022-12-31,Independent,Hoechst Gmbh,13904722.0
SANOFI,2023-03-31,Independent,Hoechst Gmbh,13904722.0
SANOFI,2023-06-30,Independent,HOESCHT GMBH,13904722.0
SANOFI,2023-09-30,Independent,HOECHST GMBH,13904722.0
SANOFI,2023-12-31,Independent,Hoechst Gmbh,13904722.0
SANOFI,2024-03-31,Independent,Hoechst Gmbh,13904722.0
SANOFI,2024-06-30,Independent,Hoechst Gmbh,13904722.0
SANOFI,2024-09-30,Independent,HOECHST GMBH,13904722.0
SANOFI,2024-12-31,Independent,Hoechst Gmbh,13904722.0
SANOFI,2025-03-31,Independent,HOECHST GMBH,13904722.0
SANOFI,2025-06-30,Independent,HOECHST GMBH,13904722.0
SANOFI,2025-09-30,Independent,HOECHST GMBH,13904722.0
SANOFI,2025-12-31,Independent,HOECHST GMBH,13904722.0
SBICARD,2020-03-12,Independent,State Bank of India,652633987.0
SBICARD,2020-03-31,Independent,State Bank of India,652633987.0
SBICARD,2020-06-30,Independent,State Bank of India,652633987.0
SBICARD,2020-09-30,Independent,State Bank of India,652633987.0
SBICARD,2020-12-31,Independent,State Bank of India,652633987.0
SBICARD,2021-03-31,Independent,State Bank of India,652633991.0
SBICARD,2021-06-30,Independent,State Bank of India,652633991.0
SBICARD,2021-09-30,Independent,State Bank of India,652633992.0
SBICARD,2021-12-31,Independent,State Bank of India,652633992.0
SBICARD,2022-03-31,Independent,State Bank of India,652633992.0
SBICARD,2022-06-30,Independent,State Bank of India,652633992.0
SBICARD,2022-09-30,Independent,State Bank of India,652633992.0
SBICARD,2022-12-31,Independent,State Bank of India,652633992.0
SBICARD,2023-03-31,Independent,State Bank of India,652633992.0
SBICARD,2023-06-30,Independent,State Bank of India,652633992.0
SBICARD,2023-09-30,Independent,State Bank of India,652633992.0
SBICARD,2023-12-31,Independent,State Bank of India,652633992.0
SBICARD,2024-03-31,Independent,State Bank of India,652633992.0
SBICARD,2024-06-30,Independent,State Bank of India,652633992.0
SBICARD,2024-09-30,Independent,State Bank of India,652633992.0
SBICARD,2024-12-31,Independent,State Bank of India,652633992.0
SBICARD,2025-03-31,Independent,State Bank of India,652633992.0
SBICARD,2025-06-30,Independent,State Bank of India,652633992.0
SBICARD,2025-09-30,Independent,State Bank of India,652633992.0
SBICARD,2025-12-31,Independent,State Bank Of India,652633992.0
SBILIFE,2017-09-29,Independent,STATE BANK OF INDIA,620999994.0
SBILIFE,2017-12-31,Independent,STATE BANK OF INDIA,620999994.0
SBILIFE,2018-03-31,Independent,STATE BANK OF INDIA,620999994.0
SBILIFE,2018-06-30,Independent,STATE BANK OF INDIA,620999994.0
SBILIFE,2018-09-30,Independent,STATE BANK OF INDIA,620999994.0
SBILIFE,2018-12-31,Independent,STATE BANK OF INDIA,620999994.0
SBILIFE,2019-03-31,Independent,STATE BANK OF INDIA,620999994.0
SBILIFE,2019-06-30,Independent,STATE BANK OF INDIA,620999994.0
SBILIFE,2019-09-30,Independent,STATE BANK OF INDIA,575999994.0
SBILIFE,2019-12-31,Independent,State Bank of India,575999994.0
SBILIFE,2020-03-31,Independent,STATE BANK OF INDIA,575999994.0
SBILIFE,2020-06-30,Independent,STATE BANK OF INDIA,554999994.0
SBILIFE,2020-09-30,Independent,STATE BANK OF INDIA,555000000.0
SBILIFE,2020-12-31,Independent,STATE BANK OF INDIA,555000000.0
SBILIFE,2021-03-31,Independent,STATE BANK OF INDIA,555000000.0
SBILIFE,2021-06-30,Independent,State Bank of India,555000000.0
SBILIFE,2021-09-30,Independent,State Bank of India,555000000.0
SBILIFE,2021-12-31,Independent,STATE BANK OF INDIA,555000000.0
SBILIFE,2022-03-31,Independent,STATE BANK OF INDIA,555000000.0
SBILIFE,2022-06-30,Independent,STATE BANK OF INDIA,555000000.0
SBILIFE,2022-09-30,Independent,STATE BANK OF INDIA,555000000.0
SBILIFE,2022-12-31,Independent,STATE BANK OF INDIA,555000000.0
SBILIFE,2023-03-31,Independent,STATE BANK OF INDIA,555000000.0
SBILIFE,2023-06-30,Independent,STATE BANK OF INDIA,555000000.0
SBILIFE,2023-09-30,Independent,STATE BANK OF INDIA,555000000.0
SBILIFE,2023-12-31,Independent,STATE BANK OF INDIA,555000000.0
SBILIFE,2024-03-31,Independent,STATE BANK OF INDIA,555000000.0
SBILIFE,2024-06-30,Independent,STATE BANK OF INDIA,555000000.0
SBILIFE,2024-09-30,Independent,STATE BANK OF INDIA,555000000.0
SBILIFE,2024-12-31,Independent,STATE BANK OF INDIA,555000000.0
SBILIFE,2025-03-31,Independent,STATE BANK OF INDIA,555000000.0
SBILIFE,2025-06-30,Independent,STATE BANK OF INDIA,555000000.0
SBILIFE,2025-09-30,Independent,STATE BANK OF INDIA,555000000.0
SBILIFE,2025-12-31,Independent,STATE BANK OF INDIA,555000000.0
SBIN,2014-02-03,Independent,,0.0
SBIN,2014-03-31,Independent,,0.0
SBIN,2014-06-30,Independent,,0.0
SBIN,2014-09-30,Independent,,0.0
SBIN,2014-12-31,Independent,,0.0
SBIN,2015-03-31,Independent,,0.0
SBIN,2015-06-30,Independent,,0.0
SBIN,2015-09-30,Independent,,0.0
SBIN,2015-12-31,GOI_PSU,Central Government/ State Government(s),93432693.0
SBIN,2016-03-31,GOI_PSU,Central Government/ State Government(s),4671634652.0
SBIN,2016-06-30,GOI_PSU,Central Government/ State Government(s),93432693.0
SBIN,2016-09-30,GOI_PSU,Central Government/ State Government(s),93432693.0
SBIN,2016-12-31,GOI_PSU,Central Government/ State Government(s),93432693.0
SBIN,2017-01-20,GOI_PSU,Central Government/ State Government(s),97647241.0
SBIN,2017-03-31,GOI_PSU,Central Government/ State Government(s),97647241.0
SBIN,2017-06-12,GOI_PSU,Central Government/ State Government(s),4926593562.0
SBIN,2017-06-30,GOI_PSU,Central Government/ State Government(s),98531871.0
SBIN,2017-09-30,GOI_PSU,Central Government/ State Government(s),4926593562.0
SBIN,2017-12-31,GOI_PSU,Central Government/ State Government(s),97729098.0
SBIN,2018-03-27,GOI_PSU,Central Government/ State Government(s),5178988645.0
SBIN,2018-03-31,GOI_PSU,Central Government/ State Government(s),5178988645.0
SBIN,2018-06-30,GOI_PSU,Central Government/ State Government(s),102917616.0
SBIN,2018-09-30,GOI_PSU,Central Government/ State Government(s),102986299.0
SBIN,2018-12-31,GOI_PSU,Central Government/ State Government(s),102986299.0
SBIN,2019-03-31,GOI_PSU,Central Government/ State Government(s),101977659.0
SBIN,2019-06-30,GOI_PSU,Central Government/ State Government(s),101977659.0
SBIN,2019-09-30,GOI_PSU,Central Government/ State Government(s),101977659.0
SBIN,2019-12-31,GOI_PSU,Central Government/ State Government(s),101595505.0
SBIN,2020-03-31,GOI_PSU,Central Government/ State Government(s),101595505.0
SBIN,2020-06-30,GOI_PSU,Central Government/ State Government(s),101595505.0
SBIN,2020-09-30,GOI_PSU,Central Government/ State Government(s),5079775288.0
SBIN,2020-12-31,GOI_PSU,Central Government/ State Government(s),101595505.0
SBIN,2021-03-31,GOI_PSU,Central Government/ State Government(s),101595505.0
SBIN,2021-06-30,GOI_PSU,Central Government/ State Government(s),101595505.0
SBIN,2021-09-30,GOI_PSU,Central Government/ State Government(s),101595505.0
SBIN,2021-12-31,GOI_PSU,Central Government/ State Government(s),101595505.0
SBIN,2022-03-31,GOI_PSU,Central Government/ State Government(s),101595505.0
SBIN,2022-06-30,GOI_PSU,Central Government/ State Government(s),101595505.0
SBIN,2022-09-30,GOI_PSU,Central Government/ State Government(s),101595505.0
SBIN,2022-12-31,GOI_PSU,Central Government/ State Government(s),101595505.0
SBIN,2023-03-31,GOI_PSU,Central Government/ State Government(s),101595505.0
SBIN,2023-06-30,GOI_PSU,Central Government/ State Government(s),101595505.0
SBIN,2023-09-30,GOI_PSU,Central Government/ State Government(s),101595505.0
SBIN,2023-12-31,GOI_PSU,Central Government/ State Government(s),101595505.0
SBIN,2024-03-31,GOI_PSU,Central Government/ State Government(s),101595505.0
SBIN,2024-06-30,GOI_PSU,Central Government/ State Government(s),101595505.0
SBIN,2024-09-30,GOI_PSU,Central Government/ State Government(s),101595505.0
SBIN,2024-12-31,GOI_PSU,Central Government/ State Government(s),101595505.0
SBIN,2025-03-31,GOI_PSU,Central Government/ State Government(s),101595505.0
SBIN,2025-06-30,GOI_PSU,Central Government/ State Government(s),101595505.0
SBIN,2025-07-21,GOI_PSU,Central Government/ State Government(s),101595505.0
SBIN,2025-09-30,GOI_PSU,Central Government/ State Government(s),101595505.0
SBIN,2025-12-31,GOI_PSU,Central Government/ State Government(s),101595505.0
SHREECEM,2014-03-31,Independent,,0.0
SHREECEM,2014-06-30,Independent,,0.0
SHREECEM,2014-09-30,Independent,,0.0
SHREECEM,2014-12-31,Independent,,0.0
SHREECEM,2015-03-31,Independent,,0.0
SHREECEM,2015-06-30,Independent,,0.0
SHREECEM,2015-09-30,Independent,,0.0
SHREECEM,2015-12-31,Independent,SHREE CAPITAL SERVICES LTD,8984155.0
SHREECEM,2016-03-31,Independent,Body Corporate,21495313.0
SHREECEM,2016-06-30,Independent,Body Corporate,21495313.0
SHREECEM,2016-09-30,Independent,Body Corporate,21495313.0
SHREECEM,2016-12-31,Independent,Body Corporate,21495313.0
SHREECEM,2017-03-31,Independent,Body Corporate,21495313.0
SHREECEM,2017-06-30,Independent,Body Corporate,21495313.0
SHREECEM,2017-09-30,Independent,Body Corporate,21495313.0
SHREECEM,2017-12-31,Independent,Body Corporate,21495313.0
SHREECEM,2018-03-31,Independent,SHREE CAPITAL SERVICES LTD,8984155.0
SHREECEM,2018-06-30,Independent,SHREE CAPITAL SERVICES LTD,8984155.0
SHREECEM,2018-09-30,Independent,SHREE CAPITAL SERVICES LTD,8984155.0
SHREECEM,2018-12-31,Independent,SHREE CAPITAL SERVICES LTD,8984155.0
SHREECEM,2019-03-31,Independent,SHREE CAPITAL SERVICES LIMITED,8984155.0
SHREECEM,2019-06-30,Independent,SHREE CAPITAL SERVICES LIMITED,8984155.0
SHREECEM,2019-09-30,Independent,SHREE CAPITAL SERVICES LIMITED,8984155.0
SHREECEM,2019-11-23,Independent,SHREE CAPITAL SERVICES LIMITED,8984155.0
SHREECEM,2019-12-31,Independent,SHREE CAPITAL SERVICES LIMITED,8984155.0
SHREECEM,2020-03-31,Independent,SHREE CAPITAL SERVICES LIMITED,8984155.0
SHREECEM,2020-06-30,Independent,SHREE CAPITAL SERVICES LIMITED,8984155.0
SHREECEM,2020-09-30,Independent,SHREE CAPITAL SERVICES LIMITED,8984155.0
SHREECEM,2020-12-31,Independent,SHREE CAPITAL SERVICES LIMITED,8984155.0
SHREECEM,2021-03-31,Independent,SHREE CAPITAL SERVICES LTD.,8984155.0
SHREECEM,2021-06-30,Independent,SHREE CAPITAL SERVICES LIMITED,8984155.0
SHREECEM,2021-09-30,Independent,SHREE CAPITAL SERVICES LIMITED,8984155.0
SHREECEM,2021-12-31,Independent,Shree Capital Services Ltd.,8984155.0
SHREECEM,2022-03-31,Independent,Shree Capital Services Ltd.,8984155.0
SHREECEM,2022-06-30,Independent,Shree Capital Services Ltd.,8984155.0
SHREECEM,2022-09-30,Independent,Shree Capital Services Ltd.,8984155.0
SHREECEM,2022-12-31,Independent,Shree Capital Services Ltd.,8984155.0
SHREECEM,2023-03-31,Independent,Shree Capital Services Ltd.,8984155.0
SHREECEM,2023-06-30,Independent,Shree Capital Services Ltd,8984155.0
SHREECEM,2023-09-30,Independent,Shree Capital Services Ltd,8984155.0
SHREECEM,2023-12-31,Independent,Shree Capital Services Ltd,8984155.0
SHREECEM,2024-03-31,Independent,Shree Capital Services Ltd,8984155.0
SHREECEM,2024-06-30,Independent,Shree Capital Services Ltd,8984155.0
SHREECEM,2024-09-30,Independent,Shree Capital Services Ltd,8984155.0
SHREECEM,2024-12-31,Independent,Shree Capital Services Ltd,8984155.0
SHREECEM,2025-03-31,Independent,Shree Capital Services Ltd,8984155.0
SHREECEM,2025-06-30,Independent,Shree Capital Services Ltd,8984155.0
SHREECEM,2025-09-30,Independent,Shree Capital Services Ltd,8984155.0
SHREECEM,2025-12-31,Independent,Shree Capital Services Ltd,8984155.0
SIEMENS,2014-03-31,Independent,,0.0
SIEMENS,2014-06-30,Independent,,0.0
SIEMENS,2014-09-30,Independent,,0.0
SIEMENS,2014-12-31,Independent,,0.0
SIEMENS,2015-03-31,Independent,,0.0
SIEMENS,2015-06-30,Independent,,0.0
SIEMENS,2015-09-30,Independent,,0.0
SIEMENS,2015-12-31,Independent,"Siemens Aktiengesellschaft, Germany",255351805.0
SIEMENS,2016-03-31,Independent,Body Corporate,267089913.0
SIEMENS,2016-06-30,Independent,Body Corporate,267089913.0
SIEMENS,2016-09-30,Independent,Body Corporate,267089913.0
SIEMENS,2016-12-31,Independent,Body Corporate,267089913.0
SIEMENS,2017-03-31,Independent,Body Corporate,267089913.0
SIEMENS,2017-06-30,Independent,Body Corporate,267089913.0
SIEMENS,2017-09-30,Independent,Body Corporate,267089913.0
SIEMENS,2017-12-31,Independent,Body Corporate,267089913.0
SIEMENS,2018-03-31,Independent,"Siemens Aktiengesellschaft, Germany",255351805.0
SIEMENS,2018-06-30,Independent,"Siemens Aktiengesellschaft, Germany",255351805.0
SIEMENS,2018-09-30,Independent,"Siemens Aktiengesellschaft, Germany",255351805.0
SIEMENS,2018-12-31,Independent,"Siemens Aktiengesellschaft, Germany",255351805.0
SIEMENS,2019-03-31,Independent,"Siemens Aktiengesellschaft, Germany",255351805.0
SIEMENS,2019-06-30,Independent,"Siemens Aktiengesellschaft, Germany",255351805.0
SIEMENS,2019-09-30,Independent,"Siemens Aktiengesellschaft, Germany",255351805.0
SIEMENS,2019-12-31,Independent,"Siemens Aktiengesellschaft, Germany",255351805.0
SIEMENS,2020-03-31,Independent,"Siemens Aktiengesellschaft, Germany",255351805.0
SIEMENS,2020-06-30,Independent,Siemens International Holding B.V.,169882943.0
SIEMENS,2020-09-30,Independent,Siemens International Holding B.V.,169882943.0
SIEMENS,2020-12-31,Independent,Siemens International Holding B.V.,169882943.0
SIEMENS,2021-03-31,Independent,Siemens International Holding B.V.,169882943.0
SIEMENS,2021-06-30,Independent,Siemens International Holding B.V.,169882943.0
SIEMENS,2021-09-30,Independent,Siemens International Holding B.V.,169882943.0
SIEMENS,2021-12-31,Independent,Siemens International Holding B.V.,169882943.0
SIEMENS,2022-03-31,Independent,Siemens International Holding B.V.,169882943.0
SIEMENS,2022-06-30,Independent,Siemens International Holding B.V.,169882943.0
SIEMENS,2022-09-30,Independent,Siemens International Holding B.V.,169882943.0
SIEMENS,2022-12-31,Independent,Siemens International Holding B.V.,169882943.0
SIEMENS,2023-03-31,Independent,Siemens International Holding B.V.,169882943.0
SIEMENS,2023-06-30,Independent,Siemens International Holding B.V.,169882943.0
SIEMENS,2023-09-30,Independent,Siemens International Holding B.V.,169882943.0
SIEMENS,2023-12-31,Independent,Siemens International Holding B.V.,169882943.0
SIEMENS,2024-03-31,Independent,Siemens International Holding B.V.,169882943.0
SIEMENS,2024-06-30,Independent,Siemens International Holding B.V.,169882943.0
SIEMENS,2024-09-30,Independent,Siemens International Holding B.V.,169882943.0
SIEMENS,2024-12-31,Independent,Siemens International Holding B.V,169882943.0
SIEMENS,2025-03-31,Independent,Siemens International Holding B.V,169882943.0
SIEMENS,2025-06-30,Independent,Siemens International Holding B.V,169882943.0
SIEMENS,2025-09-30,Independent,Siemens International Holding B.V,169882943.0
SIEMENS,2025-12-31,Independent,Siemens International Holding B.V,187947172.0
SINTEX,2014-03-31,Independent,,0.0
SINTEX,2014-05-19,Independent,,0.0
SINTEX,2014-06-12,Independent,,0.0
SINTEX,2014-06-20,Independent,,0.0
SINTEX,2014-06-30,Independent,,0.0
SINTEX,2014-08-11,Independent,,0.0
SINTEX,2014-08-20,Independent,,0.0
SINTEX,2014-09-30,Independent,,0.0
SINTEX,2014-11-08,Independent,,0.0
SINTEX,2014-11-29,Independent,,0.0
SINTEX,2014-12-20,Independent,,0.0
SINTEX,2014-12-31,Independent,,0.0
SINTEX,2015-02-04,Independent,,0.0
SINTEX,2015-02-28,Independent,,0.0
SINTEX,2015-03-12,Independent,,0.0
SINTEX,2015-03-31,Independent,,0.0
SINTEX,2015-06-30,Independent,,0.0
SINTEX,2015-09-30,Independent,,0.0
SINTEX,2015-12-31,Independent,Bodies Corporate- BVM Finance Pvt. Ltd.,78103905.0
SINTEX,2016-03-31,Independent,BVM Finance Private Limited,78103905.0
SINTEX,2016-06-30,Independent,BVM Finance Private Limited,78103905.0
SINTEX,2016-09-26,Independent,BVM Finance Private Limited,78103905.0
SINTEX,2016-09-30,Independent,BVM Finance Private Limited,78103905.0
SINTEX,2016-12-31,Independent,Body Corporate,166976978.0
SINTEX,2017-03-31,Independent,Body Corporate,166976978.0
SINTEX,2017-06-30,Independent,Body Corporate,166976978.0
SINTEX,2017-09-30,Independent,Body Corporate,166976978.0
SINTEX,2017-12-31,Independent,Body Corporate,166976978.0
SINTEX,2018-03-31,Independent,BVM Finance Private Limited,78103905.0
SINTEX,2018-06-30,Independent,BVM Finance Private Limited,78103905.0
SINTEX,2018-09-30,Independent,BVM Finance Private Limited,78103905.0
SINTEX,2018-12-31,Independent,BVM Finance Private Limited,78103905.0
SINTEX,2019-03-31,Independent,BVM Finance Private Limited,78103905.0
SINTEX,2019-06-30,Independent,BVM Finance Private Limited,78103905.0
SINTEX,2019-09-30,Independent,BVM Finance Private Limited,57403905.0
SINTEX,2019-12-31,Independent,BVM Finance Private Limited,16303905.0
SINTEX,2020-03-31,Independent,BVM Finance Private Limited,16303905.0
SINTEX,2020-06-30,Independent,BVM Finance Private Limited,16303905.0
SINTEX,2020-09-30,Independent,BVM Finance Private Limited,11303905.0
SINTEX,2020-12-31,Independent,BVM Finance Private Limited,11303905.0
SINTEX,2021-03-31,Independent,BVM Finance Private Limited,11303905.0
SINTEX,2021-06-30,Independent,BVM Finance Private Limited,11303905.0
SINTEX,2021-09-30,Independent,BVM Finance Private Limited,11303905.0
SINTEX,2021-12-31,Independent,BVM Finance Private Limited,11303905.0
SINTEX,2022-03-31,Independent,BVM Finance Private Limited,11303905.0
SINTEX,2022-06-30,Independent,BVM Finance Private Limited,11303905.0
SINTEX,2022-09-30,Independent,BVM Finance Private Limited,11303905.0
SINTEX,2022-12-31,Independent,BVM Finance Private Limited,11303905.0
SJVN,2014-03-31,Independent,,0.0
SJVN,2014-06-30,Independent,,0.0
SJVN,2014-09-30,Independent,,0.0
SJVN,2014-12-31,Independent,,0.0
SJVN,2015-03-31,Independent,,0.0
SJVN,2015-06-30,Independent,,0.0
SJVN,2015-09-30,Independent,,0.0
SJVN,2015-12-31,GOI_PSU,Central Government/ State Government(s),3721626500.0
SJVN,2016-03-31,GOI_PSU,Central Government/ State Government(s),3721626500.0
SJVN,2016-06-30,GOI_PSU,Central Government/ State Government(s),3721626500.0
SJVN,2016-09-30,GOI_PSU,Central Government/ State Government(s),3721626500.0
SJVN,2016-12-31,GOI_PSU,Central Government/ State Government(s),3721626500.0
SJVN,2017-03-31,GOI_PSU,Central Government/ State Government(s),3721626500.0
SJVN,2017-06-30,GOI_PSU,Central Government/ State Government(s),3721626500.0
SJVN,2017-09-30,GOI_PSU,Central Government/ State Government(s),3721626500.0
SJVN,2017-12-31,GOI_PSU,Central Government/ State Government(s),3711615879.0
SJVN,2018-03-14,GOI_PSU,Central Government/ State Government(s),3567274626.0
SJVN,2018-03-31,GOI_PSU,Central Government/ State Government(s),3567274626.0
SJVN,2018-06-30,GOI_PSU,Central Government/ State Government(s),3560986182.0
SJVN,2018-09-30,GOI_PSU,Central Government/ State Government(s),3561638457.0
SJVN,2018-12-31,GOI_PSU,Central Government/ State Government(s),3518371902.0
SJVN,2019-03-31,GOI_PSU,Central Government/ State Government(s),3488890366.0
SJVN,2019-06-30,GOI_PSU,Central Government/ State Government(s),3488890366.0
SJVN,2019-09-30,GOI_PSU,Central Government/ State Government(s),3458413896.0
SJVN,2019-12-31,GOI_PSU,Central Government/ State Government(s),3454141852.0
SJVN,2020-03-31,GOI_PSU,Central Government/ State Government(s),3409816933.0
SJVN,2020-06-30,GOI_PSU,Central Government/ State Government(s),3409816933.0
SJVN,2020-09-30,GOI_PSU,Central Government/ State Government(s),3409816933.0
SJVN,2020-12-31,GOI_PSU,Central Government/ State Government(s),3409816933.0
SJVN,2021-03-31,GOI_PSU,Central Government/ State Government(s),3409816933.0
SJVN,2021-06-30,GOI_PSU,Central Government/ State Government(s),3409816933.0
SJVN,2021-09-30,GOI_PSU,Central Government/ State Government(s),3409816933.0
SJVN,2021-12-31,GOI_PSU,Central Government/ State Government(s),3409816933.0
SJVN,2022-03-31,GOI_PSU,Central Government/ State Government(s),3409816933.0
SJVN,2022-06-30,GOI_PSU,Central Government/ State Government(s),3409816933.0
SJVN,2022-09-30,GOI_PSU,Central Government/ State Government(s),3409816933.0
SJVN,2022-12-31,GOI_PSU,Central Government/ State Government(s),3409816933.0
SJVN,2023-03-31,GOI_PSU,Central Government/ State Government(s),3409816933.0
SJVN,2023-06-30,GOI_PSU,Central Government/ State Government(s),3409816933.0
SJVN,2023-09-30,GOI_PSU,Central Government/ State Government(s),3216471010.0
SJVN,2023-12-31,GOI_PSU,Central Government/ State Government(s),3216360249.0
SJVN,2024-03-31,GOI_PSU,Central Government/ State Government(s),3216356729.0
SJVN,2024-06-30,GOI_PSU,Central Government/ State Government(s),3216356729.0
SJVN,2024-09-30,GOI_PSU,Central Government/ State Government(s),3216356729.0
SJVN,2024-12-31,GOI_PSU,Central Government/ State Government(s),3216356729.0
SJVN,2025-03-31,GOI_PSU,Central Government/ State Government(s),3216356729.0
SJVN,2025-06-30,GOI_PSU,Central Government/ State Government(s),3216356729.0
SJVN,2025-09-30,GOI_PSU,Central Government/ State Government(s),3216356729.0
SJVN,2025-12-31,GOI_PSU,Central Government/ State Government(s),3216356729.0
SOBHA,2014-03-31,Independent,,0.0
SOBHA,2014-06-30,Independent,,0.0
SOBHA,2014-09-30,Independent,,0.0
SOBHA,2014-12-31,Independent,,0.0
SOBHA,2015-03-31,Independent,,0.0
SOBHA,2015-06-30,Independent,,0.0
SOBHA,2015-09-30,Independent,,0.0
SOBHA,2015-12-31,Independent,Sobha Menon,41348421.0
SOBHA,2016-03-31,Independent,Sobha Menon,41348421.0
SOBHA,2016-06-30,Independent,Mrs. Sobha Menon,41348421.0
SOBHA,2016-09-30,Independent,Sobha Menon,40346551.0
SOBHA,2016-12-31,Independent,Sobha Menon,40346551.0
SOBHA,2017-03-31,Independent,SOBHA MENON,40346551.0
SOBHA,2017-06-30,Independent,SOBHA MENON,36346551.0
SOBHA,2017-09-30,Independent,Sobha Menon,36346551.0
SOBHA,2017-12-31,Independent,Sobha Menon,35626420.0
SOBHA,2018-03-31,Independent,SOBHA MENON,35626420.0
SOBHA,2018-06-30,Independent,Sobha Menon,35626420.0
SOBHA,2018-09-30,Independent,Sobha Menon,35626420.0
SOBHA,2018-12-31,Independent,Sobha Menon,35626420.0
SOBHA,2019-03-31,Independent,SOBHA MENON,35626420.0
SOBHA,2019-09-30,Independent,Sobha Menon Raghavan Nair,28726420.0
SOBHA,2019-12-31,Independent,Sobha Menon Raghavan Nair,28726420.0
SOBHA,2020-03-31,Independent,Sobha Menon Raghavan Nair,28726420.0
SOBHA,2020-06-30,Independent,Sobha Menon Raghavan Nair,28726420.0
SOBHA,2020-09-30,Independent,Sobha Menon Raghavan Nair,28726420.0
SOBHA,2020-12-31,Independent,Sobha Menon Raghavan Nair,28726420.0
SOBHA,2021-03-31,Independent,Sobha Menon Raghavan Nair,28726420.0
SOBHA,2021-06-30,Independent,Sobha Menon Raghavan Nair,28726420.0
SOBHA,2021-09-30,Independent,Sobha Menon Raghavan Nair,28726420.0
SOBHA,2021-12-31,Independent,Sobha Menon Raghavan Nair,28726420.0
SOBHA,2022-03-31,Independent,Sobha Menon,28726420.0
SOBHA,2022-06-30,Independent,Sobha Menon,28726420.0
SOBHA,2022-09-30,Independent,Sobha Menon,28726420.0
SOBHA,2022-12-31,Independent,Sobha Menon,28726420.0
SOBHA,2023-03-31,Independent,Sobha Menon,28726420.0
SOBHA,2023-06-30,Independent,Sobha Menon,28726420.0
SOBHA,2023-09-30,Independent,Sobha Menon Raghavan Nair,28726420.0
SOBHA,2023-12-31,Independent,Sobha Menon Raghavan Nair,28726420.0
SOBHA,2024-03-31,Independent,Sobha Menon Raghavan Nair,28726420.0
SOBHA,2024-06-30,Independent,Sobha Menon,28726420.0
SOBHA,2024-07-11,Independent,Sobha Menon,30743739.0
SOBHA,2024-09-30,Independent,Sobha Menon,30743740.0
SOBHA,2024-12-31,Independent,Sobha Menon,30743740.0
SOBHA,2025-01-21,Independent,Sobha Menon,32761059.0
SOBHA,2025-03-13,Independent,Sobha Menon,32761059.0
SOBHA,2025-03-31,Independent,Sobha Menon,32761059.0
SOBHA,2025-05-13,Independent,Sobha Menon,32761059.0
SOBHA,2025-06-30,Independent,Sobha Menon,32761059.0
SOBHA,2025-09-30,Independent,Sobha Menon,32761059.0
SOBHA,2025-12-31,Independent,Sobha Menon,32761059.0
SOLARINDS,2014-03-31,Independent,,0.0
SOLARINDS,2014-06-30,Independent,,0.0
SOLARINDS,2014-09-30,Independent,,0.0
SOLARINDS,2014-12-31,Independent,,0.0
SOLARINDS,2015-03-31,Independent,,0.0
SOLARINDS,2015-06-30,Independent,,0.0
SOLARINDS,2015-09-30,Independent,,0.0
SOLARINDS,2015-12-31,Independent,Satyanarayan Nandlal Nuwal,3944245.0
SOLARINDS,2016-03-31,Independent,Satyanarayan Nandlal Nuwal,3944245.0
SOLARINDS,2016-06-30,Independent,Satyanarayan Nuwal,4068739.0
SOLARINDS,2016-09-30,Independent,Satyanarayan Nuwal,20343695.0
SOLARINDS,2016-12-31,Independent,Satyanarayan Nuwal,20343695.0
SOLARINDS,2017-03-31,Independent,Satyanarayan Nuwal,20343695.0
SOLARINDS,2017-06-30,Independent,Satyanarayan Nuwal,20343695.0
SOLARINDS,2017-09-30,Independent,Satyanarayan Nuwal,20343695.0
SOLARINDS,2017-12-31,Independent,Satyanarayan Nuwal,20343695.0
SOLARINDS,2018-03-31,Independent,Satyanarayan Nuwal,20343695.0
SOLARINDS,2018-06-30,Independent,Satyanarayan Nuwal,20343695.0
SOLARINDS,2018-09-30,Independent,Satyanarayan Nuwal,20343695.0
SOLARINDS,2018-12-31,Independent,Satyanarayan Nuwal,20343695.0
SOLARINDS,2019-03-31,Independent,Manish Nuwal,25232069.0
SOLARINDS,2019-06-30,Independent,MANISH SATYANARAYAN NUWAL,25232069.0
SOLARINDS,2019-09-30,Independent,MANISH SATYANARAYAN NUWAL,25232069.0
SOLARINDS,2019-12-31,Independent,MANISH SATYANARAYAN NUWAL,25232069.0
SOLARINDS,2020-03-31,Independent,Manish Satyanarayan Nuwal,25232069.0
SOLARINDS,2020-06-30,Independent,Manish Satyanarayan Nuwal,25232069.0
SOLARINDS,2020-09-30,Independent,Manish Satyanarayan Nuwal,25232069.0
SOLARINDS,2020-12-31,Independent,Manish Satyanarayan Nuwal,25232069.0
SOLARINDS,2021-03-31,Independent,Manish Satyanarayan Nuwal,25232069.0
SOLARINDS,2021-06-30,Independent,Manish Satyanarayan Nuwal,25232069.0
SOLARINDS,2021-09-30,Independent,Manish Satyanarayan Nuwal,25232069.0
SOLARINDS,2021-12-31,Independent,Manish Satyanarayan Nuwal,35232069.0
SOLARINDS,2022-03-31,Independent,Manish Satyanarayan Nuwal,35232069.0
SOLARINDS,2022-06-30,Independent,Manish Satyanarayan Nuwal,35232069.0
SOLARINDS,2022-09-30,Independent,Manish Satyanarayan Nuwal,35232069.0
SOLARINDS,2022-12-31,Independent,Manish Satyanarayan Nuwal,35232069.0
SOLARINDS,2023-03-31,Independent,Manish Satyanarayan Nuwal,35232069.0
SOLARINDS,2023-06-30,Independent,Manish Satyanarayan Nuwal,35232069.0
SOLARINDS,2023-09-30,Independent,Manish Satyanarayan Nuwal,35232069.0
SOLARINDS,2023-12-31,Independent,Manish Satyanarayan Nuwal,35232069.0
SOLARINDS,2024-03-31,Independent,Manish Satyanarayan Nuwal,35232069.0
SOLARINDS,2024-06-30,Independent,Manish Satyanarayan Nuwal,35232069.0
SOLARINDS,2024-09-30,Independent,Manish Satyanarayan Nuwal,35232069.0
SOLARINDS,2024-12-31,Independent,Manish Satyanarayan Nuwal,35232069.0
SOLARINDS,2025-03-31,Independent,Manish Satyanarayan Nuwal,35232069.0
SOLARINDS,2025-06-30,Independent,Manish Satyanarayan Nuwal,35232069.0
SOLARINDS,2025-09-30,Independent,Manish Satyanarayan Nuwal,35232069.0
SOLARINDS,2025-12-31,Independent,Manish Satyanarayan Nuwal,35232069.0
SONACOMS,2021-06-23,Independent,SINGAPORE VII TOPCO III PTE. LTD.,199359141.0
SONACOMS,2021-06-30,Independent,SINGAPORE VII TOPCO III PTE. LTD.,199359141.0
SONACOMS,2021-09-30,Independent,SINGAPORE VII TOPCO III PTE. LTD.,199359141.0
SONACOMS,2021-12-31,Independent,SINGAPORE VII TOPCO III PTE. LTD.,199359141.0
SONACOMS,2022-03-31,Independent,SINGAPORE VII TOPCO III PTE. LTD.,199359141.0
SONACOMS,2022-06-30,Independent,SINGAPORE VII TOPCO III PTE. LTD.,199359141.0
SONACOMS,2022-09-30,Independent,Aureus Investment Private Limited (Formerly Known as SONA AUTOCOMP HOLDING PRIVATE LIMITED),193208904.0
SONACOMS,2022-12-31,Independent,AUREUS INVESTMENT PRIVATE LIMITED,193208904.0
SONACOMS,2023-03-31,Independent,AUREUS INVESTMENT PRIVATE LIMITED,193208904.0
SONACOMS,2023-06-30,Independent,AUREUS INVESTMENT PRIVATE LIMITED,174208904.0
SONACOMS,2023-09-30,Independent,AUREUS INVESTMENT PRIVATE LIMITED,174208904.0
SONACOMS,2023-12-31,Independent,AUREUS INVESTMENT PRIVATE LIMITED,174208904.0
SONACOMS,2024-03-31,Independent,AUREUS INVESTMENT PRIVATE LIMITED,174208904.0
SONACOMS,2024-06-30,Independent,AUREUS INVESTMENT PRIVATE LIMITED,174208904.0
SONACOMS,2024-09-09,Independent,AUREUS INVESTMENT PRIVATE LIMITED,174208904.0
SONACOMS,2024-09-30,Independent,AUREUS INVESTMENT PRIVATE LIMITED,174208904.0
SONACOMS,2024-12-31,Independent,AUREUS INVESTMENT PRIVATE LIMITED,174208904.0
SONACOMS,2025-03-31,Independent,AUREUS INVESTMENT PRIVATE LIMITED,174208904.0
SONACOMS,2025-06-30,Independent,AUREUS INVESTMENT PRIVATE LIMITED,174208904.0
SONACOMS,2025-09-30,Independent,AUREUS INVESTMENT PRIVATE LIMITED,174208904.0
SONACOMS,2025-12-31,Independent,AUREUS INVESTMENT PRIVATE LIMITED,174208904.0
SOUTHBANK,2014-03-31,Independent,,0.0
SOUTHBANK,2014-06-30,Independent,,0.0
SOUTHBANK,2014-09-30,Independent,,0.0
SOUTHBANK,2014-12-31,Independent,,0.0
SOUTHBANK,2015-03-31,Independent,,0.0
SOUTHBANK,2015-06-30,Independent,,0.0
SOUTHBANK,2015-09-30,Independent,,0.0
SOUTHBANK,2015-12-31,Independent,,0.0
SOUTHBANK,2016-03-31,Independent,,0.0
SOUTHBANK,2016-06-30,Independent,,0.0
SOUTHBANK,2016-09-30,Independent,,0.0
SOUTHBANK,2016-12-31,Independent,,0.0
SOUTHBANK,2017-03-31,Independent,,0.0
SOUTHBANK,2017-06-30,Independent,,0.0
SOUTHBANK,2017-09-30,Independent,,0.0
SOUTHBANK,2017-12-31,Independent,,0.0
SOUTHBANK,2018-03-31,Independent,,0.0
SOUTHBANK,2018-06-30,Independent,,0.0
SOUTHBANK,2018-09-30,Independent,,0.0
SOUTHBANK,2018-12-31,Independent,,0.0
SOUTHBANK,2019-03-31,Independent,,0.0
SOUTHBANK,2019-06-30,Independent,,0.0
SOUTHBANK,2019-09-30,Independent,,0.0
SOUTHBANK,2019-12-31,Independent,,0.0
SOUTHBANK,2020-03-31,Independent,,0.0
SOUTHBANK,2020-06-30,Independent,,0.0
SOUTHBANK,2020-09-30,Independent,,0.0
SOUTHBANK,2020-12-31,Independent,,0.0
SOUTHBANK,2021-03-25,Independent,,0.0
SOUTHBANK,2021-03-31,Independent,,0.0
SOUTHBANK,2021-06-30,Independent,,0.0
SOUTHBANK,2021-09-30,Independent,,0.0
SOUTHBANK,2021-12-31,Independent,,0.0
SOUTHBANK,2022-03-31,Independent,,0.0
SOUTHBANK,2022-06-30,Independent,,0.0
SOUTHBANK,2022-09-30,Independent,,0.0
SOUTHBANK,2022-12-31,Independent,,0.0
SOUTHBANK,2023-03-31,Independent,,0.0
SOUTHBANK,2023-06-30,Independent,,0.0
SOUTHBANK,2023-09-30,Independent,,0.0
SOUTHBANK,2023-12-31,Independent,,0.0
SOUTHBANK,2024-03-27,Independent,,0.0
SOUTHBANK,2024-03-31,Independent,,0.0
SOUTHBANK,2024-06-30,Independent,,0.0
SOUTHBANK,2024-09-30,Independent,,0.0
SOUTHBANK,2024-12-31,Independent,,0.0
SOUTHBANK,2025-03-31,Independent,,0.0
SOUTHBANK,2025-06-30,Independent,,0.0
SOUTHBANK,2025-09-30,Independent,,0.0
SOUTHBANK,2025-12-31,Independent,,0.0
SPARC,2014-03-31,Independent,,0.0
SPARC,2014-06-30,Independent,,0.0
SPARC,2014-09-30,Independent,,0.0
SPARC,2014-12-31,Independent,,0.0
SPARC,2015-03-31,Independent,,0.0
SPARC,2015-06-30,Independent,,0.0
SPARC,2015-09-30,Independent,,0.0
SPARC,2015-12-31,Independent,Dilip Shantilal Shanghvi,26809395.0
SPARC,2016-03-31,Independent,Dilip Shantilal Shanghvi,26809395.0
SPARC,2016-04-27,Independent,Dilip Shantilal Shanghvi,28102795.0
SPARC,2016-06-30,Independent,Dilip Shantilal Shanghvi,28102795.0
SPARC,2016-09-30,Independent,Dilip Shantilal Shanghvi,28102795.0
SPARC,2016-12-31,Independent,Body Corporate,123066453.0
SPARC,2017-03-31,Independent,Body Corporate,123066453.0
SPARC,2017-06-30,Independent,Body Corporate,123066453.0
SPARC,2017-09-30,Independent,Body Corporate,123066453.0
SPARC,2017-12-31,Independent,Body Corporate,127106857.0
SPARC,2018-03-31,Independent,Dilip Shantilal Shanghvi,28102795.0
SPARC,2018-06-30,Independent,Dilip Shantilal Shanghvi,28102795.0
SPARC,2018-08-03,Independent,Dilip Shantilal Shanghvi,28102795.0
SPARC,2018-09-30,Independent,Dilip Shantilal Shanghvi,28102795.0
SPARC,2018-12-31,Independent,SHANGHVI FINANCE PRIVATE LIMITED,132151181.0
SPARC,2019-01-11,Independent,SHANGHVI FINANCE PRIVATE LIMITED,137211787.0
SPARC,2019-03-31,Independent,SHANGHVI FINANCE PRIVATE LIMITED,137211787.0
SPARC,2019-06-30,Independent,Shanghvi Finance Private Limited,137211787.0
SPARC,2019-09-30,Independent,Shanghvi Finance Private Limited,137211787.0
SPARC,2019-12-31,Independent,Shanghvi Finance Private Limited,137211787.0
SPARC,2020-03-31,Independent,Shanghvi Finance Private Limited,137211787.0
SPARC,2020-06-30,Independent,Shanghvi Finance Private Limited,137211787.0
SPARC,2020-09-30,Independent,Shanghvi Finance Private Limited,137211787.0
SPARC,2020-12-31,Independent,Shanghvi Finance Private Limited,137211787.0
SPARC,2021-03-31,Independent,Shanghvi Finance Private Limited,137211787.0
SPARC,2021-06-30,Independent,Shanghvi Finance Private Limited,137211787.0
SPARC,2021-09-30,Independent,Shanghvi Finance Private Limited,137211787.0
SPARC,2021-12-31,Independent,Shanghvi Finance Private Limited,137211787.0
SPARC,2022-03-21,Independent,Shanghvi Finance Private Limited,137211787.0
SPARC,2022-03-31,Independent,Shanghvi Finance Private Limited,137211787.0
SPARC,2022-06-30,Independent,Shanghvi Finance Private Limited,137211787.0
SPARC,2022-09-30,Independent,Shanghvi Finance Private Limited,137211787.0
SPARC,2022-12-31,Independent,Shanghvi Finance Private Limited,137211787.0
SPARC,2023-01-06,Independent,Shanghvi Finance Private Limited,137211787.0
SPARC,2023-03-31,Independent,Shanghvi Finance Private Limited,137211787.0
SPARC,2023-06-30,Independent,Shanghvi Finance Private Limited,137211787.0
SPARC,2023-09-30,Independent,Shanghvi Finance Private Limited,137211787.0
SPARC,2023-12-31,Independent,Shanghvi Finance Private Limited,137211787.0
SPARC,2024-03-31,Independent,Shanghvi Finance Private Limited,137211787.0
SPARC,2024-06-30,Independent,Shanghvi Finance Private Limited,137211787.0
SPARC,2024-09-30,Independent,Shanghvi Finance Private Limited,137211787.0
SPARC,2024-12-31,Independent,Shanghvi Finance Private Limited,137211787.0
SPARC,2025-03-31,Independent,SHANGHVI FINANCE PRIVATE LTD,137211787.0
SPARC,2025-06-30,Independent,SHANGHVI FINANCE PRIVATE LTD,137211787.0
SPARC,2025-09-30,Independent,Shanghvi Finance Private Limited,137211787.0
SPARC,2025-12-31,Independent,Shanghvi Finance Private Limited,137211787.0
SRF,2014-03-31,Independent,,0.0
SRF,2014-06-30,Independent,,0.0
SRF,2014-09-30,Independent,,0.0
SRF,2014-12-31,Independent,,0.0
SRF,2015-03-31,Independent,,0.0
SRF,2015-06-30,Independent,,0.0
SRF,2015-09-30,Independent,,0.0
SRF,2015-12-31,Independent,KAMA HOLDINGS LIMITED,30049000.0
SRF,2016-03-31,Independent,KAMA HOLDINGS LIMITED,30049000.0
SRF,2016-06-30,Independent,KAMA HOLDINGS LIMITED,30049000.0
SRF,2016-09-30,Independent,KAMA HOLDINGS LIMITED,30049000.0
SRF,2016-12-31,Independent,Body Corporate,30049000.0
SRF,2017-03-31,Independent,Body Corporate,30049000.0
SRF,2017-06-30,Independent,Body Corporate,30049000.0
SRF,2017-09-30,Independent,Body Corporate,30049000.0
SRF,2017-12-31,Independent,Body Corporate,30049000.0
SRF,2018-03-31,Independent,KAMA HOLDINGS LIMITED,30049000.0
SRF,2018-06-30,Independent,KAMA HOLDINGS LIMITED,30049000.0
SRF,2018-09-30,Independent,KAMA HOLDINGS LIMITED,30049000.0
SRF,2018-12-31,Independent,KAMA HOLDINGS LIMITED,30049000.0
SRF,2019-03-31,Independent,KAMA Holdings Limited,30049000.0
SRF,2019-06-30,Independent,KAMA Holdings Limited,30049000.0
SRF,2019-09-30,Independent,KAMA Holdings Limited,30049000.0
SRF,2019-12-31,Independent,KAMA HOLDINGS LIMITED,30049000.0
SRF,2020-03-31,Independent,KAMA Holdings Limited,30049000.0
SRF,2020-06-30,Independent,KAMA HOLDINGS LIMITED,30049000.0
SRF,2020-09-30,Independent,KAMA Holdings Limited,30049000.0
SRF,2020-10-17,Independent,KAMA Holdings Limited,30049000.0
SRF,2020-12-31,Independent,KAMA HOLDINGS LIMITED,30049000.0
SRF,2021-03-31,Independent,KAMA HOLDINGS LIMITED,30049000.0
SRF,2021-06-30,Independent,KAMA HOLDINGS LIMITED,30049000.0
SRF,2021-09-30,Independent,KAMA HOLDINGS LIMITED,30049000.0
SRF,2021-10-15,Independent,KAMA Holdings Limited,150245000.0
SRF,2021-12-31,Independent,KAMA HOLDINGS LIMITED,150245000.0
SRF,2022-03-31,Independent,KAMA HOLDINGS LIMITED,150245000.0
SRF,2022-06-30,Independent,KAMA HOLDINGS LIMITED,150245000.0
SRF,2022-09-30,Independent,KAMA HOLDINGS LIMITED,149645000.0
SRF,2022-12-31,Independent,KAMA HOLDINGS LIMITED,149645000.0
SRF,2023-03-31,Independent,KAMA HOLDINGS LIMITED,149645000.0
SRF,2023-06-30,Independent,KAMA HOLDINGS LIMITED,149645000.0
SRF,2023-09-30,Independent,KAMA HOLDINGS LIMITED,149645000.0
SRF,2023-12-31,Independent,KAMA HOLDINGS LIMITED,149645000.0
SRF,2024-03-31,Independent,KAMA HOLDINGS LIMITED,148970000.0
SRF,2024-06-30,Independent,KAMA HOLDINGS LIMITED,148845000.0
SRF,2024-09-30,Independent,KAMA HOLDINGS LIMITED,148845000.0
SRF,2024-12-31,Independent,KAMA HOLDINGS LIMITED,148845000.0
SRF,2025-03-31,Independent,KAMA HOLDINGS LIMITED,148845000.0
SRF,2025-06-30,Independent,KAMA HOLDINGS LIMITED,148845000.0
SRF,2025-09-30,Independent,KAMA HOLDINGS LIMITED,148845000.0
SRF,2025-12-31,Independent,KAMA HOLDINGS LIMITED,148845000.0
STAR,2014-03-31,Independent,,0.0
STAR,2014-06-30,Independent,,0.0
STAR,2014-09-30,Independent,,0.0
STAR,2014-12-31,Independent,,0.0
STAR,2015-03-31,Independent,,0.0
STAR,2015-06-30,Independent,,0.0
STAR,2015-09-30,Independent,,0.0
STAR,2015-11-20,Independent,,0.0
STAR,2015-12-31,Independent,PRONOMZ VENTURES LLP,12665000.0
STAR,2016-03-31,Independent,PRONOMZ VENTURES LLP,12665000.0
STAR,2016-06-30,Independent,PRONOMZ VENTURES LLP,12665000.0
STAR,2016-09-30,Independent,PRONOMZ VENTURES LLP,12665000.0
STAR,2016-12-31,Independent,Body Corporate,12665000.0
STAR,2017-03-31,Independent,Limited Liability Partnership,12665000.0
STAR,2017-06-30,Independent,Limited Liability Partnership,12665000.0
STAR,2017-09-30,Independent,Limited Liability Partnership,12665000.0
STAR,2017-12-31,Independent,Body Corporate,12665000.0
STAR,2018-03-31,Independent,PRONOMZ VENTURES LLP,12665000.0
STAR,2018-06-30,Independent,PRONOMZ VENTURES LLP,12665000.0
STAR,2018-09-30,Independent,PRONOMZ VENTURES LLP,12665000.0
STAR,2018-12-31,Independent,PRONOMZ VENTURES LLP,12665000.0
STAR,2019-03-31,Independent,PRONOMZ VENTURES LLP,12665000.0
STAR,2019-06-30,Independent,PRONOMZ VENTURES LLP,12665000.0
STAR,2019-09-30,Independent,PRONOMZ VENTURES LLP,12665000.0
STAR,2019-12-31,Independent,PRONOMZ VENTURES LLP,12665000.0
STAR,2020-03-31,Independent,PRONOMZ VENTURES LLP,12665000.0
STAR,2020-06-30,Independent,PRONOMZ VENTURES LLP,12665000.0
STAR,2020-09-30,Independent,PRONOMZ VENTURES LLP,15977500.0
STAR,2020-12-31,Independent,PRONOMZ VENTURES LLP,16484247.0
STAR,2021-03-31,Independent,PRONOMZ VENTURES LLP,16484247.0
STAR,2021-06-30,Independent,Partnership Firms,18812921.0
STAR,2021-09-30,Independent,Partnership Firms,19294581.0
STAR,2021-12-31,Independent,Partnership Firms,19294581.0
STAR,2022-03-31,Independent,Partnership Firms,19738031.0
STAR,2022-06-30,Independent,Partnership Firms,19474531.0
STAR,2022-09-30,Independent,Partnership Firms,19927021.0
STAR,2022-12-31,Independent,Partnership Firms,19827016.0
STAR,2023-03-31,Independent,Partnership Firms,20238501.0
STAR,2023-06-30,Independent,Partnership Firms,20057285.0
STAR,2023-09-30,Independent,Partnership Firms,19804861.0
STAR,2023-12-31,Independent,Partnership Firms,19983269.0
STAR,2024-03-31,Independent,Partnership Firms,19492451.0
STAR,2024-06-30,Independent,Partnership Firms,19478451.0
STAR,2024-09-30,Independent,Partnership Firms,19472236.0
STAR,2024-12-31,Independent,Partnership Firms,20411925.0
STAR,2025-03-31,Independent,Partnership Firms,21668946.0
STAR,2025-06-30,Independent,Partnership Firms,21668946.0
STAR,2025-09-30,Independent,Partnership Firms,21271635.0
STAR,2025-12-31,Independent,Partnership Firms,21271635.0
SUNDARMFIN,2014-03-31,Independent,,0.0
SUNDARMFIN,2014-06-30,Independent,,0.0
SUNDARMFIN,2014-09-30,Independent,,0.0
SUNDARMFIN,2014-12-31,Independent,,0.0
SUNDARMFIN,2015-03-31,Independent,,0.0
SUNDARMFIN,2015-06-30,Independent,,0.0
SUNDARMFIN,2015-09-30,Independent,,0.0
SUNDARMFIN,2015-12-31,Independent,"MR T T NARENDRAN, MRS VIMALA RANGASWAMY & MRS PADMINI NARENDRAN",162988.0
SUNDARMFIN,2016-03-31,Independent,BODY CORPORATE,11185738.0
SUNDARMFIN,2016-06-30,Independent,BODY CORPORATE,11185738.0
SUNDARMFIN,2016-09-30,Independent,BODY CORPORATE,11185738.0
SUNDARMFIN,2016-12-31,Independent,Body Corporate,11185738.0
SUNDARMFIN,2017-03-31,Independent,Body Corporate,11185738.0
SUNDARMFIN,2017-06-30,Independent,Body Corporate,11185738.0
SUNDARMFIN,2017-09-30,Independent,Body Corporate,11185738.0
SUNDARMFIN,2017-12-31,Independent,Body Corporate,11185738.0
SUNDARMFIN,2018-03-31,Independent,M/S. RAGHUVAMSA HOLDINGS PRIVATE LIMITED,1851634.0
SUNDARMFIN,2018-06-30,Independent,M/S. RAGHUVAMSA HOLDINGS PRIVATE LIMITED,1851634.0
SUNDARMFIN,2018-09-30,Independent,M/S. RAGHUVAMSA HOLDINGS PRIVATE LIMITED,1851634.0
SUNDARMFIN,2018-12-31,Independent,M/S. RAGHUVAMSA HOLDINGS PRIVATE LIMITED,1851634.0
SUNDARMFIN,2019-03-31,Independent,M/S. RAGHUVAMSA HOLDINGS PRIVATE LIMITED,1851634.0
SUNDARMFIN,2019-06-30,Independent,M/S. RAGHUVAMSA HOLDINGS PRIVATE LIMITED,1851634.0
SUNDARMFIN,2019-09-30,Independent,M/S. RAGHUVAMSA HOLDINGS PRIVATE LIMITED,1851634.0
SUNDARMFIN,2019-12-31,Independent,M/S. RAGHUVAMSA HOLDINGS PRIVATE LIMITED,1851634.0
SUNDARMFIN,2020-03-31,Independent,M/S. RAGHUVAMSA HOLDINGS PRIVATE LIMITED,1851634.0
SUNDARMFIN,2020-06-30,Independent,M/S. RAGHUVAMSA HOLDINGS PRIVATE LIMITED,1851634.0
SUNDARMFIN,2020-09-30,Independent,M/S. RAGHUVAMSA HOLDINGS PRIVATE LIMITED,1851634.0
SUNDARMFIN,2020-12-31,Independent,M/S. RAGHUVAMSA HOLDINGS PRIVATE LIMITED,1851634.0
SUNDARMFIN,2021-03-31,Independent,M/S. RAGHUVAMSA HOLDINGS PRIVATE LIMITED,1851634.0
SUNDARMFIN,2021-06-30,Independent,M/S. RAGHUVAMSA HOLDINGS PRIVATE LIMITED,1851634.0
SUNDARMFIN,2021-09-30,Independent,M/S. RAGHUVAMSA HOLDINGS PRIVATE LIMITED,1851634.0
SUNDARMFIN,2021-12-31,Independent,M/S. RAGHUVAMSA HOLDINGS PRIVATE LIMITED,1851634.0
SUNDARMFIN,2022-03-31,Independent,M/s INDIA MOTOR PARTS & ACCESSORIES LIMITED,2898600.0
SUNDARMFIN,2022-06-30,Independent,INDIA MOTOR PARTS & ACCESSORIES LIMITED,2898600.0
SUNDARMFIN,2022-09-30,Independent,M/S. INDIA  MOTOR PARTS &  ACCESSORIES LIMITED,2898600.0
SUNDARMFIN,2022-12-31,Independent,M/S. INDIA  MOTOR PARTS &  ACCESSORIES LIMITED,2898600.0
SUNDARMFIN,2023-03-31,Independent,M/S. INDIA  MOTOR PARTS &  ACCESSORIES LIMITED,2898600.0
SUNDARMFIN,2023-06-30,Independent,M/S. INDIA  MOTOR PARTS &  ACCESSORIES LIMITED,2898600.0
SUNDARMFIN,2023-09-30,Independent,M/S. INDIA  MOTOR PARTS &  ACCESSORIES LIMITED,2898600.0
SUNDARMFIN,2023-12-31,Independent,M/S. INDIA  MOTOR PARTS &  ACCESSORIES LIMITED,2898600.0
SUNDARMFIN,2024-03-31,Independent,M/S. INDIA  MOTOR PARTS &  ACCESSORIES LIMITED,2898600.0
SUNDARMFIN,2024-06-30,Independent,M/S. INDIA  MOTOR PARTS &  ACCESSORIES LIMITED,2898600.0
SUNDARMFIN,2024-09-30,Independent,M/S. INDIA  MOTOR PARTS &  ACCESSORIES LIMITED,2898600.0
SUNDARMFIN,2024-12-31,Independent,M/S. INDIA  MOTOR PARTS &  ACCESSORIES LIMITED,2898600.0
SUNDARMFIN,2025-03-31,Independent,M/S. INDIA  MOTOR PARTS &  ACCESSORIES LIMITED,2898600.0
SUNDARMFIN,2025-06-30,Independent,M/S. INDIA  MOTOR PARTS &  ACCESSORIES LIMITED,2898600.0
SUNDARMFIN,2025-09-30,Independent,M/S. INDIA  MOTOR PARTS &  ACCESSORIES LIMITED,2898600.0
SUNDARMFIN,2025-12-31,Independent,INDIA MOTOR PARTS AND ACCESSORIES LIMITED,2898600.0
SUNPHARMA,2014-03-31,Independent,,0.0
SUNPHARMA,2014-06-30,Independent,,0.0
SUNPHARMA,2014-09-30,Independent,,0.0
SUNPHARMA,2014-12-31,Independent,,0.0
SUNPHARMA,2015-03-31,Independent,,0.0
SUNPHARMA,2015-04-10,Independent,,0.0
SUNPHARMA,2015-06-30,Independent,,0.0
SUNPHARMA,2015-09-30,Independent,,0.0
SUNPHARMA,2015-12-31,Independent,Dilip Shantilal Shanghvi,231140480.0
SUNPHARMA,2016-03-31,Independent,Dilip Shantilal Shanghvi,231140480.0
SUNPHARMA,2016-06-30,Independent,Dilip Shantilal Shanghvi,231140480.0
SUNPHARMA,2016-09-30,Independent,Dilip Shantilal Shanghvi,231140480.0
SUNPHARMA,2016-12-31,Independent,Body Corporate,959823284.0
SUNPHARMA,2017-03-31,Independent,Body Corporate,959823284.0
SUNPHARMA,2017-06-30,Independent,Body Corporate,959823284.0
SUNPHARMA,2017-09-30,Independent,Body Corporate,959823284.0
SUNPHARMA,2017-12-31,Independent,Body Corporate,959823284.0
SUNPHARMA,2018-03-31,Independent,Dilip Shantilal Shanghvi,230285690.0
SUNPHARMA,2018-06-30,Independent,Dilip Shantilal Shanghvi,230285690.0
SUNPHARMA,2018-09-30,Independent,Dilip Shantilal Shanghvi,230285690.0
SUNPHARMA,2018-12-31,Independent,Shanghvi Finance Private Limited,959772578.0
SUNPHARMA,2019-03-31,Independent,Shanghvi Finance Private Limited,959772578.0
SUNPHARMA,2019-06-30,Independent,Shanghvi Finance Private Limited,959772578.0
SUNPHARMA,2019-09-30,Independent,Shanghvi Finance Private Limited,963672578.0
SUNPHARMA,2019-12-31,Independent,Shanghvi Finance Private Limited,963972578.0
SUNPHARMA,2020-03-31,Independent,Shanghvi Finance Private Limited,967051732.0
SUNPHARMA,2020-06-30,Independent,Shanghvi Finance Private Limited,967051732.0
SUNPHARMA,2020-09-30,Independent,Shanghvi Finance Private Limited,967051732.0
SUNPHARMA,2020-12-31,Independent,Shanghvi Finance Private Limited,967051732.0
SUNPHARMA,2021-03-31,Independent,Shanghvi Finance Private Limited,967051732.0
SUNPHARMA,2021-06-30,Independent,Shanghvi Finance Private Limited,967051732.0
SUNPHARMA,2021-09-30,Independent,Shanghvi Finance Private Limited$,967051732.0
SUNPHARMA,2021-12-31,Independent,Shanghvi Finance Private Limited$,967051732.0
SUNPHARMA,2022-03-31,Independent,Shanghvi Finance Private Limited$,967051732.0
SUNPHARMA,2022-06-30,Independent,Shanghvi Finance Private Limited$,967051732.0
SUNPHARMA,2022-09-30,Independent,Shanghvi Finance Private Limited,967051732.0
SUNPHARMA,2022-12-31,Independent,Shanghvi Finance Private Limited,967051732.0
SUNPHARMA,2023-03-31,Independent,Shanghvi Finance Private Limited,967051732.0
SUNPHARMA,2023-06-30,Independent,Shanghvi Finance Private Limited,967051732.0
SUNPHARMA,2023-09-30,Independent,Shanghvi Finance Private Limited,967051732.0
SUNPHARMA,2023-12-31,Independent,Shanghvi Finance Private Limited,967051732.0
SUNPHARMA,2024-03-31,Independent,Shanghvi Finance Private Limited,967051732.0
SUNPHARMA,2024-06-30,Independent,Shanghvi Finance Private Limited,967051732.0
SUNPHARMA,2024-09-30,Independent,Shanghvi Finance Private Limited,967051732.0
SUNPHARMA,2024-12-31,Independent,Shanghvi Finance Private Limited,967051732.0
SUNPHARMA,2025-03-31,Independent,Shanghvi Finance Private Limited,967051732.0
SUNPHARMA,2025-06-30,Independent,Shanghvi Finance Private Limited,967051732.0
SUNPHARMA,2025-09-30,Independent,Shanghvi Finance Private Limited,967051732.0
SUNPHARMA,2025-12-31,Independent,Shanghvi Finance Private Limited,967051732.0
SUNTV,2014-03-31,Independent,,0.0
SUNTV,2014-06-30,Independent,,0.0
SUNTV,2014-09-30,Independent,,0.0
SUNTV,2014-12-31,Independent,,0.0
SUNTV,2015-03-31,Independent,,0.0
SUNTV,2015-06-30,Independent,,0.0
SUNTV,2015-09-30,Independent,,0.0
SUNTV,2015-12-31,Independent,Kalanithi Maran,295563457.0
SUNTV,2016-03-31,Independent,Kalanithi Maran,295563457.0
SUNTV,2016-06-30,Independent,Kalanithi Maran,295563457.0
SUNTV,2016-09-30,Independent,Kalanithi Maran,295563457.0
SUNTV,2016-12-31,Independent,Kalanithi Maran,295563457.0
SUNTV,2017-03-31,Independent,Kalanithi Maran,295563457.0
SUNTV,2017-06-30,Independent,Kalanithi Maran,295563457.0
SUNTV,2017-09-30,Independent,Kalanithi Maran,295563457.0
SUNTV,2017-12-31,Independent,Kalanithi Maran,295563457.0
SUNTV,2018-03-31,Independent,Kalanithi Maran,295563457.0
SUNTV,2018-06-30,Independent,Kalanithi Maran,295563457.0
SUNTV,2018-09-30,Independent,Kalanithi Maran,295563457.0
SUNTV,2018-12-31,Independent,Kalanithi Maran,295563457.0
SUNTV,2019-03-31,Independent,Kalanithi Maran,295563457.0
SUNTV,2019-06-30,Independent,Kalanithi Maran,295563457.0
SUNTV,2019-09-30,Independent,Kalanithi Maran,295563457.0
SUNTV,2019-12-31,Independent,Kalanithi Maran,295563457.0
SUNTV,2020-03-31,Independent,Kalanithi Maran,295563457.0
SUNTV,2020-06-30,Independent,Kalanithi Maran,295563457.0
SUNTV,2020-09-30,Independent,KALANITHI MARAN,295563457.0
SUNTV,2020-12-31,Independent,KALANITHI MARAN,295563457.0
SUNTV,2021-03-31,Independent,KALANITHI MARAN,295563457.0
SUNTV,2021-06-30,Independent,KALANITHI MARAN,295563457.0
SUNTV,2021-09-30,Independent,KALANITHI MARAN,295563457.0
SUNTV,2021-12-31,Independent,KALANITHI MARAN,295563457.0
SUNTV,2022-03-31,Independent,KALANITHI MARAN,295563457.0
SUNTV,2022-06-30,Independent,KALANITHI MARAN,295563457.0
SUNTV,2022-09-30,Independent,KALANITHI MARAN,295563457.0
SUNTV,2022-12-31,Independent,KALANITHI MARAN,295563457.0
SUNTV,2023-03-31,Independent,KALANITHI MARAN,295563457.0
SUNTV,2023-06-30,Independent,KALANITHI MARAN,295563457.0
SUNTV,2023-09-30,Independent,KALANITHI MARAN,295563457.0
SUNTV,2023-12-31,Independent,KALANITHI MARAN,295563457.0
SUNTV,2024-03-31,Independent,KALANITHI MARAN,295563457.0
SUNTV,2024-06-30,Independent,KALANITHI MARAN,295563457.0
SUNTV,2024-09-30,Independent,KALANITHI MARAN,295563457.0
SUNTV,2024-12-31,Independent,KALANITHI MARAN,295563457.0
SUNTV,2025-03-31,Independent,KALANITHI MARAN,295563457.0
SUNTV,2025-06-30,Independent,KALANITHI MARAN,295563457.0
SUNTV,2025-09-30,Independent,KALANITHI MARAN,295563457.0
SUNTV,2025-12-31,Independent,KALANITHI MARAN,295563457.0
SUPREMEIND,2014-03-31,Independent,,0.0
SUPREMEIND,2014-06-30,Independent,,0.0
SUPREMEIND,2014-09-30,Independent,,0.0
SUPREMEIND,2014-12-31,Independent,,0.0
SUPREMEIND,2015-03-31,Independent,,0.0
SUPREMEIND,2015-06-30,Independent,,0.0
SUPREMEIND,2015-09-30,Independent,,0.0
SUPREMEIND,2015-12-31,Independent,Boon Investment And Trading Company Private Limited,20206592.0
SUPREMEIND,2016-03-31,Independent,Corporate Bodies,59897155.0
SUPREMEIND,2016-06-30,Independent,Boon Investment And Trading Company Private Limited,20206592.0
SUPREMEIND,2016-09-30,Independent,Boon Investment And Trading Company Private Limited,20206592.0
SUPREMEIND,2016-12-31,Independent,Body Corporate,59897155.0
SUPREMEIND,2017-03-31,Independent,Body Corporate,59897155.0
SUPREMEIND,2017-06-30,Independent,Body Corporate,59897155.0
SUPREMEIND,2017-09-30,Independent,Body Corporate,59897155.0
SUPREMEIND,2017-12-31,Independent,Body Corporate,59897155.0
SUPREMEIND,2018-03-31,Independent,Boon Investment And Trading Company Private Limited,20206592.0
SUPREMEIND,2018-06-30,Independent,Boon Investment And Trading Company Private Limited,20206592.0
SUPREMEIND,2018-09-30,Independent,Boon Investment And Trading Company Private Limited,20206592.0
SUPREMEIND,2018-12-31,Independent,Boon Investment And Trading Company Private Limited,20206592.0
SUPREMEIND,2019-03-31,Independent,Boon Investment And Trading Company Private Limited,20206592.0
SUPREMEIND,2019-06-30,Independent,Boon Investment And Trading Company Private Limited,20206592.0
SUPREMEIND,2019-09-30,Independent,Boon Investment And Trading Company Private Limited,20206592.0
SUPREMEIND,2019-12-31,Independent,Boon Investment And Trading Company Private Limited,20206592.0
SUPREMEIND,2020-03-31,Independent,Boon Investment And Trading Company Private Limited,20357956.0
SUPREMEIND,2020-06-30,Independent,Jovial Investment And Trading Company PrivateLimited,20478638.0
SUPREMEIND,2020-09-30,Independent,Jovial Investment And Trading Company PrivateLimited,20478638.0
SUPREMEIND,2020-12-31,Independent,Jovial Investment And Trading Company PrivateLimited,20478638.0
SUPREMEIND,2021-03-31,Independent,Jovial Investment And Trading Company PrivateLimited,20478638.0
SUPREMEIND,2021-06-30,Independent,Jovial Investment And Trading Company Private Limited,20478638.0
SUPREMEIND,2021-12-31,Independent,Jovial Investment And Trading Company PrivateLimited,20478638.0
SUPREMEIND,2022-03-31,Independent,Jovial Investment And Trading Company PrivateLimited,20478638.0
SUPREMEIND,2022-06-30,Independent,Jovial Investment And Trading Company PrivateLimited,20478638.0
SUPREMEIND,2022-09-30,Independent,Jovial Investment And Trading Company PrivateLimited,20478638.0
SUPREMEIND,2022-12-31,Independent,Jovial Investment And Trading Company PrivateLimited,20478638.0
SUPREMEIND,2023-03-31,Independent,Jovial Investment And Trading Company PrivateLimited,20478638.0
SUPREMEIND,2023-06-30,Independent,Jovial Investment And Trading Company PrivateLimited,20478638.0
SUPREMEIND,2023-09-30,Independent,Jovial Investment And Trading Company PrivateLimited,20478638.0
SUPREMEIND,2023-12-31,Independent,Jovial Investment And Trading Company PrivateLimited,20478638.0
SUPREMEIND,2024-03-31,Independent,Jovial Investment And Trading Company PrivateLimited,20478638.0
SUPREMEIND,2024-06-30,Independent,Jovial Investment And Trading Company PrivateLimited,20478638.0
SUPREMEIND,2024-09-30,Independent,Jovial Investment And Trading Company PrivateLimited,20478638.0
SUPREMEIND,2024-12-31,Independent,Jovial Investment And Trading Company PrivateLimited,20478638.0
SUPREMEIND,2025-03-31,Independent,Jovial Investment And Trading Company PrivateLimited,20478638.0
SUPREMEIND,2025-06-30,Independent,Jovial Investment And Trading Company PrivateLimited,20542552.0
SUPREMEIND,2025-09-30,Independent,Jovial Investment And Trading Company PrivateLimited,20542552.0
SUPREMEIND,2025-12-31,Independent,Jovial Investment And Trading Company PrivateLimited,20542552.0
SUZLON,2014-03-31,Independent,,0.0
SUZLON,2014-04-25,Independent,,0.0
SUZLON,2014-05-16,Independent,,0.0
SUZLON,2014-06-30,Independent,,0.0
SUZLON,2014-07-22,Independent,,0.0
SUZLON,2014-09-09,Independent,,0.0
SUZLON,2014-09-30,Independent,,0.0
SUZLON,2014-11-18,Independent,,0.0
SUZLON,2014-12-31,Independent,,0.0
SUZLON,2015-01-13,Independent,,0.0
SUZLON,2015-02-05,Independent,,0.0
SUZLON,2015-02-20,Independent,,0.0
SUZLON,2015-03-31,Independent,,0.0
SUZLON,2015-04-18,Independent,,0.0
SUZLON,2015-05-15,Independent,,0.0
SUZLON,2015-06-30,Independent,,0.0
SUZLON,2015-09-30,Independent,,0.0
SUZLON,2015-12-31,Independent,Sugati Holdings Pvt. Ltd.,262497868.0
SUZLON,2016-03-31,Independent,Body Corporate,454400456.0
SUZLON,2016-06-30,Independent,Sugati Holdings Pvt. Ltd.,262497868.0
SUZLON,2016-09-30,Independent,Sugati Holdings Pvt. Ltd.,262497868.0
SUZLON,2016-12-31,Independent,Body Corporate,454400456.0
SUZLON,2017-03-31,Independent,Body Corporate,454400456.0
SUZLON,2017-05-12,Independent,Body Corporate,454400456.0
SUZLON,2017-06-30,Independent,Body Corporate,454400456.0
SUZLON,2017-08-12,Independent,Body Corporate,454400456.0
SUZLON,2017-09-30,Independent,Body Corporate,454400456.0
SUZLON,2017-12-31,Independent,Body Corporate,454400456.0
SUZLON,2018-03-31,Independent,Sugati Holdings Pvt. Ltd.,262497868.0
SUZLON,2018-06-30,Independent,Sugati Holdings Pvt. Ltd.,262497868.0
SUZLON,2018-09-30,Independent,Samanvaya Holdings Pvt.Ltd.,295499363.0
SUZLON,2018-12-31,Independent,Samanvaya Holdings Pvt.Ltd.,295499363.0
SUZLON,2019-03-31,Independent,Samanvaya Holdings Pvt.Ltd.,295499363.0
SUZLON,2019-06-30,Independent,Samanvaya Holdings Pvt.Ltd.,295499363.0
SUZLON,2019-09-30,Independent,Samanvaya Holdings Private Limited,295499363.0
SUZLON,2019-12-31,Independent,Samanvaya Holdings Private Limited,295499363.0
SUZLON,2020-03-31,Independent,Samanvaya Holdings Private Limited,295499363.0
SUZLON,2020-06-27,Independent,Tanti Holdings Private Limited,566978093.0
SUZLON,2020-06-30,Independent,Tanti Holdings Private Limited,566978093.0
SUZLON,2020-07-14,Independent,Tanti Holdings Private Limited,566978093.0
SUZLON,2020-09-30,Independent,Tanti Holdings Private Limited,566978093.0
SUZLON,2020-12-31,Independent,Tanti Holdings Private Limited,566978093.0
SUZLON,2021-03-31,Independent,Tanti Holdings Private Limited,566978093.0
SUZLON,2021-04-16,Independent,Tanti Holdings Private Limited,566978093.0
SUZLON,2021-06-30,Independent,Tanti Holdings Private Limited,566978093.0
SUZLON,2021-09-30,Independent,Tanti Holdings Private Limited,566978093.0
SUZLON,2021-12-26,Independent,Tanti Holdings Private Limited,566978093.0
SUZLON,2021-12-31,Independent,Tanti Holdings Private Limited,566978093.0
SUZLON,2022-03-31,Independent,Tanti Holdings Private Limited,566978093.0
SUZLON,2022-05-24,Independent,Tanti Holdings Private Limited,566978093.0
SUZLON,2022-06-30,Independent,Tanti Holdings Private Limited,566978093.0
SUZLON,2022-09-23,Independent,Tanti Holdings Private Limited,566978093.0
SUZLON,2022-09-30,Independent,Tanti Holdings Private Limited,566978093.0
SUZLON,2022-10-31,Independent,Tanti Holdings Private Limited,701972874.0
SUZLON,2022-12-31,Independent,Tanti Holdings Private Limited,634475484.0
SUZLON,2023-03-31,Independent,Tanti Holdings Private Limited,634475484.0
SUZLON,2023-06-30,Independent,Tanti Holdings Private Limited,701972874.0
SUZLON,2023-08-14,Independent,Tanti Holdings Private Limited,701972874.0
SUZLON,2023-09-30,Independent,Tanti Holdings Private Limited,701972874.0
SUZLON,2023-12-31,Independent,Tanti Holdings Private Limited,701972874.0
SUZLON,2024-03-31,Independent,Tanti Holdings Private Limited,701972874.0
SUZLON,2024-06-30,Independent,Tanti Holdings Private Limited,701972874.0
SUZLON,2024-09-30,Independent,Tanti Holdings Private Limited,701972874.0
SUZLON,2024-12-31,Independent,Tanti Holdings Private Limited,701972874.0
SUZLON,2025-03-31,Independent,Tanti Holdings Private Limited,701972874.0
SUZLON,2025-06-30,Independent,Tanti Holdings Private Limited,634996730.0
SUZLON,2025-09-30,Independent,Tanti Holdings Private Limited,634996730.0
SUZLON,2025-12-31,Independent,Tanti Holdings Private Limited,634996730.0
SWIGGY,2024-11-12,Independent,,0.0
SWIGGY,2024-12-31,Independent,,0.0
SWIGGY,2025-03-31,Independent,,0.0
SWIGGY,2025-05-02,Independent,,0.0
SWIGGY,2025-06-30,Independent,,0.0
SWIGGY,2025-09-30,Independent,,0.0
SWIGGY,2025-12-13,Independent,,0.0
SWIGGY,2025-12-31,Independent,,0.0
SYNDIBANK,2014-03-31,Independent,,0.0
SYNDIBANK,2014-06-30,Independent,,0.0
SYNDIBANK,2014-09-30,Independent,,0.0
SYNDIBANK,2014-12-31,Independent,,0.0
SYNDIBANK,2015-03-31,Independent,,0.0
SYNDIBANK,2015-06-30,Independent,,0.0
SYNDIBANK,2015-09-30,Independent,,0.0
SYNDIBANK,2015-12-31,GOI_PSU,Central Government/ State Government(s),458394888.0
SYNDIBANK,2016-03-31,GOI_PSU,Central Government/ State Government(s),458394888.0
SYNDIBANK,2016-06-30,GOI_PSU,Central Government/ State Government(s),553522796.0
SYNDIBANK,2016-09-30,GOI_PSU,Central Government/ State Government(s),659562697.0
SYNDIBANK,2016-12-31,GOI_PSU,Central Government/ State Government(s),659562697.0
SYNDIBANK,2017-03-31,GOI_PSU,Central Government/ State Government(s),659562697.0
SYNDIBANK,2017-06-30,GOI_PSU,Central Government/ State Government(s),659562697.0
SYNDIBANK,2017-09-30,GOI_PSU,Central Government/ State Government(s),659562697.0
SYNDIBANK,2017-12-20,GOI_PSU,Central Government/ State Government(s),659562697.0
SYNDIBANK,2017-12-31,GOI_PSU,Central Government/ State Government(s),659562697.0
SYNDIBANK,2018-03-27,GOI_PSU,Central Government/ State Government(s),1035539388.0
SYNDIBANK,2018-03-31,GOI_PSU,Central Government/ State Government(s),1035539388.0
SYNDIBANK,2018-06-30,GOI_PSU,Central Government/ State Government(s),1035539388.0
SYNDIBANK,2018-09-30,GOI_PSU,Central Government/ State Government(s),1035539388.0
SYNDIBANK,2018-12-19,GOI_PSU,Central Government/ State Government(s),1219238605.0
SYNDIBANK,2018-12-31,GOI_PSU,Central Government/ State Government(s),1219238605.0
SYNDIBANK,2019-02-27,GOI_PSU,Central Government/ State Government(s),1651556485.0
SYNDIBANK,2019-03-29,GOI_PSU,Central Government/ State Government(s),2106179287.0
SYNDIBANK,2019-03-31,GOI_PSU,Central Government/ State Government(s),2106179287.0
SYNDIBANK,2019-04-02,GOI_PSU,Central Government/ State Government(s),2106179287.0
SYNDIBANK,2019-06-30,GOI_PSU,Central Government/ State Government(s),2106179287.0
SYNDIBANK,2019-09-30,GOI_PSU,Central Government/ State Government(s),2106179287.0
SYNDIBANK,2019-12-31,GOI_PSU,Central Government/ State Government(s),2106179287.0
SYNGENE,2015-08-07,Independent,,0.0
SYNGENE,2015-09-30,Independent,,0.0
SYNGENE,2015-12-31,Independent,Biocon Limited,145217843.0
SYNGENE,2016-03-31,Independent,BIOCON LIMITED,145217843.0
SYNGENE,2016-06-30,Independent,Body Corporate,147084516.0
SYNGENE,2016-09-30,Independent,BIOCON LIMITED,145217843.0
SYNGENE,2016-12-31,Independent,BIOCON LIMITED,145217843.0
SYNGENE,2017-03-31,Independent,BIOCON LIMITED,145217843.0
SYNGENE,2017-06-30,Independent,BIOCON LIMITED,145217843.0
SYNGENE,2017-09-30,Independent,BIOCON LIMITED,145217843.0
SYNGENE,2017-12-31,Independent,BIOCON LIMITED,145217843.0
SYNGENE,2018-03-31,Independent,BIOCON LIMITED,145217843.0
SYNGENE,2018-06-30,Independent,BIOCON LIMITED,141308942.0
SYNGENE,2018-09-30,Independent,BIOCON LIMITED,140487386.0
SYNGENE,2018-12-31,Independent,BIOCON LIMITED,140487386.0
SYNGENE,2019-03-31,Independent,Biocon Limited,140487386.0
SYNGENE,2019-06-13,Independent,BIOCON LIMITED,280974772.0
SYNGENE,2019-06-30,Independent,Biocon Limited,280974772.0
SYNGENE,2019-09-30,Independent,BIOCON LIMITED,280974772.0
SYNGENE,2019-12-31,Independent,BIOCON LIMITED,280974772.0
SYNGENE,2020-03-31,Independent,BIOCON LIMITED,280974772.0
SYNGENE,2020-06-30,Independent,BIOCON LIMITED,280974772.0
SYNGENE,2020-09-30,Independent,BIOCON LIMITED,280974772.0
SYNGENE,2020-12-31,Independent,BIOCON LIMITED,280974772.0
SYNGENE,2021-03-31,Independent,BIOCON LIMITED,280974772.0
SYNGENE,2021-06-30,Independent,BIOCON LIMITED,280974772.0
SYNGENE,2021-09-30,Independent,BIOCON LIMITED,280974772.0
SYNGENE,2021-12-31,Independent,BIOCON LIMITED,280974772.0
SYNGENE,2022-03-31,Independent,BIOCON LIMITED,280974772.0
SYNGENE,2022-06-30,Independent,BIOCON LIMITED,280974772.0
SYNGENE,2022-09-30,Independent,BIOCON LIMITED,259185608.0
SYNGENE,2022-12-31,Independent,BIOCON LIMITED,259185608.0
SYNGENE,2023-03-31,Independent,BIOCON LIMITED,219185608.0
SYNGENE,2023-06-30,Independent,BIOCON LIMITED,219185608.0
SYNGENE,2023-09-30,Independent,BIOCON LIMITED,219185608.0
SYNGENE,2023-12-31,Independent,BIOCON LIMITED,219185608.0
SYNGENE,2024-03-31,Independent,BIOCON LIMITED,219185608.0
SYNGENE,2024-06-30,Independent,BIOCON LIMITED,219185608.0
SYNGENE,2024-09-30,Independent,BIOCON LIMITED,219185608.0
SYNGENE,2024-12-31,Independent,BIOCON LIMITED,211185608.0
SYNGENE,2025-03-31,Independent,BIOCON LIMITED,211185608.0
SYNGENE,2025-06-30,Independent,BIOCON LIMITED,211185608.0
SYNGENE,2025-09-30,Independent,BIOCON LIMITED,211185608.0
SYNGENE,2025-12-31,Independent,BIOCON LIMITED,211185608.0
TATACHEM,2014-03-31,Independent,,0.0
TATACHEM,2014-06-30,Independent,,0.0
TATACHEM,2014-09-30,Independent,,0.0
TATACHEM,2014-12-31,Independent,,0.0
TATACHEM,2015-03-31,Independent,,0.0
TATACHEM,2015-06-30,Independent,,0.0
TATACHEM,2015-09-30,Independent,,0.0
TATACHEM,2015-12-31,Tata,( i)  Tata Sons Limited,49306423.0
TATACHEM,2016-03-31,Tata,Tata Sons Limited,49306423.0
TATACHEM,2016-06-30,Tata,Tata Sons Limited,49306423.0
TATACHEM,2016-09-30,Tata,Tata Sons Limited,49306423.0
TATACHEM,2016-12-31,Tata,Tata Sons Limited,49306423.0
TATACHEM,2017-03-31,Tata,Tata Sons Limited,49306423.0
TATACHEM,2017-06-30,Tata,Tata Sons Limited,49306423.0
TATACHEM,2017-09-30,Tata,Tata Sons Ltd.,59786423.0
TATACHEM,2017-12-31,Tata,Tata Sons Limited,59786423.0
TATACHEM,2018-03-31,Tata,Tata Sons Limited,59786423.0
TATACHEM,2018-06-30,Tata,Tata Sons Limited,59786423.0
TATACHEM,2018-09-30,Tata,Tata Sons Limited,59786423.0
TATACHEM,2018-12-31,Tata,Tata Sons Private Limited,59786423.0
TATACHEM,2019-03-31,Tata,Tata Sons Private Limited,59786423.0
TATACHEM,2019-06-30,Tata,Tata Sons Private Limited,59786423.0
TATACHEM,2019-09-30,Tata,Tata Sons Private Limited,59786423.0
TATACHEM,2019-12-31,Tata,Tata Sons Private Limited,60932062.0
TATACHEM,2020-03-31,Tata,Tata Sons Private Limited,72625673.0
TATACHEM,2020-06-30,Tata,Tata Sons Private Limited,72625673.0
TATACHEM,2020-09-30,Tata,Tata Sons Private Limited,74866897.0
TATACHEM,2020-12-31,Tata,Tata Sons Private Limited,81260095.0
TATACHEM,2021-03-31,Tata,Tata Sons Private Limited,81260095.0
TATACHEM,2021-06-30,Tata,Tata Sons Private Limited,81260095.0
TATACHEM,2021-09-30,Tata,Tata Sons Private Limited,81260095.0
TATACHEM,2021-12-31,Tata,TATA SONS PRIVATE LIMITED,81260095.0
TATACHEM,2022-03-31,Tata,Tata Sons Private Limited,81260095.0
TATACHEM,2022-06-30,Tata,Tata Sons Private Limited,81260095.0
TATACHEM,2022-09-30,Tata,Tata Sons Private Limited,81260095.0
TATACHEM,2022-12-31,Tata,Tata Sons Private Limited,81260098.0
TATACHEM,2023-03-31,Tata,Tata Sons Private Limited,81260095.0
TATACHEM,2023-06-30,Tata,Tata Sons Private Limited,81260095.0
TATACHEM,2023-09-30,Tata,Tata Sons Private Limited,81260095.0
TATACHEM,2023-12-31,Tata,Tata Sons Private Limited,81260095.0
TATACHEM,2024-03-31,Tata,Tata Sons Private Limited,81260095.0
TATACHEM,2024-06-30,Tata,Tata Sons Private Limited,81260095.0
TATACHEM,2024-09-30,Tata,Tata Sons Private Limited,81260095.0
TATACHEM,2024-12-31,Tata,Tata Sons Private Limited,81260095.0
TATACHEM,2025-03-31,Tata,Tata Sons Private Limited,81260095.0
TATACHEM,2025-06-30,Tata,Tata Sons Private Limited,81260095.0
TATACHEM,2025-09-30,Tata,Tata Sons Private Limited,81260095.0
TATACHEM,2025-12-31,Tata,Tata Sons Private Limited,81260095.0
TATACOMM,2014-03-31,Independent,,0.0
TATACOMM,2014-06-30,Independent,,0.0
TATACOMM,2014-09-30,Independent,,0.0
TATACOMM,2014-12-31,Independent,,0.0
TATACOMM,2015-03-31,Independent,,0.0
TATACOMM,2015-06-30,Independent,,0.0
TATACOMM,2015-09-30,Independent,,0.0
TATACOMM,2015-12-31,GOI_PSU,Central Government/ State Government(s),74446885.0
TATACOMM,2016-03-31,GOI_PSU,Central Government/ State Government(s),74446885.0
TATACOMM,2016-06-30,GOI_PSU,Central Government/ State Government(s),74446885.0
TATACOMM,2016-09-30,GOI_PSU,Central Government/ State Government(s),74446885.0
TATACOMM,2016-12-31,GOI_PSU,Central Government/ State Government(s),74446885.0
TATACOMM,2017-03-31,GOI_PSU,Central Government/ State Government(s),74446885.0
TATACOMM,2017-06-30,GOI_PSU,Central Government/ State Government(s),74446885.0
TATACOMM,2017-09-30,GOI_PSU,Central Government/ State Government(s),74446885.0
TATACOMM,2017-12-31,GOI_PSU,Central Government/ State Government(s),74446885.0
TATACOMM,2018-03-31,GOI_PSU,Central Government/ State Government(s),74446885.0
TATACOMM,2018-06-30,GOI_PSU,Central Government/ State Government(s),74446885.0
TATACOMM,2018-09-30,GOI_PSU,Central Government/ State Government(s),74446885.0
TATACOMM,2018-12-31,GOI_PSU,Central Government/ State Government(s),74446885.0
TATACOMM,2019-03-31,GOI_PSU,Central Government/ State Government(s),74446885.0
TATACOMM,2019-06-30,GOI_PSU,Central Government/ State Government(s),74446885.0
TATACOMM,2019-09-30,GOI_PSU,Central Government/ State Government(s),74446885.0
TATACOMM,2019-12-31,GOI_PSU,Central Government/ State Government(s),74446885.0
TATACOMM,2020-03-31,GOI_PSU,Central Government/ State Government(s),74446885.0
TATACOMM,2020-06-30,GOI_PSU,Central Government/ State Government(s),74446885.0
TATACOMM,2020-09-30,GOI_PSU,Central Government/ State Government(s),74446885.0
TATACOMM,2020-12-31,GOI_PSU,Central Government/ State Government(s),74446885.0
TATACOMM,2021-03-31,Tata,TATA SONS PRIVATE LIMITED,40087639.0
TATACOMM,2021-06-30,Tata,TATA SONS PRIVATE LIMITED,40087639.0
TATACOMM,2021-09-30,Tata,TATA SONS PRIVATE LIMITED,40087639.0
TATACOMM,2021-12-31,Tata,Tata Sons Private Limited,40087639.0
TATACOMM,2022-03-31,Tata,Tata Sons Private Limited,40087639.0
TATACOMM,2022-06-30,Tata,TATA SONS PRIVATE LIMITED,40087639.0
TATACOMM,2022-09-30,Tata,TATA SONS PRIVATE LIMITED,40087639.0
TATACOMM,2022-12-31,Tata,TATA SONS PRIVATE LIMITED,40087639.0
TATACOMM,2023-03-31,Tata,TATA SONS PRIVATE LIMITED,40087639.0
TATACOMM,2023-06-30,Tata,TATA SONS PRIVATE LIMITED,40087639.0
TATACOMM,2023-09-30,Tata,TATA SONS PRIVATE LIMITED,40087639.0
TATACOMM,2023-12-31,Tata,TATA SONS PRIVATE LIMITED,40087639.0
TATACOMM,2024-03-31,Tata,Tata Sons Private Limited,40087639.0
TATACOMM,2024-06-30,Tata,Tata Sons Private Limited,40087639.0
TATACOMM,2024-09-30,Tata,Tata Sons Private Limited,40087639.0
TATACOMM,2024-12-31,Tata,Tata Sons Private Limited,40087639.0
TATACOMM,2025-03-31,Tata,Tata Sons Private Limited,40087639.0
TATACOMM,2025-06-30,Tata,Tata Sons Private Limited,40087639.0
TATACOMM,2025-09-30,Tata,Tata Sons Private Limited,40087639.0
TATACOMM,2025-12-31,Tata,Tata Sons Private Limited,40087639.0
TATACONSUM,2014-03-31,Independent,,0.0
TATACONSUM,2014-06-30,Independent,,0.0
TATACONSUM,2014-09-30,Independent,,0.0
TATACONSUM,2014-12-31,Independent,,0.0
TATACONSUM,2015-03-31,Independent,,0.0
TATACONSUM,2015-06-30,Independent,,0.0
TATACONSUM,2015-07-02,Independent,,0.0
TATACONSUM,2015-09-30,Independent,,0.0
TATACONSUM,2015-12-31,Tata,Tata Sons Limited,97070180.0
TATACONSUM,2016-03-31,Tata,Tata Sons Limited,142854570.0
TATACONSUM,2016-06-30,Tata,Tata Sons Limited,142854570.0
TATACONSUM,2016-09-30,Tata,Tata Sons Limited,142854570.0
TATACONSUM,2016-12-31,Tata,Tata Sons Limited,142854570.0
TATACONSUM,2017-03-31,Tata,Tata Sons Limited,142854570.0
TATACONSUM,2017-06-30,Tata,Tata Sons Limited,142854570.0
TATACONSUM,2017-09-30,Tata,Tata Sons Limited,186029710.0
TATACONSUM,2017-12-31,Tata,Tata Sons Limited,186029710.0
TATACONSUM,2018-03-31,Tata,Tata Sons Limited,186029710.0
TATACONSUM,2018-06-30,Tata,Tata Sons Limited,186029710.0
TATACONSUM,2018-09-30,Tata,Tata Sons Limited,186029710.0
TATACONSUM,2018-12-31,Tata,Tata Sons Private Limited,186029710.0
TATACONSUM,2019-03-31,Tata,Tata Sons Private Limited,186029710.0
TATACONSUM,2019-06-30,Tata,TATA SONS PRIVATE LIMITED,186029710.0
TATACONSUM,2019-09-30,Tata,TATA SONS PRIVATE LIMITED,186029710.0
TATACONSUM,2019-12-31,Tata,TATA SONS PRIVATE LIMITED,186029710.0
TATACONSUM,2020-03-11,Tata,Tata Sons Private Limited,268271637.0
TATACONSUM,2020-03-31,Tata,Tata Sons Private Limited,270557128.0
TATACONSUM,2020-09-30,Tata,Tata Sons Private Limited,270557128.0
TATACONSUM,2020-12-31,Tata,Tata Sons Private Limited,270557128.0
TATACONSUM,2021-03-31,Tata,Tata Sons Private Limited,270557128.0
TATACONSUM,2021-06-30,Tata,Tata Sons Private Limited,270557128.0
TATACONSUM,2021-09-30,Tata,Tata Sons Private Limited,270557128.0
TATACONSUM,2021-12-31,Tata,Tata Sons Private Limited,270557128.0
TATACONSUM,2022-03-31,Tata,Tata Sons Private Limited,270557128.0
TATACONSUM,2022-06-30,Tata,Tata Sons Private Limited,270557128.0
TATACONSUM,2022-09-30,Tata,Tata Sons Private Limited,270557128.0
TATACONSUM,2022-12-31,Tata,Tata Sons Private Limited,270557128.0
TATACONSUM,2023-03-31,Tata,Tata Sons Private Limited,270557128.0
TATACONSUM,2023-06-30,Tata,Tata Sons Private Limited,270557128.0
TATACONSUM,2023-09-30,Tata,Tata Sons Private Limited,270557128.0
TATACONSUM,2023-12-31,Tata,Tata Sons Private Limited,270557128.0
TATACONSUM,2024-01-19,Tata,Tata Sons Private Limited,270557128.0
TATACONSUM,2024-03-31,Tata,Tata Sons Private Limited,270557128.0
TATACONSUM,2024-06-30,Tata,Tata Sons Private Limited,270557128.0
TATACONSUM,2024-08-23,Tata,Tata Sons Private Ltd,283854264.0
TATACONSUM,2024-09-30,Tata,Tata Sons Private Limited,283854264.0
TATACONSUM,2024-12-31,Tata,Tata Sons Private Limited,283854264.0
TATACONSUM,2025-03-31,Tata,Tata Sons Private Limited,283854264.0
TATACONSUM,2025-06-30,Tata,Tata Sons Private Limited,283854264.0
TATACONSUM,2025-09-30,Tata,Tata Sons Private Limited,283854264.0
TATACONSUM,2025-12-31,Tata,Tata Sons Private Limited,283854264.0
TATAELXSI,2014-03-31,Independent,,0.0
TATAELXSI,2014-06-30,Independent,,0.0
TATAELXSI,2014-09-30,Independent,,0.0
TATAELXSI,2014-12-31,Independent,,0.0
TATAELXSI,2015-03-31,Independent,,0.0
TATAELXSI,2015-06-30,Independent,,0.0
TATAELXSI,2015-09-30,Independent,,0.0
TATAELXSI,2015-12-31,Tata,TATA SONS LIMITED,13147632.0
TATAELXSI,2016-03-31,Tata,Tata Sons Limited,13147632.0
TATAELXSI,2016-06-30,Tata,TATA SONS LIMITED,13147632.0
TATAELXSI,2016-09-30,Tata,TATA SONS LIMITED,13147632.0
TATAELXSI,2016-12-31,Tata,TATA SONS LIMITED,13147632.0
TATAELXSI,2017-03-31,Tata,TATA SONS LIMITED,13147632.0
TATAELXSI,2017-06-30,Tata,Tata Sons Limited,13147632.0
TATAELXSI,2017-09-20,Tata,TATA SONS LIMITED,26295264.0
TATAELXSI,2017-09-30,Tata,TATA SONS LIMITED,26295264.0
TATAELXSI,2017-12-31,Tata,TATA SONS LIMITED,26295264.0
TATAELXSI,2018-03-31,Tata,TATA SONS LIMITED,26295264.0
TATAELXSI,2018-06-30,Tata,TATA SONS LIMITED,26295264.0
TATAELXSI,2018-09-30,Tata,TATA SONS LIMITED,26295264.0
TATAELXSI,2018-12-31,Tata,TATA SONS PRIVATE LIMITED,26295264.0
TATAELXSI,2019-03-31,Tata,TATA SONS PRIVATE LIMITED,26295264.0
TATAELXSI,2019-06-30,Tata,TATA SONS PRIVATE LIMITED,26295264.0
TATAELXSI,2019-09-30,Tata,Tata Sons Private Limited,26295264.0
TATAELXSI,2019-12-31,Tata,Tata Sons  Private Limited,26295264.0
TATAELXSI,2020-03-31,Tata,Tata Sons  Private Limited,26295264.0
TATAELXSI,2020-06-30,Tata,Tata Sons Private  Limited,26295264.0
TATAELXSI,2020-09-30,Tata,Tata Sons Pvt Limited,26295264.0
TATAELXSI,2020-12-31,Tata,Tata Sons Pvt Limited,26295264.0
TATAELXSI,2021-03-31,Tata,Tata Sons Pvt Limited,26295264.0
TATAELXSI,2021-06-30,Tata,Tata Sons Private Limited,26295264.0
TATAELXSI,2021-09-30,Tata,Tata Sons Private Limited,26295264.0
TATAELXSI,2021-12-31,Tata,Tata Sons Private Limited,26295264.0
TATAELXSI,2022-03-31,Tata,Tata Sons Private Limited,26295264.0
TATAELXSI,2022-06-30,Tata,Tata Sons Private Limited,26295264.0
TATAELXSI,2022-09-30,Tata,Tata Sons Private Limited,26295264.0
TATAELXSI,2022-12-31,Tata,Tata Sons Private Limited,26295264.0
TATAELXSI,2023-03-31,Tata,Tata Sons Private Limited,26295264.0
TATAELXSI,2023-06-30,Tata,Tata Sons Private Limited,26295264.0
TATAELXSI,2023-09-30,Tata,Tata Sons Private Limited,26295264.0
TATAELXSI,2023-12-31,Tata,Tata Sons Private Limited,26295264.0
TATAELXSI,2024-03-31,Tata,Tata Sons Private Limited,26295264.0
TATAELXSI,2024-06-30,Tata,Tata Sons Private Limited,26295264.0
TATAELXSI,2024-09-30,Tata,Tata Sons Private Limited,26295264.0
TATAELXSI,2024-12-31,Tata,Tata Sons Private Limited,26295264.0
TATAELXSI,2025-03-31,Tata,Tata Sons Private Limited,26295264.0
TATAELXSI,2025-06-30,Tata,Tata Sons Private Limited,26295264.0
TATAELXSI,2025-09-30,Tata,Tata Sons Private Limited,26295264.0
TATAELXSI,2025-12-31,Tata,Tata Sons Private Limited,26295264.0
TATAMTRDVR,2014-03-31,Independent,,0.0
TATAMTRDVR,2014-06-30,Independent,,0.0
TATAMTRDVR,2014-09-30,Independent,,0.0
TATAMTRDVR,2014-12-31,Independent,,0.0
TATAMTRDVR,2015-03-31,Independent,,0.0
TATAMTRDVR,2015-05-13,Independent,,0.0
TATAMTRDVR,2015-06-30,Independent,,0.0
TATAMTRDVR,2015-09-30,Independent,,0.0
TATAMTRDVR,2016-03-31,Tata,(i)   Tata Sons Limited,2105773.0
TATAMTRDVR,2016-06-30,Tata,Tata Sons Limited,210577.0
TATAMTRDVR,2016-09-30,Independent,Ewart Investments Limited,44065.0
TATAMTRDVR,2016-12-31,Independent,Body Corporate,49167.0
TATAMTRDVR,2017-03-31,Independent,Body Corporate,49167.0
TATAMTRDVR,2017-06-30,Independent,Body Corporate,491667.0
TATAMTRDVR,2017-09-30,Independent,Body Corporate,491667.0
TATAMTRDVR,2017-12-31,Independent,Body Corporate,491667.0
TATAMTRDVR,2018-03-31,Independent,EWART INVESTMENTS LIMITED,440645.0
TATAMTRDVR,2018-06-30,Independent,Ewart Investments Limited,44064.0
TATAMTRDVR,2018-09-30,Independent,Ewart Investments Limited,44064.0
TATAMTRDVR,2018-12-31,Independent,Ewart Investments Limited,44064.0
TATAMTRDVR,2019-03-31,Independent,Ewart Investments Limited,44064.0
TATAMTRDVR,2019-06-30,Independent,Ewart Investments Limited,44064.0
TATAMTRDVR,2019-09-30,Independent,Ewart Investments Limited,44064.0
TATAMTRDVR,2019-12-31,Independent,Ewart Investments Limited,44064.0
TATAMTRDVR,2020-03-31,Tata,Tata Sons Private Limited,2672240.0
TATAMTRDVR,2020-06-30,Tata,Tata Sons Private Limited,2672240.0
TATAMTRDVR,2020-09-30,Tata,Tata Sons Private Limited,3630845.0
TATAMTRDVR,2020-12-31,Tata,Tata Sons Private Limited,3851128.0
TATAMTRDVR,2021-03-31,Tata,Tata Sons Private Limited,3851128.0
TATAMTRDVR,2021-06-30,Tata,Tata Sons Private Limited,3851128.0
TATAMTRDVR,2021-09-30,Tata,Tata Sons Private Limited,3851128.0
TATAMTRDVR,2021-12-31,Tata,Tata Sons Private Limited,3851128.0
TATAMTRDVR,2022-03-31,Tata,Tata Sons Private Limited,3851128.0
TATAMTRDVR,2022-06-30,Tata,Tata Sons Private Limited,3851128.0
TATAMTRDVR,2022-09-30,Tata,Tata Sons Private Limited,3851128.0
TATAMTRDVR,2022-12-31,Tata,Tata Sons Private Limited,3851128.0
TATAMTRDVR,2023-03-31,Tata,Tata Sons Private Limited,3851128.0
TATAMTRDVR,2023-06-30,Tata,Tata Sons Private Limited,3851128.0
TATAMTRDVR,2023-09-30,Tata,Tata Sons Private Limited,3851128.0
TATAMTRDVR,2023-12-31,Tata,Tata Sons Private Limited,3851128.0
TATAMTRDVR,2024-03-31,Tata,Tata Sons Private Limited,3851128.0
TATAMTRDVR,2024-06-30,Tata,Tata Sons Private Limited,3851128.0
TATAPOWER,2014-03-31,Independent,,0.0
TATAPOWER,2014-04-26,Independent,,0.0
TATAPOWER,2014-06-30,Independent,,0.0
TATAPOWER,2014-09-30,Independent,,0.0
TATAPOWER,2014-12-31,Independent,,0.0
TATAPOWER,2015-03-31,Independent,,0.0
TATAPOWER,2015-06-30,Independent,,0.0
TATAPOWER,2015-09-30,Independent,,0.0
TATAPOWER,2015-12-31,Tata,Tata Sons Limited,680750783.0
TATAPOWER,2016-03-31,Tata,Tata Sons Limited,839799682.0
TATAPOWER,2016-06-30,Tata,Tata Sons Limited,839799682.0
TATAPOWER,2016-09-30,Tata,Tata Sons Limited,839799682.0
TATAPOWER,2016-12-31,Tata,Tata Sons Limited,839799682.0
TATAPOWER,2017-03-31,Tata,Tata Sons Limited,839799682.0
TATAPOWER,2017-06-30,Tata,Tata Sons Limited,839799682.0
TATAPOWER,2017-09-30,Tata,Tata Sons Limited,839799682.0
TATAPOWER,2017-12-31,Tata,Tata Sons Limited,839799682.0
TATAPOWER,2018-06-30,Tata,Tata Sons Limited,839799682.0
TATAPOWER,2018-09-30,Tata,Tata Sons Limited,839799682.0
TATAPOWER,2018-12-31,Tata,Tata Sons Private Limited,839799682.0
TATAPOWER,2019-03-31,Tata,Tata Sons Private Limited,839799682.0
TATAPOWER,2019-06-30,Tata,Tata Sons Private Limited,839799682.0
TATAPOWER,2019-09-30,Tata,Tata Sons Private Limited,926668205.0
TATAPOWER,2019-12-31,Tata,Tata Sons Private Limited,926668205.0
TATAPOWER,2020-03-31,Tata,Tata Sons Private Limited,953946984.0
TATAPOWER,2020-06-30,Tata,Tata Sons Private Limited,953946984.0
TATAPOWER,2020-08-13,Tata,Tata Sons Private Limited,1444513021.0
TATAPOWER,2020-09-30,Tata,Tata Sons Private Limited,1444513021.0
TATAPOWER,2020-12-31,Tata,Tata Sons Private Limited,1444513021.0
TATAPOWER,2021-03-31,Tata,Tata Sons Private Limited,1444513021.0
TATAPOWER,2021-06-30,Tata,Tata Sons Private Limited,1444513021.0
TATAPOWER,2021-09-30,Tata,Tata Sons Private Limited,1444513021.0
TATAPOWER,2021-12-31,Tata,Tata Sons Private Limited,1444513021.0
TATAPOWER,2022-03-31,Tata,Tata Sons Private Limited,1444513021.0
TATAPOWER,2022-06-30,Tata,Tata Sons Private Limited,1444513021.0
TATAPOWER,2022-09-30,Tata,Tata Sons Private Limited,1444513021.0
TATAPOWER,2022-12-31,Tata,Tata Sons Private Limited,1444513021.0
TATAPOWER,2023-03-31,Tata,Tata Sons Private Limited,1444513021.0
TATAPOWER,2023-06-30,Tata,Tata Sons Private Limited,1444513021.0
TATAPOWER,2023-09-30,Tata,Tata Sons Private Limited,1444513021.0
TATAPOWER,2023-12-31,Tata,Tata Sons Private Limited,1444513021.0
TATAPOWER,2024-03-31,Tata,Tata Sons Private Limited,1444513021.0
TATAPOWER,2024-06-30,Tata,Tata Sons Private Limited,1444513021.0
TATAPOWER,2024-09-30,Tata,Tata Sons Private Limited,1444513021.0
TATAPOWER,2024-12-31,Tata,Tata Sons Private Limited,1444513021.0
TATAPOWER,2025-03-31,Tata,Tata Sons Private Limited,1444513021.0
TATAPOWER,2025-06-30,Tata,Tata Sons Private Limited,1444513021.0
TATAPOWER,2025-09-30,Tata,Tata Sons Private Limited,1444513021.0
TATAPOWER,2025-12-31,Tata,Tata Sons Private Limited,1444513021.0
TATASTEEL,2014-03-31,Independent,,0.0
TATASTEEL,2014-06-30,Independent,,0.0
TATASTEEL,2014-09-30,Independent,,0.0
TATASTEEL,2014-12-31,Independent,,0.0
TATASTEEL,2015-03-31,Independent,,0.0
TATASTEEL,2015-06-30,Independent,,0.0
TATASTEEL,2015-09-30,Independent,,0.0
TATASTEEL,2015-12-31,Tata,TATA SONS LIMITED,288898245.0
TATASTEEL,2016-03-31,Tata,TATA SONS LIMITED,288898245.0
TATASTEEL,2016-06-30,Tata,TATA SONS LIMITED,288898245.0
TATASTEEL,2016-09-30,Tata,TATA SONS LIMITED,288898245.0
TATASTEEL,2016-12-31,Tata,TATA SONS LIMITED,288898245.0
TATASTEEL,2017-03-31,Tata,TATA SONS LIMITED,288898245.0
TATASTEEL,2017-06-30,Tata,TATA SONS LIMITED,288898245.0
TATASTEEL,2017-09-30,Tata,TATA SONS LIMITED,288898245.0
TATASTEEL,2017-12-31,Tata,TATA SONS LIMITED,288897680.0
TATASTEEL,2018-03-31,Tata,TATA SONS LIMITED,352615355.0
TATASTEEL,2018-06-30,Tata,TATA SONS LIMITED,352615355.0
TATASTEEL,2018-09-30,Tata,TATA SONS LIMITED,352615355.0
TATASTEEL,2018-12-31,Tata,TATA SONS PRIVATE LIMITED,352615355.0
TATASTEEL,2019-03-31,Tata,TATA SONS PRIVATE LIMITED,352615355.0
TATASTEEL,2019-06-30,Tata,TATA SONS PRIVATE LIMITED,352615355.0
TATASTEEL,2019-09-30,Tata,TATA SONS PRIVATE LIMITED,352615355.0
TATASTEEL,2019-12-31,Tata,Tata Sons Limited,352615355.0
TATASTEEL,2020-03-31,Tata,TATA SONS PRIVATE LIMITED,368150412.0
TATASTEEL,2020-06-30,Tata,Tata Sons Private Limited,368150412.0
TATASTEEL,2020-12-31,Tata,TATA SONS PRIVATE LIMITED,368150412.0
TATASTEEL,2021-03-24,Tata,TATA SONS PRIVATE LIMITED,396508142.0
TATASTEEL,2021-04-23,Tata,TATA SONS PRIVATE LIMITED,396508142.0
TATASTEEL,2021-05-15,Tata,TATA SONS PRIVATE LIMITED,396508142.0
TATASTEEL,2021-08-01,Tata,TATA SONS PRIVATE LIMITED,396508142.0
TATASTEEL,2021-09-30,Tata,TATA SONS PRIVATE LIMITED,396508142.0
TATASTEEL,2021-10-30,Tata,TATA SONS PRIVATE LIMITED,396508142.0
TATASTEEL,2021-12-27,Tata,TATA SONS PRIVATE LIMITED,396508142.0
TATASTEEL,2021-12-31,Tata,TATA SONS PRIVATE LIMITED,396508142.0
TATASTEEL,2022-03-14,Tata,TATA SONS PRIVATE LIMITED,396508142.0
TATASTEEL,2022-03-31,Tata,TATA SONS PRIVATE LIMITED,396508142.0
TATASTEEL,2022-06-30,Tata,TATA SONS PRIVATE LIMITED,396508142.0
TATASTEEL,2022-08-01,Tata,TATA SONS PRIVATE LIMITED,3965081420.0
TATASTEEL,2022-09-30,Tata,TATA SONS PRIVATE LIMITED,3965081420.0
TATASTEEL,2023-03-18,Tata,TATA SONS PRIVATE LIMITED,3965081420.0
TATASTEEL,2023-03-31,Tata,TATA SONS PRIVATE LIMITED,3965081420.0
TATASTEEL,2023-06-30,Tata,TATA SONS PRIVATE LIMITED,3965081420.0
TATASTEEL,2023-09-30,Tata,TATA SONS PRIVATE LIMITED,3965081420.0
TATASTEEL,2023-11-22,Tata,TATA SONS PRIVATE LIMITED,3965081420.0
TATASTEEL,2024-01-21,Tata,TATA SONS PRIVATE LIMITED,3965081420.0
TATASTEEL,2024-02-08,Tata,TATA SONS PRIVATE LIMITED,3965081420.0
TATASTEEL,2024-03-31,Tata,TATA SONS PRIVATE LIMITED,3965081420.0
TATASTEEL,2024-06-30,Tata,TATA SONS PRIVATE LIMITED,3965081420.0
TATASTEEL,2024-09-30,Tata,TATA SONS PRIVATE LIMITED,3965081420.0
TATASTEEL,2025-03-31,Tata,TATA SONS PRIVATE LIMITED,3965081420.0
TATASTEEL,2025-09-30,Tata,Tata Sons Private Limited,3965081420.0
TATASTEEL,2025-12-31,Tata,Tata Sons Private Limited,3965081420.0
TATATECH,2023-11-29,Tata,Tata Motors Limited,216569816.0
TATATECH,2023-12-31,Tata,Tata Motors Limited,216569816.0
TATATECH,2024-03-31,Tata,Tata Motors Limited,216569816.0
TATATECH,2024-06-30,Tata,Tata Motors Limited,216569816.0
TATATECH,2024-09-30,Tata,Tata Motors Limited,216569816.0
TATATECH,2024-12-31,Tata,Tata Motors Limited,216569816.0
TATATECH,2025-03-31,Tata,Tata Motors Limited,216569816.0
TATATECH,2025-06-30,Tata,Tata Motors Limited,216569816.0
TATATECH,2025-09-30,Tata,"Tata Motors Limited (renamed as Tata Motors Passenger Vehicles Ltd (TMPVL) w.e.f. October 13, 2025)",216569816.0
TATATECH,2025-12-31,Tata,"Tata Motors Limited (renamed as Tata Motors Passenger Vehicles Ltd (TMPVL) w.e.f. October 13, 2025)",216569816.0
TCS,2014-03-31,Independent,,0.0
TCS,2014-06-30,Independent,,0.0
TCS,2014-09-30,Independent,,0.0
TCS,2014-12-31,Independent,,0.0
TCS,2015-03-31,Independent,,0.0
TCS,2015-06-30,Independent,,0.0
TCS,2015-09-30,Independent,,0.0
TCS,2015-12-31,Tata,TATA SONS LIMITED,1443451698.0
TCS,2016-03-31,Tata,TATA SONS LIMITED,1443451698.0
TCS,2016-06-30,Tata,TATA SONS LIMITED,1443451698.0
TCS,2016-09-30,Tata,TATA SONS LIMITED,1443451698.0
TCS,2016-12-31,Tata,TATA SONS LIMITED,1443451698.0
TCS,2017-03-31,Tata,TATA SONS LIMITED,1443451698.0
TCS,2017-06-30,Tata,TATA SONS LIMITED,1407387911.0
TCS,2017-09-30,Tata,TATA SONS LIMITED,1407387911.0
TCS,2017-12-31,Tata,TATA SONS LIMITED,1407387911.0
TCS,2018-03-31,Tata,TATA SONS LIMITED,1376118911.0
TCS,2018-06-03,Tata,Tata Sons Limited,2752237822.0
TCS,2018-06-30,Tata,TATA SONS LIMITED,2752237822.0
TCS,2018-09-30,Tata,TATA SONS LIMITED,2702450947.0
TCS,2018-12-31,Tata,TATA SONS PRIVATE LIMITED,2702450947.0
TCS,2019-03-31,Tata,TATA SONS PRIVATE LIMITED,2702450947.0
TCS,2019-06-30,Tata,TATA SONS PRIVATE LIMITED,2702450947.0
TCS,2019-09-30,Tata,TATA SONS PRIVATE LIMITED,2702450947.0
TCS,2019-12-31,Tata,TATA SONS PRIVATE LIMITED,2702450947.0
TCS,2020-03-31,Tata,TATA SONS PRIVATE LIMITED,2702450947.0
TCS,2020-06-30,Tata,TATA SONS PRIVATE LIMITED,2702450947.0
TCS,2020-09-30,Tata,TATA SONS PRIVATE LIMITED,2702450947.0
TCS,2020-12-31,Tata,TATA SONS PRIVATE LIMITED,2702450947.0
TCS,2021-03-31,Tata,TATA SONS PRIVATE LIMITED,2669125829.0
TCS,2021-06-30,Tata,TATA SONS PRIVATE LIMITED,2669125829.0
TCS,2021-09-30,Tata,TATA SONS PRIVATE LIMITED,2669125829.0
TCS,2021-12-31,Tata,TATA SONS PRIVATE LIMITED,2669125829.0
TCS,2022-03-31,Tata,TATA SONS PRIVATE LIMITED,2644317117.0
TCS,2022-06-30,Tata,TATA SONS PRIVATE LIMITED,2644317117.0
TCS,2022-09-30,Tata,TATA SONS PRIVATE LIMITED,2644317117.0
TCS,2022-12-31,Tata,TATA SONS PRIVATE LIMITED,2644317117.0
TCS,2023-03-31,Tata,TATA SONS PRIVATE LIMITED,2644317117.0
TCS,2023-06-30,Tata,TATA SONS PRIVATE LIMITED,2644317117.0
TCS,2023-09-30,Tata,TATA SONS PRIVATE LIMITED,2644317117.0
TCS,2023-12-31,Tata,TATA SONS PRIVATE LIMITED,2618899419.0
TCS,2024-03-31,Tata,TATA SONS PRIVATE LIMITED,2595499419.0
TCS,2024-06-30,Tata,TATA SONS PRIVATE LIMITED,2595499419.0
TCS,2024-09-30,Tata,TATA SONS PRIVATE LIMITED,2595499419.0
TCS,2024-12-31,Tata,TATA SONS PRIVATE LIMITED,2595499419.0
TCS,2025-03-31,Tata,TATA SONS PRIVATE LIMITED,2595499419.0
TCS,2025-06-30,Tata,TATA SONS PRIVATE LIMITED,2595499419.0
TCS,2025-09-30,Tata,Tata Sons Private Limited,2595499419.0
TCS,2025-12-31,Tata,Tata Sons Private Limited,2595499419.0
TECHM,2014-03-31,Independent,,0.0
TECHM,2014-06-30,Independent,,0.0
TECHM,2014-09-30,Independent,,0.0
TECHM,2014-12-31,Independent,,0.0
TECHM,2015-03-31,Independent,,0.0
TECHM,2015-06-30,Independent,,0.0
TECHM,2015-09-30,Independent,,0.0
TECHM,2015-12-31,Mahindra,MAHINDRA & MAHINDRA LIMITED,256248704.0
TECHM,2016-03-31,Mahindra,Mahindra & Mahindra Limited,256248704.0
TECHM,2016-06-30,Mahindra,Mahindra & Mahindra Limited,256248704.0
TECHM,2016-09-30,Mahindra,Mahindra & Mahindra Limited,256248704.0
TECHM,2016-12-31,Mahindra,Mahindra & Mahindra Limited,256248704.0
TECHM,2017-03-31,Mahindra,Mahindra & Mahindra Limited,256248704.0
TECHM,2017-06-30,Mahindra,Mahindra & Mahindra Limited,256248704.0
TECHM,2017-09-30,Mahindra,Mahindra & Mahindra Limited,256248704.0
TECHM,2017-12-31,Mahindra,Mahindra & Mahindra Limited,256248704.0
TECHM,2018-03-31,Mahindra,Mahindra and Mahindra Limited,256248704.0
TECHM,2018-06-30,Mahindra,Mahindra and Mahindra Limited,256248704.0
TECHM,2018-09-30,Mahindra,Mahindra & Mahindra Limited,256248704.0
TECHM,2018-12-31,Mahindra,Mahindra & Mahindra Limited,256248704.0
TECHM,2019-03-31,Mahindra,Mahindra & Mahindra Limited,256248704.0
TECHM,2019-06-30,Mahindra,Mahindra & Mahindra Limited,251548691.0
TECHM,2019-09-30,Mahindra,Mahindra & Mahindra Limited,251548691.0
TECHM,2019-12-31,Mahindra,Mahindra & Mahindra Limited,251548691.0
TECHM,2020-03-31,Mahindra,Mahindra & Mahindra Limited,251548691.0
TECHM,2020-06-30,Mahindra,Mahindra & Mahindra Limited,251548691.0
TECHM,2020-09-30,Mahindra,Mahindra & Mahindra Limited,251548691.0
TECHM,2020-12-31,Mahindra,Mahindra & Mahindra Limited,251548691.0
TECHM,2021-03-31,Mahindra,Mahindra & Mahindra Limited,251548691.0
TECHM,2021-06-30,Mahindra,Mahindra & Mahindra Limited,251548691.0
TECHM,2021-09-30,Mahindra,Mahindra & Mahindra Limited,251548691.0
TECHM,2021-12-31,Mahindra,Mahindra & Mahindra Limited,251548691.0
TECHM,2022-03-31,Mahindra,Mahindra & Mahindra Limited,248022598.0
TECHM,2022-06-30,Mahindra,Mahindra & Mahindra Limited,248022598.0
TECHM,2022-09-30,Mahindra,Mahindra & Mahindra Limited,248022598.0
TECHM,2022-12-31,Mahindra,Mahindra & Mahindra Limited,248022598.0
TECHM,2023-03-31,Mahindra,Mahindra & Mahindra Limited,248022598.0
TECHM,2023-06-30,Mahindra,Mahindra & Mahindra Limited,248022598.0
TECHM,2023-09-30,Mahindra,Mahindra & Mahindra Limited,248022598.0
TECHM,2023-12-31,Mahindra,Mahindra & Mahindra Limited,248022598.0
TECHM,2024-03-31,Mahindra,Mahindra & Mahindra Limited,248022598.0
TECHM,2024-06-30,Mahindra,Mahindra & Mahindra Limited,248022598.0
TECHM,2024-09-30,Mahindra,Mahindra & Mahindra Limited,248022598.0
TECHM,2024-12-31,Mahindra,Mahindra & Mahindra Limited,248022598.0
TECHM,2025-03-31,Mahindra,Mahindra & Mahindra Limited,248022598.0
TECHM,2025-06-30,Mahindra,Mahindra & Mahindra Limited,248022598.0
TECHM,2025-09-30,Mahindra,Mahindra & Mahindra Limited,248022598.0
TECHM,2025-12-31,Mahindra,Mahindra & Mahindra Limited,248022598.0
THERMAX,2014-03-31,Independent,,0.0
THERMAX,2014-06-30,Independent,,0.0
THERMAX,2014-09-30,Independent,,0.0
THERMAX,2014-12-31,Independent,,0.0
THERMAX,2015-03-31,Independent,,0.0
THERMAX,2015-06-30,Independent,,0.0
THERMAX,2015-09-30,Independent,,0.0
THERMAX,2015-12-31,Independent,RDA HOLDINGS PRIVATE LTD (Bodies Corporate),64328500.0
THERMAX,2016-03-31,Independent,RDA HOLDINGS PRIVATE LIMITED,64328500.0
THERMAX,2016-06-30,Independent,RDA HOLDINGS PRIVATE LIMITED,64328500.0
THERMAX,2016-09-30,Independent,RDA HOLDINGS PRIVATE LIMITED,64328500.0
THERMAX,2016-12-31,Independent,Body Corporate,73849305.0
THERMAX,2017-03-31,Independent,Body Corporate,73849305.0
THERMAX,2017-06-30,Independent,Body Corporate,73849305.0
THERMAX,2017-09-30,Independent,Body Corporate,73849305.0
THERMAX,2017-12-31,Independent,Body Corporate,73849305.0
THERMAX,2018-03-31,Independent,RDA HOLDINGS PRIVATE LIMITED,64328500.0
THERMAX,2018-06-30,Independent,RDA HOLDINGS PRIVATE LIMITED,64328500.0
THERMAX,2018-09-30,Independent,RDA HOLDINGS PRIVATE LIMITED,64328500.0
THERMAX,2018-12-31,Independent,RDA HOLDINGS PRIVATE LIMITED,64328500.0
THERMAX,2019-03-31,Independent,RDA HOLDINGS PRIVATE LIMITED,64328500.0
THERMAX,2019-06-30,Independent,RDA HOLDINGS PRIVATE LIMITED,64328500.0
THERMAX,2019-09-30,Independent,RDA HOLDINGS PRIVATE LIMITED,64328500.0
THERMAX,2019-12-31,Independent,RDA HOLDINGS PRIVATE LTD,64328500.0
THERMAX,2020-03-31,Independent,RDA HOLDINGS PRIVATE LTD,64328500.0
THERMAX,2020-06-30,Independent,RDA HOLDINGS PRIVATE LTD,64328500.0
THERMAX,2020-09-30,Independent,RDA HOLDINGS PRIVATE LTD,64328500.0
THERMAX,2020-12-31,Independent,RDA HOLDINGS PRIVATE LTD,64328500.0
THERMAX,2021-03-31,Independent,RDA HOLDINGS PRIVATE LTD,64328500.0
THERMAX,2021-06-30,Independent,RDA HOLDINGS PRIVATE LTD,64328500.0
THERMAX,2021-09-30,Independent,RDA HOLDINGS PRIVATE LTD,64328500.0
THERMAX,2021-12-31,Independent,RDA HOLDINGS PRIVATE LTD,64328500.0
THERMAX,2022-03-31,Independent,RDA HOLDINGS PRIVATE LTD,64328500.0
THERMAX,2022-06-30,Independent,RDA HOLDINGS PRIVATE LTD,64328500.0
THERMAX,2022-09-30,Independent,RDA HOLDINGS PRIVATE LTD,64328500.0
THERMAX,2022-12-31,Independent,RDA HOLDINGS PRIVATE LTD,64328500.0
THERMAX,2023-03-31,Independent,RDA HOLDINGS PRIVATE LTD,64328500.0
THERMAX,2023-06-30,Independent,RDA HOLDINGS PRIVATE LTD,64328500.0
THERMAX,2023-09-30,Independent,RDA HOLDINGS PRIVATE LTD,64328500.0
THERMAX,2023-12-31,Independent,RDA HOLDINGS PRIVATE LTD,64328500.0
THERMAX,2024-03-31,Independent,RDA HOLDINGS PRIVATE LTD,64328500.0
THERMAX,2024-06-30,Independent,RDA HOLDINGS PRIVATE LTD,64328500.0
THERMAX,2024-09-30,Independent,RDA HOLDINGS PRIVATE LTD,64328500.0
THERMAX,2024-12-31,Independent,RDA HOLDINGS PRIVATE LTD,64328500.0
THERMAX,2025-03-31,Independent,RDA HOLDINGS PRIVATE LTD,64328500.0
THERMAX,2025-06-30,Independent,RDA HOLDINGS PRIVATE LTD,64328500.0
THERMAX,2025-09-30,Independent,RDA HOLDINGS PRIVATE LTD,64328500.0
THERMAX,2025-12-31,Independent,RDA HOLDINGS PRIVATE LTD,64328500.0
TIINDIA,2017-11-01,Independent,Body Corporate,73623775.0
TIINDIA,2017-12-31,Independent,Other,73623775.0
TIINDIA,2018-03-31,Independent,AMBADI INVESTMENTS LTD.,70066595.0
TIINDIA,2018-06-30,Independent,AMBADI INVESTMENTS LTD.,68266595.0
TIINDIA,2018-09-30,Independent,Other,72806550.0
TIINDIA,2018-12-31,Independent,AMBADI  INVESTMENTS LTD,68266595.0
TIINDIA,2019-03-31,Independent,AMBADIINVESTMENTSLTD,68266595.0
TIINDIA,2019-06-30,Independent,AMBADI  INVESTMENTS LTD,68266595.0
TIINDIA,2019-09-30,Independent,AMBADI INVESTMENTS LIMITED,68966595.0
TIINDIA,2019-12-31,Independent,AMBADI INVESTMENTS LIMITED,68966595.0
TIINDIA,2020-03-31,Independent,AMBADI INVESTMENTS LIMITED,68966595.0
TIINDIA,2020-06-30,Independent,AMBADI INVESTMENTS LIMITED,68966595.0
TIINDIA,2020-09-30,Independent,AMBADI INVESTMENTS LIMITED,68966595.0
TIINDIA,2020-12-23,Independent,AMBADI INVESTMENTS LIMITED,68966595.0
TIINDIA,2020-12-31,Independent,AMBADI INVESTMENTS LIMITED,68966595.0
TIINDIA,2021-03-31,Independent,AMBADI INVESTMENTS LIMITED,68966595.0
TIINDIA,2021-06-30,Independent,AMBADI INVESTMENTS LIMITED,68966595.0
TIINDIA,2021-09-30,Independent,AMBADI INVESTMENTS LIMITED,68966595.0
TIINDIA,2021-12-31,Independent,AMBADI INVESTMENTS LIMITED,68966595.0
TIINDIA,2022-03-31,Independent,AMBADI INVESTMENTS LIMITED,68966595.0
TIINDIA,2022-06-30,Independent,AMBADI INVESTMENTS LIMITED,68966595.0
TIINDIA,2022-09-30,Independent,AMBADI INVESTMENTS LIMITED,68966595.0
TIINDIA,2022-12-31,Independent,AMBADI INVESTMENTS LIMITED,68966595.0
TIINDIA,2023-03-31,Independent,AMBADI INVESTMENTS LIMITED,68966595.0
TIINDIA,2023-06-30,Independent,AMBADI INVESTMENTS LIMITED,68966595.0
TIINDIA,2023-09-30,Independent,AMBADI INVESTMENTS LIMITED,68966595.0
TIINDIA,2023-12-31,Independent,AMBADI INVESTMENTS LIMITED,68966595.0
TIINDIA,2024-03-31,Independent,AMBADI INVESTMENTS LIMITED,68966595.0
TIINDIA,2024-06-30,Independent,AMBADI INVESTMENTS LIMITED,68966595.0
TIINDIA,2024-09-30,Independent,AMBADI INVESTMENTS LIMITED,68966595.0
TIINDIA,2024-12-31,Independent,AMBADI INVESTMENTS LIMITED,68966595.0
TIINDIA,2025-03-31,Independent,AMBADI INVESTMENTS LIMITED,68966595.0
TIINDIA,2025-06-30,Independent,AMBADI INVESTMENTS LIMITED,68966595.0
TIINDIA,2025-09-30,Independent,AMBADI INVESTMENTS LIMITED,68966595.0
TIINDIA,2025-12-31,Independent,AMBADI INVESTMENTS LIMITED,68966595.0
TITAN,2014-03-31,Independent,,0.0
TITAN,2014-06-30,Independent,,0.0
TITAN,2014-09-30,Independent,,0.0
TITAN,2014-12-31,Independent,,0.0
TITAN,2015-03-31,Independent,,0.0
TITAN,2015-06-30,Independent,,0.0
TITAN,2015-09-30,Independent,,0.0
TITAN,2015-12-31,Tata,TATA SONS LTD,175810840.0
TITAN,2016-03-31,Tata,Tata Sons Limited,185058900.0
TITAN,2016-06-30,Tata,Tata Sons Limited,185058900.0
TITAN,2016-09-30,Tata,Tata Sons Limited,185058900.0
TITAN,2016-12-31,Tata,Tata Sons Limited,185058900.0
TITAN,2017-03-31,Tata,Tata Sons Limited,185058900.0
TITAN,2017-06-30,Tata,Tata Sons Limited,185058900.0
TITAN,2017-09-30,Tata,Tata Sons Limited,185058900.0
TITAN,2017-12-31,Tata,Tata Sons Limited,185058900.0
TITAN,2018-03-31,Tata,TATA SONS LIMITED,185058900.0
TITAN,2018-06-30,GOI_PSU,Central Government/ State Government(s),247476720.0
TITAN,2018-09-30,GOI_PSU,Central Government/ State Government(s),247476720.0
TITAN,2018-12-31,GOI_PSU,Central Government/ State Government(s),247476720.0
TITAN,2019-03-31,GOI_PSU,Central Government/ State Government(s),247476720.0
TITAN,2019-06-30,GOI_PSU,Central Government/ State Government(s),247476720.0
TITAN,2019-09-30,GOI_PSU,Central Government/ State Government(s),247476720.0
TITAN,2019-12-31,GOI_PSU,Central Government/ State Government(s),247476720.0
TITAN,2020-03-31,GOI_PSU,Central Government/ State Government(s),247476720.0
TITAN,2020-06-30,GOI_PSU,Central Government/ State Government(s),247476720.0
TITAN,2020-09-30,GOI_PSU,Central Government/ State Government(s),247476720.0
TITAN,2020-12-31,GOI_PSU,Central Government/ State Government(s),247476720.0
TITAN,2021-03-31,GOI_PSU,Central Government/ State Government(s),247476720.0
TITAN,2021-06-30,GOI_PSU,Central Government/ State Government(s),247476720.0
TITAN,2021-09-30,GOI_PSU,Central Government/ State Government(s),247476720.0
TITAN,2021-12-31,GOI_PSU,Central Government/ State Government(s),247476720.0
TITAN,2022-03-31,GOI_PSU,Central Government/ State Government(s),247476720.0
TITAN,2022-06-30,GOI_PSU,Central Government/ State Government(s),247476720.0
TITAN,2022-09-30,GOI_PSU,Central Government/ State Government(s),247476720.0
TITAN,2022-12-31,GOI_PSU,Central Government/ State Government(s),247476720.0
TITAN,2023-03-31,GOI_PSU,Central Government/ State Government(s),247476720.0
TITAN,2023-06-30,GOI_PSU,Central Government/ State Government(s),247476720.0
TITAN,2023-09-30,GOI_PSU,Central Government/ State Government(s),247476720.0
TITAN,2023-12-31,GOI_PSU,Central Government/ State Government(s),247476720.0
TITAN,2024-03-31,GOI_PSU,Central Government/ State Government(s),247476720.0
TITAN,2024-06-30,GOI_PSU,Central Government/ State Government(s),247476720.0
TITAN,2024-09-30,GOI_PSU,Central Government/ State Government(s),247476720.0
TITAN,2024-12-31,GOI_PSU,Central Government/ State Government(s),247476720.0
TITAN,2025-03-31,GOI_PSU,Central Government/ State Government(s),247476720.0
TITAN,2025-06-30,GOI_PSU,Central Government/ State Government(s),247476720.0
TITAN,2025-09-30,GOI_PSU,Central Government/ State Government(s),247476720.0
TITAN,2025-12-31,GOI_PSU,Central Government/ State Government(s),247476720.0
TORNTPHARM,2014-03-31,Independent,,0.0
TORNTPHARM,2014-06-30,Independent,,0.0
TORNTPHARM,2014-09-30,Independent,,0.0
TORNTPHARM,2014-12-31,Independent,,0.0
TORNTPHARM,2015-03-31,Independent,,0.0
TORNTPHARM,2015-06-30,Independent,,0.0
TORNTPHARM,2015-09-30,Independent,,0.0
TORNTPHARM,2015-12-31,Independent,TORRENT PRIVATE LIMITED,86115472.0
TORNTPHARM,2016-03-31,Independent,TORRENT PRIVATE LIMITED,86115472.0
TORNTPHARM,2016-06-30,Independent,TORRENT PRIVATE LIMITED,86115472.0
TORNTPHARM,2016-09-30,Independent,TORRENT PRIVATE LIMITED,86115472.0
TORNTPHARM,2016-12-31,Independent,Body Corporate,86115472.0
TORNTPHARM,2017-03-31,Independent,Body Corporate,120563720.0
TORNTPHARM,2017-06-30,Independent,Body Corporate,120563720.0
TORNTPHARM,2017-09-30,Independent,Body Corporate,120563720.0
TORNTPHARM,2017-12-31,Independent,Body Corporate,120563720.0
TORNTPHARM,2018-03-31,Independent,TORRENT PRIVATE LIMITED,120563720.0
TORNTPHARM,2018-06-30,Independent,TORRENT PRIVATE LIMITED,120563720.0
TORNTPHARM,2018-09-30,Independent,TORRENT PRIVATE LIMITED,120563720.0
TORNTPHARM,2018-12-31,Independent,Torrent Private Limited,120563720.0
TORNTPHARM,2019-03-31,Independent,TORRENT PRIVATE LIMITED,120563720.0
TORNTPHARM,2019-06-30,Independent,TORRENT PRIVATE LIMITED,120563720.0
TORNTPHARM,2019-09-30,Independent,TORRENT PRIVATE LIMITED,120563720.0
TORNTPHARM,2019-12-31,Independent,TORRENT PRIVATE LIMITED,120563720.0
TORNTPHARM,2020-03-31,Independent,TORRENT PRIVATE LIMITED,120563720.0
TORNTPHARM,2020-04-24,Independent,TORRENT PRIVATE LIMITED,120563720.0
TORNTPHARM,2020-06-30,Independent,Torrent Private Limited,120563720.0
TORNTPHARM,2020-09-30,Independent,Torrent Investments Private Limited,120563720.0
TORNTPHARM,2020-12-31,Independent,Torrent Investments Private Limited,120563720.0
TORNTPHARM,2021-03-31,Independent,Torrent Investments Private Limited,120563720.0
TORNTPHARM,2021-06-30,Independent,Torrent Investments Private Limited,120563720.0
TORNTPHARM,2021-09-30,Independent,Torrent Investments Private Limited,120563720.0
TORNTPHARM,2021-12-31,Independent,Torrent Investments Private Limited,120563720.0
TORNTPHARM,2022-03-31,Independent,Torrent Investments Private Limited,120563720.0
TORNTPHARM,2022-06-30,Independent,Torrent Investments Private Limited,120563720.0
TORNTPHARM,2022-07-13,Independent,Torrent Investments Private Limited,241127440.0
TORNTPHARM,2022-09-30,Independent,Torrent Investments Private Limited,241127440.0
TORNTPHARM,2022-12-31,Independent,Torrent Investments Private Limited,241127440.0
TORNTPHARM,2023-03-31,Independent,Torrent Investments Private Limited,241127440.0
TORNTPHARM,2023-06-30,Independent,Torrent Investments Private Limited,241127440.0
TORNTPHARM,2023-09-30,Independent,TORRENT INVESTMENTS PRIVATE LIMITED,241127440.0
TORNTPHARM,2023-12-31,Independent,TORRENT INVESTMENTS PRIVATE LIMITED,241127440.0
TORNTPHARM,2024-03-31,Independent,TORRENT INVESTMENTS PRIVATE LIMITED,241127440.0
TORNTPHARM,2024-06-30,Independent,TORRENT INVESTMENTS PRIVATE LIMITED,241127440.0
TORNTPHARM,2024-09-30,Independent,TORRENT INVESTMENTS PRIVATE LIMITED,241127440.0
TORNTPHARM,2024-12-31,Independent,TORRENT INVESTMENTS PRIVATE LIMITED,231183400.0
TORNTPHARM,2025-03-31,Independent,TORRENT INVESTMENTS LIMITED (FORMERLY KNOWN AS TORRENT INVESTMENTS PRIVATE LIMITED),231183400.0
TORNTPHARM,2025-06-30,Independent,TORRENT INVESTMENTS LIMITED (FORMERLY KNOWN AS TORRENT INVESTMENTS PRIVATE LIMITED),231183400.0
TORNTPHARM,2025-09-30,Independent,TORRENT INVESTMENTS LIMITED (FORMERLY KNOWN AS TORRENT INVESTMENTS PRIVATE LIMITED),231183400.0
TORNTPHARM,2025-12-31,Independent,TORRENT INVESTMENTS LIMITED (FORMERLY KNOWN AS TORRENT INVESTMENTS PRIVATE LIMITED),231183400.0
TORNTPOWER,2014-03-31,Independent,,0.0
TORNTPOWER,2014-06-30,Independent,,0.0
TORNTPOWER,2014-09-30,Independent,,0.0
TORNTPOWER,2014-12-31,Independent,,0.0
TORNTPOWER,2015-03-31,Independent,,0.0
TORNTPOWER,2015-06-30,Independent,,0.0
TORNTPOWER,2015-09-30,Independent,,0.0
TORNTPOWER,2015-12-31,Independent,TORRENT PRIVATE LIMITED,257422311.0
TORNTPOWER,2016-03-31,Independent,Body Corporate,257422311.0
TORNTPOWER,2016-06-30,Independent,Body Corporate,257422311.0
TORNTPOWER,2016-09-30,Independent,Body Corporate,257422311.0
TORNTPOWER,2016-12-31,Independent,Body Corporate,257422311.0
TORNTPOWER,2017-03-31,Independent,Body Corporate,257422311.0
TORNTPOWER,2017-06-30,Independent,Body Corporate,257422311.0
TORNTPOWER,2017-09-30,Independent,Body Corporate,257422311.0
TORNTPOWER,2017-12-31,Independent,Body Corporate,257422311.0
TORNTPOWER,2018-03-31,Independent,Torrent Private Limited,257422311.0
TORNTPOWER,2018-06-30,Independent,Torrent Private Limited,257422311.0
TORNTPOWER,2018-09-30,Independent,Torrent Private Limited,257422311.0
TORNTPOWER,2018-12-31,Independent,TORRENT PRIVATE LIMITED,257422311.0
TORNTPOWER,2019-03-31,Independent,Torrent Private Limited,257422311.0
TORNTPOWER,2019-06-30,Independent,Torrent Private Limited,257422311.0
TORNTPOWER,2019-09-30,Independent,Torrent Private Limited,257422311.0
TORNTPOWER,2019-12-31,Independent,Torrent Private Limited,257422311.0
TORNTPOWER,2020-03-31,Independent,Torrent Private Limited,257422311.0
TORNTPOWER,2020-06-30,Independent,Torrent Investments Private Limited (Formerly known as Torrent Private Limited),257422311.0
TORNTPOWER,2020-09-30,Independent,Torrent Investments Private Limited (Formerly known as Torrent Private Limited),257422311.0
TORNTPOWER,2020-12-31,Independent,Torrent Investments Private Limited (Formerly known as Torrent Private Limited),257422311.0
TORNTPOWER,2021-03-31,Independent,Torrent Investments Private Limited (Formerly known as Torrent Private Limited),257422311.0
TORNTPOWER,2021-06-30,Independent,Torrent Investments Private Limited (Formerly known as Torrent Private Limited),257422311.0
TORNTPOWER,2021-09-30,Independent,Torrent Investments Private Limited (Formerly known as Torrent Private Limited),257422311.0
TORNTPOWER,2021-12-31,Independent,Torrent Investments Private Limited,257422311.0
TORNTPOWER,2022-03-31,Independent,Torrent Investments Private Limited,257422311.0
TORNTPOWER,2022-06-30,Independent,Torrent Investments Private Limited,257422311.0
TORNTPOWER,2022-09-30,Independent,Torrent Investments Private Limited,257422311.0
TORNTPOWER,2022-12-31,Independent,Torrent Investments Private Limited,257422311.0
TORNTPOWER,2023-03-31,Independent,Torrent Investments Private Limited,257422311.0
TORNTPOWER,2023-06-30,Independent,Torrent Investments Private Limited,257422311.0
TORNTPOWER,2023-09-30,Independent,Torrent Investments Private Limited,257422311.0
TORNTPOWER,2023-12-31,Independent,Torrent Investments Private Limited,257422311.0
TORNTPOWER,2024-03-31,Independent,Torrent Investments Private Limited,257422311.0
TORNTPOWER,2024-06-30,Independent,Torrent Investments Private Limited,257422311.0
TORNTPOWER,2024-09-30,Independent,Torrent Investments Private Limited,257422311.0
TORNTPOWER,2024-12-05,Independent,Torrent Investments Private Limited,257422311.0
TORNTPOWER,2024-12-31,Independent,Torrent Investments Private Limited,257422311.0
TORNTPOWER,2025-03-31,Independent,Torrent Investments Limited (Formerly known as Torrent Investments Private Limited),257422311.0
TORNTPOWER,2025-06-30,Independent,Torrent Investments Limited,257422311.0
TORNTPOWER,2025-09-30,Independent,Torrent Investments Limited,257422311.0
TORNTPOWER,2025-12-31,Independent,Torrent Investments Limited,257422311.0
TRENT,2014-03-31,Independent,,0.0
TRENT,2014-06-30,Independent,,0.0
TRENT,2014-09-30,Independent,,0.0
TRENT,2014-12-31,Independent,,0.0
TRENT,2015-03-31,Independent,,0.0
TRENT,2015-06-30,Independent,,0.0
TRENT,2015-09-30,Independent,,0.0
TRENT,2015-12-31,Tata,TATA SONS LIMITED,6095031.0
TRENT,2016-02-04,Tata,TATA SONS LIMITED,6095031.0
TRENT,2016-03-31,Tata,TATA SONS LIMITED,8829247.0
TRENT,2016-06-30,Tata,TATA SONS LIMITED,8829247.0
TRENT,2016-09-30,Tata,Tata Sons Limited,92169610.0
TRENT,2016-12-31,Tata,TATA SONS LIMITED,92169610.0
TRENT,2017-03-31,Tata,Tata Sons Limited,92169610.0
TRENT,2017-06-30,Tata,TATA SONS LIMITED,92169610.0
TRENT,2017-09-30,Tata,TATA SONS LIMITED,92169610.0
TRENT,2017-12-31,Tata,TATA SONS LIMITED,92169610.0
TRENT,2018-03-31,Tata,TATA SONS LIMITED,92169610.0
TRENT,2018-06-30,Tata,TATA SONS LIMITED,92169610.0
TRENT,2018-09-30,Tata,TATA SONS LIMITED,92169610.0
TRENT,2018-12-31,Tata,TATA SONS PRIVATE LIMITED,92169610.0
TRENT,2019-03-31,Tata,TATA SONS PRIVATE LIMITED,92169610.0
TRENT,2019-06-30,Tata,TATA SONS PRIVATE LIMITED,92169610.0
TRENT,2019-08-06,Tata,TATA SONS PRIVATE LIMITED,115340341.0
TRENT,2019-09-30,Tata,TATA SONS PRIVATE LIMITED,115340341.0
TRENT,2019-12-31,Tata,TATA SONS PRIVATE LIMITED,115340341.0
TRENT,2020-03-31,Tata,TATA SONS PRIVATE LIMITED,115340341.0
TRENT,2020-06-30,Tata,TATA SONS PRIVATE LIMITED,115340341.0
TRENT,2020-09-30,Tata,TATA SONS PRIVATE LIMITED,115340341.0
TRENT,2020-12-31,Tata,TATA SONS PRIVATE LIMITED,115340341.0
TRENT,2021-03-31,Tata,TATA SONS PRIVATE LIMITED,115340341.0
TRENT,2021-06-30,Tata,Tata Sons Private Limited,115340341.0
TRENT,2021-09-30,Tata,Tata Sons Private Limited,115340341.0
TRENT,2022-03-31,Tata,Tata Sons Private Limited,115340341.0
TRENT,2022-06-30,Tata,Tata Sons Private Limited,115340341.0
TRENT,2022-09-30,Tata,Tata Sons Private Limited,115340341.0
TRENT,2022-12-31,Tata,Tata Sons Private Limited,115340341.0
TRENT,2023-03-31,Tata,Tata Sons Private Limited,115340341.0
TRENT,2023-06-30,Tata,Tata Sons Private Limited,115340341.0
TRENT,2023-09-30,Tata,Tata Sons Private Limited,115340341.0
TRENT,2023-12-31,Tata,Tata Sons Private Limited,115340341.0
TRENT,2024-03-31,Tata,Tata Sons Private Limited,115340341.0
TRENT,2024-06-30,Tata,Tata Sons Private Limited,115340341.0
TRENT,2024-09-30,Tata,Tata Sons Private Limited,115340341.0
TRENT,2024-12-31,Tata,Tata Sons Private Limited,115340341.0
TRENT,2025-03-31,Tata,Tata Sons Private Limited,115340341.0
TRENT,2025-06-30,Tata,Tata Sons Private Limited,115340341.0
TRENT,2025-09-30,Tata,Tata Sons Private Limited,115340341.0
TRENT,2025-12-31,Tata,Tata Sons Private Limited,115340341.0
TTKPRESTIG,2014-03-31,Independent,,0.0
TTKPRESTIG,2014-06-30,Independent,,0.0
TTKPRESTIG,2014-09-30,Independent,,0.0
TTKPRESTIG,2014-12-31,Independent,,0.0
TTKPRESTIG,2015-03-31,Independent,,0.0
TTKPRESTIG,2015-06-30,Independent,,0.0
TTKPRESTIG,2015-09-30,Independent,,0.0
TTKPRESTIG,2015-12-31,Independent,TT Krishnamachari & Co. represented by its partners,6988747.0
TTKPRESTIG,2016-03-31,Independent,Partnership Frim,6988747.0
TTKPRESTIG,2016-06-30,Independent,Partnership Frim,6988747.0
TTKPRESTIG,2016-09-30,Independent,Partnership Frim,6988747.0
TTKPRESTIG,2016-12-31,Independent,Other,6988747.0
TTKPRESTIG,2017-03-31,Independent,Other,6988747.0
TTKPRESTIG,2017-06-30,Independent,Other,6988747.0
TTKPRESTIG,2017-09-30,Independent,Firm,6936409.0
TTKPRESTIG,2017-12-31,Independent,Firm,6970334.0
TTKPRESTIG,2018-03-31,Independent,Partnership Firms,6970334.0
TTKPRESTIG,2018-06-30,Independent,Partnership Firms,6970334.0
TTKPRESTIG,2018-09-30,Independent,Partnership Firms,6970334.0
TTKPRESTIG,2018-12-31,Independent,Partnership Firms,6970334.0
TTKPRESTIG,2019-03-31,Independent,Partnership Firms,6970334.0
TTKPRESTIG,2019-05-17,Independent,Partnership Firms,8364400.0
TTKPRESTIG,2019-06-30,Independent,Partnership Firms,8364400.0
TTKPRESTIG,2019-09-30,Independent,Partnership Firms,8364400.0
TTKPRESTIG,2019-12-31,Independent,Partnership Firms,8364400.0
TTKPRESTIG,2020-03-31,Independent,Partnership Firms,8364400.0
TTKPRESTIG,2020-06-30,Independent,Partnership Firms,8364400.0
TTKPRESTIG,2020-09-30,Independent,Partnership Firms,8364400.0
TTKPRESTIG,2020-12-31,Independent,Partnership Firms,8364400.0
TTKPRESTIG,2021-03-31,Independent,Partnership Firms,8364400.0
TTKPRESTIG,2021-06-30,Independent,Partnership Firms,8364400.0
TTKPRESTIG,2021-09-30,Independent,Partnership Firms,8364400.0
TTKPRESTIG,2021-12-15,Independent,Partnership Firms,8364400.0
TTKPRESTIG,2021-12-31,Independent,Partnership Firms,83644000.0
TTKPRESTIG,2022-03-31,Independent,Partnership Firms,83644000.0
TTKPRESTIG,2022-06-30,Independent,Partnership Firms,83644000.0
TTKPRESTIG,2022-09-30,Independent,Partnership Firms,83644000.0
TTKPRESTIG,2022-12-31,Independent,Partnership Firms,83644000.0
TTKPRESTIG,2023-03-31,Independent,Partnership Firms,83644000.0
TTKPRESTIG,2023-06-30,Independent,Partnership Firms,83644000.0
TTKPRESTIG,2023-09-30,Independent,Partnership Firms,83644000.0
TTKPRESTIG,2023-12-31,Independent,TT Krishnamachari & Co. represented by partners,83644000.0
TTKPRESTIG,2024-03-31,Independent,TT Krishnamachari & Co. represented by partners,83644000.0
TTKPRESTIG,2024-06-30,Independent,TT Krishnamachari & Co. represented by partners,83644000.0
TTKPRESTIG,2024-09-30,Independent,TT Krishnamachari & Co. represented by partners,82767238.0
TTKPRESTIG,2024-12-31,Independent,TT Krishnamachari & Co. represented by partners,82767238.0
TTKPRESTIG,2025-03-31,Independent,Partnership Firms,82767238.0
TTKPRESTIG,2025-06-30,Independent,Partnership Firms,82767238.0
TTKPRESTIG,2025-09-30,Independent,TT Krishnamachari & Co. represented by partners,82767238.0
TTKPRESTIG,2025-12-31,Independent,Partnership Firms,82767238.0
TTML,2014-03-31,Independent,,0.0
TTML,2014-06-30,Independent,,0.0
TTML,2014-09-30,Independent,,0.0
TTML,2014-12-31,Independent,,0.0
TTML,2015-03-31,Independent,,0.0
TTML,2015-06-30,Independent,,0.0
TTML,2015-09-30,Independent,,0.0
TTML,2016-03-31,Tata,Tata Teleservices Ltd,714317891.0
TTML,2016-06-30,Tata,Tata Teleservices Ltd,714317891.0
TTML,2016-09-30,Tata,Tata Teleservices Limited,714317891.0
TTML,2016-12-31,Tata,Tata Teleservices Limited,714317891.0
TTML,2017-03-31,Tata,Tata Teleservices Limited,714317891.0
TTML,2017-06-30,Tata,Tata Teleservices Limited,714317891.0
TTML,2017-09-30,Tata,Tata Teleservices Limited,714317891.0
TTML,2017-12-31,Tata,Tata Teleservices Limited,714317891.0
TTML,2018-03-31,Tata,TATA TELESERVICES LIMITED,944174817.0
TTML,2018-06-30,Tata,Tata Teleservices Limited,944174817.0
TTML,2018-09-30,Tata,Tata Teleservices Limited,944174817.0
TTML,2018-12-31,Tata,Tata Teleservices Limited,944174817.0
TTML,2019-03-31,Tata,Tata Teleservices Limited,944174817.0
TTML,2019-06-30,Tata,Tata Teleservices Limited,944174817.0
TTML,2019-09-30,Tata,Tata Teleservices Limited,944174817.0
TTML,2019-12-31,Tata,Tata Teleservices Limited,944174817.0
TTML,2020-03-31,Tata,Tata Teleservices Limited,944174817.0
TTML,2020-06-30,Tata,Tata Teleservices Limited,944174817.0
TTML,2020-09-30,Tata,Tata Teleservices Limited,944174817.0
TTML,2020-12-31,Tata,Tata Teleservices Limited,944174817.0
TTML,2021-03-31,Tata,Tata Teleservices Limited,944174817.0
TTML,2021-06-30,Tata,Tata Teleservices Limited,944174817.0
TTML,2021-09-30,Tata,Tata Teleservices Limited,944174817.0
TTML,2021-12-31,Tata,Tata Teleservices Limited,944174817.0
TTML,2022-03-31,Tata,Tata Teleservices Limited,944174817.0
TTML,2022-06-30,Tata,Tata Teleservices Limited,944174817.0
TTML,2022-09-30,Tata,Tata Teleservices Limited,944174817.0
TTML,2022-12-31,Tata,Tata Teleservices Limited,944174817.0
TTML,2023-03-31,Tata,Tata Teleservices Limited,944174817.0
TTML,2023-06-30,Tata,Tata Teleservices Limited,944174817.0
TTML,2023-09-30,Tata,Tata Teleservices Limited,944174817.0
TTML,2023-12-31,Tata,Tata Teleservices Limited,944174817.0
TTML,2024-03-31,Tata,Tata Teleservices Limited,944174817.0
TTML,2024-06-30,Tata,Tata Teleservices Limited,944174817.0
TTML,2024-09-30,Tata,Tata Teleservices Limited,944174817.0
TTML,2024-12-31,Tata,Tata Teleservices Limited,944174817.0
TTML,2025-03-31,Tata,Tata Teleservices Limited,944174817.0
TTML,2025-06-30,Tata,Tata Teleservices Limited,944174817.0
TTML,2025-09-30,Tata,Tata Teleservices Limited,944174817.0
TTML,2025-12-31,Tata,Tata Teleservices Limited,944174817.0
TV18BRDCST,2014-03-31,Independent,,0.0
TV18BRDCST,2014-06-30,Independent,,0.0
TV18BRDCST,2014-09-30,Independent,,0.0
TV18BRDCST,2014-12-31,Independent,,0.0
TV18BRDCST,2015-03-31,Independent,,0.0
TV18BRDCST,2015-06-30,Independent,,0.0
TV18BRDCST,2015-09-30,Independent,,0.0
TV18BRDCST,2015-12-31,Independent,Network18 Media & Investments Limited,532712856.0
TV18BRDCST,2016-03-31,Independent,Bodies Corporate/Trust,1035520105.0
TV18BRDCST,2016-06-30,Independent,Bodies Corporate / Trust,1035520105.0
TV18BRDCST,2016-09-30,Independent,Bodies Corporate /Trust,1035520105.0
TV18BRDCST,2016-12-31,Independent,Body Corporate,1030105311.0
TV18BRDCST,2017-03-31,Independent,Body Corporate,1030105311.0
TV18BRDCST,2017-06-30,Independent,Body Corporate,1030105311.0
TV18BRDCST,2017-09-30,Independent,Body Corporate,1030105311.0
TV18BRDCST,2017-12-31,Independent,Body Corporate,1030105311.0
TV18BRDCST,2018-03-31,Independent,Network18 Media & Investments Limited,877035062.0
TV18BRDCST,2018-06-30,Independent,Network18 Media & Investments Limited,877035062.0
TV18BRDCST,2018-09-30,Independent,Network18 Media & Investments Limited,877035062.0
TV18BRDCST,2018-12-31,Independent,Network 18 Media & Investments Limited,877198625.0
TV18BRDCST,2019-03-31,Independent,Network18 Media & Investments Limited,877198625.0
TV18BRDCST,2019-06-30,Independent,Network18 Media & Investments Limited,877198625.0
TV18BRDCST,2019-09-30,Independent,Network 18 Media & Investments Limited,877198625.0
TV18BRDCST,2019-12-31,Independent,Network18 Media & Investments Limited,877198625.0
TV18BRDCST,2020-03-31,Independent,Network18 Media & Investments Limited,877198625.0
TV18BRDCST,2020-06-30,Independent,Network18 Media & Investments Limited,877198625.0
TV18BRDCST,2020-09-30,Independent,Network18 Media & Investments Limited,877198625.0
TV18BRDCST,2020-12-31,Independent,Network18 Media & Investments Limited,877198625.0
TV18BRDCST,2021-03-31,Independent,Network18 Media & Investments Limited,877198625.0
TV18BRDCST,2021-06-30,Independent,Network 18 Media & Investments Limited,877198625.0
TV18BRDCST,2021-09-30,Independent,Network 18 Media & Investments Limited,877198625.0
TV18BRDCST,2021-12-31,Independent,Network18 Media & Investments Limited,877198625.0
TV18BRDCST,2022-03-31,Independent,Network18 Media & Investments Limited,877198625.0
TV18BRDCST,2022-06-30,Independent,Network18 Media & Investments Limited,877198625.0
TV18BRDCST,2022-09-30,Independent,Network18 Media & Investments Limited,877198625.0
TV18BRDCST,2022-12-31,Independent,Network18 Media & Investments Limited,877198625.0
TV18BRDCST,2023-03-31,Independent,Network18 Media & Investments Limited,877198625.0
TV18BRDCST,2023-06-30,Independent,Network18 Media & Investments Limited,877198625.0
TV18BRDCST,2023-09-30,Independent,Network18 Media & Investments Limited,877198625.0
TV18BRDCST,2023-12-31,Independent,Network18 Media & Investments Limited,877198625.0
TV18BRDCST,2024-03-31,Independent,Network18 Media & Investments Limited,877198625.0
TV18BRDCST,2024-06-30,Independent,Network18 Media & Investments Limited,877198625.0
TVSMOTOR,2014-03-31,Independent,,0.0
TVSMOTOR,2014-06-30,Independent,,0.0
TVSMOTOR,2014-09-30,Independent,,0.0
TVSMOTOR,2014-12-31,Independent,,0.0
TVSMOTOR,2015-03-31,Independent,,0.0
TVSMOTOR,2015-06-30,Independent,,0.0
TVSMOTOR,2015-09-30,Independent,,0.0
TVSMOTOR,2015-12-31,Independent,Sundaram-Clayton Limited,272682786.0
TVSMOTOR,2016-03-31,Independent,Sundaram-Clayton Limited,272682786.0
TVSMOTOR,2016-06-30,Independent,Sundaram-Clayton Limited,272682786.0
TVSMOTOR,2016-09-30,Independent,Sundaram-Clayton Limited,272682786.0
TVSMOTOR,2016-12-31,Independent,Body Corporate,272682786.0
TVSMOTOR,2017-03-31,Independent,Body Corporate,272682786.0
TVSMOTOR,2017-06-30,Independent,Body Corporate,272682786.0
TVSMOTOR,2017-09-30,Independent,Body Corporate,272682786.0
TVSMOTOR,2017-12-31,Independent,Body Corporate,272682786.0
TVSMOTOR,2018-03-31,Independent,Sundaram-Clayton Limited,272682786.0
TVSMOTOR,2018-06-30,Independent,SUNDARAM-CLAYTON LIMITED,272682786.0
TVSMOTOR,2018-09-30,Independent,SUNDARAM-CLAYTON LIMITED,272682786.0
TVSMOTOR,2018-12-31,Independent,SUNDARAM CLAYTON LIMITED,272682786.0
TVSMOTOR,2019-03-31,Independent,SUNDARAM CLAYTON LIMITED,272682786.0
TVSMOTOR,2019-06-30,Independent,SUNDARAM CLAYTON LIMITED,272682786.0
TVSMOTOR,2019-09-30,Independent,SUNDARAM CLAYTON LIMITED,272682786.0
TVSMOTOR,2019-12-31,Independent,SUNDARAM CLAYTON LIMITED,272682786.0
TVSMOTOR,2020-03-31,Independent,SUNDARAM CLAYTON LIMITED,272682786.0
TVSMOTOR,2020-06-30,Independent,SUNDARAM CLAYTON LIMITED,272682786.0
TVSMOTOR,2020-09-30,Independent,Sundaram-Clayton Limited,272682786.0
TVSMOTOR,2020-12-31,Independent,SUNDARAM CLAYTON LIMITED,272682786.0
TVSMOTOR,2021-03-31,Independent,SUNDARAM CLAYTON LIMITED,272682786.0
TVSMOTOR,2021-06-30,Independent,SUNDARAM-CLAYTON LIMITED,248282786.0
TVSMOTOR,2021-09-30,Independent,SUNDARAM CLAYTON LIMITED,248282786.0
TVSMOTOR,2021-12-31,Independent,SUNDARAM CLAYTON LIMITED,248282786.0
TVSMOTOR,2022-03-31,Independent,SUNDARAM CLAYTON LIMITED,238782786.0
TVSMOTOR,2022-06-30,Independent,SUNDARAM CLAYTON LIMITED,238782786.0
TVSMOTOR,2022-09-30,Independent,SUNDARAM CLAYTON LIMITED,238782786.0
TVSMOTOR,2022-12-31,Independent,SUNDARAM CLAYTON LIMITED,238782786.0
TVSMOTOR,2023-03-31,Independent,SUNDARAM CLAYTON LIMITED,238782786.0
TVSMOTOR,2023-06-30,Independent,SUNDARAM CLAYTON LIMITED,238782786.0
TVSMOTOR,2023-09-30,Independent,TVS HOLDINGS LIMITED (Formerly known as Sundaram Clayton Limited),238782786.0
TVSMOTOR,2023-12-31,Independent,TVS HOLDINGS LIMITED (Formerly known as Sundaram Clayton Limited),238782786.0
TVSMOTOR,2024-03-31,Independent,TVS HOLDINGS LIMITED (Formerly known as Sundaram Clayton Limited),238782786.0
TVSMOTOR,2024-06-30,Independent,TVS HOLDINGS LIMITED (Formerly known as Sundaram Clayton Limited),238782786.0
TVSMOTOR,2024-09-30,Independent,TVS HOLDINGS LIMITED (Formerly known as Sundaram Clayton Limited),238782786.0
TVSMOTOR,2024-12-31,Independent,TVS HOLDINGS LIMITED (Formerly known as Sundaram Clayton Limited),238782786.0
TVSMOTOR,2025-03-31,Independent,TVS HOLDINGS LIMITED (Formerly known as Sundaram Clayton Limited),238782786.0
TVSMOTOR,2025-06-30,Independent,TVS HOLDINGS LIMITED (Formerly known as Sundaram Clayton Limited),238782786.0
TVSMOTOR,2025-09-30,Independent,TVS HOLDINGS LIMITED (Formerly known as Sundaram Clayton Limited),238782786.0
TVSMOTOR,2025-12-31,Independent,TVS HOLDINGS LIMITED (Formerly known as Sundaram Clayton Limited),238782786.0
UBL,2014-03-31,Independent,,0.0
UBL,2014-06-30,Independent,,0.0
UBL,2014-09-30,Independent,,0.0
UBL,2014-12-31,Independent,,0.0
UBL,2015-03-31,Independent,,0.0
UBL,2015-06-30,Independent,,0.0
UBL,2015-09-30,Independent,,0.0
UBL,2015-12-31,Independent,SCOTTISH AND NEWCASTLE INDIA  LIMITED,89994960.0
UBL,2016-03-31,Independent,SCOTTISH AND NEWCASTLE INDIA LIMITED,89994960.0
UBL,2016-06-30,Independent,SCOTTISH AND NEWCASTLE INDIA LIMITED,89994960.0
UBL,2016-09-30,Independent,HEINEKEN UK LIMITED,89994960.0
UBL,2016-12-31,Independent,SCOTTISH AND NEWCASTLE INDIA LIMITED,89994960.0
UBL,2017-03-31,Independent,SCOTTISH AND NEWCASTLE INDIA LIMITED,89994960.0
UBL,2017-06-30,Independent,SCOTTISH AND NEWCASTLE INDIA LIMITED,89994960.0
UBL,2017-09-30,Independent,SCOTTISH AND NEWCASTLE INDIA LIMITED,89994960.0
UBL,2017-12-31,Independent,SCOTTISH AND NEWCASTLE INDIA LIMITED,89994960.0
UBL,2018-03-31,Independent,SCOTTISH AND NEWCASTLE INDIA LIMITED,89994960.0
UBL,2018-06-30,Independent,SCOTTISH AND NEWCASTLE INDIA LIMITED,89994960.0
UBL,2018-09-30,Independent,SCOTTISH AND NEWCASTLE INDIA LIMITED,89994960.0
UBL,2018-12-31,Independent,SCOTTISH AND NEWCASTLE INDIA LIMITED,89994960.0
UBL,2019-03-31,Independent,SCOTTISH AND NEWCASTLE INDIA LIMITED,89994960.0
UBL,2019-06-30,Independent,SCOTTISH AND NEWCASTLE INDIA LIMITED,89994960.0
UBL,2019-09-30,Independent,SCOTTISH AND NEWCASTLE INDIA LIMITED,89994960.0
UBL,2019-12-31,Independent,SCOTTISH AND NEWCASTLE INDIA LIMITED,89994960.0
UBL,2020-03-31,Independent,SCOTTISH AND NEWCASTLE INDIA LIMITED,89994960.0
UBL,2020-06-30,Independent,SCOTTISH AND NEWCASTLE INDIA LIMITED,89994960.0
UBL,2020-09-30,Independent,SCOTTISH AND NEWCASTLE INDIA LIMITED,89994960.0
UBL,2020-12-31,Independent,SCOTTISH AND NEWCASTLE INDIA LIMITED,89994960.0
UBL,2021-03-31,Independent,SCOTTISH AND NEWCASTLE INDIA LIMITED,89994960.0
UBL,2021-06-30,Independent,SCOTTISH AND NEWCASTLE INDIA LIMITED,89994960.0
UBL,2021-09-30,Independent,SCOTTISH AND NEWCASTLE INDIA LIMITED,89994960.0
UBL,2021-12-31,Independent,SCOTTISH AND NEWCASTLE INDIA LIMITED,89994960.0
UBL,2022-03-31,Independent,SCOTTISH AND NEWCASTLE INDIA LIMITED,89994960.0
UBL,2022-06-30,Independent,SCOTTISH AND NEWCASTLE INDIA LIMITED,89994960.0
UBL,2022-09-30,Independent,SCOTTISH AND NEWCASTLE INDIA LIMITED,89994960.0
UBL,2022-12-31,Independent,SCOTTISH AND NEWCASTLE INDIA LIMITED,89994960.0
UBL,2023-03-31,Independent,SCOTTISH AND NEWCASTLE INDIA LIMITED,89994960.0
UBL,2023-06-30,Independent,SCOTTISH AND NEWCASTLE INDIA LIMITED,89994960.0
UBL,2023-09-30,Independent,SCOTTISH AND NEWCASTLE INDIA LIMITED,89994960.0
UBL,2023-12-31,Independent,SCOTTISH AND NEWCASTLE INDIA LIMITED,89994960.0
UBL,2024-03-31,Independent,SCOTTISH AND NEWCASTLE INDIA LIMITED,89994960.0
UBL,2024-06-30,Independent,SCOTTISH AND NEWCASTLE INDIA LIMITED,89994960.0
UBL,2024-09-30,Independent,SCOTTISH AND NEWCASTLE INDIA LIMITED,89994960.0
UBL,2024-12-31,Independent,SCOTTISH AND NEWCASTLE INDIA LIMITED,89994960.0
UBL,2025-03-31,Independent,SCOTTISH AND NEWCASTLE INDIA LIMITED,89994960.0
UBL,2025-06-30,Independent,SCOTTISH AND NEWCASTLE INDIA LIMITED,89994960.0
UBL,2025-09-30,Independent,SCOTTISH AND NEWCASTLE INDIA LIMITED,89994960.0
UBL,2025-12-31,Independent,SCOTTISH AND NEWCASTLE INDIA LIMITED,89994960.0
UCOBANK,2014-03-31,Independent,,0.0
UCOBANK,2014-06-30,Independent,,0.0
UCOBANK,2014-09-30,Independent,,0.0
UCOBANK,2014-12-31,Independent,,0.0
UCOBANK,2015-03-31,Independent,,0.0
UCOBANK,2015-06-30,Independent,,0.0
UCOBANK,2015-09-30,Independent,,0.0
UCOBANK,2015-12-31,GOI_PSU,Central Government/ State Government(s),783333288.0
UCOBANK,2016-03-31,GOI_PSU,Central Government/ State Government(s),783333288.0
UCOBANK,2016-06-30,GOI_PSU,Central Government/ State Government(s),1008797478.0
UCOBANK,2016-09-30,GOI_PSU,Central Government/ State Government(s),1008797478.0
UCOBANK,2016-10-05,GOI_PSU,Central Government/ State Government(s),1195769733.0
UCOBANK,2016-11-29,GOI_PSU,Central Government/ State Government(s),1195769733.0
UCOBANK,2016-12-31,GOI_PSU,Central Government/ State Government(s),1195769733.0
UCOBANK,2017-03-31,GOI_PSU,Central Government/ State Government(s),1195769733.0
UCOBANK,2017-06-30,GOI_PSU,Central Government/ State Government(s),1195769733.0
UCOBANK,2017-08-09,GOI_PSU,Central Government/ State Government(s),1502927852.0
UCOBANK,2017-09-30,GOI_PSU,Central Government/ State Government(s),1502927852.0
UCOBANK,2017-12-31,GOI_PSU,Central Government/ State Government(s),1502927852.0
UCOBANK,2018-03-31,GOI_PSU,Central Government/ State Government(s),1944198712.0
UCOBANK,2018-05-21,GOI_PSU,Central Government/ State Government(s),3591182024.0
UCOBANK,2018-06-30,GOI_PSU,Central Government/ State Government(s),3591182024.0
UCOBANK,2018-09-30,GOI_PSU,Central Government/ State Government(s),3591182024.0
UCOBANK,2018-12-31,GOI_PSU,Central Government/ State Government(s),3591182024.0
UCOBANK,2019-02-25,GOI_PSU,Central Government/ State Government(s),5059439780.0
UCOBANK,2019-03-31,GOI_PSU,Central Government/ State Government(s),5059439780.0
UCOBANK,2019-04-23,GOI_PSU,Central Government/ State Government(s),6811149406.0
UCOBANK,2019-06-30,GOI_PSU,Central Government/ State Government(s),6811149406.0
UCOBANK,2019-09-30,GOI_PSU,Central Government/ State Government(s),6811149406.0
UCOBANK,2019-11-07,GOI_PSU,Central Government/ State Government(s),8072250649.0
UCOBANK,2019-12-31,GOI_PSU,Central Government/ State Government(s),8072250649.0
UCOBANK,2020-02-28,GOI_PSU,Central Government/ State Government(s),9367292970.0
UCOBANK,2020-03-31,GOI_PSU,Central Government/ State Government(s),9367292970.0
UCOBANK,2020-06-30,GOI_PSU,Central Government/ State Government(s),9367292970.0
UCOBANK,2020-09-30,GOI_PSU,Central Government/ State Government(s),9367292970.0
UCOBANK,2020-12-31,GOI_PSU,Central Government/ State Government(s),9367292970.0
UCOBANK,2021-03-31,GOI_PSU,Central Government/ State Government(s),9367292970.0
UCOBANK,2021-05-28,GOI_PSU,Central Government/ State Government(s),11404910524.0
UCOBANK,2021-06-30,GOI_PSU,Central Government/ State Government(s),11404910524.0
UCOBANK,2021-09-30,GOI_PSU,Central Government/ State Government(s),11404910524.0
UCOBANK,2021-12-31,GOI_PSU,Central Government/ State Government(s),11404910524.0
UCOBANK,2022-03-31,GOI_PSU,Central Government/ State Government(s),11404910524.0
UCOBANK,2022-06-30,GOI_PSU,Central Government/ State Government(s),11404910524.0
UCOBANK,2022-09-30,GOI_PSU,Central Government/ State Government(s),11404910524.0
UCOBANK,2022-12-31,GOI_PSU,Central Government/ State Government(s),11404910524.0
UCOBANK,2023-03-31,GOI_PSU,Central Government/ State Government(s),11404910524.0
UCOBANK,2023-06-30,GOI_PSU,Central Government/ State Government(s),11404910524.0
UCOBANK,2023-09-30,GOI_PSU,PRESIDENT OF INDIA,11404910524.0
UCOBANK,2023-12-31,GOI_PSU,Central Government/ State Government(s),11404910524.0
UCOBANK,2024-03-31,GOI_PSU,Central Government/ State Government(s),11404910524.0
UCOBANK,2024-06-30,GOI_PSU,Central Government/ State Government(s),11404910524.0
UCOBANK,2024-09-30,GOI_PSU,Central Government/ State Government(s),11404910524.0
UCOBANK,2024-12-31,GOI_PSU,Central Government/ State Government(s),11404910524.0
UCOBANK,2025-03-28,GOI_PSU,Central Government/ State Government(s),11404910524.0
UCOBANK,2025-03-31,GOI_PSU,Central Government/ State Government(s),11404910524.0
UCOBANK,2025-06-30,GOI_PSU,Central Government/ State Government(s),11404910524.0
UCOBANK,2025-09-30,GOI_PSU,Central Government/ State Government(s),11404910524.0
UCOBANK,2025-12-31,GOI_PSU,Central Government/ State Government(s),11404910524.0
ULTRACEMCO,2014-03-31,Independent,,0.0
ULTRACEMCO,2014-06-30,Independent,,0.0
ULTRACEMCO,2014-09-30,Independent,,0.0
ULTRACEMCO,2014-12-31,Independent,,0.0
ULTRACEMCO,2015-03-31,Independent,,0.0
ULTRACEMCO,2015-06-30,Independent,,0.0
ULTRACEMCO,2015-09-30,Independent,,0.0
ULTRACEMCO,2015-12-31,Birla,Grasim Industries Limited,165335150.0
ULTRACEMCO,2016-03-31,Birla,Grasim Industries Limited,165335150.0
ULTRACEMCO,2016-06-30,Birla,Grasim Industries Limited,165335150.0
ULTRACEMCO,2016-09-30,Birla,Grasim Industries Limited,165335150.0
ULTRACEMCO,2016-12-31,Birla,Grasim Industries Limited,165335150.0
ULTRACEMCO,2017-03-31,Birla,Grasim Industries Limited,165335150.0
ULTRACEMCO,2017-06-30,Birla,Grasim Industries Limited,165335150.0
ULTRACEMCO,2017-09-30,Birla,Grasim Industries Limited,165335150.0
ULTRACEMCO,2017-12-31,Birla,Grasim Industries Limited,165335150.0
ULTRACEMCO,2018-03-31,Birla,Grasim Industries Limited,165335150.0
ULTRACEMCO,2018-06-30,Birla,Grasim Industries Limited,165335150.0
ULTRACEMCO,2018-09-30,Birla,Grasim Industries Limited,165335150.0
ULTRACEMCO,2018-12-31,Birla,Grasim Industries Limited,165335150.0
ULTRACEMCO,2019-03-31,Birla,Grasim Industries Limited,165335150.0
ULTRACEMCO,2019-06-30,Birla,Grasim Industries Limited,165335150.0
ULTRACEMCO,2019-09-30,Birla,Grasim Industries Limited,165335150.0
ULTRACEMCO,2019-10-16,Birla,Grasim Industries Limited,165335150.0
ULTRACEMCO,2019-12-31,Birla,Grasim Industries Limited,165335150.0
ULTRACEMCO,2020-03-31,Birla,Grasim Industries Limited,165335150.0
ULTRACEMCO,2020-09-30,Birla,Grasim Industries Limited,165335150.0
ULTRACEMCO,2020-12-31,Birla,Grasim Industries Limited,165335150.0
ULTRACEMCO,2021-03-31,Birla,Grasim Industries Limited,165335150.0
ULTRACEMCO,2021-06-30,Birla,Grasim Industries Limited,165335150.0
ULTRACEMCO,2021-09-30,Birla,Grasim Industries Limited,165335150.0
ULTRACEMCO,2021-12-31,Birla,Grasim Industries Limited,165335150.0
ULTRACEMCO,2022-03-31,Birla,Grasim Industries Limited,165335150.0
ULTRACEMCO,2022-06-30,Birla,Grasim Industries Limited,165335150.0
ULTRACEMCO,2022-09-30,Birla,Grasim Industries Limited,165335150.0
ULTRACEMCO,2022-12-31,Birla,Grasim Industries Limited,165335150.0
ULTRACEMCO,2023-03-31,Birla,Grasim Industries Limited,165335150.0
ULTRACEMCO,2023-06-30,Birla,Grasim Industries Limited,165335150.0
ULTRACEMCO,2023-09-30,Birla,Grasim Industries Limited,165335150.0
ULTRACEMCO,2023-12-31,Birla,Grasim Industries Limited,165335150.0
ULTRACEMCO,2024-03-31,Birla,Grasim Industries Limited,165335150.0
ULTRACEMCO,2024-06-30,Birla,Grasim Industries Limited,165335150.0
ULTRACEMCO,2024-09-30,Birla,Grasim Industries Limited,165335150.0
ULTRACEMCO,2024-12-31,Birla,Grasim Industries Limited,165335150.0
ULTRACEMCO,2025-03-31,Birla,Grasim Industries Limited,165335150.0
ULTRACEMCO,2025-06-30,Birla,Grasim Industries Limited,165335150.0
ULTRACEMCO,2025-09-30,Birla,Grasim Industries Limited,165335150.0
ULTRACEMCO,2025-12-31,Birla,Grasim Industries Limited,165335150.0
UNIONBANK,2014-03-31,Independent,,0.0
UNIONBANK,2014-06-30,Independent,,0.0
UNIONBANK,2014-09-30,Independent,,0.0
UNIONBANK,2014-12-31,Independent,,0.0
UNIONBANK,2015-03-31,Independent,,0.0
UNIONBANK,2015-06-30,Independent,,0.0
UNIONBANK,2015-09-30,Independent,,0.0
UNIONBANK,2015-12-31,GOI_PSU,Central Government/ State Government(s),436106597.0
UNIONBANK,2016-03-31,GOI_PSU,Central Government/ State Government(s),436106597.0
UNIONBANK,2016-06-30,GOI_PSU,Central Government/ State Government(s),436106597.0
UNIONBANK,2016-09-30,GOI_PSU,Central Government/ State Government(s),436106597.0
UNIONBANK,2016-12-31,GOI_PSU,Central Government/ State Government(s),436106597.0
UNIONBANK,2017-03-31,GOI_PSU,Central Government/ State Government(s),436106597.0
UNIONBANK,2017-06-30,GOI_PSU,Central Government/ State Government(s),436106597.0
UNIONBANK,2017-08-04,GOI_PSU,Central Government/ State Government(s),475094778.0
UNIONBANK,2017-09-30,GOI_PSU,Central Government/ State Government(s),475094778.0
UNIONBANK,2017-12-14,GOI_PSU,Central Government/ State Government(s),475094778.0
UNIONBANK,2017-12-31,GOI_PSU,Central Government/ State Government(s),475094778.0
UNIONBANK,2018-03-27,GOI_PSU,Central Government/ State Government(s),787914581.0
UNIONBANK,2018-03-31,GOI_PSU,Central Government/ State Government(s),787914581.0
UNIONBANK,2018-06-30,GOI_PSU,Central Government/ State Government(s),787914581.0
UNIONBANK,2018-09-30,GOI_PSU,Central Government/ State Government(s),787914581.0
UNIONBANK,2018-12-31,GOI_PSU,Central Government/ State Government(s),787914581.0
UNIONBANK,2019-03-28,GOI_PSU,Central Government/ State Government(s),1309477239.0
UNIONBANK,2019-03-31,GOI_PSU,Central Government/ State Government(s),1309477239.0
UNIONBANK,2019-06-30,GOI_PSU,Central Government/ State Government(s),1309477239.0
UNIONBANK,2019-09-30,GOI_PSU,Central Government/ State Government(s),1309477239.0
UNIONBANK,2019-11-30,GOI_PSU,Central Government/ State Government(s),2969279777.0
UNIONBANK,2019-12-31,GOI_PSU,Central Government/ State Government(s),2969279777.0
UNIONBANK,2020-03-31,GOI_PSU,Central Government/ State Government(s),2969279777.0
UNIONBANK,2020-04-01,GOI_PSU,Central Government/ State Government(s),5706660850.0
UNIONBANK,2020-06-30,GOI_PSU,Central Government/ State Government(s),5706660850.0
UNIONBANK,2020-09-30,GOI_PSU,Central Government/ State Government(s),5706660850.0
UNIONBANK,2020-12-31,GOI_PSU,Central Government/ State Government(s),5706660850.0
UNIONBANK,2021-03-31,GOI_PSU,Central Government/ State Government(s),5706660850.0
UNIONBANK,2021-05-21,GOI_PSU,Central Government/ State Government(s),5706660850.0
UNIONBANK,2021-06-30,GOI_PSU,Central Government/ State Government(s),5706660850.0
UNIONBANK,2021-09-30,GOI_PSU,Central Government/ State Government(s),5706660850.0
UNIONBANK,2021-12-31,GOI_PSU,Central Government/ State Government(s),5706660850.0
UNIONBANK,2022-03-31,GOI_PSU,Central Government/ State Government(s),5706660850.0
UNIONBANK,2022-06-30,GOI_PSU,Central Government/ State Government(s),5706660850.0
UNIONBANK,2022-09-30,GOI_PSU,Central Government/ State Government(s),5706660850.0
UNIONBANK,2022-12-31,GOI_PSU,Central Government/ State Government(s),5706660850.0
UNIONBANK,2023-03-31,GOI_PSU,Central Government/ State Government(s),5706660850.0
UNIONBANK,2023-06-30,GOI_PSU,Central Government/ State Government(s),5706660850.0
UNIONBANK,2023-08-25,GOI_PSU,Central Government/ State Government(s),5706660850.0
UNIONBANK,2023-09-30,GOI_PSU,Central Government/ State Government(s),5706660850.0
UNIONBANK,2023-12-31,GOI_PSU,Central Government/ State Government(s),5706660850.0
UNIONBANK,2024-02-26,GOI_PSU,Central Government/ State Government(s),5706660850.0
UNIONBANK,2024-03-31,GOI_PSU,Central Government/ State Government(s),5706660850.0
UNIONBANK,2024-06-30,GOI_PSU,Central Government/ State Government(s),5706660850.0
UNIONBANK,2024-09-30,GOI_PSU,Central Government/ State Government(s),5706660850.0
UNIONBANK,2024-12-31,GOI_PSU,Central Government/ State Government(s),5706660850.0
UNIONBANK,2025-03-31,GOI_PSU,Central Government/ State Government(s),5706660850.0
UNIONBANK,2025-06-30,GOI_PSU,Central Government/ State Government(s),5706660850.0
UNIONBANK,2025-09-30,GOI_PSU,Central Government/ State Government(s),5706660850.0
UNIONBANK,2025-12-31,GOI_PSU,Central Government/ State Government(s),5706660850.0
UNITECH,2014-03-31,Independent,,0.0
UNITECH,2014-06-30,Independent,,0.0
UNITECH,2014-09-30,Independent,,0.0
UNITECH,2014-12-31,Independent,,0.0
UNITECH,2015-03-31,Independent,,0.0
UNITECH,2015-06-30,Independent,,0.0
UNITECH,2015-09-30,Independent,,0.0
UNITECH,2015-12-31,Bajaj,Ghanshyam Das Bajaj,40300.0
UNITECH,2016-03-31,Bajaj,Ghanshyam Das Bajaj,40300.0
UNITECH,2016-06-30,Bajaj,Ghanshyam Das Bajaj,40300.0
UNITECH,2016-09-30,Bajaj,Ghanshyam Das Bajaj,40300.0
UNITECH,2016-12-31,Bajaj,Ghanshyam Das Bajaj,40300.0
UNITECH,2017-03-31,Bajaj,Ghanshyam Das Bajaj,40300.0
UNITECH,2017-06-30,Bajaj,Ghanshyam Das Bajaj,40300.0
UNITECH,2017-09-30,Bajaj,Ghanshyam Das Bajaj,40300.0
UNITECH,2017-12-31,Bajaj,Ghanshyam Das Bajaj,40300.0
UNITECH,2018-03-31,Bajaj,Ghanshyam Das Bajaj,40300.0
UNITECH,2018-06-30,Bajaj,Ghanshyam Das Bajaj,40300.0
UNITECH,2018-09-30,Bajaj,Ghanshyam Das Bajaj,40300.0
UNITECH,2018-12-31,Bajaj,Ghanshyam Das Bajaj,40300.0
UNITECH,2019-03-31,Bajaj,Ghanshyam Das Bajaj,40300.0
UNITECH,2019-06-30,Bajaj,Ghanshyam Das Bajaj,40300.0
UNITECH,2019-09-30,Bajaj,Ghanshyam Das Bajaj,40300.0
UNITECH,2019-12-31,Bajaj,Ghanshyam Das Bajaj,40300.0
UNITECH,2020-03-31,Bajaj,GHANSHYAM DAS BAJAJ,40300.0
UNITECH,2020-06-30,Bajaj,Ghanshyam Das Bajaj,40300.0
UNITECH,2020-09-30,Bajaj,Ghanshyam Das Bajaj,40300.0
UNITECH,2020-12-31,Bajaj,Ghanshyam Das Bajaj,40300.0
UNITECH,2021-03-31,Bajaj,Ghanshyam Das Bajaj,40300.0
UNITECH,2021-06-30,Bajaj,Ghanshyam Das Bajaj,40300.0
UNITECH,2021-09-30,Bajaj,GHANSHYAM DAS BAJAJ,40300.0
UNITECH,2021-12-31,Bajaj,Ghanshyam Das Bajaj,40300.0
UNITECH,2022-03-31,Bajaj,Ghanshyam Das Bajaj,40300.0
UNITECH,2022-06-30,Bajaj,Ghanshyam Das Bajaj,40300.0
UNITECH,2022-09-30,Bajaj,Ghanshyam Das Bajaj,40300.0
UNITECH,2022-12-31,Bajaj,Ghanshyam Das Bajaj,40300.0
UNITECH,2023-03-31,Bajaj,Ghanshyam Das Bajaj,40300.0
UNITECH,2023-06-30,Bajaj,Ghanshyam Das Bajaj,40300.0
UNITECH,2023-09-30,Bajaj,Ghanshyam Das Bajaj,40300.0
UNITECH,2023-12-31,Bajaj,Ghanshyam Das Bajaj,40300.0
UNITECH,2024-03-31,Bajaj,Ghanshyam Das Bajaj,40300.0
UNITECH,2024-06-30,Bajaj,Ghanshyam Das Bajaj,40300.0
UNITECH,2024-09-30,Bajaj,Ghanshyam Das Bajaj,40300.0
UNITECH,2024-12-31,Bajaj,Ghanshyam Das Bajaj,40300.0
UNITECH,2025-03-31,Bajaj,Ghanshyam Das Bajaj,40300.0
UNITECH,2025-06-30,Bajaj,Ghanshyam Das Bajaj,40300.0
UNITECH,2025-09-30,Bajaj,Ghanshyam Das Bajaj,40300.0
UNITECH,2025-12-31,Bajaj,Ghanshyam Das Bajaj,40300.0
UPL,2014-03-31,Independent,,0.0
UPL,2014-06-30,Independent,,0.0
UPL,2014-09-30,Independent,,0.0
UPL,2014-12-31,Independent,,0.0
UPL,2015-03-31,Independent,,0.0
UPL,2015-06-30,Independent,,0.0
UPL,2015-09-30,Independent,,0.0
UPL,2015-12-31,Independent,Nerka Chemicals Pvt Ltd,98633100.0
UPL,2016-03-31,Independent,Nerka Chemicals Pvt. Ltd.,98633100.0
UPL,2016-06-30,Independent,Nerka Chemicals Pvt. Ltd.,98633100.0
UPL,2016-09-30,Independent,Nerka Chemicals Pvt Ltd,101256245.0
UPL,2016-12-31,Independent,Body Corporate,127932775.0
UPL,2017-03-31,Independent,Body Corporate,127932775.0
UPL,2017-06-30,Independent,Body Corporate,128179292.0
UPL,2017-09-30,Independent,Body Corporate,128179292.0
UPL,2017-12-31,Independent,Body Corporate,128179292.0
UPL,2018-03-31,Independent,Nerka Chemicals Pvt Ltd,101523324.0
UPL,2018-06-30,Independent,Nerka Chemicals Pvt Ltd,101523324.0
UPL,2018-09-30,Independent,Nerka Chemicals Pvt Ltd,102342927.0
UPL,2018-12-31,Independent,Nerka Chemicals Pvt Ltd,102392927.0
UPL,2019-03-31,Independent,Nerka Chemicals Pvt Ltd,102392927.0
UPL,2019-06-30,Independent,Nerka Chemicals Pvt Ltd,102397927.0
UPL,2019-07-04,Independent,Nerka Chemicals Pvt Ltd,153596890.0
UPL,2019-09-30,Independent,Nerka Chemicals Pvt Ltd,153596890.0
UPL,2019-12-31,Independent,Nerka Chemicals Pvt Ltd,153596890.0
UPL,2020-03-31,Independent,Nerka Chemicals Pvt Ltd,153596890.0
UPL,2020-06-30,Independent,Nerka Chemicals Pvt Ltd,153596890.0
UPL,2020-09-30,Independent,Nerka Chemicals Pvt Ltd,153596890.0
UPL,2020-12-31,Independent,Nerka Chemicals Pvt Ltd,153596890.0
UPL,2021-03-31,Independent,Nerka Chemicals Pvt Ltd,153596890.0
UPL,2021-06-30,Independent,Nerka Chemicals Pvt Ltd,153596890.0
UPL,2021-09-30,Independent,Nerka Chemical Pvt Ltd,153596890.0
UPL,2021-12-31,Independent,Nerka Chemicals Pvt Ltd,153596890.0
UPL,2022-03-31,Independent,Nerka Chemicals Pvt Ltd,153596890.0
UPL,2022-06-30,Independent,Nerka Chemicals Pvt Ltd,153596890.0
UPL,2022-09-30,Independent,Nerka Chemicals Pvt Ltd,153596890.0
UPL,2022-12-31,Independent,Nerka Chemicals Pvt Ltd,153596890.0
UPL,2023-03-31,Independent,Nerka Chemicals Pvt Ltd,153596890.0
UPL,2023-06-30,Independent,Nerka Chemicals Pvt Ltd,153596890.0
UPL,2023-09-30,Independent,Nerka Chemicals Pvt Ltd,153596890.0
UPL,2023-12-31,Independent,Nerka Chemicals Pvt Ltd,153596890.0
UPL,2024-03-31,Independent,Nerka Chemicals Pvt Ltd,153596890.0
UPL,2024-06-30,Independent,Nerka Chemicals Pvt Ltd,153596890.0
UPL,2024-09-30,Independent,Nerka Chemicals Pvt Ltd,153596890.0
UPL,2024-12-20,Independent,Nerka Chemicals Pvt Ltd,178004622.0
UPL,2024-12-31,Independent,Nerka Chemicals Pvt Ltd,160698823.0
UPL,2025-01-17,Independent,Nerka Chemicals Pvt Ltd,160698823.0
UPL,2025-03-31,Independent,Nerka Chemicals Pvt Ltd,167580756.0
UPL,2025-06-30,Independent,Nerka Chemicals Pvt Ltd,167580756.0
UPL,2025-09-30,Independent,Nerka Chemicals Pvt Ltd,180764622.0
UPL,2025-12-31,Independent,Nerka Chemicals Pvt Ltd,180764622.0
VAKRANGEE,2014-03-31,Independent,,0.0
VAKRANGEE,2014-06-30,Independent,,0.0
VAKRANGEE,2014-09-30,Independent,,0.0
VAKRANGEE,2014-12-31,Independent,,0.0
VAKRANGEE,2015-03-31,Independent,,0.0
VAKRANGEE,2015-06-30,Independent,,0.0
VAKRANGEE,2015-09-30,Independent,,0.0
VAKRANGEE,2015-12-31,Independent,VAKRANGEE HOLDINGS PRIVATE LIMITED,69400000.0
VAKRANGEE,2016-03-31,Independent,VAKRANGEE HOLDINGS PRIVATE LIMITED,125375194.0
VAKRANGEE,2016-06-30,Independent,VAKRANGEE HOLDINGS PRIVATE LIMITED,125375194.0
VAKRANGEE,2016-09-30,Independent,VAKRANGEE HOLDINGS PRIVATE LIMITED,125375194.0
VAKRANGEE,2016-12-31,Independent,Body Corporate,190311414.0
VAKRANGEE,2017-03-31,Independent,Body Corporate,190311414.0
VAKRANGEE,2017-06-30,Independent,Body Corporate,190311414.0
VAKRANGEE,2017-09-30,Independent,Body Corporate,190311414.0
VAKRANGEE,2017-12-26,Independent,Body Corporate,382050070.0
VAKRANGEE,2017-12-31,Independent,Body Corporate,382050070.0
VAKRANGEE,2018-03-31,Independent,Vakrangee Holdings Private Limited,250950388.0
VAKRANGEE,2018-06-30,Independent,VAKRANGEE HOLDINGS PRIVATE LIMITED,250950388.0
VAKRANGEE,2018-09-30,Independent,VAKRANGEE HOLDINGS PRIVATE LIMITED,250950388.0
VAKRANGEE,2018-12-31,Independent,VAKRANGEE HOLDINGS PRIVATE LIMITED,250950388.0
VAKRANGEE,2019-03-31,Independent,VAKRANGEE HOLDINGS PRIVATE LIMITED,250950388.0
VAKRANGEE,2019-06-30,Independent,Vakrangee Holdings Private Limited,250950388.0
VAKRANGEE,2019-09-30,Independent,Vakrangee Holdings Private Limited,250950388.0
VAKRANGEE,2019-12-31,Independent,Vakrangee Holdings Private Limited,250950388.0
VAKRANGEE,2020-03-31,Independent,Vakrangee Holdings Private Limited,250950388.0
VAKRANGEE,2020-06-30,Independent,Vakrangee Holdings Private Limited,250950388.0
VAKRANGEE,2020-09-30,Independent,Vakrangee Holdings Private Limited,250950388.0
VAKRANGEE,2020-12-31,Independent,Vakrangee Holdings Private Limited,250950388.0
VAKRANGEE,2021-03-31,Independent,Vakrangee Holdings Private Limited,250950388.0
VAKRANGEE,2021-06-30,Independent,Vakrangee Holdings Private Limited,250950388.0
VAKRANGEE,2021-09-30,Independent,VAKRANGEE HOLDINGS PRIVATE LIMITED,250950388.0
VAKRANGEE,2021-12-31,Independent,VAKRANGEE HOLDINGS PRIVATE LIMITED,250950388.0
VAKRANGEE,2022-03-31,Independent,Vakrangee Holdings Private Limited,250950388.0
VAKRANGEE,2022-06-30,Independent,VAKRANGEE HOLDINGS PRIVATE LIMITED,250950388.0
VAKRANGEE,2022-09-30,Independent,Vakrangee Holdings Private Limited,250950388.0
VAKRANGEE,2022-12-31,Independent,VAKRANGEE HOLDINGS PRIVATE LIMITED,250950388.0
VAKRANGEE,2023-03-31,Independent,Vakrangee Holdings Private Limited,250950388.0
VAKRANGEE,2023-06-30,Independent,VAKRANGEE HOLDINGS PRIVATE LIMITED,250950388.0
VAKRANGEE,2023-09-30,Independent,VAKRANGEE HOLDINGS PRIVATE LIMITED,250950388.0
VAKRANGEE,2023-12-31,Independent,VAKRANGEE HOLDINGS PRIVATE LIMITED,250950388.0
VAKRANGEE,2024-03-31,Independent,VAKRANGEE HOLDINGS PRIVATE LIMITED,250950388.0
VAKRANGEE,2024-06-30,Independent,VAKRANGEE HOLDINGS PRIVATE LIMITED,250950388.0
VAKRANGEE,2024-09-30,Independent,VAKRANGEE HOLDINGS PRIVATE LIMITED,250950388.0
VAKRANGEE,2024-12-31,Independent,VAKRANGEE HOLDINGS PRIVATE LIMITED,250950388.0
VAKRANGEE,2025-03-31,Independent,VAKRANGEE HOLDINGS PRIVATE LIMITED,250950388.0
VAKRANGEE,2025-06-30,Independent,VAKRANGEE HOLDINGS PRIVATE LIMITED,250950388.0
VAKRANGEE,2025-09-30,Independent,VAKRANGEE HOLDINGS PRIVATE LIMITED,250950388.0
VAKRANGEE,2025-12-31,Independent,VAKRANGEE HOLDINGS PRIVATE LIMITED,250950388.0
VARROC,2018-07-05,Independent,TARANG JAIN,60729800.0
VARROC,2018-09-30,Independent,Tarang Jain,60729800.0
VARROC,2018-12-31,Independent,Tarang Jain,60729800.0
VARROC,2019-03-31,Independent,Tarang Jain,60729800.0
VARROC,2019-06-30,Independent,Tarang Jain,60729800.0
VARROC,2019-09-30,Independent,Tarang Jain,60729800.0
VARROC,2019-12-31,Independent,Tarang Jain,60729800.0
VARROC,2020-06-30,Independent,Tarang Jain,60729800.0
VARROC,2020-09-30,Independent,Tarang Jain,60729800.0
VARROC,2020-12-31,Independent,Tarang Jain,60729800.0
VARROC,2021-03-25,Independent,Tarang Jain,60729800.0
VARROC,2021-03-31,Independent,Tarang Jain,60729800.0
VARROC,2021-06-30,Independent,Tarang Jain,60729800.0
VARROC,2021-09-30,Independent,Tarang Jain,60729800.0
VARROC,2021-12-31,Independent,Tarang Jain,60729800.0
VARROC,2022-03-31,Independent,Tarang Jain,60729800.0
VARROC,2022-06-30,Independent,Tarang Jain,60729800.0
VARROC,2022-09-30,Independent,Tarang Jain,60729800.0
VARROC,2022-12-31,Independent,Tarang Jain,60729800.0
VARROC,2023-03-31,Independent,Tarang Jain,60729800.0
VARROC,2023-06-30,Independent,Tarang Jain,60729800.0
VARROC,2023-09-30,Independent,Tarang Jain,60729800.0
VARROC,2023-12-31,Independent,Tarang Jain,60729800.0
VARROC,2024-03-31,Independent,Tarang Jain,60729800.0
VARROC,2024-06-30,Independent,Tarang Jain,60729800.0
VARROC,2024-09-30,Independent,Tarang Jain,60729800.0
VARROC,2024-12-31,Independent,Tarang Jain,60729800.0
VARROC,2025-03-31,Independent,Tarang Jain,60729800.0
VARROC,2025-06-30,Independent,Tarang Jain,60729800.0
VARROC,2025-09-30,Independent,Tarang Jain,60729800.0
VARROC,2025-12-31,Independent,Tarang Jain,60729800.0
VBL,2016-10-28,Independent,RJ CORP LIMITED,49932870.0
VBL,2016-12-31,Independent,Body Corporate,55624523.0
VBL,2017-03-31,Independent,Body Corporate,55822345.0
VBL,2017-06-30,Independent,Body Corporate,55822345.0
VBL,2017-09-30,Independent,Body Corporate,55822345.0
VBL,2017-12-31,Independent,Body Corporate,55822345.0
VBL,2018-03-31,Independent,RJ CORP LIMITED,44783279.0
VBL,2018-06-30,Independent,RJ CORP LIMITED,55822345.0
VBL,2018-09-30,Independent,RJ CORP LIMITED,55822345.0
VBL,2018-12-31,Independent,RJ CORP LIMITED,55822345.0
VBL,2019-03-31,Independent,RJ CORP LIMITED,55822345.0
VBL,2019-06-30,Independent,RJ CORP LIMITED,55822345.0
VBL,2019-07-29,Independent,RJ CORP LIMITED,83733517.0
VBL,2019-09-07,Independent,RJ CORP LIMITED,83733517.0
VBL,2019-09-30,Independent,RJ CORP LIMITED,81033517.0
VBL,2019-12-31,Independent,RJ CORP LIMITED,81033517.0
VBL,2020-03-31,Independent,RJ CORP LIMITED,79933517.0
VBL,2020-06-30,Independent,RJ CORP LIMITED,79933517.0
VBL,2020-09-30,Independent,RJ CORP LIMITED,79933517.0
VBL,2020-12-31,Independent,RJ CORP LIMITED,79933517.0
VBL,2021-03-31,Independent,RJ CORP LIMITED,79933517.0
VBL,2021-06-14,Independent,RJ CORP LIMITED,119900275.0
VBL,2021-06-30,Independent,RJ CORP LIMITED,119900275.0
VBL,2021-09-30,Independent,Rj Corp Limited,119900275.0
VBL,2021-12-31,Independent,Rj Corp Limited,119900275.0
VBL,2022-03-31,Independent,Rj Corp Limited,119900275.0
VBL,2022-06-09,Independent,RJ Corp Limited,177900412.0
VBL,2022-06-30,Independent,RJ Corp Limited,177900412.0
VBL,2022-09-30,Independent,Rj Corp Limited,177900412.0
VBL,2022-12-31,Independent,Rj Corp Limited,177900412.0
VBL,2023-03-31,Independent,Rj Corp Limited,177900412.0
VBL,2023-06-30,Independent,RJ Corp Limited,352750824.0
VBL,2023-09-30,Independent,RJ Corp Limited,349750824.0
VBL,2023-12-31,Independent,RJ Corp Limited,349750824.0
VBL,2024-03-31,Independent,RJ Corp Limited,349750824.0
VBL,2024-06-30,Independent,RJ Corp Limited,347550824.0
VBL,2024-09-30,Independent,RJ Corp Limited,868877060.0
VBL,2024-11-19,Independent,RJ Corp Limited,868877060.0
VBL,2024-12-31,Independent,RJ Corp Limited,868877060.0
VBL,2025-03-31,Independent,RJ Corp Limited,868877060.0
VBL,2025-06-30,Independent,RJ Corp Limited,855041916.0
VBL,2025-09-30,Independent,RJ Corp Limited,855041916.0
VBL,2025-12-31,Independent,RJ Corp Limited,855041916.0
VEDL,2014-03-31,Independent,,0.0
VEDL,2014-06-30,Independent,,0.0
VEDL,2014-09-30,Independent,,0.0
VEDL,2014-12-31,Independent,,0.0
VEDL,2015-03-31,Independent,,0.0
VEDL,2015-06-30,Independent,,0.0
VEDL,2015-09-30,Independent,,0.0
VEDL,2015-12-31,Independent,TWIN STAR HOLDINGS LIMITED,1379377457.0
VEDL,2016-03-31,Independent,BODY CORPORATE,1863458132.0
VEDL,2016-06-30,Independent,TWINSTAR HOLDINGS LIMITED,1379377457.0
VEDL,2016-09-30,Independent,TWINSTAR HOLDINGS LIMITED,1379377457.0
VEDL,2016-12-31,Independent,Body Corporate,1863458132.0
VEDL,2017-03-31,Independent,TWIN STAR HOLDINGS LIMITED,1379377457.0
VEDL,2017-04-28,Independent,Body Corporate,1863458132.0
VEDL,2017-06-30,Independent,Body Corporate,1863458132.0
VEDL,2017-09-30,Independent,Body Corporate,1863458132.0
VEDL,2017-12-31,Independent,Body Corporate,1863458132.0
VEDL,2018-03-31,Independent,TWIN STAR HOLDINGS LIMITED,1379377457.0
VEDL,2018-06-30,Independent,Twin Star Holdings Limited,1379377457.0
VEDL,2018-09-30,Independent,Twin Star Holdings Limited,1379377457.0
VEDL,2018-12-31,Independent,Twin Star Holdings Limited,1379377457.0
VEDL,2019-03-31,Independent,TWIN STAR HOLDINGS LIMITED,1379377457.0
VEDL,2019-06-30,Independent,TWIN STAR HOLDINGS LIMITED,1379377457.0
VEDL,2019-09-30,Independent,TWIN STAR HOLDINGS LIMITED,1379377457.0
VEDL,2019-12-31,Independent,TWIN STAR HOLDINGS LIMITED,1379377457.0
VEDL,2020-03-31,Independent,TWINSTAR HOLDINGS LIMITED(1) & (2),1379377457.0
VEDL,2020-06-30,Independent,TWIN STAR HOLDINGS LIMITED,1379377457.0
VEDL,2020-09-30,Independent,TWINSTAR HOLDINGS LIMITED,1379377457.0
VEDL,2020-12-31,Independent,TWINSTAR HOLDINGS LIMITED(1),1379377457.0
VEDL,2021-03-31,Independent,TWINSTAR HOLDINGS LIMITED(1),1379377457.0
VEDL,2021-04-16,Independent,TWIN STAR HOLDINGS LTD,1620820572.0
VEDL,2021-06-30,Independent,TWIN STAR HOLDINGS LTD,1620820572.0
VEDL,2021-09-30,Independent,TWIN STAR HOLDINGS LTD,1620820572.0
VEDL,2021-12-31,Independent,TWIN STAR HOLDINGS LTD,1724805858.0
VEDL,2022-03-31,Independent,TWIN STAR HOLDINGS LTD,1724805858.0
VEDL,2022-06-30,Independent,TWIN STAR HOLDINGS LTD,1724805858.0
VEDL,2022-09-30,Independent,TWIN STAR HOLDINGS LTD,1724805858.0
VEDL,2022-12-31,Independent,TWIN STAR HOLDINGS LTD,1724805858.0
VEDL,2023-03-31,Independent,TWIN STAR HOLDINGS LTD,1724805858.0
VEDL,2023-06-30,Independent,TWIN STAR HOLDINGS LTD,1724805858.0
VEDL,2023-09-30,Independent,TWIN STAR HOLDINGS LTD,1564805858.0
VEDL,2023-12-31,Independent,TWIN STAR HOLDINGS LTD,1564805858.0
VEDL,2024-03-31,Independent,TWIN STAR HOLDINGS LTD,1564805858.0
VEDL,2024-06-30,Independent,TWIN STAR HOLDINGS LTD,1564805858.0
VEDL,2024-07-20,Independent,TWIN STAR HOLDINGS LTD,1564805858.0
VEDL,2024-09-30,Independent,TWIN STAR HOLDINGS LTD,1564805858.0
VEDL,2024-12-31,Independent,TWIN STAR HOLDINGS LTD,1564805858.0
VEDL,2025-03-31,Independent,TWIN STAR HOLDINGS LTD,1564805858.0
VEDL,2025-06-30,Independent,TWIN STAR HOLDINGS LTD,1564805858.0
VEDL,2025-09-30,Independent,TWIN STAR HOLDINGS LTD,1564805858.0
VEDL,2025-12-31,Independent,TWIN STAR HOLDINGS LTD,1564805858.0
VGUARD,2014-03-31,Independent,,0.0
VGUARD,2014-06-30,Independent,,0.0
VGUARD,2014-09-30,Independent,,0.0
VGUARD,2014-12-31,Independent,,0.0
VGUARD,2015-03-31,Independent,,0.0
VGUARD,2015-06-30,Independent,,0.0
VGUARD,2015-09-30,Independent,,0.0
VGUARD,2015-12-31,Independent,CHITTILAPPILLY THOMAS KOCHOUSEPH,7366518.0
VGUARD,2016-03-31,Independent,CHITTILAPPILLY THOMAS KOCHOUSEPH,7366518.0
VGUARD,2016-06-30,Independent,CHITTILAPPILLY THOMAS KOCHOUSEPH,7366518.0
VGUARD,2016-09-30,Independent,CHITTILAPPILLY THOMAS KOCHOUSEPH,73665180.0
VGUARD,2016-12-31,Independent,CHITTILAPPILLY THOMAS KOCHOUSEPH,73665180.0
VGUARD,2017-03-17,Independent,CHITTILAPPILLY THOMAS KOCHOUSEPH,103131252.0
VGUARD,2017-03-31,Independent,CHITTILAPPILLY THOMAS KOCHOUSEPH,82323252.0
VGUARD,2017-06-30,Independent,CHITTILAPPILLY THOMAS KOCHOUSEPH,82323252.0
VGUARD,2017-09-30,Independent,Chittilappily Thomas Kochouseph,82323252.0
VGUARD,2017-12-31,Independent,Kochouseph Thomas Chittilappilly,79343252.0
VGUARD,2018-03-31,Independent,Chittilappilly Thomas Kochouseph,79343252.0
VGUARD,2018-06-30,Independent,Chittilappily Thomas Kochouseph,79343252.0
VGUARD,2018-09-30,Independent,Chittilappily Thomas Kochouseph,79343252.0
VGUARD,2018-12-31,Independent,Chittilappily Thomas Kochouseph,79008252.0
VGUARD,2019-03-31,Independent,Chittilappily Thomas Kochouseph,79008252.0
VGUARD,2019-06-30,Independent,Chittilappily Thomas Kochouseph,79008252.0
VGUARD,2019-09-30,Independent,Chittilappily Thomas Kochouseph,78778252.0
VGUARD,2019-12-31,Independent,Mithun K Chittilappilly,107669828.0
VGUARD,2020-03-31,Independent,Mithun Kochouseph Chittilappilly,107686278.0
VGUARD,2020-06-30,Independent,Mithun Kochouseph Chittilappilly,107686278.0
VGUARD,2020-09-30,Independent,Mithun Kochouseph Chittilappilly,107687278.0
VGUARD,2020-12-31,Independent,Mithun Kochouseph Chittilappilly,107687278.0
VGUARD,2021-03-31,Independent,Mithun Kochouseph Chittilappilly,107687278.0
VGUARD,2021-06-30,Independent,Mithun Kochouseph Chittilappilly,86387278.0
VGUARD,2021-09-30,Independent,Mithun Kochouseph Chittilappilly,86387278.0
VGUARD,2021-12-31,Independent,Mithun Kochouseph Chittilappilly,86387278.0
VGUARD,2022-03-31,Independent,Mithun Kochouseph Chittilappilly,86389878.0
VGUARD,2022-06-30,Independent,Mithun Kochouseph Chittilappilly,86389878.0
VGUARD,2022-09-30,Independent,Mithun Kochouseph Chittilappilly,86389878.0
VGUARD,2022-12-31,Independent,Mithun Kochouseph Chittilappilly,86389878.0
VGUARD,2023-03-31,Independent,Mithun Kochouseph Chittilappilly,86389878.0
VGUARD,2023-06-30,Independent,Mithun Kochouseph Chittilappilly,86389878.0
VGUARD,2023-09-30,Independent,Mithun Kochouseph Chittilappilly,86389878.0
VGUARD,2023-12-31,Independent,Mithun Kochouseph Chittilappilly,86389878.0
VGUARD,2024-03-31,Independent,Mithun Kochouseph Chittilappilly,86389878.0
VGUARD,2024-06-30,Independent,Mithun Kochouseph Chittilappilly,86389878.0
VGUARD,2024-09-30,Independent,Mithun Kochouseph Chittilappilly,86389878.0
VGUARD,2024-12-31,Independent,Mithun Kochouseph Chittilappilly,86389878.0
VGUARD,2025-03-31,Independent,Mithun Kochouseph Chittilappilly,86389878.0
VGUARD,2025-06-30,Independent,Mithun Kochouseph Chittilappilly,86389878.0
VGUARD,2025-09-30,Independent,Mithun Kochouseph Chittilappilly,86389878.0
VGUARD,2025-12-31,Independent,Mithun Kochouseph Chittilappilly,86389878.0
VIDEOIND,2014-03-31,Independent,,0.0
VIDEOIND,2014-06-30,Independent,,0.0
VIDEOIND,2014-09-30,Independent,,0.0
VIDEOIND,2014-12-22,Independent,,0.0
VIDEOIND,2014-12-31,Independent,,0.0
VIDEOIND,2015-03-31,Independent,,0.0
VIDEOIND,2015-06-30,Independent,,0.0
VIDEOIND,2015-09-30,Independent,,0.0
VIDEOIND,2015-12-31,Independent,VIDEOCON REALTY AND INFRASTRUCTURES LTD,64670518.0
VIDEOIND,2016-03-31,Independent,PROMOTER GROUP COMPANIES,219911212.0
VIDEOIND,2016-06-30,Independent,PROMOTER GROUP COMPANIES,220071212.0
VIDEOIND,2016-09-30,Independent,PROMOTER GROUP COMPANIES,220197478.0
VIDEOIND,2016-12-31,Independent,Body Corporate,220312478.0
VIDEOIND,2017-03-31,Independent,Body Corporate,220312478.0
VIDEOIND,2017-06-30,Independent,Body Corporate,208036762.0
VIDEOIND,2017-09-30,Independent,Body Corporate,195621346.0
VIDEOIND,2017-12-31,Independent,Body Corporate,180945698.0
VIDEOIND,2018-03-31,Independent,VIDEOCON REALTY AND INFRASTRUCTURES LTD,50019095.0
VIDEOIND,2018-06-30,Independent,VIDEOCON REALTY AND INFRASTRUCTURES LTD,50019095.0
VIDEOIND,2018-09-30,Independent,VIDEOCON REALTY AND INFRASTRUCTURES LTD,49819095.0
VIDEOIND,2018-12-31,Independent,VIDEOCON REALTY AND INFRASTRUCTURES LTD,49629095.0
VIDEOIND,2019-03-31,Independent,VIDEOCON REALTY AND INFRASTRUCTURES LTD,49629095.0
VIDEOIND,2019-06-30,Independent,VIDEOCON REALTY AND INFRASTRUCTURES LTD,49629095.0
VIDEOIND,2019-09-30,Independent,VIDEOCON REALTY AND INFRASTRUCTURES LTD,49629095.0
VIDEOIND,2019-12-31,Independent,VIDEOCON REALTY AND INFRASTRUCTURES LTD,49629095.0
VIDEOIND,2020-03-31,Independent,VIDEOCON REALTY AND INFRASTRUCTURES LTD,49629095.0
VIDEOIND,2020-06-30,Independent,VIDEOCON REALTY AND INFRASTRUCTURES LTD,49629095.0
VIDEOIND,2020-09-30,Independent,Other,135195432.0
VIDEOIND,2020-12-31,Independent,VIDEOCON REALTY AND INFRASTRUCTURE LIMITED,49629095.0
VIDEOIND,2021-03-31,Independent,VIDEOCON REALTY AND INFRASTRUCTURE LIMITED,49757520.0
VIDEOIND,2021-06-30,Independent,VIDEOCON REALTY AND INFRASTRUCTURE LIMITED,49600891.0
VIDEOIND,2021-09-30,Independent,VIDEOCON REALTY AND INFRASTRUCTURE LIMITED,49600891.0
VIDEOIND,2021-12-31,Independent,VIDEOCON REALTY AND INFRASTRUCTURE LIMITED,49600891.0
VIDEOIND,2022-03-31,Independent,VIDEOCON REALTY AND INFRASTRUCTURE LIMITED,49600891.0
VIDEOIND,2022-06-30,Independent,VIDEOCON REALTY AND INFRASTRUCTURE LIMITED,49600891.0
VIDEOIND,2022-09-30,Independent,VIDEOCON REALTY AND INFRASTRUCTURE LIMITED,49600891.0
VMM,2024-12-16,Independent,Samayat Services LLP,3427477956.0
VMM,2024-12-31,Independent,Samayat Services LLP,3427477956.0
VMM,2025-03-31,Independent,Samayat Services LLP,3427477956.0
VMM,2025-06-30,Independent,Samayat Services LLP,2527477956.0
VMM,2025-09-30,Independent,Samayat Services LLP,2527477956.0
VMM,2025-12-31,Independent,Samayat Services LLP,2527477956.0
VOLTAS,2014-03-31,Independent,,0.0
VOLTAS,2014-06-30,Independent,,0.0
VOLTAS,2014-09-30,Independent,,0.0
VOLTAS,2014-12-31,Independent,,0.0
VOLTAS,2015-03-31,Independent,,0.0
VOLTAS,2015-06-30,Independent,,0.0
VOLTAS,2015-09-30,Independent,,0.0
VOLTAS,2015-12-31,Tata,Tata Sons Limited,45053820.0
VOLTAS,2016-03-31,Tata,TATA SONS LIMITED,88131780.0
VOLTAS,2016-06-30,Tata,TATA SONS LIMITED,88131780.0
VOLTAS,2016-09-30,Tata,TATA SONS LIMITED,88131780.0
VOLTAS,2016-12-31,Tata,TATA SONS LIMITED,88131780.0
VOLTAS,2017-03-31,Tata,TATA SONS LIMITED,88131780.0
VOLTAS,2017-06-30,Tata,TATA SONS LIMITED,88131780.0
VOLTAS,2017-09-30,Tata,TATA SONS LIMITED,88131780.0
VOLTAS,2017-12-31,Tata,TATA SONS LIMITED,88131780.0
VOLTAS,2018-03-31,Tata,TATA SONS LIMITED,88131780.0
VOLTAS,2018-06-30,Tata,TATA SONS LIMITED,88131780.0
VOLTAS,2018-09-30,Tata,TATA SONS LIMITED,88131780.0
VOLTAS,2018-12-31,Tata,TATA SONS PRIVATE LIMITED,88131780.0
VOLTAS,2019-03-31,Tata,TATA SONS PRIVATE LIMITED,88131780.0
VOLTAS,2019-06-30,Tata,TATA SONS PRIVATE LIMITED,88131780.0
VOLTAS,2019-09-30,Tata,TATA SONS PRIVATE LIMITED,88131780.0
VOLTAS,2019-12-31,Tata,Tata Sons Private Limited,88131780.0
VOLTAS,2020-03-31,Tata,Tata Sons Private Limited,88131780.0
VOLTAS,2020-09-30,Tata,Tata Sons Private Limited,88131780.0
VOLTAS,2020-12-31,Tata,Tata Sons Private Limited,88131780.0
VOLTAS,2021-03-31,Tata,Tata Sons Private Limited,88131780.0
VOLTAS,2021-06-30,Tata,Tata Sons Private Ltd,88131780.0
VOLTAS,2021-09-30,Tata,Tata Sons Private Limited,88131780.0
VOLTAS,2021-12-31,Tata,Tata Sons Private Limited,88131780.0
VOLTAS,2022-03-31,Tata,Tata Sons Private Limited,88131780.0
VOLTAS,2022-06-30,Tata,Tata Sons Private Ltd,88131780.0
VOLTAS,2022-09-30,Tata,Tata Sons Private Ltd,88131780.0
VOLTAS,2022-12-31,Tata,Tata Sons Private Ltd,88131780.0
VOLTAS,2023-03-31,Tata,Tata Sons Private Ltd,88131780.0
VOLTAS,2023-06-30,Tata,Tata Sons Private Ltd,88131780.0
VOLTAS,2023-09-30,Tata,Tata Sons Private Ltd,88131780.0
VOLTAS,2023-12-31,Tata,Tata Sons Private Ltd,88131780.0
VOLTAS,2024-03-31,Tata,Tata Sons Private Ltd,88131780.0
VOLTAS,2024-06-30,Tata,Tata Sons Private Limited,88131780.0
VOLTAS,2024-09-30,Tata,Tata Sons Private Limited,88131780.0
VOLTAS,2024-12-31,Tata,Tata Sons Private Ltd,88131780.0
VOLTAS,2025-03-31,Tata,Tata Sons Private Ltd,88131780.0
VOLTAS,2025-06-30,Tata,Tata Sons Private Limited,88131780.0
VOLTAS,2025-09-30,Tata,Tata Sons Private Limited,88131780.0
VOLTAS,2025-12-31,Tata,Tata Sons Private Limited,88131780.0
WAAREEENER,2024-10-24,Independent,Waaree Sustainable Finance Private Limitedn(Formerly Mahavir Thermoequip PrivatenLimited),52767331.0
WAAREEENER,2024-12-31,Independent,Waaree Sustainable Finance Private Limitedn(Formerly Mahavir Thermoequip PrivatenLimited),52767331.0
WAAREEENER,2025-03-31,Independent,Waaree Sustainable Finance Private Limitedn(Formerly Mahavir Thermoequip PrivatenLimited),52767331.0
WAAREEENER,2025-06-30,Independent,Chimanlal Tribhovandas Doshi,131963212.0
WAAREEENER,2025-09-30,Independent,Chimanlal Tribhovandas Doshi,131963212.0
WAAREEENER,2025-12-31,Independent,Chimanlal Tribhovandas Doshi,131963212.0
WABAG,2014-03-31,Independent,,0.0
WABAG,2014-06-30,Independent,,0.0
WABAG,2014-09-30,Independent,,0.0
WABAG,2014-12-31,Independent,,0.0
WABAG,2015-03-31,Independent,,0.0
WABAG,2015-06-30,Independent,,0.0
WABAG,2015-09-30,Independent,,0.0
WABAG,2015-12-31,Independent,RAJIV MITTAL,9709406.0
WABAG,2016-03-31,Independent,RAJIV MITTAL,9709406.0
WABAG,2016-06-30,Independent,RAJIV MITTAL,9709406.0
WABAG,2016-09-30,Independent,RAJIV MITTAL,9709406.0
WABAG,2016-12-31,Independent,RAJIV MITTAL,9709406.0
WABAG,2017-03-31,Independent,RAJIV MITTAL,9709406.0
WABAG,2017-06-30,Independent,RAJIV MITTAL,9709406.0
WABAG,2017-09-30,Independent,RAJIV MITTAL,9709406.0
WABAG,2017-12-31,Independent,RAJIV MITTAL,9709406.0
WABAG,2018-03-31,Independent,RAJIV MITTAL,9709406.0
WABAG,2018-06-30,Independent,RAJIV MITTAL,9709406.0
WABAG,2018-09-30,Independent,RAJIV MITTAL,9709406.0
WABAG,2018-12-31,Independent,RAJIV MITTAL,9709406.0
WABAG,2019-03-31,Independent,RAJIV DEVRAJ MITTAL,9709406.0
WABAG,2019-06-30,Independent,RAJIV MITTAL,9709406.0
WABAG,2019-09-30,Independent,RAJIV MITTAL,9709406.0
WABAG,2019-12-31,Independent,RAJIV  MITTAL,9709406.0
WABAG,2020-03-31,Independent,RAJIV MITTAL,9709406.0
WABAG,2020-06-30,Independent,RAJIV MITTAL,9709406.0
WABAG,2020-09-29,Independent,RAJIV MITTAL,9709406.0
WABAG,2020-09-30,Independent,RAJIV MITTAL,9709406.0
WABAG,2020-12-31,Independent,RAJIV MITTAL,9709406.0
WABAG,2021-03-31,Independent,RAJIV MITTAL,9709406.0
WABAG,2021-06-30,Independent,RAJIV MITTAL,9709406.0
WABAG,2021-09-30,Independent,RAJIV MITTAL,9709406.0
WABAG,2021-12-31,Independent,RAJIV MITTAL,9709406.0
WABAG,2022-03-31,Independent,RAJIV MITTAL,9709406.0
WABAG,2022-06-30,Independent,RAJIV MITTAL,9709406.0
WABAG,2022-09-30,Independent,RAJIV MITTAL,9709406.0
WABAG,2022-12-31,Independent,RAJIV MITTAL,9709406.0
WABAG,2023-03-31,Independent,RAJIV MITTAL,9709406.0
WABAG,2023-06-30,Independent,RAJIV MITTAL,9709406.0
WABAG,2023-09-30,Independent,RAJIV MITTAL,9709406.0
WABAG,2023-12-31,Independent,RAJIV MITTAL,9709406.0
WABAG,2024-03-31,Independent,RAJIV MITTAL,9709406.0
WABAG,2024-06-30,Independent,RAJIV MITTAL,9709406.0
WABAG,2024-09-30,Independent,RAJIV MITTAL,9709406.0
WABAG,2024-12-31,Independent,RAJIV MITTAL,9709406.0
WABAG,2025-03-31,Independent,RAJIV MITTAL,9709406.0
WABAG,2025-06-30,Independent,RAJIV MITTAL,9709406.0
WABAG,2025-09-30,Independent,RAJIV MITTAL,9709406.0
WABAG,2025-12-31,Independent,RAJIV MITTAL,9709406.0
WHIRLPOOL,2014-03-31,Independent,,0.0
WHIRLPOOL,2014-06-30,Independent,,0.0
WHIRLPOOL,2014-09-30,Independent,,0.0
WHIRLPOOL,2014-12-31,Independent,,0.0
WHIRLPOOL,2015-03-31,Independent,,0.0
WHIRLPOOL,2015-06-30,Independent,,0.0
WHIRLPOOL,2015-09-30,Independent,,0.0
WHIRLPOOL,2015-12-31,Independent,Bodies Corporate - Whirlpool Mauritius Ltd,95153872.0
WHIRLPOOL,2016-03-31,Independent,Whirlpool Mauritius Ltd,95153872.0
WHIRLPOOL,2016-06-30,Independent,Whirlpool Mauritius Ltd,95153872.0
WHIRLPOOL,2016-09-30,Independent,Whirlpool Mauritius Ltd,95153872.0
WHIRLPOOL,2016-12-31,Independent,Body Corporate,95153872.0
WHIRLPOOL,2017-03-31,Independent,Body Corporate,95153872.0
WHIRLPOOL,2017-06-30,Independent,Body Corporate,95153872.0
WHIRLPOOL,2017-09-30,Independent,Body Corporate,95153872.0
WHIRLPOOL,2017-12-31,Independent,Body Corporate,95153872.0
WHIRLPOOL,2018-03-31,Independent,Whirlpool Mauritius Ltd,95153872.0
WHIRLPOOL,2018-06-30,Independent,Whirlpool Mauritius Ltd,95153872.0
WHIRLPOOL,2018-09-30,Independent,Whirlpool Mauritius Ltd,95153872.0
WHIRLPOOL,2018-12-31,Independent,Whirlpool Mauritius Ltd.,95153872.0
WHIRLPOOL,2019-03-31,Independent,Whirlpool Mauritius Ltd.,95153872.0
WHIRLPOOL,2019-06-30,Independent,Whirlpool Mauritius Limited,95153872.0
WHIRLPOOL,2019-09-30,Independent,Whirlpool Mauritius Ltd.,95153872.0
WHIRLPOOL,2019-12-31,Independent,Whirlpool Mauritius Limited,95153872.0
WHIRLPOOL,2020-03-31,Independent,Whirlpool Mauritius Limited,95153872.0
WHIRLPOOL,2020-06-30,Independent,Whirlpool Mauritiuis Limited,95153872.0
WHIRLPOOL,2020-09-30,Independent,Whirlpool Mauritius Limited,95153872.0
WHIRLPOOL,2020-12-31,Independent,Whirlpool Mauritius Limited,95153872.0
WHIRLPOOL,2021-03-31,Independent,Whirlpool Mauritius Limited,95153872.0
WHIRLPOOL,2021-06-30,Independent,Whirlpool Mauritius Ltd,95153872.0
WHIRLPOOL,2021-09-30,Independent,Whirlpool Mauritius Limited,95153872.0
WHIRLPOOL,2021-12-31,Independent,Whirlpool Mauritius Ltd,95153872.0
WHIRLPOOL,2022-03-31,Independent,Whirlpool Mauritius Ltd,95153872.0
WHIRLPOOL,2022-06-30,Independent,Whirlpool Mauritius Ltd,95153872.0
WHIRLPOOL,2022-09-30,Independent,Whirlpool Mauritius Ltd,95153872.0
WHIRLPOOL,2022-12-31,Independent,Whirlpool Mauritius Limited,95153872.0
WHIRLPOOL,2023-03-31,Independent,Whirlpool Mauritius Limited,95153872.0
WHIRLPOOL,2023-06-30,Independent,Whirlpool Mauritius Ltd,95153872.0
WHIRLPOOL,2023-09-30,Independent,Whirlpool Mauritius Ltd,95153872.0
WHIRLPOOL,2023-12-31,Independent,Whirlpool Mauritius Ltd,95153872.0
WHIRLPOOL,2024-03-31,Independent,Whirlpool Mauritius Ltd,64704633.0
WHIRLPOOL,2024-06-30,Independent,Whirlpool Mauritius Ltd,64704633.0
WHIRLPOOL,2024-09-30,Independent,Whirlpool Mauritius Ltd,64704633.0
WHIRLPOOL,2024-12-31,Independent,Whirlpool Mauritius Ltd,64704633.0
WHIRLPOOL,2025-03-31,Independent,Whirlpool Mauritius Limited,64704633.0
WHIRLPOOL,2025-06-30,Independent,Whirlpool Mauritius Limited,64704633.0
WHIRLPOOL,2025-09-30,Independent,Whirlpool Mauritius Limited,64704633.0
WHIRLPOOL,2025-12-31,Independent,Whirlpool Mauritius Ltd,50449633.0
WIPRO,2014-03-31,Independent,,0.0
WIPRO,2014-06-30,Independent,,0.0
WIPRO,2014-09-30,Independent,,0.0
WIPRO,2014-12-31,Independent,,0.0
WIPRO,2015-03-31,Independent,,0.0
WIPRO,2015-06-30,Independent,,0.0
WIPRO,2015-09-30,Independent,,0.0
WIPRO,2015-12-31,Independent,MR AZIM HASHAM PREMJI PARTNER REPRESENTING PRAZIM TRADERS,452906791.0
WIPRO,2016-03-31,Independent,Mr Azim Hasham Premji Partner Representing Prazim Traders,452906791.0
WIPRO,2016-06-30,Independent,Mr Azim Hasham Premji Partner Representing Prazim Traders,452906791.0
WIPRO,2016-07-08,Independent,Mr Azim Hasham Premji Partner Representing Prazim Traders,452906791.0
WIPRO,2016-09-30,Independent,Mr Azim Hasham Premji Partner Representing Prazim Traders,452906791.0
WIPRO,2016-12-31,Independent,Body Corporate,452906791.0
WIPRO,2017-03-31,Independent,Body Corporate,452906791.0
WIPRO,2017-06-15,Independent,Firm,905813582.0
WIPRO,2017-06-30,Independent,Other,905813582.0
WIPRO,2017-09-30,Independent,Other,905813582.0
WIPRO,2017-12-20,Independent,Firm,903239580.0
WIPRO,2017-12-31,Independent,Firm,903239580.0
WIPRO,2018-03-31,Independent,Mr. Azim Hasham Premji Partner Representing Zash Traders,903239580.0
WIPRO,2018-06-30,Independent,Mr. Azim Hasham Premji Partner Representing Zash Traders,903239580.0
WIPRO,2018-09-30,Independent,Partnership Firms,2535965162.0
WIPRO,2018-12-31,Independent,Partnership Firms,2535965162.0
WIPRO,2019-03-08,Independent,Partnership Firms,3381286878.0
WIPRO,2019-03-31,Independent,Partnership Firms,3381286878.0
WIPRO,2019-06-30,Independent,Partnership Firms,3381286878.0
WIPRO,2019-09-09,Independent,Partnership Firms,3209456718.0
WIPRO,2019-09-30,Independent,Partnership Firms,3209456718.0
WIPRO,2019-12-31,Independent,Partnership Firms,3209456718.0
WIPRO,2020-03-31,Independent,Partnership Firms,3209456718.0
WIPRO,2020-06-30,Independent,Partnership Firms,3209456718.0
WIPRO,2020-09-30,Independent,Partnership Firms,3209456718.0
WIPRO,2020-12-31,Independent,Partnership Firms,3209456718.0
WIPRO,2021-01-19,Independent,Partnership Firms,3184456718.0
WIPRO,2021-03-31,Independent,Partnership Firms,3184456718.0
WIPRO,2021-06-30,Independent,Partnership Firms,3184456718.0
WIPRO,2021-09-30,Independent,Partnership Firms,3184456718.0
WIPRO,2021-12-31,Independent,Partnership Firms,3184456718.0
WIPRO,2022-03-31,Independent,Partnership Firms,3184456718.0
WIPRO,2022-06-30,Independent,Partnership Firms,3184456718.0
WIPRO,2022-09-30,Independent,Partnership Firms,3184456718.0
WIPRO,2022-12-31,Independent,Partnership Firms,3184456718.0
WIPRO,2023-03-31,Independent,Partnership Firms,3184456718.0
WIPRO,2023-06-30,Independent,Partnership Firms,3184456718.0
WIPRO,2023-07-07,Independent,Partnership Firms,3030083257.0
WIPRO,2023-09-30,Independent,Partnership Firms,3030083257.0
WIPRO,2023-12-31,Independent,Partnership Firms,3030083257.0
WIPRO,2024-01-20,Independent,Partnership Firms,3030083257.0
WIPRO,2024-03-31,Independent,Partnership Firms,3030083257.0
WIPRO,2024-06-30,Independent,Partnership Firms,3030083257.0
WIPRO,2024-09-30,Independent,Partnership Firms,3030083257.0
WIPRO,2024-11-08,Independent,Partnership Firms,2945129129.0
WIPRO,2024-12-10,Independent,Partnership Firms,5890258258.0
WIPRO,2024-12-31,Independent,Partnership Firms,5890258258.0
WIPRO,2025-03-31,Independent,Partnership Firms,5890258258.0
WIPRO,2025-06-13,Independent,Partnership Firms,6249258258.0
WIPRO,2025-06-30,Independent,Partnership Firms,6249258258.0
WIPRO,2025-09-30,Independent,Partnership Firms,6249258258.0
WIPRO,2025-12-31,Independent,Partnership Firms,6249258258.0
WOCKPHARMA,2014-03-31,Independent,,0.0
WOCKPHARMA,2014-06-30,Independent,,0.0
WOCKPHARMA,2014-09-30,Independent,,0.0
WOCKPHARMA,2014-12-31,Independent,,0.0
WOCKPHARMA,2015-03-31,Independent,,0.0
WOCKPHARMA,2015-06-30,Independent,,0.0
WOCKPHARMA,2015-09-30,Independent,,0.0
WOCKPHARMA,2015-12-31,Independent,Themisto Trustee Company Private Limited,65897757.0
WOCKPHARMA,2016-03-31,Independent,Themisto Trustee Company Private Limited,65897757.0
WOCKPHARMA,2016-06-30,Independent,Themisto Trustee Company Private Limited,65897757.0
WOCKPHARMA,2016-09-30,Independent,Themisto Trustee Company Private Limited,65897757.0
WOCKPHARMA,2016-12-31,Independent,Body Corporate,81097757.0
WOCKPHARMA,2017-03-31,Independent,Body Corporate,70297757.0
WOCKPHARMA,2017-06-30,Independent,Body Corporate,70297757.0
WOCKPHARMA,2017-09-30,Independent,Body Corporate,70297757.0
WOCKPHARMA,2017-12-31,Independent,Body Corporate,70297757.0
WOCKPHARMA,2018-03-31,Independent,Themisto Trustee Company Private Limited,60497757.0
WOCKPHARMA,2018-06-30,Independent,Themisto Trustee Company Private Limited,60497757.0
WOCKPHARMA,2018-09-30,Independent,Themisto Trustee Company Private Limited,60497757.0
WOCKPHARMA,2018-12-31,Independent,Themisto Trustee Company Private Limited,60497757.0
WOCKPHARMA,2019-03-31,Independent,Themisto Trustee Company Private Limited,60497757.0
WOCKPHARMA,2019-06-30,Independent,Partnership Firms,70297757.0
WOCKPHARMA,2019-09-30,Independent,Partnership Firms,70297757.0
WOCKPHARMA,2019-12-31,Independent,Partnership Firms,70297757.0
WOCKPHARMA,2020-03-31,Independent,Partnership Firms,70297757.0
WOCKPHARMA,2020-06-30,Independent,Partnership Firms,70297757.0
WOCKPHARMA,2020-09-30,Independent,Partnership Firms,70297757.0
WOCKPHARMA,2020-12-31,Independent,Partnership Firms,70295957.0
WOCKPHARMA,2021-03-31,Independent,Partnership Firms,70295957.0
WOCKPHARMA,2021-06-30,Independent,Partnership Firms,69795957.0
WOCKPHARMA,2021-09-30,Independent,Partnership Firms,69295957.0
WOCKPHARMA,2021-12-31,Independent,Partnership Firms,69295957.0
WOCKPHARMA,2022-03-28,Independent,Partnership Firms,90084744.0
WOCKPHARMA,2022-03-31,Independent,Partnership Firms,90084744.0
WOCKPHARMA,2022-06-30,Independent,Partnership Firms,89584744.0
WOCKPHARMA,2022-09-30,Independent,Partnership Firms,88784744.0
WOCKPHARMA,2022-12-31,Independent,Partnership Firms,83784744.0
WOCKPHARMA,2023-03-31,Independent,Partnership Firms,82284744.0
WOCKPHARMA,2023-06-30,Independent,Partnership Firms,80984744.0
WOCKPHARMA,2023-09-30,Independent,Partnership Firms,76284744.0
WOCKPHARMA,2023-12-31,Independent,Partnership Firms,75984744.0
WOCKPHARMA,2024-03-26,Independent,Themisto Trustee Company Private Limited,65244744.0
WOCKPHARMA,2024-03-31,Independent,Partnership Firms,75984744.0
WOCKPHARMA,2024-06-30,Independent,Partnership Firms,76587516.0
WOCKPHARMA,2024-09-30,Independent,Partnership Firms,76587516.0
WOCKPHARMA,2024-11-11,Independent,Partnership Firms,76587516.0
WOCKPHARMA,2024-12-31,Independent,Partnership Firms,76587516.0
WOCKPHARMA,2025-03-31,Independent,Partnership Firms,76587516.0
WOCKPHARMA,2025-06-30,Independent,Partnership Firms,76587516.0
WOCKPHARMA,2025-09-30,Independent,Partnership Firms,76587516.0
WOCKPHARMA,2025-12-31,Independent,Partnership Firms,76587516.0
YESBANK,2014-03-31,Independent,,0.0
YESBANK,2014-06-05,Independent,,0.0
YESBANK,2014-06-30,Independent,,0.0
YESBANK,2014-09-30,Independent,,0.0
YESBANK,2014-12-31,Independent,,0.0
YESBANK,2015-03-31,Independent,,0.0
YESBANK,2015-06-30,Independent,,0.0
YESBANK,2015-09-30,Independent,,0.0
YESBANK,2015-12-31,Independent,MADHU KAPUR,35125000.0
YESBANK,2016-03-31,Independent,MADHU KAPUR,35125000.0
YESBANK,2016-06-30,Independent,MADHU KAPUR,35125000.0
YESBANK,2016-09-30,Independent,MADHU KAPUR,35125000.0
YESBANK,2016-12-31,Independent,Body Corporate,37017450.0
YESBANK,2017-03-31,Independent,Body Corporate,37017450.0
YESBANK,2017-06-30,Independent,Body Corporate,37017450.0
YESBANK,2017-09-30,Independent,Body Corporate,185087250.0
YESBANK,2017-12-31,Independent,Body Corporate,185087250.0
YESBANK,2018-03-31,Independent,MADHU KAPUR,175625000.0
YESBANK,2018-06-30,Independent,MADHU KAPUR,175625000.0
YESBANK,2018-09-30,Independent,MADHU KAPUR,175275000.0
YESBANK,2018-12-31,Independent,MADHU KAPUR,175275000.0
YESBANK,2019-03-31,Independent,MADHU KAPUR,175275000.0
YESBANK,2019-06-30,Independent,MADHU KAPUR,175275000.0
YESBANK,2019-08-15,Independent,MADHU KAPUR,175275000.0
YESBANK,2019-09-30,Independent,MADHU KAPUR,175275000.0
YESBANK,2019-12-31,Independent,MADHU KAPUR,175275000.0
YESBANK,2020-03-14,Independent,MADHU KAPUR,172775000.0
YESBANK,2020-03-31,Independent,MADHU KAPUR,146525000.0
YESBANK,2020-06-30,Independent,,0.0
YESBANK,2020-07-23,Independent,,0.0
YESBANK,2020-09-30,Independent,,0.0
YESBANK,2020-12-31,Independent,,0.0
YESBANK,2021-03-31,Independent,,0.0
YESBANK,2021-06-30,Independent,,0.0
YESBANK,2021-09-30,Independent,,0.0
YESBANK,2021-12-31,Independent,,0.0
YESBANK,2022-03-31,Independent,,0.0
YESBANK,2022-06-30,Independent,,0.0
YESBANK,2022-09-30,Independent,,0.0
YESBANK,2022-12-13,Independent,,0.0
YESBANK,2022-12-31,Independent,,0.0
YESBANK,2023-03-31,Independent,,0.0
YESBANK,2023-06-30,Independent,,0.0
YESBANK,2023-09-30,Independent,,0.0
YESBANK,2023-12-31,Independent,,0.0
YESBANK,2024-03-31,Independent,,0.0
YESBANK,2024-04-21,Independent,,0.0
YESBANK,2024-05-05,Independent,,0.0
YESBANK,2024-06-30,Independent,,0.0
YESBANK,2024-09-30,Independent,,0.0
YESBANK,2024-12-31,Independent,,0.0
YESBANK,2025-03-31,Independent,,0.0
YESBANK,2025-06-30,Independent,,0.0
YESBANK,2025-09-30,Independent,,0.0
YESBANK,2025-12-31,Independent,,0.0
ZEEL,2014-03-31,Independent,,0.0
ZEEL,2014-06-30,Independent,,0.0
ZEEL,2014-09-30,Independent,,0.0
ZEEL,2014-12-31,Independent,,0.0
ZEEL,2015-03-31,Independent,,0.0
ZEEL,2015-06-30,Independent,,0.0
ZEEL,2015-09-30,Independent,,0.0
ZEEL,2015-12-31,Independent,Cyquator Media Services Private Limited,111805133.0
ZEEL,2016-03-31,Independent,CYQUATOR MEDIA SERVICES PVT. LTD,241402908.0
ZEEL,2016-06-30,Independent,Cyquator Media Services Private Limited,241402908.0
ZEEL,2016-09-30,Independent,Cyquator Media Services Pvt Ltd,241402908.0
ZEEL,2016-12-31,Independent,Body Corporate,241403408.0
ZEEL,2017-03-31,Independent,Body Corporate,241403408.0
ZEEL,2017-06-30,Independent,Body Corporate,241403408.0
ZEEL,2017-09-30,Independent,Body Corporate,241403408.0
ZEEL,2017-12-31,Independent,Body Corporate,241413408.0
ZEEL,2018-03-31,Independent,Cyquator Media Services Private Limited,241412908.0
ZEEL,2018-06-30,Independent,Cyquator Media Services Private Limited,241412908.0
ZEEL,2018-09-30,Independent,Cyquator Media Services Private Limited,241412908.0
ZEEL,2018-12-31,Independent,Cyquator Media Services Private Limited,241412908.0
ZEEL,2019-03-31,Independent,Cyquator Media Services Private Limited,219024694.0
ZEEL,2019-06-30,Independent,Cyquator Media Services Private Limited,195918676.0
ZEEL,2019-09-30,Independent,Essel Media Ventures Limited,102888286.0
ZEEL,2019-12-31,Independent,Essel Media Ventures Limited,33155180.0
ZEEL,2020-03-31,Independent,Essel Media Ventures Limited,33155180.0
ZEEL,2020-06-30,Independent,Essel Media Ventures Limited,33155180.0
ZEEL,2020-09-30,Independent,Essel Media Ventures Limited,33155180.0
ZEEL,2020-12-31,Independent,Essel Media Ventures Limited,33155180.0
ZEEL,2021-03-31,Independent,Essel Media Ventures Limited,33155180.0
ZEEL,2021-06-30,Independent,Essel Media Ventures Limited,33155180.0
ZEEL,2021-09-30,Independent,Essel Media Ventures Limited,33155180.0
ZEEL,2021-12-31,Independent,Essel Media Ventures Limited,33155180.0
ZEEL,2022-03-31,Independent,Essel Media Ventures Limited,33155180.0
ZEEL,2022-06-30,Independent,Essel Media  Ventures Limited,33155180.0
ZEEL,2022-09-30,Independent,Essel Media Ventures Limited,33155180.0
ZEEL,2022-12-31,Independent,Essel Media Ventures Limited,33155180.0
ZEEL,2023-03-31,Independent,Essel Media Ventures Limited,33155180.0
ZEEL,2023-06-30,Independent,Essel Media Ventures Limited,33155180.0
ZEEL,2023-09-30,Independent,Essel Media Ventures Limited,33155180.0
ZEEL,2023-12-31,Independent,Essel Media Ventures Limited,33155180.0
ZEEL,2024-03-31,Independent,Essel Media Ventures Limited,33155180.0
ZEEL,2024-06-30,Independent,Essel Media Ventures Limited,33155180.0
ZEEL,2024-09-30,Independent,Essel Media Ventures Limited,33155180.0
ZEEL,2024-12-31,Independent,Essel Media Ventures Limited,33155180.0
ZEEL,2025-03-31,Independent,Essel Media Ventures Limited,33155180.0
ZEEL,2025-06-30,Independent,Essel Media Ventures Limited,33155180.0
ZEEL,2025-09-30,Independent,Essel Media Ventures Limited,33155180.0
ZEEL,2025-12-31,Independent,Essel Media Ventures Limited,33155180.0
