Date,spec,label,n_active_stocks,n_active_entities,effective_entity_bets
2016-01-01,coarse_all,Coarse | With PSU,162,117,9.87201599410569
2016-01-08,coarse_all,Coarse | With PSU,162,117,9.374570078380762
2016-01-15,coarse_all,Coarse | With PSU,162,117,8.579218903188556
2016-01-22,coarse_all,Coarse | With PSU,162,117,8.65059041481594
2016-01-29,coarse_all,Coarse | With PSU,162,117,8.485059876821168
2016-02-05,coarse_all,Coarse | With PSU,162,117,8.723573916633072
2016-02-12,coarse_all,Coarse | With PSU,162,117,7.712231361644543
2016-02-19,coarse_all,Coarse | With PSU,162,117,7.523215857061798
2016-02-26,coarse_all,Coarse | With PSU,162,117,7.378657775424801
2016-03-04,coarse_all,Coarse | With PSU,162,117,6.594677467882857
2016-03-11,coarse_all,Coarse | With PSU,162,117,6.6033757823790715
2016-03-18,coarse_all,Coarse | With PSU,162,117,6.6568132732142065
2016-03-25,coarse_all,Coarse | With PSU,162,117,6.642541328223342
2016-04-01,coarse_all,Coarse | With PSU,162,117,6.784680103065044
2016-04-08,coarse_all,Coarse | With PSU,162,117,6.97538092680072
2016-04-15,coarse_all,Coarse | With PSU,162,117,6.859042047776129
2016-04-22,coarse_all,Coarse | With PSU,162,117,7.162907061157106
2016-04-29,coarse_all,Coarse | With PSU,155,106,7.2635070811024605
2016-05-06,coarse_all,Coarse | With PSU,155,106,7.239228578841525
2016-05-13,coarse_all,Coarse | With PSU,155,106,7.3213601974147435
2016-05-20,coarse_all,Coarse | With PSU,155,106,7.292878941673185
2016-05-27,coarse_all,Coarse | With PSU,155,106,7.1777992480956
2016-06-03,coarse_all,Coarse | With PSU,155,106,7.5354496458068265
2016-06-10,coarse_all,Coarse | With PSU,155,106,7.683351199312566
2016-06-17,coarse_all,Coarse | With PSU,155,106,7.9391545382879825
2016-06-24,coarse_all,Coarse | With PSU,155,106,8.006654927786439
2016-07-01,coarse_all,Coarse | With PSU,155,106,7.582002583800598
2016-07-08,coarse_all,Coarse | With PSU,155,106,7.562319720282876
2016-07-15,coarse_all,Coarse | With PSU,155,106,7.8342015245581385
2016-07-22,coarse_all,Coarse | With PSU,155,106,7.83007075213379
2016-07-29,coarse_all,Coarse | With PSU,155,106,7.814569247492225
2016-08-05,coarse_all,Coarse | With PSU,155,106,7.901020165351864
2016-08-12,coarse_all,Coarse | With PSU,155,106,7.922981459627096
2016-08-19,coarse_all,Coarse | With PSU,155,106,7.876943600722185
2016-08-26,coarse_all,Coarse | With PSU,155,106,8.299936263497896
2016-09-02,coarse_all,Coarse | With PSU,155,106,8.662723135825185
2016-09-09,coarse_all,Coarse | With PSU,155,106,8.568180373605214
2016-09-16,coarse_all,Coarse | With PSU,155,106,8.509890871197312
2016-09-23,coarse_all,Coarse | With PSU,155,106,8.502434197779008
2016-09-30,coarse_all,Coarse | With PSU,154,106,8.3208474428976
2016-10-07,coarse_all,Coarse | With PSU,154,106,8.138076693011236
2016-10-14,coarse_all,Coarse | With PSU,154,106,8.049903185578685
2016-10-21,coarse_all,Coarse | With PSU,161,111,8.489051639025341
2016-10-28,coarse_all,Coarse | With PSU,175,121,9.188248710451234
2016-11-04,coarse_all,Coarse | With PSU,175,121,8.923645359528885
2016-11-11,coarse_all,Coarse | With PSU,175,121,8.94016174927023
2016-11-18,coarse_all,Coarse | With PSU,175,121,8.678033118867681
2016-11-25,coarse_all,Coarse | With PSU,175,121,8.808782456550725
2016-12-02,coarse_all,Coarse | With PSU,175,121,8.877066205922581
2016-12-09,coarse_all,Coarse | With PSU,175,121,9.024647567089952
2016-12-16,coarse_all,Coarse | With PSU,175,121,9.190480018759507
2016-12-23,coarse_all,Coarse | With PSU,175,121,9.089234904426332
2016-12-30,coarse_all,Coarse | With PSU,174,120,9.135394083758273
2017-01-06,coarse_all,Coarse | With PSU,174,120,9.342684557239592
2017-01-13,coarse_all,Coarse | With PSU,174,120,10.10805914493959
2017-01-20,coarse_all,Coarse | With PSU,174,120,10.070351026023857
2017-01-27,coarse_all,Coarse | With PSU,174,120,9.958039405471418
2017-02-03,coarse_all,Coarse | With PSU,174,120,9.914651166412671
2017-02-10,coarse_all,Coarse | With PSU,174,120,11.78742456991034
2017-02-17,coarse_all,Coarse | With PSU,174,120,12.043802770535876
2017-02-24,coarse_all,Coarse | With PSU,174,120,12.638977270267516
2017-03-03,coarse_all,Coarse | With PSU,174,120,14.619957957728397
2017-03-10,coarse_all,Coarse | With PSU,174,120,14.71504250350506
2017-03-17,coarse_all,Coarse | With PSU,174,120,13.887381843500956
2017-03-24,coarse_all,Coarse | With PSU,174,120,13.997791978868548
2017-03-31,coarse_all,Coarse | With PSU,172,121,13.511930188996883
2017-04-07,coarse_all,Coarse | With PSU,172,121,13.504178786453856
2017-04-14,coarse_all,Coarse | With PSU,172,121,13.988797184229277
2017-04-21,coarse_all,Coarse | With PSU,172,121,14.115468757708468
2017-04-28,coarse_all,Coarse | With PSU,172,121,13.887482894356237
2017-05-05,coarse_all,Coarse | With PSU,172,121,14.044800453070716
2017-05-12,coarse_all,Coarse | With PSU,172,121,14.103791388336772
2017-05-19,coarse_all,Coarse | With PSU,172,121,14.061733189986327
2017-05-26,coarse_all,Coarse | With PSU,171,121,14.521177059721063
2017-06-02,coarse_all,Coarse | With PSU,171,121,14.569067973188707
2017-06-09,coarse_all,Coarse | With PSU,171,121,14.520359411678731
2017-06-16,coarse_all,Coarse | With PSU,171,121,14.537098159099909
2017-06-23,coarse_all,Coarse | With PSU,171,121,14.41626298398798
2017-06-30,coarse_all,Coarse | With PSU,172,122,15.71242059058965
2017-07-07,coarse_all,Coarse | With PSU,172,122,15.615546210639481
2017-07-14,coarse_all,Coarse | With PSU,172,122,15.614960356154866
2017-07-21,coarse_all,Coarse | With PSU,172,122,15.726035153023883
2017-07-28,coarse_all,Coarse | With PSU,172,122,15.87696470013726
2017-08-04,coarse_all,Coarse | With PSU,172,122,15.853900108664977
2017-08-11,coarse_all,Coarse | With PSU,172,122,13.667167048710642
2017-08-18,coarse_all,Coarse | With PSU,172,122,13.296400913420555
2017-08-25,coarse_all,Coarse | With PSU,172,122,13.205522426389841
2017-09-01,coarse_all,Coarse | With PSU,172,122,12.896431469775093
2017-09-08,coarse_all,Coarse | With PSU,172,122,12.977557130008504
2017-09-15,coarse_all,Coarse | With PSU,172,122,12.934359605000402
2017-09-22,coarse_all,Coarse | With PSU,173,123,12.606377160966106
2017-09-29,coarse_all,Coarse | With PSU,176,126,12.623558833074117
2017-10-06,coarse_all,Coarse | With PSU,176,126,12.687002044607098
2017-10-13,coarse_all,Coarse | With PSU,176,126,12.755511998084764
2017-10-20,coarse_all,Coarse | With PSU,176,126,12.717915295525708
2017-10-27,coarse_all,Coarse | With PSU,176,126,13.03998685669517
2017-11-03,coarse_all,Coarse | With PSU,176,126,14.01972328575634
2017-11-10,coarse_all,Coarse | With PSU,176,126,14.635031085960929
2017-11-17,coarse_all,Coarse | With PSU,176,126,16.015620046404216
2017-11-24,coarse_all,Coarse | With PSU,178,128,15.641567967436186
2017-12-01,coarse_all,Coarse | With PSU,178,128,15.436956684991806
2017-12-08,coarse_all,Coarse | With PSU,178,128,15.78702659172207
2017-12-15,coarse_all,Coarse | With PSU,178,128,16.33544800151148
2017-12-22,coarse_all,Coarse | With PSU,178,128,16.568476608928556
2017-12-29,coarse_all,Coarse | With PSU,178,128,16.947650430038916
2018-01-05,coarse_all,Coarse | With PSU,178,128,17.30037939108013
2018-01-12,coarse_all,Coarse | With PSU,178,128,17.544711187560797
2018-01-19,coarse_all,Coarse | With PSU,178,128,17.238642246232505
2018-01-26,coarse_all,Coarse | With PSU,178,128,17.688795695188418
2018-02-02,coarse_all,Coarse | With PSU,178,128,14.924808923397958
2018-02-09,coarse_all,Coarse | With PSU,178,128,15.161390843121254
2018-02-16,coarse_all,Coarse | With PSU,178,128,15.16177875539401
2018-02-23,coarse_all,Coarse | With PSU,178,128,15.1722894221043
2018-03-02,coarse_all,Coarse | With PSU,178,128,15.19359300728794
2018-03-09,coarse_all,Coarse | With PSU,178,128,14.304473837780126
2018-03-16,coarse_all,Coarse | With PSU,178,128,15.203960646276693
2018-03-23,coarse_all,Coarse | With PSU,179,129,14.698386125773794
2018-03-30,coarse_all,Coarse | With PSU,182,132,14.23032160014727
2018-04-06,coarse_all,Coarse | With PSU,182,132,13.075341786687716
2018-04-13,coarse_all,Coarse | With PSU,182,132,13.116527558906379
2018-04-20,coarse_all,Coarse | With PSU,182,132,12.975138555626982
2018-04-27,coarse_all,Coarse | With PSU,182,132,13.098655198159731
2018-05-04,coarse_all,Coarse | With PSU,182,132,12.612571098003643
2018-05-11,coarse_all,Coarse | With PSU,182,132,12.699087374495148
2018-05-18,coarse_all,Coarse | With PSU,182,132,12.620702319919655
2018-05-25,coarse_all,Coarse | With PSU,182,132,12.579622167441972
2018-06-01,coarse_all,Coarse | With PSU,182,132,12.875362796456473
2018-06-08,coarse_all,Coarse | With PSU,182,132,12.818406797254637
2018-06-15,coarse_all,Coarse | With PSU,182,132,12.890051630794224
2018-06-22,coarse_all,Coarse | With PSU,182,132,12.983854627614626
2018-06-29,coarse_all,Coarse | With PSU,169,121,12.356278159798931
2018-07-06,coarse_all,Coarse | With PSU,169,121,12.630715878294305
2018-07-13,coarse_all,Coarse | With PSU,169,121,12.88398518677199
2018-07-20,coarse_all,Coarse | With PSU,169,121,12.936870163065487
2018-07-27,coarse_all,Coarse | With PSU,169,121,12.128641514925455
2018-08-03,coarse_all,Coarse | With PSU,169,121,11.985903977381062
2018-08-10,coarse_all,Coarse | With PSU,169,121,13.597649467239574
2018-08-17,coarse_all,Coarse | With PSU,169,121,14.198021725411804
2018-08-24,coarse_all,Coarse | With PSU,169,121,14.305389482069788
2018-08-31,coarse_all,Coarse | With PSU,169,121,14.733896610694835
2018-09-07,coarse_all,Coarse | With PSU,169,121,14.672736209104993
2018-09-14,coarse_all,Coarse | With PSU,169,121,14.694701543591576
2018-09-21,coarse_all,Coarse | With PSU,169,121,13.48391966233916
2018-09-28,coarse_all,Coarse | With PSU,163,115,12.644007219584463
2018-10-05,coarse_all,Coarse | With PSU,163,115,11.613919072007103
2018-10-12,coarse_all,Coarse | With PSU,163,115,11.601428466125036
2018-10-19,coarse_all,Coarse | With PSU,163,115,11.712661322823374
2018-10-26,coarse_all,Coarse | With PSU,163,115,11.512204749780455
2018-11-02,coarse_all,Coarse | With PSU,163,115,9.79643473713349
2018-11-09,coarse_all,Coarse | With PSU,163,115,9.823581603536574
2018-11-16,coarse_all,Coarse | With PSU,163,115,9.959930618573853
2018-11-23,coarse_all,Coarse | With PSU,163,115,9.984383997306322
2018-11-30,coarse_all,Coarse | With PSU,163,115,9.972681135971815
2018-12-07,coarse_all,Coarse | With PSU,163,115,9.939108185221338
2018-12-14,coarse_all,Coarse | With PSU,163,115,9.677385007320327
2018-12-21,coarse_all,Coarse | With PSU,166,116,10.0674527640186
2018-12-28,coarse_all,Coarse | With PSU,176,124,9.925814290972955
2019-01-04,coarse_all,Coarse | With PSU,176,124,10.009069105297383
2019-01-11,coarse_all,Coarse | With PSU,176,124,10.009030509354288
2019-01-18,coarse_all,Coarse | With PSU,176,124,10.028038992336802
2019-01-25,coarse_all,Coarse | With PSU,176,124,10.022880475247296
2019-02-01,coarse_all,Coarse | With PSU,176,124,10.748980702206508
2019-02-08,coarse_all,Coarse | With PSU,176,124,10.996294452181228
2019-02-15,coarse_all,Coarse | With PSU,176,124,11.034481539036722
2019-02-22,coarse_all,Coarse | With PSU,176,124,10.896467043547549
2019-03-01,coarse_all,Coarse | With PSU,176,124,10.7535263327515
2019-03-08,coarse_all,Coarse | With PSU,176,124,10.997130255141403
2019-03-15,coarse_all,Coarse | With PSU,176,124,10.847933100997407
2019-03-22,coarse_all,Coarse | With PSU,176,124,11.081732596881766
2019-03-29,coarse_all,Coarse | With PSU,180,127,10.749143541663969
2019-04-05,coarse_all,Coarse | With PSU,180,127,11.338263429282579
2019-04-12,coarse_all,Coarse | With PSU,180,127,11.429132879742314
2019-04-19,coarse_all,Coarse | With PSU,180,127,11.427124887226116
2019-04-26,coarse_all,Coarse | With PSU,180,127,11.342445313621164
2019-05-03,coarse_all,Coarse | With PSU,180,127,11.476365141373186
2019-05-10,coarse_all,Coarse | With PSU,180,127,11.02840061021034
2019-05-17,coarse_all,Coarse | With PSU,180,127,11.198393163686172
2019-05-24,coarse_all,Coarse | With PSU,180,127,10.513960957308486
2019-05-31,coarse_all,Coarse | With PSU,180,127,10.562231565027636
2019-06-07,coarse_all,Coarse | With PSU,180,127,10.549873280865377
2019-06-14,coarse_all,Coarse | With PSU,180,127,10.500969621733628
2019-06-21,coarse_all,Coarse | With PSU,180,127,10.548593178211176
2019-06-28,coarse_all,Coarse | With PSU,180,127,10.58172990204838
2019-07-05,coarse_all,Coarse | With PSU,180,127,10.596523317172426
2019-07-12,coarse_all,Coarse | With PSU,180,127,10.533154442454695
2019-07-19,coarse_all,Coarse | With PSU,180,127,10.342111201582613
2019-07-26,coarse_all,Coarse | With PSU,180,127,11.101791894518097
2019-08-02,coarse_all,Coarse | With PSU,180,127,11.095592187158177
2019-08-09,coarse_all,Coarse | With PSU,180,127,11.062747358288641
2019-08-16,coarse_all,Coarse | With PSU,180,127,11.05593554017893
2019-08-23,coarse_all,Coarse | With PSU,180,127,10.980000019126933
2019-08-30,coarse_all,Coarse | With PSU,180,127,10.782953269138392
2019-09-06,coarse_all,Coarse | With PSU,180,127,10.805589521753596
2019-09-13,coarse_all,Coarse | With PSU,180,127,10.59378444913166
2019-09-20,coarse_all,Coarse | With PSU,182,129,11.048704087569979
2019-09-27,coarse_all,Coarse | With PSU,187,133,11.835873005232125
2019-10-04,coarse_all,Coarse | With PSU,187,133,11.938299457976566
2019-10-11,coarse_all,Coarse | With PSU,187,133,12.202664067608612
2019-10-18,coarse_all,Coarse | With PSU,187,133,11.34036470133969
2019-10-25,coarse_all,Coarse | With PSU,187,133,11.691339125058601
2019-11-01,coarse_all,Coarse | With PSU,187,133,13.055913742277232
2019-11-08,coarse_all,Coarse | With PSU,187,133,13.22849340040916
2019-11-15,coarse_all,Coarse | With PSU,187,133,13.148057208233439
2019-11-22,coarse_all,Coarse | With PSU,187,133,13.389291417162164
2019-11-29,coarse_all,Coarse | With PSU,180,128,13.176385017130341
2019-12-06,coarse_all,Coarse | With PSU,180,128,13.078817366108085
2019-12-13,coarse_all,Coarse | With PSU,180,128,13.429323452358014
2019-12-20,coarse_all,Coarse | With PSU,180,128,13.453090535894635
2019-12-27,coarse_all,Coarse | With PSU,179,128,13.439854051949943
2020-01-03,coarse_all,Coarse | With PSU,179,128,13.49982512152574
2020-01-10,coarse_all,Coarse | With PSU,179,128,13.598682293586224
2020-01-17,coarse_all,Coarse | With PSU,179,128,13.404156233386738
2020-01-24,coarse_all,Coarse | With PSU,179,128,13.767483888556217
2020-01-31,coarse_all,Coarse | With PSU,179,128,13.167711633682307
2020-02-07,coarse_all,Coarse | With PSU,179,128,13.134748543928584
2020-02-14,coarse_all,Coarse | With PSU,179,128,13.370559491942617
2020-02-21,coarse_all,Coarse | With PSU,179,128,13.626852798498446
2020-02-28,coarse_all,Coarse | With PSU,178,127,10.869644300787131
2020-03-06,coarse_all,Coarse | With PSU,178,127,11.147878396442525
2020-03-13,coarse_all,Coarse | With PSU,178,127,7.177480573728021
2020-03-20,coarse_all,Coarse | With PSU,178,127,5.5183157460629975
2020-03-27,coarse_all,Coarse | With PSU,172,122,5.749806090449452
2020-04-03,coarse_all,Coarse | With PSU,172,122,6.111851209922453
2020-04-10,coarse_all,Coarse | With PSU,172,122,5.10887248377816
2020-04-17,coarse_all,Coarse | With PSU,172,122,5.172898110481679
2020-04-24,coarse_all,Coarse | With PSU,172,122,5.323576965369253
2020-05-01,coarse_all,Coarse | With PSU,172,122,5.205669000734497
2020-05-08,coarse_all,Coarse | With PSU,172,122,5.163373218172126
2020-05-15,coarse_all,Coarse | With PSU,172,122,5.204744299938617
2020-05-22,coarse_all,Coarse | With PSU,177,127,5.4935586456826355
2020-05-29,coarse_all,Coarse | With PSU,185,134,5.1510301792521105
2020-06-05,coarse_all,Coarse | With PSU,185,134,5.022635807081094
2020-06-12,coarse_all,Coarse | With PSU,185,134,5.117404276707586
2020-06-19,coarse_all,Coarse | With PSU,186,135,5.181175580297496
2020-06-26,coarse_all,Coarse | With PSU,188,137,5.182269987770943
2020-07-03,coarse_all,Coarse | With PSU,188,137,5.179868398019139
2020-07-10,coarse_all,Coarse | With PSU,188,137,5.243621357037538
2020-07-17,coarse_all,Coarse | With PSU,188,137,5.299091358992801
2020-07-24,coarse_all,Coarse | With PSU,188,137,5.303027020559897
2020-07-31,coarse_all,Coarse | With PSU,178,132,5.401834555903743
2020-08-07,coarse_all,Coarse | With PSU,178,132,5.380779600517501
2020-08-14,coarse_all,Coarse | With PSU,178,132,5.453116624070099
2020-08-21,coarse_all,Coarse | With PSU,178,132,5.454405177314376
2020-08-28,coarse_all,Coarse | With PSU,179,132,5.503620664137225
2020-09-04,coarse_all,Coarse | With PSU,179,132,5.482143321128598
2020-09-11,coarse_all,Coarse | With PSU,179,132,5.505689533679956
2020-09-18,coarse_all,Coarse | With PSU,179,132,5.526635580013351
2020-09-25,coarse_all,Coarse | With PSU,174,129,5.4174345746746715
2020-10-02,coarse_all,Coarse | With PSU,174,129,5.450558139334152
2020-10-09,coarse_all,Coarse | With PSU,174,129,5.494324179059601
2020-10-16,coarse_all,Coarse | With PSU,174,129,5.578357260478899
2020-10-23,coarse_all,Coarse | With PSU,174,129,5.566987203919932
2020-10-30,coarse_all,Coarse | With PSU,174,129,5.601205869494432
2020-11-06,coarse_all,Coarse | With PSU,174,129,5.523564972569734
2020-11-13,coarse_all,Coarse | With PSU,174,129,5.5340215700604505
2020-11-20,coarse_all,Coarse | With PSU,174,129,5.499447095819092
2020-11-27,coarse_all,Coarse | With PSU,177,130,5.4922282840948835
2020-12-04,coarse_all,Coarse | With PSU,177,130,5.504421745713876
2020-12-11,coarse_all,Coarse | With PSU,177,130,5.523238017091641
2020-12-18,coarse_all,Coarse | With PSU,177,130,5.5620387040888835
2020-12-25,coarse_all,Coarse | With PSU,177,130,5.583835715207393
2021-01-01,coarse_all,Coarse | With PSU,177,130,5.559366141177601
2021-01-08,coarse_all,Coarse | With PSU,177,130,5.485406881446603
2021-01-15,coarse_all,Coarse | With PSU,177,130,5.552743208738709
2021-01-22,coarse_all,Coarse | With PSU,179,131,5.701706417053752
2021-01-29,coarse_all,Coarse | With PSU,182,133,5.7697863655567225
2021-02-05,coarse_all,Coarse | With PSU,182,133,5.653898943216955
2021-02-12,coarse_all,Coarse | With PSU,182,133,5.689112766254346
2021-02-19,coarse_all,Coarse | With PSU,182,133,5.7147137129636345
2021-02-26,coarse_all,Coarse | With PSU,182,133,6.023107113237045
2021-03-05,coarse_all,Coarse | With PSU,182,133,5.931172650125271
2021-03-12,coarse_all,Coarse | With PSU,182,133,6.982270043399764
2021-03-19,coarse_all,Coarse | With PSU,185,134,8.683513614378219
2021-03-26,coarse_all,Coarse | With PSU,187,136,8.812812537693263
2021-04-02,coarse_all,Coarse | With PSU,180,132,8.297467291911424
2021-04-09,coarse_all,Coarse | With PSU,180,132,10.271732844539422
2021-04-16,coarse_all,Coarse | With PSU,180,132,9.937148159080223
2021-04-23,coarse_all,Coarse | With PSU,180,132,9.815299033902052
2021-04-30,coarse_all,Coarse | With PSU,181,133,10.361027823847273
2021-05-07,coarse_all,Coarse | With PSU,181,133,11.532097028027597
2021-05-14,coarse_all,Coarse | With PSU,181,133,11.4857717453505
2021-05-21,coarse_all,Coarse | With PSU,181,133,11.386364271725201
2021-05-28,coarse_all,Coarse | With PSU,181,133,11.955458243122232
2021-06-04,coarse_all,Coarse | With PSU,181,133,12.648425452068695
2021-06-11,coarse_all,Coarse | With PSU,181,133,12.323197246947107
2021-06-18,coarse_all,Coarse | With PSU,181,133,12.001491556066714
2021-06-25,coarse_all,Coarse | With PSU,181,133,11.941054327254678
2021-07-02,coarse_all,Coarse | With PSU,181,133,11.944774658111434
2021-07-09,coarse_all,Coarse | With PSU,181,133,11.818322204357978
2021-07-16,coarse_all,Coarse | With PSU,181,133,11.714503502920074
2021-07-23,coarse_all,Coarse | With PSU,181,133,11.600394461266653
2021-07-30,coarse_all,Coarse | With PSU,182,133,11.576800419700511
2021-08-06,coarse_all,Coarse | With PSU,182,133,11.641067894541525
2021-08-13,coarse_all,Coarse | With PSU,182,133,11.456458362847686
2021-08-20,coarse_all,Coarse | With PSU,182,133,11.482585873231965
2021-08-27,coarse_all,Coarse | With PSU,182,133,11.328374104009685
2021-09-03,coarse_all,Coarse | With PSU,182,133,11.26768330015351
2021-09-10,coarse_all,Coarse | With PSU,182,133,11.231505931030782
2021-09-17,coarse_all,Coarse | With PSU,182,133,11.333384095024675
2021-09-24,coarse_all,Coarse | With PSU,184,134,13.08096140601827
2021-10-01,coarse_all,Coarse | With PSU,189,138,13.529075839936725
2021-10-08,coarse_all,Coarse | With PSU,189,138,13.395865211066557
2021-10-15,coarse_all,Coarse | With PSU,189,138,13.609775007463844
2021-10-22,coarse_all,Coarse | With PSU,189,138,12.327115025481138
2021-10-29,coarse_all,Coarse | With PSU,183,132,11.996451994364016
2021-11-05,coarse_all,Coarse | With PSU,183,132,12.237739181043723
2021-11-12,coarse_all,Coarse | With PSU,183,132,12.336309384841575
2021-11-19,coarse_all,Coarse | With PSU,183,132,11.963357573595976
2021-11-26,coarse_all,Coarse | With PSU,183,132,11.130796166448855
2021-12-03,coarse_all,Coarse | With PSU,183,132,11.21269482758138
2021-12-10,coarse_all,Coarse | With PSU,183,132,11.08421174008216
2021-12-17,coarse_all,Coarse | With PSU,183,132,10.504622875271027
2021-12-24,coarse_all,Coarse | With PSU,183,132,10.513228470280287
2021-12-31,coarse_all,Coarse | With PSU,183,132,10.522136084387181
2022-01-07,coarse_all,Coarse | With PSU,183,132,11.09571854297163
2022-01-14,coarse_all,Coarse | With PSU,183,132,11.00527582568124
2022-01-21,coarse_all,Coarse | With PSU,183,132,10.050698771326658
2022-01-28,coarse_all,Coarse | With PSU,184,133,10.34934877744079
2022-02-04,coarse_all,Coarse | With PSU,184,133,11.336409849645667
2022-02-11,coarse_all,Coarse | With PSU,184,133,11.093218299077101
2022-02-18,coarse_all,Coarse | With PSU,184,133,10.797077338406789
2022-02-25,coarse_all,Coarse | With PSU,184,133,10.339597376760796
2022-03-04,coarse_all,Coarse | With PSU,184,133,10.46057906621779
2022-03-11,coarse_all,Coarse | With PSU,184,133,10.308125751402411
2022-03-18,coarse_all,Coarse | With PSU,184,133,10.205060320104192
2022-03-25,coarse_all,Coarse | With PSU,184,133,10.244148743152795
2022-04-01,coarse_all,Coarse | With PSU,184,133,10.368361842472176
2022-04-08,coarse_all,Coarse | With PSU,184,133,10.063357449317927
2022-04-15,coarse_all,Coarse | With PSU,184,133,10.144396004025227
2022-04-22,coarse_all,Coarse | With PSU,188,133,10.310737229156851
2022-04-29,coarse_all,Coarse | With PSU,191,135,10.198236219641124
2022-05-06,coarse_all,Coarse | With PSU,191,135,9.188761351593543
2022-05-13,coarse_all,Coarse | With PSU,191,135,8.70502279239883
2022-05-20,coarse_all,Coarse | With PSU,191,135,8.864166333364542
2022-05-27,coarse_all,Coarse | With PSU,191,135,9.064310142598098
2022-06-03,coarse_all,Coarse | With PSU,191,135,9.218929159057774
2022-06-10,coarse_all,Coarse | With PSU,191,135,9.287773345346354
2022-06-17,coarse_all,Coarse | With PSU,191,135,8.555635405647916
2022-06-24,coarse_all,Coarse | With PSU,191,135,8.422726217591219
2022-07-01,coarse_all,Coarse | With PSU,191,135,8.377252578975625
2022-07-08,coarse_all,Coarse | With PSU,191,135,8.048404548127074
2022-07-15,coarse_all,Coarse | With PSU,191,135,8.105428150593335
2022-07-22,coarse_all,Coarse | With PSU,191,135,7.91226058956586
2022-07-29,coarse_all,Coarse | With PSU,191,135,7.785354953830278
2022-08-05,coarse_all,Coarse | With PSU,191,135,7.774227130278173
2022-08-12,coarse_all,Coarse | With PSU,190,135,7.768283971643027
2022-08-19,coarse_all,Coarse | With PSU,190,135,7.714199450311436
2022-08-26,coarse_all,Coarse | With PSU,190,135,7.732918369370024
2022-09-02,coarse_all,Coarse | With PSU,190,135,8.19101715856857
2022-09-09,coarse_all,Coarse | With PSU,190,135,8.195904524833004
2022-09-16,coarse_all,Coarse | With PSU,190,135,8.112718855327651
2022-09-23,coarse_all,Coarse | With PSU,190,135,7.9398064977808005
2022-09-30,coarse_all,Coarse | With PSU,185,128,7.918017912725838
2022-10-07,coarse_all,Coarse | With PSU,185,128,7.891607920784363
2022-10-14,coarse_all,Coarse | With PSU,185,128,7.891033265259164
2022-10-21,coarse_all,Coarse | With PSU,185,128,8.120064547196145
2022-10-28,coarse_all,Coarse | With PSU,185,128,8.010151148195495
2022-11-04,coarse_all,Coarse | With PSU,185,128,8.071663625121532
2022-11-11,coarse_all,Coarse | With PSU,185,128,8.09265642414471
2022-11-18,coarse_all,Coarse | With PSU,185,128,8.10673571461021
2022-11-25,coarse_all,Coarse | With PSU,185,128,8.330005704372693
2022-12-02,coarse_all,Coarse | With PSU,185,128,8.161799155504458
2022-12-09,coarse_all,Coarse | With PSU,185,128,8.245954347254346
2022-12-16,coarse_all,Coarse | With PSU,185,128,8.483112012952237
2022-12-23,coarse_all,Coarse | With PSU,185,128,8.103863662724036
2022-12-30,coarse_all,Coarse | With PSU,185,128,8.174610522957174
2023-01-06,coarse_all,Coarse | With PSU,185,128,8.195286666740563
2023-01-13,coarse_all,Coarse | With PSU,185,128,8.174447971888478
2023-01-20,coarse_all,Coarse | With PSU,185,128,8.639075144705048
2023-01-27,coarse_all,Coarse | With PSU,185,128,8.738037038183048
2023-02-03,coarse_all,Coarse | With PSU,185,128,9.07842918119877
2023-02-10,coarse_all,Coarse | With PSU,187,129,9.171522188126612
2023-02-17,coarse_all,Coarse | With PSU,187,129,9.311912092671136
2023-02-24,coarse_all,Coarse | With PSU,187,129,9.452421070863178
2023-03-03,coarse_all,Coarse | With PSU,187,129,9.664765589363
2023-03-10,coarse_all,Coarse | With PSU,187,129,9.842817044552492
2023-03-17,coarse_all,Coarse | With PSU,187,129,10.053119751019551
2023-03-24,coarse_all,Coarse | With PSU,187,129,9.87732993927768
2023-03-31,coarse_all,Coarse | With PSU,190,131,9.94449561919061
2023-04-07,coarse_all,Coarse | With PSU,190,131,10.114201169355326
2023-04-14,coarse_all,Coarse | With PSU,190,131,10.173511511957143
2023-04-21,coarse_all,Coarse | With PSU,190,131,10.184733527179352
2023-04-28,coarse_all,Coarse | With PSU,190,131,9.896140029022716
2023-05-05,coarse_all,Coarse | With PSU,190,131,11.175156367440705
2023-05-12,coarse_all,Coarse | With PSU,190,131,12.138629231148332
2023-05-19,coarse_all,Coarse | With PSU,190,131,12.418276126539574
2023-05-26,coarse_all,Coarse | With PSU,190,131,11.87000468246191
2023-06-02,coarse_all,Coarse | With PSU,190,131,11.667427436227271
2023-06-09,coarse_all,Coarse | With PSU,190,131,11.984117219104435
2023-06-16,coarse_all,Coarse | With PSU,190,131,14.186056249466253
2023-06-23,coarse_all,Coarse | With PSU,190,131,14.24402917889793
2023-06-30,coarse_all,Coarse | With PSU,190,131,13.792147600980249
2023-07-07,coarse_all,Coarse | With PSU,190,131,14.836471436846093
2023-07-14,coarse_all,Coarse | With PSU,190,131,14.789723070665937
2023-07-21,coarse_all,Coarse | With PSU,190,131,15.581334410468783
2023-07-28,coarse_all,Coarse | With PSU,190,131,15.690998775630563
2023-08-04,coarse_all,Coarse | With PSU,190,131,15.979594194698366
2023-08-11,coarse_all,Coarse | With PSU,190,131,16.087471259551705
2023-08-18,coarse_all,Coarse | With PSU,190,131,15.816674306602353
2023-08-25,coarse_all,Coarse | With PSU,190,131,15.74016515286026
2023-09-01,coarse_all,Coarse | With PSU,190,131,15.558525000019698
2023-09-08,coarse_all,Coarse | With PSU,190,131,15.186841042050403
2023-09-15,coarse_all,Coarse | With PSU,190,131,15.492722803209732
2023-09-22,coarse_all,Coarse | With PSU,193,131,14.976896354185245
2023-09-29,coarse_all,Coarse | With PSU,193,132,15.078487991736202
2023-10-06,coarse_all,Coarse | With PSU,193,132,15.316519699135256
2023-10-13,coarse_all,Coarse | With PSU,193,132,15.809958896106334
2023-10-20,coarse_all,Coarse | With PSU,193,132,15.34318326936984
2023-10-27,coarse_all,Coarse | With PSU,193,132,14.49177850742096
2023-11-03,coarse_all,Coarse | With PSU,193,132,14.55792287230665
2023-11-10,coarse_all,Coarse | With PSU,193,132,14.25390922458208
2023-11-17,coarse_all,Coarse | With PSU,193,132,14.08018415614708
2023-11-24,coarse_all,Coarse | With PSU,193,132,14.202521869711887
2023-12-01,coarse_all,Coarse | With PSU,193,132,14.06331737245766
2023-12-08,coarse_all,Coarse | With PSU,193,132,13.970078215715446
2023-12-15,coarse_all,Coarse | With PSU,193,132,14.164624363381906
2023-12-22,coarse_all,Coarse | With PSU,193,132,16.397675396005916
2023-12-29,coarse_all,Coarse | With PSU,193,132,16.29673715127621
2024-01-05,coarse_all,Coarse | With PSU,193,132,16.479612370929384
2024-01-12,coarse_all,Coarse | With PSU,193,132,16.5556049988267
2024-01-19,coarse_all,Coarse | With PSU,193,132,16.854003648644312
2024-01-26,coarse_all,Coarse | With PSU,193,132,17.04202232815855
2024-02-02,coarse_all,Coarse | With PSU,193,132,16.548193941857246
2024-02-09,coarse_all,Coarse | With PSU,193,132,16.677902665090002
2024-02-16,coarse_all,Coarse | With PSU,194,132,16.967265458917133
2024-02-23,coarse_all,Coarse | With PSU,194,132,17.78328407577103
2024-03-01,coarse_all,Coarse | With PSU,194,132,17.73504994552221
2024-03-08,coarse_all,Coarse | With PSU,194,132,18.1111309126716
2024-03-15,coarse_all,Coarse | With PSU,194,132,17.481169498743096
2024-03-22,coarse_all,Coarse | With PSU,195,132,18.093669534160767
2024-03-29,coarse_all,Coarse | With PSU,190,124,17.216355932493073
2024-04-05,coarse_all,Coarse | With PSU,190,124,17.14516729167926
2024-04-12,coarse_all,Coarse | With PSU,190,124,17.250109457191332
2024-04-19,coarse_all,Coarse | With PSU,191,125,16.2255668407361
2024-04-26,coarse_all,Coarse | With PSU,191,125,16.46672570029701
2024-05-03,coarse_all,Coarse | With PSU,191,125,16.604007785065587
2024-05-10,coarse_all,Coarse | With PSU,191,125,16.211684636637507
2024-05-17,coarse_all,Coarse | With PSU,191,125,16.00403018699084
2024-05-24,coarse_all,Coarse | With PSU,191,125,16.36577981725784
2024-05-31,coarse_all,Coarse | With PSU,191,125,15.93414867766782
2024-06-07,coarse_all,Coarse | With PSU,191,125,14.622301397983778
2024-06-14,coarse_all,Coarse | With PSU,191,125,15.047198512936987
2024-06-21,coarse_all,Coarse | With PSU,191,125,15.374770708630377
2024-06-28,coarse_all,Coarse | With PSU,191,125,15.945787279363524
2024-07-05,coarse_all,Coarse | With PSU,191,125,15.710176139026155
2024-07-12,coarse_all,Coarse | With PSU,191,125,15.69781044297844
2024-07-19,coarse_all,Coarse | With PSU,191,125,15.423410050580715
2024-07-26,coarse_all,Coarse | With PSU,191,125,15.108514679046948
2024-08-02,coarse_all,Coarse | With PSU,191,125,14.992574244599671
2024-08-09,coarse_all,Coarse | With PSU,191,125,14.791696595255441
2024-08-16,coarse_all,Coarse | With PSU,191,125,15.24500993268414
2024-08-23,coarse_all,Coarse | With PSU,191,125,15.224618572184001
2024-08-30,coarse_all,Coarse | With PSU,191,125,15.228297009360753
2024-09-06,coarse_all,Coarse | With PSU,191,125,15.520352469529943
2024-09-13,coarse_all,Coarse | With PSU,191,125,15.352895925483745
2024-09-20,coarse_all,Coarse | With PSU,194,127,16.403144314665756
2024-09-27,coarse_all,Coarse | With PSU,202,130,15.880648079182974
2024-10-04,coarse_all,Coarse | With PSU,188,118,14.084189470349708
2024-10-11,coarse_all,Coarse | With PSU,188,118,14.284738462908498
2024-10-18,coarse_all,Coarse | With PSU,188,118,14.40236153609146
2024-10-25,coarse_all,Coarse | With PSU,188,118,12.691878059201334
2024-11-01,coarse_all,Coarse | With PSU,188,118,12.807124135311405
2024-11-08,coarse_all,Coarse | With PSU,188,118,12.945055636143433
2024-11-15,coarse_all,Coarse | With PSU,188,118,12.211021271129875
2024-11-22,coarse_all,Coarse | With PSU,188,118,12.389197967016168
2024-11-29,coarse_all,Coarse | With PSU,189,119,12.448824187986673
2024-12-06,coarse_all,Coarse | With PSU,189,119,12.258511177730671
2024-12-13,coarse_all,Coarse | With PSU,189,119,12.28790852560046
2024-12-20,coarse_all,Coarse | With PSU,189,119,11.300353244609688
2024-12-27,coarse_all,Coarse | With PSU,189,119,11.519610630612915
2025-01-03,coarse_all,Coarse | With PSU,189,119,11.485759148241476
2025-01-10,coarse_all,Coarse | With PSU,189,119,10.508578768784806
2025-01-17,coarse_all,Coarse | With PSU,189,119,10.497065563164256
2025-01-24,coarse_all,Coarse | With PSU,189,119,10.527081314919561
2025-01-31,coarse_all,Coarse | With PSU,189,119,10.597553738243093
2025-02-07,coarse_all,Coarse | With PSU,189,119,10.525720371722027
2025-02-14,coarse_all,Coarse | With PSU,189,119,9.168864890033019
2025-02-21,coarse_all,Coarse | With PSU,189,119,9.274599248388387
2025-02-28,coarse_all,Coarse | With PSU,189,119,8.72941891633998
2025-03-07,coarse_all,Coarse | With PSU,189,119,8.516625893527117
2025-03-14,coarse_all,Coarse | With PSU,189,119,8.578760398888843
2025-03-21,coarse_all,Coarse | With PSU,189,119,7.723996830548406
2025-03-28,coarse_all,Coarse | With PSU,188,119,8.087705343191605
2025-04-04,coarse_all,Coarse | With PSU,192,122,8.184997086107309
2025-04-11,coarse_all,Coarse | With PSU,192,122,8.21700905553818
2025-04-18,coarse_all,Coarse | With PSU,192,122,7.816877627867596
2025-04-25,coarse_all,Coarse | With PSU,192,122,7.964440584226749
2025-05-02,coarse_all,Coarse | With PSU,192,122,7.92771581503565
2025-05-09,coarse_all,Coarse | With PSU,192,122,7.8668997502242055
2025-05-16,coarse_all,Coarse | With PSU,192,122,7.398343626829751
2025-05-23,coarse_all,Coarse | With PSU,192,122,7.561540029230177
2025-05-30,coarse_all,Coarse | With PSU,192,122,7.600442947210927
2025-06-06,coarse_all,Coarse | With PSU,192,122,7.960847130188012
2025-06-13,coarse_all,Coarse | With PSU,192,122,7.892541499822887
2025-06-20,coarse_all,Coarse | With PSU,192,122,7.839590049523775
2025-06-27,coarse_all,Coarse | With PSU,192,122,7.682633824869856
2025-07-04,coarse_all,Coarse | With PSU,192,122,7.794659111330143
2025-07-11,coarse_all,Coarse | With PSU,192,122,7.760386737875008
2025-07-18,coarse_all,Coarse | With PSU,192,122,7.792477167666266
2025-07-25,coarse_all,Coarse | With PSU,192,122,7.8376783880935035
2025-08-01,coarse_all,Coarse | With PSU,192,122,7.773698673743547
2025-08-08,coarse_all,Coarse | With PSU,192,122,7.743484914002979
2025-08-15,coarse_all,Coarse | With PSU,192,122,7.682678960434404
2025-08-22,coarse_all,Coarse | With PSU,192,122,7.684761351643297
2025-08-29,coarse_all,Coarse | With PSU,192,122,7.579981653464114
2025-09-05,coarse_all,Coarse | With PSU,192,122,7.468822027854011
2025-09-12,coarse_all,Coarse | With PSU,192,122,7.514359993192142
2025-09-19,coarse_all,Coarse | With PSU,194,123,7.453448197980644
2025-09-26,coarse_all,Coarse | With PSU,203,131,7.240222337055031
2025-10-03,coarse_all,Coarse | With PSU,195,128,6.989274434680831
2025-10-10,coarse_all,Coarse | With PSU,195,128,6.9264897133693815
2025-10-17,coarse_all,Coarse | With PSU,195,128,6.925078266699154
2025-10-24,coarse_all,Coarse | With PSU,195,128,7.308387065267682
2025-10-31,coarse_all,Coarse | With PSU,195,128,7.26157657132024
2025-11-07,coarse_all,Coarse | With PSU,195,128,7.239976108708818
2025-11-14,coarse_all,Coarse | With PSU,195,128,7.570215501681698
2025-11-21,coarse_all,Coarse | With PSU,195,128,7.419971285047079
2025-11-28,coarse_all,Coarse | With PSU,195,128,7.42731984171399
2025-12-05,coarse_all,Coarse | With PSU,195,128,7.536697819113492
2025-12-12,coarse_all,Coarse | With PSU,195,128,7.522114754111274
2025-12-19,coarse_all,Coarse | With PSU,195,128,7.823526994760944
2025-12-26,coarse_all,Coarse | With PSU,195,128,7.813667702449424
2016-01-01,coarse_ex_psu,Coarse | Ex PSU,135,116,10.089537946567052
2016-01-08,coarse_ex_psu,Coarse | Ex PSU,135,116,9.578465299974606
2016-01-15,coarse_ex_psu,Coarse | Ex PSU,135,116,8.76780336313712
2016-01-22,coarse_ex_psu,Coarse | Ex PSU,135,116,8.841523498754546
2016-01-29,coarse_ex_psu,Coarse | Ex PSU,135,116,8.67516149672554
2016-02-05,coarse_ex_psu,Coarse | Ex PSU,135,116,8.921142500144981
2016-02-12,coarse_ex_psu,Coarse | Ex PSU,135,116,7.884207889447792
2016-02-19,coarse_ex_psu,Coarse | Ex PSU,135,116,7.690443478244207
2016-02-26,coarse_ex_psu,Coarse | Ex PSU,135,116,7.5406026737519
2016-03-04,coarse_ex_psu,Coarse | Ex PSU,135,116,6.735714676548468
2016-03-11,coarse_ex_psu,Coarse | Ex PSU,135,116,6.744203807213849
2016-03-18,coarse_ex_psu,Coarse | Ex PSU,135,116,6.799756314809572
2016-03-25,coarse_ex_psu,Coarse | Ex PSU,135,116,6.784708437538637
2016-04-01,coarse_ex_psu,Coarse | Ex PSU,135,116,6.9318955399119915
2016-04-08,coarse_ex_psu,Coarse | Ex PSU,135,116,7.1289731321411764
2016-04-15,coarse_ex_psu,Coarse | Ex PSU,135,116,7.015189993370052
2016-04-22,coarse_ex_psu,Coarse | Ex PSU,135,116,7.32995063640718
2016-04-29,coarse_ex_psu,Coarse | Ex PSU,125,105,7.442540937085129
2016-05-06,coarse_ex_psu,Coarse | Ex PSU,125,105,7.418280491606519
2016-05-13,coarse_ex_psu,Coarse | Ex PSU,125,105,7.501330619512561
2016-05-20,coarse_ex_psu,Coarse | Ex PSU,125,105,7.4727718516553985
2016-05-27,coarse_ex_psu,Coarse | Ex PSU,125,105,7.356519872674249
2016-06-03,coarse_ex_psu,Coarse | Ex PSU,125,105,7.729322549729786
2016-06-10,coarse_ex_psu,Coarse | Ex PSU,125,105,7.880521904856181
2016-06-17,coarse_ex_psu,Coarse | Ex PSU,125,105,8.145293058134042
2016-06-24,coarse_ex_psu,Coarse | Ex PSU,125,105,8.216413490401159
2016-07-01,coarse_ex_psu,Coarse | Ex PSU,125,105,7.775881473730506
2016-07-08,coarse_ex_psu,Coarse | Ex PSU,125,105,7.7552893881440905
2016-07-15,coarse_ex_psu,Coarse | Ex PSU,125,105,8.037638902223645
2016-07-22,coarse_ex_psu,Coarse | Ex PSU,125,105,8.031033265680806
2016-07-29,coarse_ex_psu,Coarse | Ex PSU,125,105,8.015242868069866
2016-08-05,coarse_ex_psu,Coarse | Ex PSU,125,105,8.105455411920769
2016-08-12,coarse_ex_psu,Coarse | Ex PSU,125,105,8.130564980637745
2016-08-19,coarse_ex_psu,Coarse | Ex PSU,125,105,8.081606593669134
2016-08-26,coarse_ex_psu,Coarse | Ex PSU,125,105,8.521882913162687
2016-09-02,coarse_ex_psu,Coarse | Ex PSU,125,105,8.898058682981537
2016-09-09,coarse_ex_psu,Coarse | Ex PSU,125,105,8.797108964937182
2016-09-16,coarse_ex_psu,Coarse | Ex PSU,125,105,8.733304632972896
2016-09-23,coarse_ex_psu,Coarse | Ex PSU,125,105,8.726435103908011
2016-09-30,coarse_ex_psu,Coarse | Ex PSU,125,105,8.541252943257335
2016-10-07,coarse_ex_psu,Coarse | Ex PSU,125,105,8.350528725161508
2016-10-14,coarse_ex_psu,Coarse | Ex PSU,125,105,8.258693240090448
2016-10-21,coarse_ex_psu,Coarse | Ex PSU,131,110,8.696252861846709
2016-10-28,coarse_ex_psu,Coarse | Ex PSU,143,120,9.398887607543745
2016-11-04,coarse_ex_psu,Coarse | Ex PSU,143,120,9.131907941882062
2016-11-11,coarse_ex_psu,Coarse | Ex PSU,143,120,9.107707455673308
2016-11-18,coarse_ex_psu,Coarse | Ex PSU,143,120,8.825489258194535
2016-11-25,coarse_ex_psu,Coarse | Ex PSU,143,120,8.957482123724311
2016-12-02,coarse_ex_psu,Coarse | Ex PSU,143,120,9.02725363637215
2016-12-09,coarse_ex_psu,Coarse | Ex PSU,143,120,9.178274381120302
2016-12-16,coarse_ex_psu,Coarse | Ex PSU,143,120,9.350448558538075
2016-12-23,coarse_ex_psu,Coarse | Ex PSU,143,120,9.247700363445833
2016-12-30,coarse_ex_psu,Coarse | Ex PSU,142,119,9.293257575372765
2017-01-06,coarse_ex_psu,Coarse | Ex PSU,142,119,9.505423688254188
2017-01-13,coarse_ex_psu,Coarse | Ex PSU,142,119,10.278233737912926
2017-01-20,coarse_ex_psu,Coarse | Ex PSU,142,119,10.239193493178817
2017-01-27,coarse_ex_psu,Coarse | Ex PSU,142,119,10.127011525178592
2017-02-03,coarse_ex_psu,Coarse | Ex PSU,142,119,10.08319545090243
2017-02-10,coarse_ex_psu,Coarse | Ex PSU,142,119,11.964071562868504
2017-02-17,coarse_ex_psu,Coarse | Ex PSU,142,119,12.215768984256526
2017-02-24,coarse_ex_psu,Coarse | Ex PSU,142,119,12.81679544657413
2017-03-03,coarse_ex_psu,Coarse | Ex PSU,142,119,14.790481080818351
2017-03-10,coarse_ex_psu,Coarse | Ex PSU,142,119,14.887865756687304
2017-03-17,coarse_ex_psu,Coarse | Ex PSU,142,119,14.048318278912127
2017-03-24,coarse_ex_psu,Coarse | Ex PSU,142,119,14.16042510783115
2017-03-31,coarse_ex_psu,Coarse | Ex PSU,142,120,13.669433302117994
2017-04-07,coarse_ex_psu,Coarse | Ex PSU,142,120,13.657962563087953
2017-04-14,coarse_ex_psu,Coarse | Ex PSU,142,120,14.14347626290557
2017-04-21,coarse_ex_psu,Coarse | Ex PSU,142,120,14.273427918100467
2017-04-28,coarse_ex_psu,Coarse | Ex PSU,142,120,14.053344732799678
2017-05-05,coarse_ex_psu,Coarse | Ex PSU,142,120,14.209268874165403
2017-05-12,coarse_ex_psu,Coarse | Ex PSU,142,120,14.268979766917136
2017-05-19,coarse_ex_psu,Coarse | Ex PSU,142,120,14.221526593410172
2017-05-26,coarse_ex_psu,Coarse | Ex PSU,141,120,14.680965165100064
2017-06-02,coarse_ex_psu,Coarse | Ex PSU,141,120,14.70460812174871
2017-06-09,coarse_ex_psu,Coarse | Ex PSU,141,120,14.651843071292971
2017-06-16,coarse_ex_psu,Coarse | Ex PSU,141,120,14.677343248358152
2017-06-23,coarse_ex_psu,Coarse | Ex PSU,141,120,14.5619586542699
2017-06-30,coarse_ex_psu,Coarse | Ex PSU,142,121,15.846596629418706
2017-07-07,coarse_ex_psu,Coarse | Ex PSU,142,121,15.75458925926764
2017-07-14,coarse_ex_psu,Coarse | Ex PSU,142,121,15.752722354715411
2017-07-21,coarse_ex_psu,Coarse | Ex PSU,142,121,15.873476816694229
2017-07-28,coarse_ex_psu,Coarse | Ex PSU,142,121,16.022544819163326
2017-08-04,coarse_ex_psu,Coarse | Ex PSU,142,121,15.998136472012199
2017-08-11,coarse_ex_psu,Coarse | Ex PSU,142,121,13.821625380218794
2017-08-18,coarse_ex_psu,Coarse | Ex PSU,142,121,13.449092317108871
2017-08-25,coarse_ex_psu,Coarse | Ex PSU,142,121,13.354480080999096
2017-09-01,coarse_ex_psu,Coarse | Ex PSU,142,121,13.04103208623046
2017-09-08,coarse_ex_psu,Coarse | Ex PSU,142,121,13.120634053146814
2017-09-15,coarse_ex_psu,Coarse | Ex PSU,142,121,13.077105585783467
2017-09-22,coarse_ex_psu,Coarse | Ex PSU,143,122,12.746933817369651
2017-09-29,coarse_ex_psu,Coarse | Ex PSU,146,125,12.75925085224834
2017-10-06,coarse_ex_psu,Coarse | Ex PSU,146,125,12.822070350265376
2017-10-13,coarse_ex_psu,Coarse | Ex PSU,146,125,12.88959396483935
2017-10-20,coarse_ex_psu,Coarse | Ex PSU,146,125,12.851186513097641
2017-10-27,coarse_ex_psu,Coarse | Ex PSU,146,125,13.136862527209535
2017-11-03,coarse_ex_psu,Coarse | Ex PSU,146,125,14.110263720966966
2017-11-10,coarse_ex_psu,Coarse | Ex PSU,146,125,14.83063988587032
2017-11-17,coarse_ex_psu,Coarse | Ex PSU,146,125,16.286827562381646
2017-11-24,coarse_ex_psu,Coarse | Ex PSU,148,127,15.894931107438033
2017-12-01,coarse_ex_psu,Coarse | Ex PSU,148,127,15.690767337855265
2017-12-08,coarse_ex_psu,Coarse | Ex PSU,148,127,16.044505492239907
2017-12-15,coarse_ex_psu,Coarse | Ex PSU,148,127,16.599231780912145
2017-12-22,coarse_ex_psu,Coarse | Ex PSU,148,127,16.833061223328897
2017-12-29,coarse_ex_psu,Coarse | Ex PSU,148,127,17.215699103705134
2018-01-05,coarse_ex_psu,Coarse | Ex PSU,148,127,17.56996628489024
2018-01-12,coarse_ex_psu,Coarse | Ex PSU,148,127,17.819732616773408
2018-01-19,coarse_ex_psu,Coarse | Ex PSU,148,127,17.512136311761065
2018-01-26,coarse_ex_psu,Coarse | Ex PSU,148,127,17.955905972747832
2018-02-02,coarse_ex_psu,Coarse | Ex PSU,148,127,15.162492733084491
2018-02-09,coarse_ex_psu,Coarse | Ex PSU,148,127,15.404667955739908
2018-02-16,coarse_ex_psu,Coarse | Ex PSU,148,127,15.405343248605474
2018-02-23,coarse_ex_psu,Coarse | Ex PSU,148,127,15.41596279776744
2018-03-02,coarse_ex_psu,Coarse | Ex PSU,148,127,15.436239151468712
2018-03-09,coarse_ex_psu,Coarse | Ex PSU,148,127,14.5405025823823
2018-03-16,coarse_ex_psu,Coarse | Ex PSU,148,127,15.455619034454802
2018-03-23,coarse_ex_psu,Coarse | Ex PSU,149,128,14.949299316702062
2018-03-30,coarse_ex_psu,Coarse | Ex PSU,152,131,14.457693143405567
2018-04-06,coarse_ex_psu,Coarse | Ex PSU,152,131,13.276909780439091
2018-04-13,coarse_ex_psu,Coarse | Ex PSU,152,131,13.322743576079848
2018-04-20,coarse_ex_psu,Coarse | Ex PSU,152,131,13.174247613236066
2018-04-27,coarse_ex_psu,Coarse | Ex PSU,152,131,13.301109726363515
2018-05-04,coarse_ex_psu,Coarse | Ex PSU,152,131,12.805454110844158
2018-05-11,coarse_ex_psu,Coarse | Ex PSU,152,131,12.89373211633056
2018-05-18,coarse_ex_psu,Coarse | Ex PSU,152,131,12.824673194454466
2018-05-25,coarse_ex_psu,Coarse | Ex PSU,152,131,12.779101235926817
2018-06-01,coarse_ex_psu,Coarse | Ex PSU,152,131,13.098935147316002
2018-06-08,coarse_ex_psu,Coarse | Ex PSU,152,131,13.045172951208693
2018-06-15,coarse_ex_psu,Coarse | Ex PSU,152,131,13.11310353029644
2018-06-22,coarse_ex_psu,Coarse | Ex PSU,152,131,13.208182165368806
2018-06-29,coarse_ex_psu,Coarse | Ex PSU,138,120,12.59569916938366
2018-07-06,coarse_ex_psu,Coarse | Ex PSU,138,120,12.873796768972829
2018-07-13,coarse_ex_psu,Coarse | Ex PSU,138,120,13.128789515170952
2018-07-20,coarse_ex_psu,Coarse | Ex PSU,138,120,13.17954070825972
2018-07-27,coarse_ex_psu,Coarse | Ex PSU,138,120,12.36604193253555
2018-08-03,coarse_ex_psu,Coarse | Ex PSU,138,120,12.220136029866158
2018-08-10,coarse_ex_psu,Coarse | Ex PSU,138,120,13.872070587714802
2018-08-17,coarse_ex_psu,Coarse | Ex PSU,138,120,14.476894850037935
2018-08-24,coarse_ex_psu,Coarse | Ex PSU,138,120,14.589335776283644
2018-08-31,coarse_ex_psu,Coarse | Ex PSU,138,120,15.031213307042117
2018-09-07,coarse_ex_psu,Coarse | Ex PSU,138,120,14.970625108519773
2018-09-14,coarse_ex_psu,Coarse | Ex PSU,138,120,14.989925231714281
2018-09-21,coarse_ex_psu,Coarse | Ex PSU,138,120,13.7397734685256
2018-09-28,coarse_ex_psu,Coarse | Ex PSU,132,114,12.896998462283568
2018-10-05,coarse_ex_psu,Coarse | Ex PSU,132,114,11.842062771064663
2018-10-12,coarse_ex_psu,Coarse | Ex PSU,132,114,11.832072925227665
2018-10-19,coarse_ex_psu,Coarse | Ex PSU,132,114,11.943762852233421
2018-10-26,coarse_ex_psu,Coarse | Ex PSU,132,114,11.801841340851075
2018-11-02,coarse_ex_psu,Coarse | Ex PSU,132,114,10.030923700951531
2018-11-09,coarse_ex_psu,Coarse | Ex PSU,132,114,10.058870689375759
2018-11-16,coarse_ex_psu,Coarse | Ex PSU,132,114,10.199911892561191
2018-11-23,coarse_ex_psu,Coarse | Ex PSU,132,114,10.224725133325247
2018-11-30,coarse_ex_psu,Coarse | Ex PSU,132,114,10.189446938555713
2018-12-07,coarse_ex_psu,Coarse | Ex PSU,132,114,10.154437282944892
2018-12-14,coarse_ex_psu,Coarse | Ex PSU,132,114,9.886575645112565
2018-12-21,coarse_ex_psu,Coarse | Ex PSU,135,115,10.274390321628754
2018-12-28,coarse_ex_psu,Coarse | Ex PSU,144,123,10.115466732175834
2019-01-04,coarse_ex_psu,Coarse | Ex PSU,144,123,10.19716296002129
2019-01-11,coarse_ex_psu,Coarse | Ex PSU,144,123,10.197343950775483
2019-01-18,coarse_ex_psu,Coarse | Ex PSU,144,123,10.217049338239933
2019-01-25,coarse_ex_psu,Coarse | Ex PSU,144,123,10.21626670858863
2019-02-01,coarse_ex_psu,Coarse | Ex PSU,144,123,10.957333123104728
2019-02-08,coarse_ex_psu,Coarse | Ex PSU,144,123,11.212166415010449
2019-02-15,coarse_ex_psu,Coarse | Ex PSU,144,123,11.254882770383096
2019-02-22,coarse_ex_psu,Coarse | Ex PSU,144,123,11.11608677331028
2019-03-01,coarse_ex_psu,Coarse | Ex PSU,144,123,10.974922987670944
2019-03-08,coarse_ex_psu,Coarse | Ex PSU,144,123,11.226211919951448
2019-03-15,coarse_ex_psu,Coarse | Ex PSU,144,123,11.075792980475184
2019-03-22,coarse_ex_psu,Coarse | Ex PSU,144,123,11.315285528437052
2019-03-29,coarse_ex_psu,Coarse | Ex PSU,148,126,10.960587155944609
2019-04-05,coarse_ex_psu,Coarse | Ex PSU,148,126,11.564248451495855
2019-04-12,coarse_ex_psu,Coarse | Ex PSU,148,126,11.660183268941344
2019-04-19,coarse_ex_psu,Coarse | Ex PSU,148,126,11.662831084051579
2019-04-26,coarse_ex_psu,Coarse | Ex PSU,148,126,11.578339143411615
2019-05-03,coarse_ex_psu,Coarse | Ex PSU,148,126,11.715551614388247
2019-05-10,coarse_ex_psu,Coarse | Ex PSU,148,126,11.25722404228234
2019-05-17,coarse_ex_psu,Coarse | Ex PSU,148,126,11.430778685900906
2019-05-24,coarse_ex_psu,Coarse | Ex PSU,148,126,10.736980203155582
2019-05-31,coarse_ex_psu,Coarse | Ex PSU,148,126,10.788302707032463
2019-06-07,coarse_ex_psu,Coarse | Ex PSU,148,126,10.77651182711402
2019-06-14,coarse_ex_psu,Coarse | Ex PSU,148,126,10.728975346829264
2019-06-21,coarse_ex_psu,Coarse | Ex PSU,148,126,10.774960921950086
2019-06-28,coarse_ex_psu,Coarse | Ex PSU,148,126,10.808033071213673
2019-07-05,coarse_ex_psu,Coarse | Ex PSU,148,126,10.826772546518178
2019-07-12,coarse_ex_psu,Coarse | Ex PSU,148,126,10.763186019706131
2019-07-19,coarse_ex_psu,Coarse | Ex PSU,148,126,10.568519664641414
2019-07-26,coarse_ex_psu,Coarse | Ex PSU,148,126,11.33861655375619
2019-08-02,coarse_ex_psu,Coarse | Ex PSU,148,126,11.335766027619968
2019-08-09,coarse_ex_psu,Coarse | Ex PSU,148,126,11.29203889699612
2019-08-16,coarse_ex_psu,Coarse | Ex PSU,148,126,11.28948908993956
2019-08-23,coarse_ex_psu,Coarse | Ex PSU,148,126,11.213593547734542
2019-08-30,coarse_ex_psu,Coarse | Ex PSU,148,126,11.012503557297082
2019-09-06,coarse_ex_psu,Coarse | Ex PSU,148,126,11.033185153989749
2019-09-13,coarse_ex_psu,Coarse | Ex PSU,148,126,10.817578766585425
2019-09-20,coarse_ex_psu,Coarse | Ex PSU,150,128,11.271135787379038
2019-09-27,coarse_ex_psu,Coarse | Ex PSU,155,132,12.064656139191435
2019-10-04,coarse_ex_psu,Coarse | Ex PSU,155,132,12.1592786412959
2019-10-11,coarse_ex_psu,Coarse | Ex PSU,155,132,12.4244791533648
2019-10-18,coarse_ex_psu,Coarse | Ex PSU,155,132,11.547789188560683
2019-10-25,coarse_ex_psu,Coarse | Ex PSU,155,132,11.910668107061229
2019-11-01,coarse_ex_psu,Coarse | Ex PSU,155,132,13.304829543759446
2019-11-08,coarse_ex_psu,Coarse | Ex PSU,155,132,13.477613997202027
2019-11-15,coarse_ex_psu,Coarse | Ex PSU,155,132,13.399307099849425
2019-11-22,coarse_ex_psu,Coarse | Ex PSU,155,132,13.646873444217864
2019-11-29,coarse_ex_psu,Coarse | Ex PSU,148,127,13.471460711814844
2019-12-06,coarse_ex_psu,Coarse | Ex PSU,148,127,13.37240791768241
2019-12-13,coarse_ex_psu,Coarse | Ex PSU,148,127,13.730378850734246
2019-12-20,coarse_ex_psu,Coarse | Ex PSU,148,127,13.761287517684098
2019-12-27,coarse_ex_psu,Coarse | Ex PSU,147,127,13.7476482150926
2020-01-03,coarse_ex_psu,Coarse | Ex PSU,147,127,13.818146308138253
2020-01-10,coarse_ex_psu,Coarse | Ex PSU,147,127,13.918428899639101
2020-01-17,coarse_ex_psu,Coarse | Ex PSU,147,127,13.714404865379109
2020-01-24,coarse_ex_psu,Coarse | Ex PSU,147,127,14.086632981071721
2020-01-31,coarse_ex_psu,Coarse | Ex PSU,147,127,13.477412541301046
2020-02-07,coarse_ex_psu,Coarse | Ex PSU,147,127,13.439742009926663
2020-02-14,coarse_ex_psu,Coarse | Ex PSU,147,127,13.685002203728363
2020-02-21,coarse_ex_psu,Coarse | Ex PSU,147,127,13.94766848294117
2020-02-28,coarse_ex_psu,Coarse | Ex PSU,146,126,11.119305537744138
2020-03-06,coarse_ex_psu,Coarse | Ex PSU,146,126,11.407714812893493
2020-03-13,coarse_ex_psu,Coarse | Ex PSU,146,126,7.301796599896994
2020-03-20,coarse_ex_psu,Coarse | Ex PSU,146,126,5.574854313992935
2020-03-27,coarse_ex_psu,Coarse | Ex PSU,141,121,5.813915778412724
2020-04-03,coarse_ex_psu,Coarse | Ex PSU,141,121,6.178064854128306
2020-04-10,coarse_ex_psu,Coarse | Ex PSU,141,121,5.157758622048629
2020-04-17,coarse_ex_psu,Coarse | Ex PSU,141,121,5.224078279504662
2020-04-24,coarse_ex_psu,Coarse | Ex PSU,141,121,5.378119882405673
2020-05-01,coarse_ex_psu,Coarse | Ex PSU,141,121,5.260709309026759
2020-05-08,coarse_ex_psu,Coarse | Ex PSU,141,121,5.21855012811395
2020-05-15,coarse_ex_psu,Coarse | Ex PSU,141,121,5.260960944901266
2020-05-22,coarse_ex_psu,Coarse | Ex PSU,146,126,5.5521586278692965
2020-05-29,coarse_ex_psu,Coarse | Ex PSU,153,133,5.20159507531864
2020-06-05,coarse_ex_psu,Coarse | Ex PSU,153,133,5.071815731246519
2020-06-12,coarse_ex_psu,Coarse | Ex PSU,153,133,5.168660452258564
2020-06-19,coarse_ex_psu,Coarse | Ex PSU,154,134,5.233608170552199
2020-06-26,coarse_ex_psu,Coarse | Ex PSU,156,136,5.234433380082678
2020-07-03,coarse_ex_psu,Coarse | Ex PSU,156,136,5.2320640457368075
2020-07-10,coarse_ex_psu,Coarse | Ex PSU,156,136,5.29727206419428
2020-07-17,coarse_ex_psu,Coarse | Ex PSU,156,136,5.353717703329862
2020-07-24,coarse_ex_psu,Coarse | Ex PSU,156,136,5.358209144732932
2020-07-31,coarse_ex_psu,Coarse | Ex PSU,150,131,5.459780440233479
2020-08-07,coarse_ex_psu,Coarse | Ex PSU,150,131,5.4394481658291065
2020-08-14,coarse_ex_psu,Coarse | Ex PSU,150,131,5.513613051632605
2020-08-21,coarse_ex_psu,Coarse | Ex PSU,150,131,5.5153702644630584
2020-08-28,coarse_ex_psu,Coarse | Ex PSU,151,131,5.565476808708111
2020-09-04,coarse_ex_psu,Coarse | Ex PSU,151,131,5.544610489568714
2020-09-11,coarse_ex_psu,Coarse | Ex PSU,151,131,5.568573018264986
2020-09-18,coarse_ex_psu,Coarse | Ex PSU,151,131,5.5882974994481
2020-09-25,coarse_ex_psu,Coarse | Ex PSU,147,128,5.478908689829073
2020-10-02,coarse_ex_psu,Coarse | Ex PSU,147,128,5.512730313607135
2020-10-09,coarse_ex_psu,Coarse | Ex PSU,147,128,5.558068717391818
2020-10-16,coarse_ex_psu,Coarse | Ex PSU,147,128,5.643658948272335
2020-10-23,coarse_ex_psu,Coarse | Ex PSU,147,128,5.6315550649745
2020-10-30,coarse_ex_psu,Coarse | Ex PSU,147,128,5.666937416960699
2020-11-06,coarse_ex_psu,Coarse | Ex PSU,147,128,5.588578747767789
2020-11-13,coarse_ex_psu,Coarse | Ex PSU,147,128,5.599388845022629
2020-11-20,coarse_ex_psu,Coarse | Ex PSU,147,128,5.565040716111828
2020-11-27,coarse_ex_psu,Coarse | Ex PSU,149,129,5.557000669638691
2020-12-04,coarse_ex_psu,Coarse | Ex PSU,149,129,5.568066883614443
2020-12-11,coarse_ex_psu,Coarse | Ex PSU,149,129,5.587453073641934
2020-12-18,coarse_ex_psu,Coarse | Ex PSU,149,129,5.627047427171321
2020-12-25,coarse_ex_psu,Coarse | Ex PSU,149,129,5.649213396904739
2021-01-01,coarse_ex_psu,Coarse | Ex PSU,149,129,5.62411641646787
2021-01-08,coarse_ex_psu,Coarse | Ex PSU,149,129,5.549087313638622
2021-01-15,coarse_ex_psu,Coarse | Ex PSU,149,129,5.617524453427613
2021-01-22,coarse_ex_psu,Coarse | Ex PSU,151,130,5.768481913113991
2021-01-29,coarse_ex_psu,Coarse | Ex PSU,153,132,5.837908773482069
2021-02-05,coarse_ex_psu,Coarse | Ex PSU,153,132,5.720457790622085
2021-02-12,coarse_ex_psu,Coarse | Ex PSU,153,132,5.7569191903483325
2021-02-19,coarse_ex_psu,Coarse | Ex PSU,153,132,5.775422449657948
2021-02-26,coarse_ex_psu,Coarse | Ex PSU,153,132,6.085714276184051
2021-03-05,coarse_ex_psu,Coarse | Ex PSU,153,132,5.991562010390107
2021-03-12,coarse_ex_psu,Coarse | Ex PSU,153,132,7.054912931677541
2021-03-19,coarse_ex_psu,Coarse | Ex PSU,156,133,8.80332217407761
2021-03-26,coarse_ex_psu,Coarse | Ex PSU,158,135,8.92584989422929
2021-04-02,coarse_ex_psu,Coarse | Ex PSU,154,131,8.415882749155854
2021-04-09,coarse_ex_psu,Coarse | Ex PSU,154,131,10.456580887670414
2021-04-16,coarse_ex_psu,Coarse | Ex PSU,154,131,10.11813647984621
2021-04-23,coarse_ex_psu,Coarse | Ex PSU,154,131,9.98985076816692
2021-04-30,coarse_ex_psu,Coarse | Ex PSU,155,132,10.54502801543296
2021-05-07,coarse_ex_psu,Coarse | Ex PSU,155,132,11.730976601999568
2021-05-14,coarse_ex_psu,Coarse | Ex PSU,155,132,11.679979878725815
2021-05-21,coarse_ex_psu,Coarse | Ex PSU,155,132,11.572181386040127
2021-05-28,coarse_ex_psu,Coarse | Ex PSU,155,132,12.152027672272002
2021-06-04,coarse_ex_psu,Coarse | Ex PSU,155,132,12.844646742672488
2021-06-11,coarse_ex_psu,Coarse | Ex PSU,155,132,12.51182562808697
2021-06-18,coarse_ex_psu,Coarse | Ex PSU,155,132,12.188707726079599
2021-06-25,coarse_ex_psu,Coarse | Ex PSU,155,132,12.125778915279438
2021-07-02,coarse_ex_psu,Coarse | Ex PSU,155,132,12.131029749808295
2021-07-09,coarse_ex_psu,Coarse | Ex PSU,155,132,12.000851207128653
2021-07-16,coarse_ex_psu,Coarse | Ex PSU,155,132,11.890620515081405
2021-07-23,coarse_ex_psu,Coarse | Ex PSU,155,132,11.774671559372319
2021-07-30,coarse_ex_psu,Coarse | Ex PSU,156,132,11.755327908568693
2021-08-06,coarse_ex_psu,Coarse | Ex PSU,156,132,11.822461840323765
2021-08-13,coarse_ex_psu,Coarse | Ex PSU,156,132,11.635055561253333
2021-08-20,coarse_ex_psu,Coarse | Ex PSU,156,132,11.66264647538344
2021-08-27,coarse_ex_psu,Coarse | Ex PSU,156,132,11.506910206439894
2021-09-03,coarse_ex_psu,Coarse | Ex PSU,156,132,11.435424561918515
2021-09-10,coarse_ex_psu,Coarse | Ex PSU,156,132,11.39714206699748
2021-09-17,coarse_ex_psu,Coarse | Ex PSU,156,132,11.514971915727807
2021-09-24,coarse_ex_psu,Coarse | Ex PSU,158,133,13.279105995352259
2021-10-01,coarse_ex_psu,Coarse | Ex PSU,162,137,13.709342682747192
2021-10-08,coarse_ex_psu,Coarse | Ex PSU,162,137,13.573799646766437
2021-10-15,coarse_ex_psu,Coarse | Ex PSU,162,137,13.789491714792021
2021-10-22,coarse_ex_psu,Coarse | Ex PSU,162,137,12.47922308226208
2021-10-29,coarse_ex_psu,Coarse | Ex PSU,156,131,12.144666640426067
2021-11-05,coarse_ex_psu,Coarse | Ex PSU,156,131,12.387903679893588
2021-11-12,coarse_ex_psu,Coarse | Ex PSU,156,131,12.483619814981793
2021-11-19,coarse_ex_psu,Coarse | Ex PSU,156,131,12.110502860618979
2021-11-26,coarse_ex_psu,Coarse | Ex PSU,156,131,11.267007174373612
2021-12-03,coarse_ex_psu,Coarse | Ex PSU,156,131,11.350091668265653
2021-12-10,coarse_ex_psu,Coarse | Ex PSU,156,131,11.220963245864576
2021-12-17,coarse_ex_psu,Coarse | Ex PSU,156,131,10.639438289273373
2021-12-24,coarse_ex_psu,Coarse | Ex PSU,156,131,10.647064499047104
2021-12-31,coarse_ex_psu,Coarse | Ex PSU,156,131,10.650726579952112
2022-01-07,coarse_ex_psu,Coarse | Ex PSU,156,131,11.237745466099861
2022-01-14,coarse_ex_psu,Coarse | Ex PSU,156,131,11.150349345913593
2022-01-21,coarse_ex_psu,Coarse | Ex PSU,156,131,10.180090136032256
2022-01-28,coarse_ex_psu,Coarse | Ex PSU,157,132,10.468577123042742
2022-02-04,coarse_ex_psu,Coarse | Ex PSU,157,132,11.443192761810401
2022-02-11,coarse_ex_psu,Coarse | Ex PSU,157,132,11.1967166299946
2022-02-18,coarse_ex_psu,Coarse | Ex PSU,157,132,10.928489451532595
2022-02-25,coarse_ex_psu,Coarse | Ex PSU,157,132,10.477234506642848
2022-03-04,coarse_ex_psu,Coarse | Ex PSU,157,132,10.575254859509135
2022-03-11,coarse_ex_psu,Coarse | Ex PSU,157,132,10.419879088094039
2022-03-18,coarse_ex_psu,Coarse | Ex PSU,157,132,10.297598603789819
2022-03-25,coarse_ex_psu,Coarse | Ex PSU,157,132,10.33621739008839
2022-04-01,coarse_ex_psu,Coarse | Ex PSU,157,132,10.462241586742813
2022-04-08,coarse_ex_psu,Coarse | Ex PSU,157,132,10.15759881510784
2022-04-15,coarse_ex_psu,Coarse | Ex PSU,157,132,10.236302916627244
2022-04-22,coarse_ex_psu,Coarse | Ex PSU,158,132,10.376655823314097
2022-04-29,coarse_ex_psu,Coarse | Ex PSU,160,134,10.251855263273063
2022-05-06,coarse_ex_psu,Coarse | Ex PSU,160,134,9.230931685866729
2022-05-13,coarse_ex_psu,Coarse | Ex PSU,160,134,8.755403432156571
2022-05-20,coarse_ex_psu,Coarse | Ex PSU,160,134,8.920368359882032
2022-05-27,coarse_ex_psu,Coarse | Ex PSU,160,134,9.120769192783964
2022-06-03,coarse_ex_psu,Coarse | Ex PSU,160,134,9.275011058940631
2022-06-10,coarse_ex_psu,Coarse | Ex PSU,160,134,9.344470814858557
2022-06-17,coarse_ex_psu,Coarse | Ex PSU,160,134,8.61503073902593
2022-06-24,coarse_ex_psu,Coarse | Ex PSU,160,134,8.476094395170927
2022-07-01,coarse_ex_psu,Coarse | Ex PSU,160,134,8.429758713634353
2022-07-08,coarse_ex_psu,Coarse | Ex PSU,160,134,8.098292861986433
2022-07-15,coarse_ex_psu,Coarse | Ex PSU,160,134,8.157533696467524
2022-07-22,coarse_ex_psu,Coarse | Ex PSU,160,134,7.964743735416295
2022-07-29,coarse_ex_psu,Coarse | Ex PSU,160,134,7.837172030357682
2022-08-05,coarse_ex_psu,Coarse | Ex PSU,160,134,7.824885046805706
2022-08-12,coarse_ex_psu,Coarse | Ex PSU,160,134,7.8190168429047375
2022-08-19,coarse_ex_psu,Coarse | Ex PSU,160,134,7.762392901478511
2022-08-26,coarse_ex_psu,Coarse | Ex PSU,160,134,7.778953195147288
2022-09-02,coarse_ex_psu,Coarse | Ex PSU,160,134,8.24177795715607
2022-09-09,coarse_ex_psu,Coarse | Ex PSU,160,134,8.24799266931772
2022-09-16,coarse_ex_psu,Coarse | Ex PSU,160,134,8.163970452756308
2022-09-23,coarse_ex_psu,Coarse | Ex PSU,160,134,7.992603621090617
2022-09-30,coarse_ex_psu,Coarse | Ex PSU,155,127,7.984283333436027
2022-10-07,coarse_ex_psu,Coarse | Ex PSU,155,127,7.957358766553537
2022-10-14,coarse_ex_psu,Coarse | Ex PSU,155,127,7.955687666643369
2022-10-21,coarse_ex_psu,Coarse | Ex PSU,155,127,8.187016992141286
2022-10-28,coarse_ex_psu,Coarse | Ex PSU,155,127,8.099361283108381
2022-11-04,coarse_ex_psu,Coarse | Ex PSU,155,127,8.16097603878119
2022-11-11,coarse_ex_psu,Coarse | Ex PSU,155,127,8.182033411388128
2022-11-18,coarse_ex_psu,Coarse | Ex PSU,155,127,8.193219281891157
2022-11-25,coarse_ex_psu,Coarse | Ex PSU,155,127,8.414563977514929
2022-12-02,coarse_ex_psu,Coarse | Ex PSU,155,127,8.243473199050959
2022-12-09,coarse_ex_psu,Coarse | Ex PSU,155,127,8.327650585504053
2022-12-16,coarse_ex_psu,Coarse | Ex PSU,155,127,8.562797922397152
2022-12-23,coarse_ex_psu,Coarse | Ex PSU,155,127,8.185653435032977
2022-12-30,coarse_ex_psu,Coarse | Ex PSU,155,127,8.261948309165613
2023-01-06,coarse_ex_psu,Coarse | Ex PSU,155,127,8.281530826942445
2023-01-13,coarse_ex_psu,Coarse | Ex PSU,155,127,8.25877889839965
2023-01-20,coarse_ex_psu,Coarse | Ex PSU,155,127,8.729910721911084
2023-01-27,coarse_ex_psu,Coarse | Ex PSU,155,127,8.846375102345196
2023-02-03,coarse_ex_psu,Coarse | Ex PSU,155,127,9.192327339070909
2023-02-10,coarse_ex_psu,Coarse | Ex PSU,156,128,9.287171032069638
2023-02-17,coarse_ex_psu,Coarse | Ex PSU,156,128,9.427573927758683
2023-02-24,coarse_ex_psu,Coarse | Ex PSU,156,128,9.567341219554772
2023-03-03,coarse_ex_psu,Coarse | Ex PSU,156,128,9.804141060292118
2023-03-10,coarse_ex_psu,Coarse | Ex PSU,156,128,9.987791044969395
2023-03-17,coarse_ex_psu,Coarse | Ex PSU,156,128,10.219142382710181
2023-03-24,coarse_ex_psu,Coarse | Ex PSU,156,128,10.03845416545369
2023-03-31,coarse_ex_psu,Coarse | Ex PSU,160,130,10.100989742047792
2023-04-07,coarse_ex_psu,Coarse | Ex PSU,160,130,10.270528238346195
2023-04-14,coarse_ex_psu,Coarse | Ex PSU,160,130,10.332147431046511
2023-04-21,coarse_ex_psu,Coarse | Ex PSU,160,130,10.343975529780788
2023-04-28,coarse_ex_psu,Coarse | Ex PSU,160,130,10.053985767715135
2023-05-05,coarse_ex_psu,Coarse | Ex PSU,160,130,11.387218733656246
2023-05-12,coarse_ex_psu,Coarse | Ex PSU,160,130,12.350327110877002
2023-05-19,coarse_ex_psu,Coarse | Ex PSU,160,130,12.633710735546272
2023-05-26,coarse_ex_psu,Coarse | Ex PSU,160,130,12.068818796733739
2023-06-02,coarse_ex_psu,Coarse | Ex PSU,160,130,11.862416909431282
2023-06-09,coarse_ex_psu,Coarse | Ex PSU,160,130,12.191831038803569
2023-06-16,coarse_ex_psu,Coarse | Ex PSU,160,130,14.408339312398489
2023-06-23,coarse_ex_psu,Coarse | Ex PSU,160,130,14.482696577593527
2023-06-30,coarse_ex_psu,Coarse | Ex PSU,160,130,14.0198783981904
2023-07-07,coarse_ex_psu,Coarse | Ex PSU,160,130,15.089696913101287
2023-07-14,coarse_ex_psu,Coarse | Ex PSU,160,130,15.035152961289066
2023-07-21,coarse_ex_psu,Coarse | Ex PSU,160,130,15.839920370554234
2023-07-28,coarse_ex_psu,Coarse | Ex PSU,160,130,15.952518915232018
2023-08-04,coarse_ex_psu,Coarse | Ex PSU,160,130,16.25578792711785
2023-08-11,coarse_ex_psu,Coarse | Ex PSU,160,130,16.3545220626852
2023-08-18,coarse_ex_psu,Coarse | Ex PSU,160,130,16.08015280130284
2023-08-25,coarse_ex_psu,Coarse | Ex PSU,160,130,16.004102757847846
2023-09-01,coarse_ex_psu,Coarse | Ex PSU,160,130,15.826015760741996
2023-09-08,coarse_ex_psu,Coarse | Ex PSU,160,130,15.450784321801807
2023-09-15,coarse_ex_psu,Coarse | Ex PSU,160,130,15.761445850907425
2023-09-22,coarse_ex_psu,Coarse | Ex PSU,161,130,15.208384164159815
2023-09-29,coarse_ex_psu,Coarse | Ex PSU,161,131,15.305793162054158
2023-10-06,coarse_ex_psu,Coarse | Ex PSU,161,131,15.547769368848918
2023-10-13,coarse_ex_psu,Coarse | Ex PSU,161,131,16.043214572610054
2023-10-20,coarse_ex_psu,Coarse | Ex PSU,161,131,15.576330774436403
2023-10-27,coarse_ex_psu,Coarse | Ex PSU,161,131,14.71818031264422
2023-11-03,coarse_ex_psu,Coarse | Ex PSU,161,131,14.786162996021128
2023-11-10,coarse_ex_psu,Coarse | Ex PSU,161,131,14.483070956956883
2023-11-17,coarse_ex_psu,Coarse | Ex PSU,161,131,14.315335349558584
2023-11-24,coarse_ex_psu,Coarse | Ex PSU,161,131,14.443050803035863
2023-12-01,coarse_ex_psu,Coarse | Ex PSU,161,131,14.305901860478345
2023-12-08,coarse_ex_psu,Coarse | Ex PSU,161,131,14.211951544117388
2023-12-15,coarse_ex_psu,Coarse | Ex PSU,161,131,14.415776985582891
2023-12-22,coarse_ex_psu,Coarse | Ex PSU,161,131,16.657135127047752
2023-12-29,coarse_ex_psu,Coarse | Ex PSU,161,131,16.5469549883578
2024-01-05,coarse_ex_psu,Coarse | Ex PSU,161,131,16.740905149396102
2024-01-12,coarse_ex_psu,Coarse | Ex PSU,161,131,16.816109940477386
2024-01-19,coarse_ex_psu,Coarse | Ex PSU,161,131,17.08175251904108
2024-01-26,coarse_ex_psu,Coarse | Ex PSU,161,131,17.221350527703414
2024-02-02,coarse_ex_psu,Coarse | Ex PSU,161,131,16.730678054733083
2024-02-09,coarse_ex_psu,Coarse | Ex PSU,161,131,16.8625162659757
2024-02-16,coarse_ex_psu,Coarse | Ex PSU,162,131,17.151404228927355
2024-02-23,coarse_ex_psu,Coarse | Ex PSU,162,131,17.952549250763887
2024-03-01,coarse_ex_psu,Coarse | Ex PSU,162,131,17.917283299408556
2024-03-08,coarse_ex_psu,Coarse | Ex PSU,162,131,18.290238895660934
2024-03-15,coarse_ex_psu,Coarse | Ex PSU,162,131,17.695257408148386
2024-03-22,coarse_ex_psu,Coarse | Ex PSU,163,131,18.304511882880085
2024-03-29,coarse_ex_psu,Coarse | Ex PSU,154,123,17.403841031109614
2024-04-05,coarse_ex_psu,Coarse | Ex PSU,154,123,17.3532649626579
2024-04-12,coarse_ex_psu,Coarse | Ex PSU,154,123,17.461132385338768
2024-04-19,coarse_ex_psu,Coarse | Ex PSU,155,124,16.431530979771658
2024-04-26,coarse_ex_psu,Coarse | Ex PSU,155,124,16.689721069884335
2024-05-03,coarse_ex_psu,Coarse | Ex PSU,155,124,16.83027057034439
2024-05-10,coarse_ex_psu,Coarse | Ex PSU,155,124,16.481497947657036
2024-05-17,coarse_ex_psu,Coarse | Ex PSU,155,124,16.278549053678272
2024-05-24,coarse_ex_psu,Coarse | Ex PSU,155,124,16.664848116943553
2024-05-31,coarse_ex_psu,Coarse | Ex PSU,155,124,16.231075755052245
2024-06-07,coarse_ex_psu,Coarse | Ex PSU,155,124,14.780073368510612
2024-06-14,coarse_ex_psu,Coarse | Ex PSU,155,124,15.232312682578893
2024-06-21,coarse_ex_psu,Coarse | Ex PSU,155,124,15.56076837427541
2024-06-28,coarse_ex_psu,Coarse | Ex PSU,155,124,16.14136901262279
2024-07-05,coarse_ex_psu,Coarse | Ex PSU,155,124,15.91022817021323
2024-07-12,coarse_ex_psu,Coarse | Ex PSU,155,124,15.897707432922264
2024-07-19,coarse_ex_psu,Coarse | Ex PSU,155,124,15.627564832587245
2024-07-26,coarse_ex_psu,Coarse | Ex PSU,155,124,15.295364093411429
2024-08-02,coarse_ex_psu,Coarse | Ex PSU,155,124,15.178103132719832
2024-08-09,coarse_ex_psu,Coarse | Ex PSU,155,124,14.987383082510366
2024-08-16,coarse_ex_psu,Coarse | Ex PSU,155,124,15.446436843613103
2024-08-23,coarse_ex_psu,Coarse | Ex PSU,155,124,15.425904228475174
2024-08-30,coarse_ex_psu,Coarse | Ex PSU,155,124,15.423555599014943
2024-09-06,coarse_ex_psu,Coarse | Ex PSU,155,124,15.72293303550664
2024-09-13,coarse_ex_psu,Coarse | Ex PSU,155,124,15.528122169848672
2024-09-20,coarse_ex_psu,Coarse | Ex PSU,157,126,16.613142968541638
2024-09-27,coarse_ex_psu,Coarse | Ex PSU,162,129,16.0729753344536
2024-10-04,coarse_ex_psu,Coarse | Ex PSU,149,117,14.259215244197359
2024-10-11,coarse_ex_psu,Coarse | Ex PSU,149,117,14.464638040704278
2024-10-18,coarse_ex_psu,Coarse | Ex PSU,149,117,14.585737074904493
2024-10-25,coarse_ex_psu,Coarse | Ex PSU,149,117,12.869108421744059
2024-11-01,coarse_ex_psu,Coarse | Ex PSU,149,117,12.988878067221835
2024-11-08,coarse_ex_psu,Coarse | Ex PSU,149,117,13.130404787856335
2024-11-15,coarse_ex_psu,Coarse | Ex PSU,149,117,12.389452641157195
2024-11-22,coarse_ex_psu,Coarse | Ex PSU,149,117,12.57065163220819
2024-11-29,coarse_ex_psu,Coarse | Ex PSU,150,118,12.620444260252377
2024-12-06,coarse_ex_psu,Coarse | Ex PSU,150,118,12.429117793900794
2024-12-13,coarse_ex_psu,Coarse | Ex PSU,150,118,12.458528811904282
2024-12-20,coarse_ex_psu,Coarse | Ex PSU,150,118,11.460021693845636
2024-12-27,coarse_ex_psu,Coarse | Ex PSU,150,118,11.680898047525409
2025-01-03,coarse_ex_psu,Coarse | Ex PSU,150,118,11.64397239516275
2025-01-10,coarse_ex_psu,Coarse | Ex PSU,150,118,10.661253117194013
2025-01-17,coarse_ex_psu,Coarse | Ex PSU,150,118,10.656023867062967
2025-01-24,coarse_ex_psu,Coarse | Ex PSU,150,118,10.698072729572337
2025-01-31,coarse_ex_psu,Coarse | Ex PSU,150,118,10.769978935190673
2025-02-07,coarse_ex_psu,Coarse | Ex PSU,150,118,10.689803011262192
2025-02-14,coarse_ex_psu,Coarse | Ex PSU,150,118,9.305762135109322
2025-02-21,coarse_ex_psu,Coarse | Ex PSU,150,118,9.41637371298749
2025-02-28,coarse_ex_psu,Coarse | Ex PSU,150,118,8.861143647218315
2025-03-07,coarse_ex_psu,Coarse | Ex PSU,150,118,8.647690659716218
2025-03-14,coarse_ex_psu,Coarse | Ex PSU,150,118,8.711269595097802
2025-03-21,coarse_ex_psu,Coarse | Ex PSU,150,118,7.838958268641579
2025-03-28,coarse_ex_psu,Coarse | Ex PSU,149,118,8.181770852695701
2025-04-04,coarse_ex_psu,Coarse | Ex PSU,152,121,8.2777400731345
2025-04-11,coarse_ex_psu,Coarse | Ex PSU,152,121,8.31069169776768
2025-04-18,coarse_ex_psu,Coarse | Ex PSU,152,121,7.90384009934119
2025-04-25,coarse_ex_psu,Coarse | Ex PSU,152,121,8.049375801714104
2025-05-02,coarse_ex_psu,Coarse | Ex PSU,152,121,8.011952212756258
2025-05-09,coarse_ex_psu,Coarse | Ex PSU,152,121,7.949871944913875
2025-05-16,coarse_ex_psu,Coarse | Ex PSU,152,121,7.4775846801629005
2025-05-23,coarse_ex_psu,Coarse | Ex PSU,152,121,7.64589323286799
2025-05-30,coarse_ex_psu,Coarse | Ex PSU,152,121,7.6846662839428825
2025-06-06,coarse_ex_psu,Coarse | Ex PSU,152,121,8.07937273874939
2025-06-13,coarse_ex_psu,Coarse | Ex PSU,152,121,8.008120945795943
2025-06-20,coarse_ex_psu,Coarse | Ex PSU,152,121,7.954186079703285
2025-06-27,coarse_ex_psu,Coarse | Ex PSU,152,121,7.794551538668893
2025-07-04,coarse_ex_psu,Coarse | Ex PSU,152,121,7.90877417451569
2025-07-11,coarse_ex_psu,Coarse | Ex PSU,152,121,7.877904303544671
2025-07-18,coarse_ex_psu,Coarse | Ex PSU,152,121,7.910387953709852
2025-07-25,coarse_ex_psu,Coarse | Ex PSU,152,121,7.958708223227371
2025-08-01,coarse_ex_psu,Coarse | Ex PSU,152,121,7.893876809389154
2025-08-08,coarse_ex_psu,Coarse | Ex PSU,152,121,7.862923220238384
2025-08-15,coarse_ex_psu,Coarse | Ex PSU,152,121,7.800515777497327
2025-08-22,coarse_ex_psu,Coarse | Ex PSU,152,121,7.7991834705022915
2025-08-29,coarse_ex_psu,Coarse | Ex PSU,152,121,7.692931332575523
2025-09-05,coarse_ex_psu,Coarse | Ex PSU,152,121,7.581797744374068
2025-09-12,coarse_ex_psu,Coarse | Ex PSU,152,121,7.635547190747791
2025-09-19,coarse_ex_psu,Coarse | Ex PSU,153,122,7.572616362665634
2025-09-26,coarse_ex_psu,Coarse | Ex PSU,162,130,7.345651480137779
2025-10-03,coarse_ex_psu,Coarse | Ex PSU,157,127,7.109831990984071
2025-10-10,coarse_ex_psu,Coarse | Ex PSU,157,127,7.045211369328304
2025-10-17,coarse_ex_psu,Coarse | Ex PSU,157,127,7.041942692952906
2025-10-24,coarse_ex_psu,Coarse | Ex PSU,157,127,7.432604662182904
2025-10-31,coarse_ex_psu,Coarse | Ex PSU,157,127,7.386587178572853
2025-11-07,coarse_ex_psu,Coarse | Ex PSU,157,127,7.364593634957139
2025-11-14,coarse_ex_psu,Coarse | Ex PSU,157,127,7.703093890880887
2025-11-21,coarse_ex_psu,Coarse | Ex PSU,157,127,7.5495088652093685
2025-11-28,coarse_ex_psu,Coarse | Ex PSU,157,127,7.558150889323486
2025-12-05,coarse_ex_psu,Coarse | Ex PSU,157,127,7.6702311737765
2025-12-12,coarse_ex_psu,Coarse | Ex PSU,157,127,7.655197451239276
2025-12-19,coarse_ex_psu,Coarse | Ex PSU,157,127,7.962129261672234
2025-12-26,coarse_ex_psu,Coarse | Ex PSU,157,127,7.9480905144188485
2016-01-01,fine_all,Fine | With PSU,162,117,9.87201599410569
2016-01-08,fine_all,Fine | With PSU,162,117,9.374570078380762
2016-01-15,fine_all,Fine | With PSU,162,117,8.579218903188556
2016-01-22,fine_all,Fine | With PSU,162,117,8.65059041481594
2016-01-29,fine_all,Fine | With PSU,162,117,8.485059876821168
2016-02-05,fine_all,Fine | With PSU,162,117,8.723573916633072
2016-02-12,fine_all,Fine | With PSU,162,117,7.712231361644543
2016-02-19,fine_all,Fine | With PSU,162,117,7.523215857061798
2016-02-26,fine_all,Fine | With PSU,162,117,7.378657775424801
2016-03-04,fine_all,Fine | With PSU,162,117,6.594677467882857
2016-03-11,fine_all,Fine | With PSU,162,117,6.6033757823790715
2016-03-18,fine_all,Fine | With PSU,162,117,6.6568132732142065
2016-03-25,fine_all,Fine | With PSU,162,117,6.642541328223342
2016-04-01,fine_all,Fine | With PSU,162,117,6.784680103065044
2016-04-08,fine_all,Fine | With PSU,162,117,6.97538092680072
2016-04-15,fine_all,Fine | With PSU,162,117,6.859042047776129
2016-04-22,fine_all,Fine | With PSU,162,117,7.162907061157106
2016-04-29,fine_all,Fine | With PSU,155,106,7.2635070811024605
2016-05-06,fine_all,Fine | With PSU,155,106,7.239228578841525
2016-05-13,fine_all,Fine | With PSU,155,106,7.3213601974147435
2016-05-20,fine_all,Fine | With PSU,155,106,7.292878941673185
2016-05-27,fine_all,Fine | With PSU,155,106,7.1777992480956
2016-06-03,fine_all,Fine | With PSU,155,106,7.5354496458068265
2016-06-10,fine_all,Fine | With PSU,155,106,7.683351199312566
2016-06-17,fine_all,Fine | With PSU,155,106,7.9391545382879825
2016-06-24,fine_all,Fine | With PSU,155,106,8.006654927786439
2016-07-01,fine_all,Fine | With PSU,155,106,7.582002583800598
2016-07-08,fine_all,Fine | With PSU,155,106,7.562319720282876
2016-07-15,fine_all,Fine | With PSU,155,106,7.8342015245581385
2016-07-22,fine_all,Fine | With PSU,155,106,7.83007075213379
2016-07-29,fine_all,Fine | With PSU,155,106,7.814569247492225
2016-08-05,fine_all,Fine | With PSU,155,106,7.901020165351864
2016-08-12,fine_all,Fine | With PSU,155,106,7.922981459627096
2016-08-19,fine_all,Fine | With PSU,155,106,7.876943600722185
2016-08-26,fine_all,Fine | With PSU,155,106,8.299936263497896
2016-09-02,fine_all,Fine | With PSU,155,106,8.662723135825185
2016-09-09,fine_all,Fine | With PSU,155,106,8.568180373605214
2016-09-16,fine_all,Fine | With PSU,155,106,8.509890871197312
2016-09-23,fine_all,Fine | With PSU,155,106,8.502434197779008
2016-09-30,fine_all,Fine | With PSU,154,106,8.3208474428976
2016-10-07,fine_all,Fine | With PSU,154,106,8.138076693011236
2016-10-14,fine_all,Fine | With PSU,154,106,8.049903185578685
2016-10-21,fine_all,Fine | With PSU,161,111,8.489051639025341
2016-10-28,fine_all,Fine | With PSU,175,121,9.188248710451234
2016-11-04,fine_all,Fine | With PSU,175,121,8.923645359528885
2016-11-11,fine_all,Fine | With PSU,175,121,8.94016174927023
2016-11-18,fine_all,Fine | With PSU,175,121,8.678033118867681
2016-11-25,fine_all,Fine | With PSU,175,121,8.808782456550725
2016-12-02,fine_all,Fine | With PSU,175,121,8.877066205922581
2016-12-09,fine_all,Fine | With PSU,175,121,9.024647567089952
2016-12-16,fine_all,Fine | With PSU,175,121,9.190480018759507
2016-12-23,fine_all,Fine | With PSU,175,121,9.089234904426332
2016-12-30,fine_all,Fine | With PSU,174,120,9.135394083758273
2017-01-06,fine_all,Fine | With PSU,174,120,9.342684557239592
2017-01-13,fine_all,Fine | With PSU,174,120,10.10805914493959
2017-01-20,fine_all,Fine | With PSU,174,120,10.070351026023857
2017-01-27,fine_all,Fine | With PSU,174,120,9.958039405471418
2017-02-03,fine_all,Fine | With PSU,174,120,9.914651166412671
2017-02-10,fine_all,Fine | With PSU,174,120,11.78742456991034
2017-02-17,fine_all,Fine | With PSU,174,120,12.043802770535876
2017-02-24,fine_all,Fine | With PSU,174,120,12.638977270267516
2017-03-03,fine_all,Fine | With PSU,174,120,14.619957957728397
2017-03-10,fine_all,Fine | With PSU,174,120,14.71504250350506
2017-03-17,fine_all,Fine | With PSU,174,120,13.887381843500956
2017-03-24,fine_all,Fine | With PSU,174,120,13.997791978868548
2017-03-31,fine_all,Fine | With PSU,172,121,13.511930188996883
2017-04-07,fine_all,Fine | With PSU,172,121,13.504178786453856
2017-04-14,fine_all,Fine | With PSU,172,121,13.988797184229277
2017-04-21,fine_all,Fine | With PSU,172,121,14.115468757708468
2017-04-28,fine_all,Fine | With PSU,172,121,13.887482894356237
2017-05-05,fine_all,Fine | With PSU,172,121,14.044800453070716
2017-05-12,fine_all,Fine | With PSU,172,121,14.103791388336772
2017-05-19,fine_all,Fine | With PSU,172,121,14.061733189986327
2017-05-26,fine_all,Fine | With PSU,171,121,14.521177059721063
2017-06-02,fine_all,Fine | With PSU,171,121,14.569067973188707
2017-06-09,fine_all,Fine | With PSU,171,121,14.520359411678731
2017-06-16,fine_all,Fine | With PSU,171,121,14.537098159099909
2017-06-23,fine_all,Fine | With PSU,171,121,14.41626298398798
2017-06-30,fine_all,Fine | With PSU,172,122,15.71242059058965
2017-07-07,fine_all,Fine | With PSU,172,122,15.615546210639481
2017-07-14,fine_all,Fine | With PSU,172,122,15.614960356154866
2017-07-21,fine_all,Fine | With PSU,172,122,15.726035153023883
2017-07-28,fine_all,Fine | With PSU,172,122,15.87696470013726
2017-08-04,fine_all,Fine | With PSU,172,122,15.853900108664977
2017-08-11,fine_all,Fine | With PSU,172,122,13.667167048710642
2017-08-18,fine_all,Fine | With PSU,172,122,13.296400913420555
2017-08-25,fine_all,Fine | With PSU,172,122,13.205522426389841
2017-09-01,fine_all,Fine | With PSU,172,122,12.896431469775093
2017-09-08,fine_all,Fine | With PSU,172,122,12.977557130008504
2017-09-15,fine_all,Fine | With PSU,172,122,12.934359605000402
2017-09-22,fine_all,Fine | With PSU,173,123,12.606377160966106
2017-09-29,fine_all,Fine | With PSU,176,126,12.623558833074117
2017-10-06,fine_all,Fine | With PSU,176,126,12.687002044607098
2017-10-13,fine_all,Fine | With PSU,176,126,12.755511998084764
2017-10-20,fine_all,Fine | With PSU,176,126,12.717915295525708
2017-10-27,fine_all,Fine | With PSU,176,126,13.03998685669517
2017-11-03,fine_all,Fine | With PSU,176,126,14.01972328575634
2017-11-10,fine_all,Fine | With PSU,176,126,14.635031085960929
2017-11-17,fine_all,Fine | With PSU,176,126,16.015620046404216
2017-11-24,fine_all,Fine | With PSU,178,128,15.641567967436186
2017-12-01,fine_all,Fine | With PSU,178,128,15.436956684991806
2017-12-08,fine_all,Fine | With PSU,178,128,15.78702659172207
2017-12-15,fine_all,Fine | With PSU,178,128,16.33544800151148
2017-12-22,fine_all,Fine | With PSU,178,128,16.568476608928556
2017-12-29,fine_all,Fine | With PSU,178,128,16.947650430038916
2018-01-05,fine_all,Fine | With PSU,178,128,17.30037939108013
2018-01-12,fine_all,Fine | With PSU,178,128,17.544711187560797
2018-01-19,fine_all,Fine | With PSU,178,128,17.238642246232505
2018-01-26,fine_all,Fine | With PSU,178,128,17.688795695188418
2018-02-02,fine_all,Fine | With PSU,178,128,14.924808923397958
2018-02-09,fine_all,Fine | With PSU,178,128,15.161390843121254
2018-02-16,fine_all,Fine | With PSU,178,128,15.16177875539401
2018-02-23,fine_all,Fine | With PSU,178,128,15.1722894221043
2018-03-02,fine_all,Fine | With PSU,178,128,15.19359300728794
2018-03-09,fine_all,Fine | With PSU,178,128,14.304473837780126
2018-03-16,fine_all,Fine | With PSU,178,128,15.203960646276693
2018-03-23,fine_all,Fine | With PSU,179,129,14.698386125773794
2018-03-30,fine_all,Fine | With PSU,182,132,14.23032160014727
2018-04-06,fine_all,Fine | With PSU,182,132,13.075341786687716
2018-04-13,fine_all,Fine | With PSU,182,132,13.116527558906379
2018-04-20,fine_all,Fine | With PSU,182,132,12.975138555626982
2018-04-27,fine_all,Fine | With PSU,182,132,13.098655198159731
2018-05-04,fine_all,Fine | With PSU,182,132,12.612571098003643
2018-05-11,fine_all,Fine | With PSU,182,132,12.699087374495148
2018-05-18,fine_all,Fine | With PSU,182,132,12.620702319919655
2018-05-25,fine_all,Fine | With PSU,182,132,12.579622167441972
2018-06-01,fine_all,Fine | With PSU,182,132,12.875362796456473
2018-06-08,fine_all,Fine | With PSU,182,132,12.818406797254637
2018-06-15,fine_all,Fine | With PSU,182,132,12.890051630794224
2018-06-22,fine_all,Fine | With PSU,182,132,12.983854627614626
2018-06-29,fine_all,Fine | With PSU,169,121,12.356278159798931
2018-07-06,fine_all,Fine | With PSU,169,121,12.630715878294305
2018-07-13,fine_all,Fine | With PSU,169,121,12.88398518677199
2018-07-20,fine_all,Fine | With PSU,169,121,12.936870163065487
2018-07-27,fine_all,Fine | With PSU,169,121,12.128641514925455
2018-08-03,fine_all,Fine | With PSU,169,121,11.985903977381062
2018-08-10,fine_all,Fine | With PSU,169,121,13.597649467239574
2018-08-17,fine_all,Fine | With PSU,169,121,14.198021725411804
2018-08-24,fine_all,Fine | With PSU,169,121,14.305389482069788
2018-08-31,fine_all,Fine | With PSU,169,121,14.733896610694835
2018-09-07,fine_all,Fine | With PSU,169,121,14.672736209104993
2018-09-14,fine_all,Fine | With PSU,169,121,14.694701543591576
2018-09-21,fine_all,Fine | With PSU,169,121,13.48391966233916
2018-09-28,fine_all,Fine | With PSU,163,115,12.644007219584463
2018-10-05,fine_all,Fine | With PSU,163,115,11.613919072007103
2018-10-12,fine_all,Fine | With PSU,163,115,11.601428466125036
2018-10-19,fine_all,Fine | With PSU,163,115,11.712661322823374
2018-10-26,fine_all,Fine | With PSU,163,115,11.512204749780455
2018-11-02,fine_all,Fine | With PSU,163,115,9.79643473713349
2018-11-09,fine_all,Fine | With PSU,163,115,9.823581603536574
2018-11-16,fine_all,Fine | With PSU,163,115,9.959930618573853
2018-11-23,fine_all,Fine | With PSU,163,115,9.984383997306322
2018-11-30,fine_all,Fine | With PSU,163,115,9.972681135971815
2018-12-07,fine_all,Fine | With PSU,163,115,9.939108185221338
2018-12-14,fine_all,Fine | With PSU,163,115,9.677385007320327
2018-12-21,fine_all,Fine | With PSU,166,116,10.0674527640186
2018-12-28,fine_all,Fine | With PSU,176,124,9.925814290972955
2019-01-04,fine_all,Fine | With PSU,176,124,10.009069105297383
2019-01-11,fine_all,Fine | With PSU,176,124,10.009030509354288
2019-01-18,fine_all,Fine | With PSU,176,124,10.028038992336802
2019-01-25,fine_all,Fine | With PSU,176,124,10.022880475247296
2019-02-01,fine_all,Fine | With PSU,176,124,10.748980702206508
2019-02-08,fine_all,Fine | With PSU,176,124,10.996294452181228
2019-02-15,fine_all,Fine | With PSU,176,124,11.034481539036722
2019-02-22,fine_all,Fine | With PSU,176,124,10.896467043547549
2019-03-01,fine_all,Fine | With PSU,176,124,10.7535263327515
2019-03-08,fine_all,Fine | With PSU,176,124,10.997130255141403
2019-03-15,fine_all,Fine | With PSU,176,124,10.847933100997407
2019-03-22,fine_all,Fine | With PSU,176,124,11.081732596881766
2019-03-29,fine_all,Fine | With PSU,180,127,10.749143541663969
2019-04-05,fine_all,Fine | With PSU,180,127,11.338263429282579
2019-04-12,fine_all,Fine | With PSU,180,127,11.429132879742314
2019-04-19,fine_all,Fine | With PSU,180,127,11.427124887226116
2019-04-26,fine_all,Fine | With PSU,180,127,11.342445313621164
2019-05-03,fine_all,Fine | With PSU,180,127,11.476365141373186
2019-05-10,fine_all,Fine | With PSU,180,127,11.02840061021034
2019-05-17,fine_all,Fine | With PSU,180,127,11.198393163686172
2019-05-24,fine_all,Fine | With PSU,180,127,10.513960957308486
2019-05-31,fine_all,Fine | With PSU,180,127,10.562231565027636
2019-06-07,fine_all,Fine | With PSU,180,127,10.549873280865377
2019-06-14,fine_all,Fine | With PSU,180,127,10.500969621733628
2019-06-21,fine_all,Fine | With PSU,180,127,10.548593178211176
2019-06-28,fine_all,Fine | With PSU,180,127,10.58172990204838
2019-07-05,fine_all,Fine | With PSU,180,127,10.596523317172426
2019-07-12,fine_all,Fine | With PSU,180,127,10.533154442454695
2019-07-19,fine_all,Fine | With PSU,180,127,10.342111201582613
2019-07-26,fine_all,Fine | With PSU,180,127,11.101791894518097
2019-08-02,fine_all,Fine | With PSU,180,127,11.095592187158177
2019-08-09,fine_all,Fine | With PSU,180,127,11.062747358288641
2019-08-16,fine_all,Fine | With PSU,180,127,11.05593554017893
2019-08-23,fine_all,Fine | With PSU,180,127,10.980000019126933
2019-08-30,fine_all,Fine | With PSU,180,127,10.782953269138392
2019-09-06,fine_all,Fine | With PSU,180,127,10.805589521753596
2019-09-13,fine_all,Fine | With PSU,180,127,10.59378444913166
2019-09-20,fine_all,Fine | With PSU,182,129,11.048704087569979
2019-09-27,fine_all,Fine | With PSU,187,133,11.835873005232125
2019-10-04,fine_all,Fine | With PSU,187,133,11.938299457976566
2019-10-11,fine_all,Fine | With PSU,187,133,12.202664067608612
2019-10-18,fine_all,Fine | With PSU,187,133,11.34036470133969
2019-10-25,fine_all,Fine | With PSU,187,133,11.691339125058601
2019-11-01,fine_all,Fine | With PSU,187,133,13.055913742277232
2019-11-08,fine_all,Fine | With PSU,187,133,13.22849340040916
2019-11-15,fine_all,Fine | With PSU,187,133,13.148057208233439
2019-11-22,fine_all,Fine | With PSU,187,133,13.389291417162164
2019-11-29,fine_all,Fine | With PSU,180,128,13.176385017130341
2019-12-06,fine_all,Fine | With PSU,180,128,13.078817366108085
2019-12-13,fine_all,Fine | With PSU,180,128,13.429323452358014
2019-12-20,fine_all,Fine | With PSU,180,128,13.453090535894635
2019-12-27,fine_all,Fine | With PSU,179,128,13.439854051949943
2020-01-03,fine_all,Fine | With PSU,179,128,13.49982512152574
2020-01-10,fine_all,Fine | With PSU,179,128,13.598682293586224
2020-01-17,fine_all,Fine | With PSU,179,128,13.404156233386738
2020-01-24,fine_all,Fine | With PSU,179,128,13.767483888556217
2020-01-31,fine_all,Fine | With PSU,179,128,13.167711633682307
2020-02-07,fine_all,Fine | With PSU,179,128,13.134748543928584
2020-02-14,fine_all,Fine | With PSU,179,128,13.370559491942617
2020-02-21,fine_all,Fine | With PSU,179,128,13.626852798498446
2020-02-28,fine_all,Fine | With PSU,178,127,10.869644300787131
2020-03-06,fine_all,Fine | With PSU,178,127,11.147878396442525
2020-03-13,fine_all,Fine | With PSU,178,127,7.177480573728021
2020-03-20,fine_all,Fine | With PSU,178,127,5.5183157460629975
2020-03-27,fine_all,Fine | With PSU,172,122,5.749806090449452
2020-04-03,fine_all,Fine | With PSU,172,122,6.111851209922453
2020-04-10,fine_all,Fine | With PSU,172,122,5.10887248377816
2020-04-17,fine_all,Fine | With PSU,172,122,5.172898110481679
2020-04-24,fine_all,Fine | With PSU,172,122,5.323576965369253
2020-05-01,fine_all,Fine | With PSU,172,122,5.205669000734497
2020-05-08,fine_all,Fine | With PSU,172,122,5.163373218172126
2020-05-15,fine_all,Fine | With PSU,172,122,5.204744299938617
2020-05-22,fine_all,Fine | With PSU,177,127,5.4935586456826355
2020-05-29,fine_all,Fine | With PSU,185,134,5.1510301792521105
2020-06-05,fine_all,Fine | With PSU,185,134,5.022635807081094
2020-06-12,fine_all,Fine | With PSU,185,134,5.117404276707586
2020-06-19,fine_all,Fine | With PSU,186,135,5.181175580297496
2020-06-26,fine_all,Fine | With PSU,188,137,5.182269987770943
2020-07-03,fine_all,Fine | With PSU,188,137,5.179868398019139
2020-07-10,fine_all,Fine | With PSU,188,137,5.243621357037538
2020-07-17,fine_all,Fine | With PSU,188,137,5.299091358992801
2020-07-24,fine_all,Fine | With PSU,188,137,5.303027020559897
2020-07-31,fine_all,Fine | With PSU,178,132,5.401834555903743
2020-08-07,fine_all,Fine | With PSU,178,132,5.380779600517501
2020-08-14,fine_all,Fine | With PSU,178,132,5.453116624070099
2020-08-21,fine_all,Fine | With PSU,178,132,5.454405177314376
2020-08-28,fine_all,Fine | With PSU,179,132,5.503620664137225
2020-09-04,fine_all,Fine | With PSU,179,132,5.482143321128598
2020-09-11,fine_all,Fine | With PSU,179,132,5.505689533679956
2020-09-18,fine_all,Fine | With PSU,179,132,5.526635580013351
2020-09-25,fine_all,Fine | With PSU,174,129,5.4174345746746715
2020-10-02,fine_all,Fine | With PSU,174,129,5.450558139334152
2020-10-09,fine_all,Fine | With PSU,174,129,5.494324179059601
2020-10-16,fine_all,Fine | With PSU,174,129,5.578357260478899
2020-10-23,fine_all,Fine | With PSU,174,129,5.566987203919932
2020-10-30,fine_all,Fine | With PSU,174,129,5.601205869494432
2020-11-06,fine_all,Fine | With PSU,174,129,5.523564972569734
2020-11-13,fine_all,Fine | With PSU,174,129,5.5340215700604505
2020-11-20,fine_all,Fine | With PSU,174,129,5.499447095819092
2020-11-27,fine_all,Fine | With PSU,177,130,5.4922282840948835
2020-12-04,fine_all,Fine | With PSU,177,130,5.504421745713876
2020-12-11,fine_all,Fine | With PSU,177,130,5.523238017091641
2020-12-18,fine_all,Fine | With PSU,177,130,5.5620387040888835
2020-12-25,fine_all,Fine | With PSU,177,130,5.583835715207393
2021-01-01,fine_all,Fine | With PSU,177,130,5.559366141177601
2021-01-08,fine_all,Fine | With PSU,177,130,5.485406881446603
2021-01-15,fine_all,Fine | With PSU,177,130,5.552743208738709
2021-01-22,fine_all,Fine | With PSU,179,131,5.701706417053752
2021-01-29,fine_all,Fine | With PSU,182,133,5.7697863655567225
2021-02-05,fine_all,Fine | With PSU,182,133,5.653898943216955
2021-02-12,fine_all,Fine | With PSU,182,133,5.689112766254346
2021-02-19,fine_all,Fine | With PSU,182,133,5.7147137129636345
2021-02-26,fine_all,Fine | With PSU,182,133,6.023107113237045
2021-03-05,fine_all,Fine | With PSU,182,133,5.931172650125271
2021-03-12,fine_all,Fine | With PSU,182,133,6.982270043399764
2021-03-19,fine_all,Fine | With PSU,185,134,8.683513614378219
2021-03-26,fine_all,Fine | With PSU,187,136,8.812812537693263
2021-04-02,fine_all,Fine | With PSU,180,132,8.297467291911424
2021-04-09,fine_all,Fine | With PSU,180,132,10.271732844539422
2021-04-16,fine_all,Fine | With PSU,180,132,9.937148159080223
2021-04-23,fine_all,Fine | With PSU,180,132,9.815299033902052
2021-04-30,fine_all,Fine | With PSU,181,133,10.361027823847273
2021-05-07,fine_all,Fine | With PSU,181,133,11.532097028027597
2021-05-14,fine_all,Fine | With PSU,181,133,11.4857717453505
2021-05-21,fine_all,Fine | With PSU,181,133,11.386364271725201
2021-05-28,fine_all,Fine | With PSU,181,133,11.955458243122232
2021-06-04,fine_all,Fine | With PSU,181,133,12.648425452068695
2021-06-11,fine_all,Fine | With PSU,181,133,12.323197246947107
2021-06-18,fine_all,Fine | With PSU,181,133,12.001491556066714
2021-06-25,fine_all,Fine | With PSU,181,133,11.941054327254678
2021-07-02,fine_all,Fine | With PSU,181,133,11.944774658111434
2021-07-09,fine_all,Fine | With PSU,181,133,11.818322204357978
2021-07-16,fine_all,Fine | With PSU,181,133,11.714503502920074
2021-07-23,fine_all,Fine | With PSU,181,133,11.600394461266653
2021-07-30,fine_all,Fine | With PSU,182,133,11.576800419700511
2021-08-06,fine_all,Fine | With PSU,182,133,11.641067894541525
2021-08-13,fine_all,Fine | With PSU,182,133,11.456458362847686
2021-08-20,fine_all,Fine | With PSU,182,133,11.482585873231965
2021-08-27,fine_all,Fine | With PSU,182,133,11.328374104009685
2021-09-03,fine_all,Fine | With PSU,182,133,11.26768330015351
2021-09-10,fine_all,Fine | With PSU,182,133,11.231505931030782
2021-09-17,fine_all,Fine | With PSU,182,133,11.333384095024675
2021-09-24,fine_all,Fine | With PSU,184,134,13.08096140601827
2021-10-01,fine_all,Fine | With PSU,189,138,13.529075839936725
2021-10-08,fine_all,Fine | With PSU,189,138,13.395865211066557
2021-10-15,fine_all,Fine | With PSU,189,138,13.609775007463844
2021-10-22,fine_all,Fine | With PSU,189,138,12.327115025481138
2021-10-29,fine_all,Fine | With PSU,183,132,11.996451994364016
2021-11-05,fine_all,Fine | With PSU,183,132,12.237739181043723
2021-11-12,fine_all,Fine | With PSU,183,132,12.336309384841575
2021-11-19,fine_all,Fine | With PSU,183,132,11.963357573595976
2021-11-26,fine_all,Fine | With PSU,183,132,11.130796166448855
2021-12-03,fine_all,Fine | With PSU,183,132,11.21269482758138
2021-12-10,fine_all,Fine | With PSU,183,132,11.08421174008216
2021-12-17,fine_all,Fine | With PSU,183,132,10.504622875271027
2021-12-24,fine_all,Fine | With PSU,183,132,10.513228470280287
2021-12-31,fine_all,Fine | With PSU,183,132,10.522136084387181
2022-01-07,fine_all,Fine | With PSU,183,132,11.09571854297163
2022-01-14,fine_all,Fine | With PSU,183,132,11.00527582568124
2022-01-21,fine_all,Fine | With PSU,183,132,10.050698771326658
2022-01-28,fine_all,Fine | With PSU,184,133,10.34934877744079
2022-02-04,fine_all,Fine | With PSU,184,133,11.336409849645667
2022-02-11,fine_all,Fine | With PSU,184,133,11.093218299077101
2022-02-18,fine_all,Fine | With PSU,184,133,10.797077338406789
2022-02-25,fine_all,Fine | With PSU,184,133,10.339597376760796
2022-03-04,fine_all,Fine | With PSU,184,133,10.46057906621779
2022-03-11,fine_all,Fine | With PSU,184,133,10.308125751402411
2022-03-18,fine_all,Fine | With PSU,184,133,10.205060320104192
2022-03-25,fine_all,Fine | With PSU,184,133,10.244148743152795
2022-04-01,fine_all,Fine | With PSU,184,133,10.368361842472176
2022-04-08,fine_all,Fine | With PSU,184,133,10.063357449317927
2022-04-15,fine_all,Fine | With PSU,184,133,10.144396004025227
2022-04-22,fine_all,Fine | With PSU,188,133,10.310737229156851
2022-04-29,fine_all,Fine | With PSU,191,135,10.198236219641124
2022-05-06,fine_all,Fine | With PSU,191,135,9.188761351593543
2022-05-13,fine_all,Fine | With PSU,191,135,8.70502279239883
2022-05-20,fine_all,Fine | With PSU,191,135,8.864166333364542
2022-05-27,fine_all,Fine | With PSU,191,135,9.064310142598098
2022-06-03,fine_all,Fine | With PSU,191,135,9.218929159057774
2022-06-10,fine_all,Fine | With PSU,191,135,9.287773345346354
2022-06-17,fine_all,Fine | With PSU,191,135,8.555635405647916
2022-06-24,fine_all,Fine | With PSU,191,135,8.422726217591219
2022-07-01,fine_all,Fine | With PSU,191,135,8.377252578975625
2022-07-08,fine_all,Fine | With PSU,191,135,8.048404548127074
2022-07-15,fine_all,Fine | With PSU,191,135,8.105428150593335
2022-07-22,fine_all,Fine | With PSU,191,135,7.91226058956586
2022-07-29,fine_all,Fine | With PSU,191,135,7.785354953830278
2022-08-05,fine_all,Fine | With PSU,191,135,7.774227130278173
2022-08-12,fine_all,Fine | With PSU,190,135,7.768283971643027
2022-08-19,fine_all,Fine | With PSU,190,135,7.714199450311436
2022-08-26,fine_all,Fine | With PSU,190,135,7.732918369370024
2022-09-02,fine_all,Fine | With PSU,190,135,8.19101715856857
2022-09-09,fine_all,Fine | With PSU,190,135,8.195904524833004
2022-09-16,fine_all,Fine | With PSU,190,135,8.112718855327651
2022-09-23,fine_all,Fine | With PSU,190,135,7.9398064977808005
2022-09-30,fine_all,Fine | With PSU,185,128,7.918017912725838
2022-10-07,fine_all,Fine | With PSU,185,128,7.891607920784363
2022-10-14,fine_all,Fine | With PSU,185,128,7.891033265259164
2022-10-21,fine_all,Fine | With PSU,185,128,8.120064547196145
2022-10-28,fine_all,Fine | With PSU,185,128,8.010151148195495
2022-11-04,fine_all,Fine | With PSU,185,128,8.071663625121532
2022-11-11,fine_all,Fine | With PSU,185,128,8.09265642414471
2022-11-18,fine_all,Fine | With PSU,185,128,8.10673571461021
2022-11-25,fine_all,Fine | With PSU,185,128,8.330005704372693
2022-12-02,fine_all,Fine | With PSU,185,128,8.161799155504458
2022-12-09,fine_all,Fine | With PSU,185,128,8.245954347254346
2022-12-16,fine_all,Fine | With PSU,185,128,8.483112012952237
2022-12-23,fine_all,Fine | With PSU,185,128,8.103863662724036
2022-12-30,fine_all,Fine | With PSU,185,128,8.174610522957174
2023-01-06,fine_all,Fine | With PSU,185,128,8.195286666740563
2023-01-13,fine_all,Fine | With PSU,185,128,8.174447971888478
2023-01-20,fine_all,Fine | With PSU,185,128,8.639075144705048
2023-01-27,fine_all,Fine | With PSU,185,128,8.738037038183048
2023-02-03,fine_all,Fine | With PSU,185,128,9.07842918119877
2023-02-10,fine_all,Fine | With PSU,187,129,9.171522188126612
2023-02-17,fine_all,Fine | With PSU,187,129,9.311912092671136
2023-02-24,fine_all,Fine | With PSU,187,129,9.452421070863178
2023-03-03,fine_all,Fine | With PSU,187,129,9.664765589363
2023-03-10,fine_all,Fine | With PSU,187,129,9.842817044552492
2023-03-17,fine_all,Fine | With PSU,187,129,10.053119751019551
2023-03-24,fine_all,Fine | With PSU,187,129,9.87732993927768
2023-03-31,fine_all,Fine | With PSU,190,131,9.94449561919061
2023-04-07,fine_all,Fine | With PSU,190,131,10.114201169355326
2023-04-14,fine_all,Fine | With PSU,190,131,10.173511511957143
2023-04-21,fine_all,Fine | With PSU,190,131,10.184733527179352
2023-04-28,fine_all,Fine | With PSU,190,131,9.896140029022716
2023-05-05,fine_all,Fine | With PSU,190,131,11.175156367440705
2023-05-12,fine_all,Fine | With PSU,190,131,12.138629231148332
2023-05-19,fine_all,Fine | With PSU,190,131,12.418276126539574
2023-05-26,fine_all,Fine | With PSU,190,131,11.87000468246191
2023-06-02,fine_all,Fine | With PSU,190,131,11.667427436227271
2023-06-09,fine_all,Fine | With PSU,190,131,11.984117219104435
2023-06-16,fine_all,Fine | With PSU,190,131,14.186056249466253
2023-06-23,fine_all,Fine | With PSU,190,131,14.24402917889793
2023-06-30,fine_all,Fine | With PSU,190,131,13.792147600980249
2023-07-07,fine_all,Fine | With PSU,190,131,14.836471436846093
2023-07-14,fine_all,Fine | With PSU,190,131,14.789723070665937
2023-07-21,fine_all,Fine | With PSU,190,131,15.581334410468783
2023-07-28,fine_all,Fine | With PSU,190,131,15.690998775630563
2023-08-04,fine_all,Fine | With PSU,190,131,15.979594194698366
2023-08-11,fine_all,Fine | With PSU,190,131,16.087471259551705
2023-08-18,fine_all,Fine | With PSU,190,131,15.816674306602353
2023-08-25,fine_all,Fine | With PSU,190,131,15.74016515286026
2023-09-01,fine_all,Fine | With PSU,190,131,15.558525000019698
2023-09-08,fine_all,Fine | With PSU,190,131,15.186841042050403
2023-09-15,fine_all,Fine | With PSU,190,131,15.492722803209732
2023-09-22,fine_all,Fine | With PSU,193,131,14.976896354185245
2023-09-29,fine_all,Fine | With PSU,193,132,15.078487991736202
2023-10-06,fine_all,Fine | With PSU,193,132,15.316519699135256
2023-10-13,fine_all,Fine | With PSU,193,132,15.809958896106334
2023-10-20,fine_all,Fine | With PSU,193,132,15.34318326936984
2023-10-27,fine_all,Fine | With PSU,193,132,14.49177850742096
2023-11-03,fine_all,Fine | With PSU,193,132,14.55792287230665
2023-11-10,fine_all,Fine | With PSU,193,132,14.25390922458208
2023-11-17,fine_all,Fine | With PSU,193,132,14.08018415614708
2023-11-24,fine_all,Fine | With PSU,193,132,14.202521869711887
2023-12-01,fine_all,Fine | With PSU,193,132,14.06331737245766
2023-12-08,fine_all,Fine | With PSU,193,132,13.970078215715446
2023-12-15,fine_all,Fine | With PSU,193,132,14.164624363381906
2023-12-22,fine_all,Fine | With PSU,193,132,16.397675396005916
2023-12-29,fine_all,Fine | With PSU,193,132,16.29673715127621
2024-01-05,fine_all,Fine | With PSU,193,132,16.479612370929384
2024-01-12,fine_all,Fine | With PSU,193,132,16.5556049988267
2024-01-19,fine_all,Fine | With PSU,193,132,16.854003648644312
2024-01-26,fine_all,Fine | With PSU,193,132,17.04202232815855
2024-02-02,fine_all,Fine | With PSU,193,132,16.548193941857246
2024-02-09,fine_all,Fine | With PSU,193,132,16.677902665090002
2024-02-16,fine_all,Fine | With PSU,194,132,16.967265458917133
2024-02-23,fine_all,Fine | With PSU,194,132,17.78328407577103
2024-03-01,fine_all,Fine | With PSU,194,132,17.73504994552221
2024-03-08,fine_all,Fine | With PSU,194,132,18.1111309126716
2024-03-15,fine_all,Fine | With PSU,194,132,17.481169498743096
2024-03-22,fine_all,Fine | With PSU,195,132,18.093669534160767
2024-03-29,fine_all,Fine | With PSU,190,124,17.216355932493073
2024-04-05,fine_all,Fine | With PSU,190,124,17.14516729167926
2024-04-12,fine_all,Fine | With PSU,190,124,17.250109457191332
2024-04-19,fine_all,Fine | With PSU,191,125,16.2255668407361
2024-04-26,fine_all,Fine | With PSU,191,125,16.46672570029701
2024-05-03,fine_all,Fine | With PSU,191,125,16.604007785065587
2024-05-10,fine_all,Fine | With PSU,191,125,16.211684636637507
2024-05-17,fine_all,Fine | With PSU,191,125,16.00403018699084
2024-05-24,fine_all,Fine | With PSU,191,125,16.36577981725784
2024-05-31,fine_all,Fine | With PSU,191,125,15.93414867766782
2024-06-07,fine_all,Fine | With PSU,191,125,14.622301397983778
2024-06-14,fine_all,Fine | With PSU,191,125,15.047198512936987
2024-06-21,fine_all,Fine | With PSU,191,125,15.374770708630377
2024-06-28,fine_all,Fine | With PSU,191,125,15.945787279363524
2024-07-05,fine_all,Fine | With PSU,191,125,15.710176139026155
2024-07-12,fine_all,Fine | With PSU,191,125,15.69781044297844
2024-07-19,fine_all,Fine | With PSU,191,125,15.423410050580715
2024-07-26,fine_all,Fine | With PSU,191,125,15.108514679046948
2024-08-02,fine_all,Fine | With PSU,191,125,14.992574244599671
2024-08-09,fine_all,Fine | With PSU,191,125,14.791696595255441
2024-08-16,fine_all,Fine | With PSU,191,125,15.24500993268414
2024-08-23,fine_all,Fine | With PSU,191,125,15.224618572184001
2024-08-30,fine_all,Fine | With PSU,191,125,15.228297009360753
2024-09-06,fine_all,Fine | With PSU,191,125,15.520352469529943
2024-09-13,fine_all,Fine | With PSU,191,125,15.352895925483745
2024-09-20,fine_all,Fine | With PSU,194,127,16.403144314665756
2024-09-27,fine_all,Fine | With PSU,202,130,15.880648079182974
2024-10-04,fine_all,Fine | With PSU,188,118,14.084189470349708
2024-10-11,fine_all,Fine | With PSU,188,118,14.284738462908498
2024-10-18,fine_all,Fine | With PSU,188,118,14.40236153609146
2024-10-25,fine_all,Fine | With PSU,188,118,12.691878059201334
2024-11-01,fine_all,Fine | With PSU,188,118,12.807124135311405
2024-11-08,fine_all,Fine | With PSU,188,118,12.945055636143433
2024-11-15,fine_all,Fine | With PSU,188,118,12.211021271129875
2024-11-22,fine_all,Fine | With PSU,188,118,12.389197967016168
2024-11-29,fine_all,Fine | With PSU,189,119,12.448824187986673
2024-12-06,fine_all,Fine | With PSU,189,119,12.258511177730671
2024-12-13,fine_all,Fine | With PSU,189,119,12.28790852560046
2024-12-20,fine_all,Fine | With PSU,189,119,11.300353244609688
2024-12-27,fine_all,Fine | With PSU,189,119,11.519610630612915
2025-01-03,fine_all,Fine | With PSU,189,119,11.485759148241476
2025-01-10,fine_all,Fine | With PSU,189,119,10.508578768784806
2025-01-17,fine_all,Fine | With PSU,189,119,10.497065563164256
2025-01-24,fine_all,Fine | With PSU,189,119,10.527081314919561
2025-01-31,fine_all,Fine | With PSU,189,119,10.597553738243093
2025-02-07,fine_all,Fine | With PSU,189,119,10.525720371722027
2025-02-14,fine_all,Fine | With PSU,189,119,9.168864890033019
2025-02-21,fine_all,Fine | With PSU,189,119,9.274599248388387
2025-02-28,fine_all,Fine | With PSU,189,119,8.72941891633998
2025-03-07,fine_all,Fine | With PSU,189,119,8.516625893527117
2025-03-14,fine_all,Fine | With PSU,189,119,8.578760398888843
2025-03-21,fine_all,Fine | With PSU,189,119,7.723996830548406
2025-03-28,fine_all,Fine | With PSU,188,119,8.087705343191605
2025-04-04,fine_all,Fine | With PSU,192,122,8.184997086107309
2025-04-11,fine_all,Fine | With PSU,192,122,8.21700905553818
2025-04-18,fine_all,Fine | With PSU,192,122,7.816877627867596
2025-04-25,fine_all,Fine | With PSU,192,122,7.964440584226749
2025-05-02,fine_all,Fine | With PSU,192,122,7.92771581503565
2025-05-09,fine_all,Fine | With PSU,192,122,7.8668997502242055
2025-05-16,fine_all,Fine | With PSU,192,122,7.398343626829751
2025-05-23,fine_all,Fine | With PSU,192,122,7.561540029230177
2025-05-30,fine_all,Fine | With PSU,192,122,7.600442947210927
2025-06-06,fine_all,Fine | With PSU,192,122,7.960847130188012
2025-06-13,fine_all,Fine | With PSU,192,122,7.892541499822887
2025-06-20,fine_all,Fine | With PSU,192,122,7.839590049523775
2025-06-27,fine_all,Fine | With PSU,192,122,7.682633824869856
2025-07-04,fine_all,Fine | With PSU,192,122,7.794659111330143
2025-07-11,fine_all,Fine | With PSU,192,122,7.760386737875008
2025-07-18,fine_all,Fine | With PSU,192,122,7.792477167666266
2025-07-25,fine_all,Fine | With PSU,192,122,7.8376783880935035
2025-08-01,fine_all,Fine | With PSU,192,122,7.773698673743547
2025-08-08,fine_all,Fine | With PSU,192,122,7.743484914002979
2025-08-15,fine_all,Fine | With PSU,192,122,7.682678960434404
2025-08-22,fine_all,Fine | With PSU,192,122,7.684761351643297
2025-08-29,fine_all,Fine | With PSU,192,122,7.579981653464114
2025-09-05,fine_all,Fine | With PSU,192,122,7.468822027854011
2025-09-12,fine_all,Fine | With PSU,192,122,7.514359993192142
2025-09-19,fine_all,Fine | With PSU,194,123,7.453448197980644
2025-09-26,fine_all,Fine | With PSU,203,131,7.240222337055031
2025-10-03,fine_all,Fine | With PSU,195,128,6.989274434680831
2025-10-10,fine_all,Fine | With PSU,195,128,6.9264897133693815
2025-10-17,fine_all,Fine | With PSU,195,128,6.925078266699154
2025-10-24,fine_all,Fine | With PSU,195,128,7.308387065267682
2025-10-31,fine_all,Fine | With PSU,195,128,7.26157657132024
2025-11-07,fine_all,Fine | With PSU,195,128,7.239976108708818
2025-11-14,fine_all,Fine | With PSU,195,128,7.570215501681698
2025-11-21,fine_all,Fine | With PSU,195,128,7.419971285047079
2025-11-28,fine_all,Fine | With PSU,195,128,7.42731984171399
2025-12-05,fine_all,Fine | With PSU,195,128,7.536697819113492
2025-12-12,fine_all,Fine | With PSU,195,128,7.522114754111274
2025-12-19,fine_all,Fine | With PSU,195,128,7.823526994760944
2025-12-26,fine_all,Fine | With PSU,195,128,7.813667702449424
2016-01-01,fine_ex_psu,Fine | Ex PSU,135,116,10.089537946567052
2016-01-08,fine_ex_psu,Fine | Ex PSU,135,116,9.578465299974606
2016-01-15,fine_ex_psu,Fine | Ex PSU,135,116,8.76780336313712
2016-01-22,fine_ex_psu,Fine | Ex PSU,135,116,8.841523498754546
2016-01-29,fine_ex_psu,Fine | Ex PSU,135,116,8.67516149672554
2016-02-05,fine_ex_psu,Fine | Ex PSU,135,116,8.921142500144981
2016-02-12,fine_ex_psu,Fine | Ex PSU,135,116,7.884207889447792
2016-02-19,fine_ex_psu,Fine | Ex PSU,135,116,7.690443478244207
2016-02-26,fine_ex_psu,Fine | Ex PSU,135,116,7.5406026737519
2016-03-04,fine_ex_psu,Fine | Ex PSU,135,116,6.735714676548468
2016-03-11,fine_ex_psu,Fine | Ex PSU,135,116,6.744203807213849
2016-03-18,fine_ex_psu,Fine | Ex PSU,135,116,6.799756314809572
2016-03-25,fine_ex_psu,Fine | Ex PSU,135,116,6.784708437538637
2016-04-01,fine_ex_psu,Fine | Ex PSU,135,116,6.9318955399119915
2016-04-08,fine_ex_psu,Fine | Ex PSU,135,116,7.1289731321411764
2016-04-15,fine_ex_psu,Fine | Ex PSU,135,116,7.015189993370052
2016-04-22,fine_ex_psu,Fine | Ex PSU,135,116,7.32995063640718
2016-04-29,fine_ex_psu,Fine | Ex PSU,125,105,7.442540937085129
2016-05-06,fine_ex_psu,Fine | Ex PSU,125,105,7.418280491606519
2016-05-13,fine_ex_psu,Fine | Ex PSU,125,105,7.501330619512561
2016-05-20,fine_ex_psu,Fine | Ex PSU,125,105,7.4727718516553985
2016-05-27,fine_ex_psu,Fine | Ex PSU,125,105,7.356519872674249
2016-06-03,fine_ex_psu,Fine | Ex PSU,125,105,7.729322549729786
2016-06-10,fine_ex_psu,Fine | Ex PSU,125,105,7.880521904856181
2016-06-17,fine_ex_psu,Fine | Ex PSU,125,105,8.145293058134042
2016-06-24,fine_ex_psu,Fine | Ex PSU,125,105,8.216413490401159
2016-07-01,fine_ex_psu,Fine | Ex PSU,125,105,7.775881473730506
2016-07-08,fine_ex_psu,Fine | Ex PSU,125,105,7.7552893881440905
2016-07-15,fine_ex_psu,Fine | Ex PSU,125,105,8.037638902223645
2016-07-22,fine_ex_psu,Fine | Ex PSU,125,105,8.031033265680806
2016-07-29,fine_ex_psu,Fine | Ex PSU,125,105,8.015242868069866
2016-08-05,fine_ex_psu,Fine | Ex PSU,125,105,8.105455411920769
2016-08-12,fine_ex_psu,Fine | Ex PSU,125,105,8.130564980637745
2016-08-19,fine_ex_psu,Fine | Ex PSU,125,105,8.081606593669134
2016-08-26,fine_ex_psu,Fine | Ex PSU,125,105,8.521882913162687
2016-09-02,fine_ex_psu,Fine | Ex PSU,125,105,8.898058682981537
2016-09-09,fine_ex_psu,Fine | Ex PSU,125,105,8.797108964937182
2016-09-16,fine_ex_psu,Fine | Ex PSU,125,105,8.733304632972896
2016-09-23,fine_ex_psu,Fine | Ex PSU,125,105,8.726435103908011
2016-09-30,fine_ex_psu,Fine | Ex PSU,125,105,8.541252943257335
2016-10-07,fine_ex_psu,Fine | Ex PSU,125,105,8.350528725161508
2016-10-14,fine_ex_psu,Fine | Ex PSU,125,105,8.258693240090448
2016-10-21,fine_ex_psu,Fine | Ex PSU,131,110,8.696252861846709
2016-10-28,fine_ex_psu,Fine | Ex PSU,143,120,9.398887607543745
2016-11-04,fine_ex_psu,Fine | Ex PSU,143,120,9.131907941882062
2016-11-11,fine_ex_psu,Fine | Ex PSU,143,120,9.107707455673308
2016-11-18,fine_ex_psu,Fine | Ex PSU,143,120,8.825489258194535
2016-11-25,fine_ex_psu,Fine | Ex PSU,143,120,8.957482123724311
2016-12-02,fine_ex_psu,Fine | Ex PSU,143,120,9.02725363637215
2016-12-09,fine_ex_psu,Fine | Ex PSU,143,120,9.178274381120302
2016-12-16,fine_ex_psu,Fine | Ex PSU,143,120,9.350448558538075
2016-12-23,fine_ex_psu,Fine | Ex PSU,143,120,9.247700363445833
2016-12-30,fine_ex_psu,Fine | Ex PSU,142,119,9.293257575372765
2017-01-06,fine_ex_psu,Fine | Ex PSU,142,119,9.505423688254188
2017-01-13,fine_ex_psu,Fine | Ex PSU,142,119,10.278233737912926
2017-01-20,fine_ex_psu,Fine | Ex PSU,142,119,10.239193493178817
2017-01-27,fine_ex_psu,Fine | Ex PSU,142,119,10.127011525178592
2017-02-03,fine_ex_psu,Fine | Ex PSU,142,119,10.08319545090243
2017-02-10,fine_ex_psu,Fine | Ex PSU,142,119,11.964071562868504
2017-02-17,fine_ex_psu,Fine | Ex PSU,142,119,12.215768984256526
2017-02-24,fine_ex_psu,Fine | Ex PSU,142,119,12.81679544657413
2017-03-03,fine_ex_psu,Fine | Ex PSU,142,119,14.790481080818351
2017-03-10,fine_ex_psu,Fine | Ex PSU,142,119,14.887865756687304
2017-03-17,fine_ex_psu,Fine | Ex PSU,142,119,14.048318278912127
2017-03-24,fine_ex_psu,Fine | Ex PSU,142,119,14.16042510783115
2017-03-31,fine_ex_psu,Fine | Ex PSU,142,120,13.669433302117994
2017-04-07,fine_ex_psu,Fine | Ex PSU,142,120,13.657962563087953
2017-04-14,fine_ex_psu,Fine | Ex PSU,142,120,14.14347626290557
2017-04-21,fine_ex_psu,Fine | Ex PSU,142,120,14.273427918100467
2017-04-28,fine_ex_psu,Fine | Ex PSU,142,120,14.053344732799678
2017-05-05,fine_ex_psu,Fine | Ex PSU,142,120,14.209268874165403
2017-05-12,fine_ex_psu,Fine | Ex PSU,142,120,14.268979766917136
2017-05-19,fine_ex_psu,Fine | Ex PSU,142,120,14.221526593410172
2017-05-26,fine_ex_psu,Fine | Ex PSU,141,120,14.680965165100064
2017-06-02,fine_ex_psu,Fine | Ex PSU,141,120,14.70460812174871
2017-06-09,fine_ex_psu,Fine | Ex PSU,141,120,14.651843071292971
2017-06-16,fine_ex_psu,Fine | Ex PSU,141,120,14.677343248358152
2017-06-23,fine_ex_psu,Fine | Ex PSU,141,120,14.5619586542699
2017-06-30,fine_ex_psu,Fine | Ex PSU,142,121,15.846596629418706
2017-07-07,fine_ex_psu,Fine | Ex PSU,142,121,15.75458925926764
2017-07-14,fine_ex_psu,Fine | Ex PSU,142,121,15.752722354715411
2017-07-21,fine_ex_psu,Fine | Ex PSU,142,121,15.873476816694229
2017-07-28,fine_ex_psu,Fine | Ex PSU,142,121,16.022544819163326
2017-08-04,fine_ex_psu,Fine | Ex PSU,142,121,15.998136472012199
2017-08-11,fine_ex_psu,Fine | Ex PSU,142,121,13.821625380218794
2017-08-18,fine_ex_psu,Fine | Ex PSU,142,121,13.449092317108871
2017-08-25,fine_ex_psu,Fine | Ex PSU,142,121,13.354480080999096
2017-09-01,fine_ex_psu,Fine | Ex PSU,142,121,13.04103208623046
2017-09-08,fine_ex_psu,Fine | Ex PSU,142,121,13.120634053146814
2017-09-15,fine_ex_psu,Fine | Ex PSU,142,121,13.077105585783467
2017-09-22,fine_ex_psu,Fine | Ex PSU,143,122,12.746933817369651
2017-09-29,fine_ex_psu,Fine | Ex PSU,146,125,12.75925085224834
2017-10-06,fine_ex_psu,Fine | Ex PSU,146,125,12.822070350265376
2017-10-13,fine_ex_psu,Fine | Ex PSU,146,125,12.88959396483935
2017-10-20,fine_ex_psu,Fine | Ex PSU,146,125,12.851186513097641
2017-10-27,fine_ex_psu,Fine | Ex PSU,146,125,13.136862527209535
2017-11-03,fine_ex_psu,Fine | Ex PSU,146,125,14.110263720966966
2017-11-10,fine_ex_psu,Fine | Ex PSU,146,125,14.83063988587032
2017-11-17,fine_ex_psu,Fine | Ex PSU,146,125,16.286827562381646
2017-11-24,fine_ex_psu,Fine | Ex PSU,148,127,15.894931107438033
2017-12-01,fine_ex_psu,Fine | Ex PSU,148,127,15.690767337855265
2017-12-08,fine_ex_psu,Fine | Ex PSU,148,127,16.044505492239907
2017-12-15,fine_ex_psu,Fine | Ex PSU,148,127,16.599231780912145
2017-12-22,fine_ex_psu,Fine | Ex PSU,148,127,16.833061223328897
2017-12-29,fine_ex_psu,Fine | Ex PSU,148,127,17.215699103705134
2018-01-05,fine_ex_psu,Fine | Ex PSU,148,127,17.56996628489024
2018-01-12,fine_ex_psu,Fine | Ex PSU,148,127,17.819732616773408
2018-01-19,fine_ex_psu,Fine | Ex PSU,148,127,17.512136311761065
2018-01-26,fine_ex_psu,Fine | Ex PSU,148,127,17.955905972747832
2018-02-02,fine_ex_psu,Fine | Ex PSU,148,127,15.162492733084491
2018-02-09,fine_ex_psu,Fine | Ex PSU,148,127,15.404667955739908
2018-02-16,fine_ex_psu,Fine | Ex PSU,148,127,15.405343248605474
2018-02-23,fine_ex_psu,Fine | Ex PSU,148,127,15.41596279776744
2018-03-02,fine_ex_psu,Fine | Ex PSU,148,127,15.436239151468712
2018-03-09,fine_ex_psu,Fine | Ex PSU,148,127,14.5405025823823
2018-03-16,fine_ex_psu,Fine | Ex PSU,148,127,15.455619034454802
2018-03-23,fine_ex_psu,Fine | Ex PSU,149,128,14.949299316702062
2018-03-30,fine_ex_psu,Fine | Ex PSU,152,131,14.457693143405567
2018-04-06,fine_ex_psu,Fine | Ex PSU,152,131,13.276909780439091
2018-04-13,fine_ex_psu,Fine | Ex PSU,152,131,13.322743576079848
2018-04-20,fine_ex_psu,Fine | Ex PSU,152,131,13.174247613236066
2018-04-27,fine_ex_psu,Fine | Ex PSU,152,131,13.301109726363515
2018-05-04,fine_ex_psu,Fine | Ex PSU,152,131,12.805454110844158
2018-05-11,fine_ex_psu,Fine | Ex PSU,152,131,12.89373211633056
2018-05-18,fine_ex_psu,Fine | Ex PSU,152,131,12.824673194454466
2018-05-25,fine_ex_psu,Fine | Ex PSU,152,131,12.779101235926817
2018-06-01,fine_ex_psu,Fine | Ex PSU,152,131,13.098935147316002
2018-06-08,fine_ex_psu,Fine | Ex PSU,152,131,13.045172951208693
2018-06-15,fine_ex_psu,Fine | Ex PSU,152,131,13.11310353029644
2018-06-22,fine_ex_psu,Fine | Ex PSU,152,131,13.208182165368806
2018-06-29,fine_ex_psu,Fine | Ex PSU,138,120,12.59569916938366
2018-07-06,fine_ex_psu,Fine | Ex PSU,138,120,12.873796768972829
2018-07-13,fine_ex_psu,Fine | Ex PSU,138,120,13.128789515170952
2018-07-20,fine_ex_psu,Fine | Ex PSU,138,120,13.17954070825972
2018-07-27,fine_ex_psu,Fine | Ex PSU,138,120,12.36604193253555
2018-08-03,fine_ex_psu,Fine | Ex PSU,138,120,12.220136029866158
2018-08-10,fine_ex_psu,Fine | Ex PSU,138,120,13.872070587714802
2018-08-17,fine_ex_psu,Fine | Ex PSU,138,120,14.476894850037935
2018-08-24,fine_ex_psu,Fine | Ex PSU,138,120,14.589335776283644
2018-08-31,fine_ex_psu,Fine | Ex PSU,138,120,15.031213307042117
2018-09-07,fine_ex_psu,Fine | Ex PSU,138,120,14.970625108519773
2018-09-14,fine_ex_psu,Fine | Ex PSU,138,120,14.989925231714281
2018-09-21,fine_ex_psu,Fine | Ex PSU,138,120,13.7397734685256
2018-09-28,fine_ex_psu,Fine | Ex PSU,132,114,12.896998462283568
2018-10-05,fine_ex_psu,Fine | Ex PSU,132,114,11.842062771064663
2018-10-12,fine_ex_psu,Fine | Ex PSU,132,114,11.832072925227665
2018-10-19,fine_ex_psu,Fine | Ex PSU,132,114,11.943762852233421
2018-10-26,fine_ex_psu,Fine | Ex PSU,132,114,11.801841340851075
2018-11-02,fine_ex_psu,Fine | Ex PSU,132,114,10.030923700951531
2018-11-09,fine_ex_psu,Fine | Ex PSU,132,114,10.058870689375759
2018-11-16,fine_ex_psu,Fine | Ex PSU,132,114,10.199911892561191
2018-11-23,fine_ex_psu,Fine | Ex PSU,132,114,10.224725133325247
2018-11-30,fine_ex_psu,Fine | Ex PSU,132,114,10.189446938555713
2018-12-07,fine_ex_psu,Fine | Ex PSU,132,114,10.154437282944892
2018-12-14,fine_ex_psu,Fine | Ex PSU,132,114,9.886575645112565
2018-12-21,fine_ex_psu,Fine | Ex PSU,135,115,10.274390321628754
2018-12-28,fine_ex_psu,Fine | Ex PSU,144,123,10.115466732175834
2019-01-04,fine_ex_psu,Fine | Ex PSU,144,123,10.19716296002129
2019-01-11,fine_ex_psu,Fine | Ex PSU,144,123,10.197343950775483
2019-01-18,fine_ex_psu,Fine | Ex PSU,144,123,10.217049338239933
2019-01-25,fine_ex_psu,Fine | Ex PSU,144,123,10.21626670858863
2019-02-01,fine_ex_psu,Fine | Ex PSU,144,123,10.957333123104728
2019-02-08,fine_ex_psu,Fine | Ex PSU,144,123,11.212166415010449
2019-02-15,fine_ex_psu,Fine | Ex PSU,144,123,11.254882770383096
2019-02-22,fine_ex_psu,Fine | Ex PSU,144,123,11.11608677331028
2019-03-01,fine_ex_psu,Fine | Ex PSU,144,123,10.974922987670944
2019-03-08,fine_ex_psu,Fine | Ex PSU,144,123,11.226211919951448
2019-03-15,fine_ex_psu,Fine | Ex PSU,144,123,11.075792980475184
2019-03-22,fine_ex_psu,Fine | Ex PSU,144,123,11.315285528437052
2019-03-29,fine_ex_psu,Fine | Ex PSU,148,126,10.960587155944609
2019-04-05,fine_ex_psu,Fine | Ex PSU,148,126,11.564248451495855
2019-04-12,fine_ex_psu,Fine | Ex PSU,148,126,11.660183268941344
2019-04-19,fine_ex_psu,Fine | Ex PSU,148,126,11.662831084051579
2019-04-26,fine_ex_psu,Fine | Ex PSU,148,126,11.578339143411615
2019-05-03,fine_ex_psu,Fine | Ex PSU,148,126,11.715551614388247
2019-05-10,fine_ex_psu,Fine | Ex PSU,148,126,11.25722404228234
2019-05-17,fine_ex_psu,Fine | Ex PSU,148,126,11.430778685900906
2019-05-24,fine_ex_psu,Fine | Ex PSU,148,126,10.736980203155582
2019-05-31,fine_ex_psu,Fine | Ex PSU,148,126,10.788302707032463
2019-06-07,fine_ex_psu,Fine | Ex PSU,148,126,10.77651182711402
2019-06-14,fine_ex_psu,Fine | Ex PSU,148,126,10.728975346829264
2019-06-21,fine_ex_psu,Fine | Ex PSU,148,126,10.774960921950086
2019-06-28,fine_ex_psu,Fine | Ex PSU,148,126,10.808033071213673
2019-07-05,fine_ex_psu,Fine | Ex PSU,148,126,10.826772546518178
2019-07-12,fine_ex_psu,Fine | Ex PSU,148,126,10.763186019706131
2019-07-19,fine_ex_psu,Fine | Ex PSU,148,126,10.568519664641414
2019-07-26,fine_ex_psu,Fine | Ex PSU,148,126,11.33861655375619
2019-08-02,fine_ex_psu,Fine | Ex PSU,148,126,11.335766027619968
2019-08-09,fine_ex_psu,Fine | Ex PSU,148,126,11.29203889699612
2019-08-16,fine_ex_psu,Fine | Ex PSU,148,126,11.28948908993956
2019-08-23,fine_ex_psu,Fine | Ex PSU,148,126,11.213593547734542
2019-08-30,fine_ex_psu,Fine | Ex PSU,148,126,11.012503557297082
2019-09-06,fine_ex_psu,Fine | Ex PSU,148,126,11.033185153989749
2019-09-13,fine_ex_psu,Fine | Ex PSU,148,126,10.817578766585425
2019-09-20,fine_ex_psu,Fine | Ex PSU,150,128,11.271135787379038
2019-09-27,fine_ex_psu,Fine | Ex PSU,155,132,12.064656139191435
2019-10-04,fine_ex_psu,Fine | Ex PSU,155,132,12.1592786412959
2019-10-11,fine_ex_psu,Fine | Ex PSU,155,132,12.4244791533648
2019-10-18,fine_ex_psu,Fine | Ex PSU,155,132,11.547789188560683
2019-10-25,fine_ex_psu,Fine | Ex PSU,155,132,11.910668107061229
2019-11-01,fine_ex_psu,Fine | Ex PSU,155,132,13.304829543759446
2019-11-08,fine_ex_psu,Fine | Ex PSU,155,132,13.477613997202027
2019-11-15,fine_ex_psu,Fine | Ex PSU,155,132,13.399307099849425
2019-11-22,fine_ex_psu,Fine | Ex PSU,155,132,13.646873444217864
2019-11-29,fine_ex_psu,Fine | Ex PSU,148,127,13.471460711814844
2019-12-06,fine_ex_psu,Fine | Ex PSU,148,127,13.37240791768241
2019-12-13,fine_ex_psu,Fine | Ex PSU,148,127,13.730378850734246
2019-12-20,fine_ex_psu,Fine | Ex PSU,148,127,13.761287517684098
2019-12-27,fine_ex_psu,Fine | Ex PSU,147,127,13.7476482150926
2020-01-03,fine_ex_psu,Fine | Ex PSU,147,127,13.818146308138253
2020-01-10,fine_ex_psu,Fine | Ex PSU,147,127,13.918428899639101
2020-01-17,fine_ex_psu,Fine | Ex PSU,147,127,13.714404865379109
2020-01-24,fine_ex_psu,Fine | Ex PSU,147,127,14.086632981071721
2020-01-31,fine_ex_psu,Fine | Ex PSU,147,127,13.477412541301046
2020-02-07,fine_ex_psu,Fine | Ex PSU,147,127,13.439742009926663
2020-02-14,fine_ex_psu,Fine | Ex PSU,147,127,13.685002203728363
2020-02-21,fine_ex_psu,Fine | Ex PSU,147,127,13.94766848294117
2020-02-28,fine_ex_psu,Fine | Ex PSU,146,126,11.119305537744138
2020-03-06,fine_ex_psu,Fine | Ex PSU,146,126,11.407714812893493
2020-03-13,fine_ex_psu,Fine | Ex PSU,146,126,7.301796599896994
2020-03-20,fine_ex_psu,Fine | Ex PSU,146,126,5.574854313992935
2020-03-27,fine_ex_psu,Fine | Ex PSU,141,121,5.813915778412724
2020-04-03,fine_ex_psu,Fine | Ex PSU,141,121,6.178064854128306
2020-04-10,fine_ex_psu,Fine | Ex PSU,141,121,5.157758622048629
2020-04-17,fine_ex_psu,Fine | Ex PSU,141,121,5.224078279504662
2020-04-24,fine_ex_psu,Fine | Ex PSU,141,121,5.378119882405673
2020-05-01,fine_ex_psu,Fine | Ex PSU,141,121,5.260709309026759
2020-05-08,fine_ex_psu,Fine | Ex PSU,141,121,5.21855012811395
2020-05-15,fine_ex_psu,Fine | Ex PSU,141,121,5.260960944901266
2020-05-22,fine_ex_psu,Fine | Ex PSU,146,126,5.5521586278692965
2020-05-29,fine_ex_psu,Fine | Ex PSU,153,133,5.20159507531864
2020-06-05,fine_ex_psu,Fine | Ex PSU,153,133,5.071815731246519
2020-06-12,fine_ex_psu,Fine | Ex PSU,153,133,5.168660452258564
2020-06-19,fine_ex_psu,Fine | Ex PSU,154,134,5.233608170552199
2020-06-26,fine_ex_psu,Fine | Ex PSU,156,136,5.234433380082678
2020-07-03,fine_ex_psu,Fine | Ex PSU,156,136,5.2320640457368075
2020-07-10,fine_ex_psu,Fine | Ex PSU,156,136,5.29727206419428
2020-07-17,fine_ex_psu,Fine | Ex PSU,156,136,5.353717703329862
2020-07-24,fine_ex_psu,Fine | Ex PSU,156,136,5.358209144732932
2020-07-31,fine_ex_psu,Fine | Ex PSU,150,131,5.459780440233479
2020-08-07,fine_ex_psu,Fine | Ex PSU,150,131,5.4394481658291065
2020-08-14,fine_ex_psu,Fine | Ex PSU,150,131,5.513613051632605
2020-08-21,fine_ex_psu,Fine | Ex PSU,150,131,5.5153702644630584
2020-08-28,fine_ex_psu,Fine | Ex PSU,151,131,5.565476808708111
2020-09-04,fine_ex_psu,Fine | Ex PSU,151,131,5.544610489568714
2020-09-11,fine_ex_psu,Fine | Ex PSU,151,131,5.568573018264986
2020-09-18,fine_ex_psu,Fine | Ex PSU,151,131,5.5882974994481
2020-09-25,fine_ex_psu,Fine | Ex PSU,147,128,5.478908689829073
2020-10-02,fine_ex_psu,Fine | Ex PSU,147,128,5.512730313607135
2020-10-09,fine_ex_psu,Fine | Ex PSU,147,128,5.558068717391818
2020-10-16,fine_ex_psu,Fine | Ex PSU,147,128,5.643658948272335
2020-10-23,fine_ex_psu,Fine | Ex PSU,147,128,5.6315550649745
2020-10-30,fine_ex_psu,Fine | Ex PSU,147,128,5.666937416960699
2020-11-06,fine_ex_psu,Fine | Ex PSU,147,128,5.588578747767789
2020-11-13,fine_ex_psu,Fine | Ex PSU,147,128,5.599388845022629
2020-11-20,fine_ex_psu,Fine | Ex PSU,147,128,5.565040716111828
2020-11-27,fine_ex_psu,Fine | Ex PSU,149,129,5.557000669638691
2020-12-04,fine_ex_psu,Fine | Ex PSU,149,129,5.568066883614443
2020-12-11,fine_ex_psu,Fine | Ex PSU,149,129,5.587453073641934
2020-12-18,fine_ex_psu,Fine | Ex PSU,149,129,5.627047427171321
2020-12-25,fine_ex_psu,Fine | Ex PSU,149,129,5.649213396904739
2021-01-01,fine_ex_psu,Fine | Ex PSU,149,129,5.62411641646787
2021-01-08,fine_ex_psu,Fine | Ex PSU,149,129,5.549087313638622
2021-01-15,fine_ex_psu,Fine | Ex PSU,149,129,5.617524453427613
2021-01-22,fine_ex_psu,Fine | Ex PSU,151,130,5.768481913113991
2021-01-29,fine_ex_psu,Fine | Ex PSU,153,132,5.837908773482069
2021-02-05,fine_ex_psu,Fine | Ex PSU,153,132,5.720457790622085
2021-02-12,fine_ex_psu,Fine | Ex PSU,153,132,5.7569191903483325
2021-02-19,fine_ex_psu,Fine | Ex PSU,153,132,5.775422449657948
2021-02-26,fine_ex_psu,Fine | Ex PSU,153,132,6.085714276184051
2021-03-05,fine_ex_psu,Fine | Ex PSU,153,132,5.991562010390107
2021-03-12,fine_ex_psu,Fine | Ex PSU,153,132,7.054912931677541
2021-03-19,fine_ex_psu,Fine | Ex PSU,156,133,8.80332217407761
2021-03-26,fine_ex_psu,Fine | Ex PSU,158,135,8.92584989422929
2021-04-02,fine_ex_psu,Fine | Ex PSU,154,131,8.415882749155854
2021-04-09,fine_ex_psu,Fine | Ex PSU,154,131,10.456580887670414
2021-04-16,fine_ex_psu,Fine | Ex PSU,154,131,10.11813647984621
2021-04-23,fine_ex_psu,Fine | Ex PSU,154,131,9.98985076816692
2021-04-30,fine_ex_psu,Fine | Ex PSU,155,132,10.54502801543296
2021-05-07,fine_ex_psu,Fine | Ex PSU,155,132,11.730976601999568
2021-05-14,fine_ex_psu,Fine | Ex PSU,155,132,11.679979878725815
2021-05-21,fine_ex_psu,Fine | Ex PSU,155,132,11.572181386040127
2021-05-28,fine_ex_psu,Fine | Ex PSU,155,132,12.152027672272002
2021-06-04,fine_ex_psu,Fine | Ex PSU,155,132,12.844646742672488
2021-06-11,fine_ex_psu,Fine | Ex PSU,155,132,12.51182562808697
2021-06-18,fine_ex_psu,Fine | Ex PSU,155,132,12.188707726079599
2021-06-25,fine_ex_psu,Fine | Ex PSU,155,132,12.125778915279438
2021-07-02,fine_ex_psu,Fine | Ex PSU,155,132,12.131029749808295
2021-07-09,fine_ex_psu,Fine | Ex PSU,155,132,12.000851207128653
2021-07-16,fine_ex_psu,Fine | Ex PSU,155,132,11.890620515081405
2021-07-23,fine_ex_psu,Fine | Ex PSU,155,132,11.774671559372319
2021-07-30,fine_ex_psu,Fine | Ex PSU,156,132,11.755327908568693
2021-08-06,fine_ex_psu,Fine | Ex PSU,156,132,11.822461840323765
2021-08-13,fine_ex_psu,Fine | Ex PSU,156,132,11.635055561253333
2021-08-20,fine_ex_psu,Fine | Ex PSU,156,132,11.66264647538344
2021-08-27,fine_ex_psu,Fine | Ex PSU,156,132,11.506910206439894
2021-09-03,fine_ex_psu,Fine | Ex PSU,156,132,11.435424561918515
2021-09-10,fine_ex_psu,Fine | Ex PSU,156,132,11.39714206699748
2021-09-17,fine_ex_psu,Fine | Ex PSU,156,132,11.514971915727807
2021-09-24,fine_ex_psu,Fine | Ex PSU,158,133,13.279105995352259
2021-10-01,fine_ex_psu,Fine | Ex PSU,162,137,13.709342682747192
2021-10-08,fine_ex_psu,Fine | Ex PSU,162,137,13.573799646766437
2021-10-15,fine_ex_psu,Fine | Ex PSU,162,137,13.789491714792021
2021-10-22,fine_ex_psu,Fine | Ex PSU,162,137,12.47922308226208
2021-10-29,fine_ex_psu,Fine | Ex PSU,156,131,12.144666640426067
2021-11-05,fine_ex_psu,Fine | Ex PSU,156,131,12.387903679893588
2021-11-12,fine_ex_psu,Fine | Ex PSU,156,131,12.483619814981793
2021-11-19,fine_ex_psu,Fine | Ex PSU,156,131,12.110502860618979
2021-11-26,fine_ex_psu,Fine | Ex PSU,156,131,11.267007174373612
2021-12-03,fine_ex_psu,Fine | Ex PSU,156,131,11.350091668265653
2021-12-10,fine_ex_psu,Fine | Ex PSU,156,131,11.220963245864576
2021-12-17,fine_ex_psu,Fine | Ex PSU,156,131,10.639438289273373
2021-12-24,fine_ex_psu,Fine | Ex PSU,156,131,10.647064499047104
2021-12-31,fine_ex_psu,Fine | Ex PSU,156,131,10.650726579952112
2022-01-07,fine_ex_psu,Fine | Ex PSU,156,131,11.237745466099861
2022-01-14,fine_ex_psu,Fine | Ex PSU,156,131,11.150349345913593
2022-01-21,fine_ex_psu,Fine | Ex PSU,156,131,10.180090136032256
2022-01-28,fine_ex_psu,Fine | Ex PSU,157,132,10.468577123042742
2022-02-04,fine_ex_psu,Fine | Ex PSU,157,132,11.443192761810401
2022-02-11,fine_ex_psu,Fine | Ex PSU,157,132,11.1967166299946
2022-02-18,fine_ex_psu,Fine | Ex PSU,157,132,10.928489451532595
2022-02-25,fine_ex_psu,Fine | Ex PSU,157,132,10.477234506642848
2022-03-04,fine_ex_psu,Fine | Ex PSU,157,132,10.575254859509135
2022-03-11,fine_ex_psu,Fine | Ex PSU,157,132,10.419879088094039
2022-03-18,fine_ex_psu,Fine | Ex PSU,157,132,10.297598603789819
2022-03-25,fine_ex_psu,Fine | Ex PSU,157,132,10.33621739008839
2022-04-01,fine_ex_psu,Fine | Ex PSU,157,132,10.462241586742813
2022-04-08,fine_ex_psu,Fine | Ex PSU,157,132,10.15759881510784
2022-04-15,fine_ex_psu,Fine | Ex PSU,157,132,10.236302916627244
2022-04-22,fine_ex_psu,Fine | Ex PSU,158,132,10.376655823314097
2022-04-29,fine_ex_psu,Fine | Ex PSU,160,134,10.251855263273063
2022-05-06,fine_ex_psu,Fine | Ex PSU,160,134,9.230931685866729
2022-05-13,fine_ex_psu,Fine | Ex PSU,160,134,8.755403432156571
2022-05-20,fine_ex_psu,Fine | Ex PSU,160,134,8.920368359882032
2022-05-27,fine_ex_psu,Fine | Ex PSU,160,134,9.120769192783964
2022-06-03,fine_ex_psu,Fine | Ex PSU,160,134,9.275011058940631
2022-06-10,fine_ex_psu,Fine | Ex PSU,160,134,9.344470814858557
2022-06-17,fine_ex_psu,Fine | Ex PSU,160,134,8.61503073902593
2022-06-24,fine_ex_psu,Fine | Ex PSU,160,134,8.476094395170927
2022-07-01,fine_ex_psu,Fine | Ex PSU,160,134,8.429758713634353
2022-07-08,fine_ex_psu,Fine | Ex PSU,160,134,8.098292861986433
2022-07-15,fine_ex_psu,Fine | Ex PSU,160,134,8.157533696467524
2022-07-22,fine_ex_psu,Fine | Ex PSU,160,134,7.964743735416295
2022-07-29,fine_ex_psu,Fine | Ex PSU,160,134,7.837172030357682
2022-08-05,fine_ex_psu,Fine | Ex PSU,160,134,7.824885046805706
2022-08-12,fine_ex_psu,Fine | Ex PSU,160,134,7.8190168429047375
2022-08-19,fine_ex_psu,Fine | Ex PSU,160,134,7.762392901478511
2022-08-26,fine_ex_psu,Fine | Ex PSU,160,134,7.778953195147288
2022-09-02,fine_ex_psu,Fine | Ex PSU,160,134,8.24177795715607
2022-09-09,fine_ex_psu,Fine | Ex PSU,160,134,8.24799266931772
2022-09-16,fine_ex_psu,Fine | Ex PSU,160,134,8.163970452756308
2022-09-23,fine_ex_psu,Fine | Ex PSU,160,134,7.992603621090617
2022-09-30,fine_ex_psu,Fine | Ex PSU,155,127,7.984283333436027
2022-10-07,fine_ex_psu,Fine | Ex PSU,155,127,7.957358766553537
2022-10-14,fine_ex_psu,Fine | Ex PSU,155,127,7.955687666643369
2022-10-21,fine_ex_psu,Fine | Ex PSU,155,127,8.187016992141286
2022-10-28,fine_ex_psu,Fine | Ex PSU,155,127,8.099361283108381
2022-11-04,fine_ex_psu,Fine | Ex PSU,155,127,8.16097603878119
2022-11-11,fine_ex_psu,Fine | Ex PSU,155,127,8.182033411388128
2022-11-18,fine_ex_psu,Fine | Ex PSU,155,127,8.193219281891157
2022-11-25,fine_ex_psu,Fine | Ex PSU,155,127,8.414563977514929
2022-12-02,fine_ex_psu,Fine | Ex PSU,155,127,8.243473199050959
2022-12-09,fine_ex_psu,Fine | Ex PSU,155,127,8.327650585504053
2022-12-16,fine_ex_psu,Fine | Ex PSU,155,127,8.562797922397152
2022-12-23,fine_ex_psu,Fine | Ex PSU,155,127,8.185653435032977
2022-12-30,fine_ex_psu,Fine | Ex PSU,155,127,8.261948309165613
2023-01-06,fine_ex_psu,Fine | Ex PSU,155,127,8.281530826942445
2023-01-13,fine_ex_psu,Fine | Ex PSU,155,127,8.25877889839965
2023-01-20,fine_ex_psu,Fine | Ex PSU,155,127,8.729910721911084
2023-01-27,fine_ex_psu,Fine | Ex PSU,155,127,8.846375102345196
2023-02-03,fine_ex_psu,Fine | Ex PSU,155,127,9.192327339070909
2023-02-10,fine_ex_psu,Fine | Ex PSU,156,128,9.287171032069638
2023-02-17,fine_ex_psu,Fine | Ex PSU,156,128,9.427573927758683
2023-02-24,fine_ex_psu,Fine | Ex PSU,156,128,9.567341219554772
2023-03-03,fine_ex_psu,Fine | Ex PSU,156,128,9.804141060292118
2023-03-10,fine_ex_psu,Fine | Ex PSU,156,128,9.987791044969395
2023-03-17,fine_ex_psu,Fine | Ex PSU,156,128,10.219142382710181
2023-03-24,fine_ex_psu,Fine | Ex PSU,156,128,10.03845416545369
2023-03-31,fine_ex_psu,Fine | Ex PSU,160,130,10.100989742047792
2023-04-07,fine_ex_psu,Fine | Ex PSU,160,130,10.270528238346195
2023-04-14,fine_ex_psu,Fine | Ex PSU,160,130,10.332147431046511
2023-04-21,fine_ex_psu,Fine | Ex PSU,160,130,10.343975529780788
2023-04-28,fine_ex_psu,Fine | Ex PSU,160,130,10.053985767715135
2023-05-05,fine_ex_psu,Fine | Ex PSU,160,130,11.387218733656246
2023-05-12,fine_ex_psu,Fine | Ex PSU,160,130,12.350327110877002
2023-05-19,fine_ex_psu,Fine | Ex PSU,160,130,12.633710735546272
2023-05-26,fine_ex_psu,Fine | Ex PSU,160,130,12.068818796733739
2023-06-02,fine_ex_psu,Fine | Ex PSU,160,130,11.862416909431282
2023-06-09,fine_ex_psu,Fine | Ex PSU,160,130,12.191831038803569
2023-06-16,fine_ex_psu,Fine | Ex PSU,160,130,14.408339312398489
2023-06-23,fine_ex_psu,Fine | Ex PSU,160,130,14.482696577593527
2023-06-30,fine_ex_psu,Fine | Ex PSU,160,130,14.0198783981904
2023-07-07,fine_ex_psu,Fine | Ex PSU,160,130,15.089696913101287
2023-07-14,fine_ex_psu,Fine | Ex PSU,160,130,15.035152961289066
2023-07-21,fine_ex_psu,Fine | Ex PSU,160,130,15.839920370554234
2023-07-28,fine_ex_psu,Fine | Ex PSU,160,130,15.952518915232018
2023-08-04,fine_ex_psu,Fine | Ex PSU,160,130,16.25578792711785
2023-08-11,fine_ex_psu,Fine | Ex PSU,160,130,16.3545220626852
2023-08-18,fine_ex_psu,Fine | Ex PSU,160,130,16.08015280130284
2023-08-25,fine_ex_psu,Fine | Ex PSU,160,130,16.004102757847846
2023-09-01,fine_ex_psu,Fine | Ex PSU,160,130,15.826015760741996
2023-09-08,fine_ex_psu,Fine | Ex PSU,160,130,15.450784321801807
2023-09-15,fine_ex_psu,Fine | Ex PSU,160,130,15.761445850907425
2023-09-22,fine_ex_psu,Fine | Ex PSU,161,130,15.208384164159815
2023-09-29,fine_ex_psu,Fine | Ex PSU,161,131,15.305793162054158
2023-10-06,fine_ex_psu,Fine | Ex PSU,161,131,15.547769368848918
2023-10-13,fine_ex_psu,Fine | Ex PSU,161,131,16.043214572610054
2023-10-20,fine_ex_psu,Fine | Ex PSU,161,131,15.576330774436403
2023-10-27,fine_ex_psu,Fine | Ex PSU,161,131,14.71818031264422
2023-11-03,fine_ex_psu,Fine | Ex PSU,161,131,14.786162996021128
2023-11-10,fine_ex_psu,Fine | Ex PSU,161,131,14.483070956956883
2023-11-17,fine_ex_psu,Fine | Ex PSU,161,131,14.315335349558584
2023-11-24,fine_ex_psu,Fine | Ex PSU,161,131,14.443050803035863
2023-12-01,fine_ex_psu,Fine | Ex PSU,161,131,14.305901860478345
2023-12-08,fine_ex_psu,Fine | Ex PSU,161,131,14.211951544117388
2023-12-15,fine_ex_psu,Fine | Ex PSU,161,131,14.415776985582891
2023-12-22,fine_ex_psu,Fine | Ex PSU,161,131,16.657135127047752
2023-12-29,fine_ex_psu,Fine | Ex PSU,161,131,16.5469549883578
2024-01-05,fine_ex_psu,Fine | Ex PSU,161,131,16.740905149396102
2024-01-12,fine_ex_psu,Fine | Ex PSU,161,131,16.816109940477386
2024-01-19,fine_ex_psu,Fine | Ex PSU,161,131,17.08175251904108
2024-01-26,fine_ex_psu,Fine | Ex PSU,161,131,17.221350527703414
2024-02-02,fine_ex_psu,Fine | Ex PSU,161,131,16.730678054733083
2024-02-09,fine_ex_psu,Fine | Ex PSU,161,131,16.8625162659757
2024-02-16,fine_ex_psu,Fine | Ex PSU,162,131,17.151404228927355
2024-02-23,fine_ex_psu,Fine | Ex PSU,162,131,17.952549250763887
2024-03-01,fine_ex_psu,Fine | Ex PSU,162,131,17.917283299408556
2024-03-08,fine_ex_psu,Fine | Ex PSU,162,131,18.290238895660934
2024-03-15,fine_ex_psu,Fine | Ex PSU,162,131,17.695257408148386
2024-03-22,fine_ex_psu,Fine | Ex PSU,163,131,18.304511882880085
2024-03-29,fine_ex_psu,Fine | Ex PSU,154,123,17.403841031109614
2024-04-05,fine_ex_psu,Fine | Ex PSU,154,123,17.3532649626579
2024-04-12,fine_ex_psu,Fine | Ex PSU,154,123,17.461132385338768
2024-04-19,fine_ex_psu,Fine | Ex PSU,155,124,16.431530979771658
2024-04-26,fine_ex_psu,Fine | Ex PSU,155,124,16.689721069884335
2024-05-03,fine_ex_psu,Fine | Ex PSU,155,124,16.83027057034439
2024-05-10,fine_ex_psu,Fine | Ex PSU,155,124,16.481497947657036
2024-05-17,fine_ex_psu,Fine | Ex PSU,155,124,16.278549053678272
2024-05-24,fine_ex_psu,Fine | Ex PSU,155,124,16.664848116943553
2024-05-31,fine_ex_psu,Fine | Ex PSU,155,124,16.231075755052245
2024-06-07,fine_ex_psu,Fine | Ex PSU,155,124,14.780073368510612
2024-06-14,fine_ex_psu,Fine | Ex PSU,155,124,15.232312682578893
2024-06-21,fine_ex_psu,Fine | Ex PSU,155,124,15.56076837427541
2024-06-28,fine_ex_psu,Fine | Ex PSU,155,124,16.14136901262279
2024-07-05,fine_ex_psu,Fine | Ex PSU,155,124,15.91022817021323
2024-07-12,fine_ex_psu,Fine | Ex PSU,155,124,15.897707432922264
2024-07-19,fine_ex_psu,Fine | Ex PSU,155,124,15.627564832587245
2024-07-26,fine_ex_psu,Fine | Ex PSU,155,124,15.295364093411429
2024-08-02,fine_ex_psu,Fine | Ex PSU,155,124,15.178103132719832
2024-08-09,fine_ex_psu,Fine | Ex PSU,155,124,14.987383082510366
2024-08-16,fine_ex_psu,Fine | Ex PSU,155,124,15.446436843613103
2024-08-23,fine_ex_psu,Fine | Ex PSU,155,124,15.425904228475174
2024-08-30,fine_ex_psu,Fine | Ex PSU,155,124,15.423555599014943
2024-09-06,fine_ex_psu,Fine | Ex PSU,155,124,15.72293303550664
2024-09-13,fine_ex_psu,Fine | Ex PSU,155,124,15.528122169848672
2024-09-20,fine_ex_psu,Fine | Ex PSU,157,126,16.613142968541638
2024-09-27,fine_ex_psu,Fine | Ex PSU,162,129,16.0729753344536
2024-10-04,fine_ex_psu,Fine | Ex PSU,149,117,14.259215244197359
2024-10-11,fine_ex_psu,Fine | Ex PSU,149,117,14.464638040704278
2024-10-18,fine_ex_psu,Fine | Ex PSU,149,117,14.585737074904493
2024-10-25,fine_ex_psu,Fine | Ex PSU,149,117,12.869108421744059
2024-11-01,fine_ex_psu,Fine | Ex PSU,149,117,12.988878067221835
2024-11-08,fine_ex_psu,Fine | Ex PSU,149,117,13.130404787856335
2024-11-15,fine_ex_psu,Fine | Ex PSU,149,117,12.389452641157195
2024-11-22,fine_ex_psu,Fine | Ex PSU,149,117,12.57065163220819
2024-11-29,fine_ex_psu,Fine | Ex PSU,150,118,12.620444260252377
2024-12-06,fine_ex_psu,Fine | Ex PSU,150,118,12.429117793900794
2024-12-13,fine_ex_psu,Fine | Ex PSU,150,118,12.458528811904282
2024-12-20,fine_ex_psu,Fine | Ex PSU,150,118,11.460021693845636
2024-12-27,fine_ex_psu,Fine | Ex PSU,150,118,11.680898047525409
2025-01-03,fine_ex_psu,Fine | Ex PSU,150,118,11.64397239516275
2025-01-10,fine_ex_psu,Fine | Ex PSU,150,118,10.661253117194013
2025-01-17,fine_ex_psu,Fine | Ex PSU,150,118,10.656023867062967
2025-01-24,fine_ex_psu,Fine | Ex PSU,150,118,10.698072729572337
2025-01-31,fine_ex_psu,Fine | Ex PSU,150,118,10.769978935190673
2025-02-07,fine_ex_psu,Fine | Ex PSU,150,118,10.689803011262192
2025-02-14,fine_ex_psu,Fine | Ex PSU,150,118,9.305762135109322
2025-02-21,fine_ex_psu,Fine | Ex PSU,150,118,9.41637371298749
2025-02-28,fine_ex_psu,Fine | Ex PSU,150,118,8.861143647218315
2025-03-07,fine_ex_psu,Fine | Ex PSU,150,118,8.647690659716218
2025-03-14,fine_ex_psu,Fine | Ex PSU,150,118,8.711269595097802
2025-03-21,fine_ex_psu,Fine | Ex PSU,150,118,7.838958268641579
2025-03-28,fine_ex_psu,Fine | Ex PSU,149,118,8.181770852695701
2025-04-04,fine_ex_psu,Fine | Ex PSU,152,121,8.2777400731345
2025-04-11,fine_ex_psu,Fine | Ex PSU,152,121,8.31069169776768
2025-04-18,fine_ex_psu,Fine | Ex PSU,152,121,7.90384009934119
2025-04-25,fine_ex_psu,Fine | Ex PSU,152,121,8.049375801714104
2025-05-02,fine_ex_psu,Fine | Ex PSU,152,121,8.011952212756258
2025-05-09,fine_ex_psu,Fine | Ex PSU,152,121,7.949871944913875
2025-05-16,fine_ex_psu,Fine | Ex PSU,152,121,7.4775846801629005
2025-05-23,fine_ex_psu,Fine | Ex PSU,152,121,7.64589323286799
2025-05-30,fine_ex_psu,Fine | Ex PSU,152,121,7.6846662839428825
2025-06-06,fine_ex_psu,Fine | Ex PSU,152,121,8.07937273874939
2025-06-13,fine_ex_psu,Fine | Ex PSU,152,121,8.008120945795943
2025-06-20,fine_ex_psu,Fine | Ex PSU,152,121,7.954186079703285
2025-06-27,fine_ex_psu,Fine | Ex PSU,152,121,7.794551538668893
2025-07-04,fine_ex_psu,Fine | Ex PSU,152,121,7.90877417451569
2025-07-11,fine_ex_psu,Fine | Ex PSU,152,121,7.877904303544671
2025-07-18,fine_ex_psu,Fine | Ex PSU,152,121,7.910387953709852
2025-07-25,fine_ex_psu,Fine | Ex PSU,152,121,7.958708223227371
2025-08-01,fine_ex_psu,Fine | Ex PSU,152,121,7.893876809389154
2025-08-08,fine_ex_psu,Fine | Ex PSU,152,121,7.862923220238384
2025-08-15,fine_ex_psu,Fine | Ex PSU,152,121,7.800515777497327
2025-08-22,fine_ex_psu,Fine | Ex PSU,152,121,7.7991834705022915
2025-08-29,fine_ex_psu,Fine | Ex PSU,152,121,7.692931332575523
2025-09-05,fine_ex_psu,Fine | Ex PSU,152,121,7.581797744374068
2025-09-12,fine_ex_psu,Fine | Ex PSU,152,121,7.635547190747791
2025-09-19,fine_ex_psu,Fine | Ex PSU,153,122,7.572616362665634
2025-09-26,fine_ex_psu,Fine | Ex PSU,162,130,7.345651480137779
2025-10-03,fine_ex_psu,Fine | Ex PSU,157,127,7.109831990984071
2025-10-10,fine_ex_psu,Fine | Ex PSU,157,127,7.045211369328304
2025-10-17,fine_ex_psu,Fine | Ex PSU,157,127,7.041942692952906
2025-10-24,fine_ex_psu,Fine | Ex PSU,157,127,7.432604662182904
2025-10-31,fine_ex_psu,Fine | Ex PSU,157,127,7.386587178572853
2025-11-07,fine_ex_psu,Fine | Ex PSU,157,127,7.364593634957139
2025-11-14,fine_ex_psu,Fine | Ex PSU,157,127,7.703093890880887
2025-11-21,fine_ex_psu,Fine | Ex PSU,157,127,7.5495088652093685
2025-11-28,fine_ex_psu,Fine | Ex PSU,157,127,7.558150889323486
2025-12-05,fine_ex_psu,Fine | Ex PSU,157,127,7.6702311737765
2025-12-12,fine_ex_psu,Fine | Ex PSU,157,127,7.655197451239276
2025-12-19,fine_ex_psu,Fine | Ex PSU,157,127,7.962129261672234
2025-12-26,fine_ex_psu,Fine | Ex PSU,157,127,7.9480905144188485
