Date,spec,label,sector_col,exclude_psu,baseline_corr,same_sector_mean,same_sector_excess,same_group_mean,same_group_excess,n_tickers,n_baseline_pairs,n_sector_pairs,n_group_pairs
2016-01-01,coarse_all,Coarse | With PSU,Sector_Coarse,False,0.24863385870046592,0.32168770303459043,0.07305384433412451,0.25869074168495865,0.010056882984492727,162,13041,400,338
2016-01-08,coarse_all,Coarse | With PSU,Sector_Coarse,False,0.25795277965371766,0.3316325578935347,0.07367977823981703,0.2633082557361623,0.005355476082444632,162,13041,400,338
2016-01-15,coarse_all,Coarse | With PSU,Sector_Coarse,False,0.28030606443455675,0.36018375036300626,0.07987768592844952,0.30017704476825346,0.01987098033369672,162,13041,400,338
2016-01-22,coarse_all,Coarse | With PSU,Sector_Coarse,False,0.27810493121968705,0.3595169659914766,0.08141203477178954,0.29269684401669716,0.01459191279701011,162,13041,400,338
2016-01-29,coarse_all,Coarse | With PSU,Sector_Coarse,False,0.282139981413877,0.365083428056092,0.08294344664221504,0.29674174403526044,0.014601762621383463,162,13041,400,338
2016-02-05,coarse_all,Coarse | With PSU,Sector_Coarse,False,0.27760104556574455,0.3558533421676401,0.07825229660189553,0.29282481852285497,0.015223772957110415,162,13041,400,338
2016-02-12,coarse_all,Coarse | With PSU,Sector_Coarse,False,0.3074303472958631,0.3921440938723695,0.08471374657650638,0.34097467562922235,0.03354432833335924,162,13041,400,338
2016-02-19,coarse_all,Coarse | With PSU,Sector_Coarse,False,0.3125441914103672,0.39556538958064263,0.08302119817027542,0.3452887380132115,0.032744546602844316,162,13041,400,338
2016-02-26,coarse_all,Coarse | With PSU,Sector_Coarse,False,0.31627552745237575,0.4001456037821736,0.08387007632979787,0.3470212372642632,0.030745709811887456,162,13041,400,338
2016-03-04,coarse_all,Coarse | With PSU,Sector_Coarse,False,0.34397745430271415,0.4380278180079711,0.09405036370525693,0.38224736722770997,0.03826991292499582,162,13041,400,338
2016-03-11,coarse_all,Coarse | With PSU,Sector_Coarse,False,0.34457211324480774,0.43736304522237196,0.09279093197756422,0.38483605132351084,0.0402639380787031,162,13041,400,338
2016-03-18,coarse_all,Coarse | With PSU,Sector_Coarse,False,0.34403785921931557,0.43882624407649923,0.09478838485718366,0.38839821546905606,0.044360356249740496,162,13041,400,338
2016-03-25,coarse_all,Coarse | With PSU,Sector_Coarse,False,0.34463972007597915,0.4379465280320652,0.09330680795608604,0.38788893909466,0.04324921901868084,162,13041,400,338
2016-04-01,coarse_all,Coarse | With PSU,Sector_Coarse,False,0.3393897987560735,0.4334660199254611,0.09407622116938757,0.3809048638845861,0.04151506512851261,162,13041,400,338
2016-04-08,coarse_all,Coarse | With PSU,Sector_Coarse,False,0.33224404331258545,0.4242936500162556,0.09204960670367013,0.36870469743615686,0.03646065412357141,162,13041,400,338
2016-04-15,coarse_all,Coarse | With PSU,Sector_Coarse,False,0.339476228790054,0.434659836283453,0.09518360749339899,0.3830097765688151,0.04353354777876106,162,13041,400,338
2016-04-22,coarse_all,Coarse | With PSU,Sector_Coarse,False,0.33033443401751345,0.4292270576143562,0.09889262359684275,0.3763051592084984,0.04597072519098494,162,13041,400,338
2016-04-29,coarse_all,Coarse | With PSU,Sector_Coarse,False,0.3191967961740297,0.41369241963088693,0.09449562345685725,0.3553489314053495,0.036152135231319826,155,11875,395,421
2016-05-06,coarse_all,Coarse | With PSU,Sector_Coarse,False,0.3212575596566084,0.4156147823549776,0.09435722269836921,0.35649423833779004,0.03523667868118163,155,11875,395,421
2016-05-13,coarse_all,Coarse | With PSU,Sector_Coarse,False,0.31868040764686484,0.4134538551954854,0.09477344754862055,0.35662496156561324,0.0379445539187484,155,11875,395,421
2016-05-20,coarse_all,Coarse | With PSU,Sector_Coarse,False,0.3198639017513518,0.41328213124805613,0.09341822949670431,0.35608172364211954,0.03621782189076772,155,11875,395,421
2016-05-27,coarse_all,Coarse | With PSU,Sector_Coarse,False,0.3253180927910473,0.41993915067561566,0.09462105788456837,0.36272404478504194,0.03740595199399466,155,11905,397,421
2016-06-03,coarse_all,Coarse | With PSU,Sector_Coarse,False,0.3147512902911261,0.4110550418376464,0.09630375154652032,0.3528100005752031,0.038058710284077035,155,11905,397,421
2016-06-10,coarse_all,Coarse | With PSU,Sector_Coarse,False,0.30904062472052685,0.4056585279810893,0.09661790326056247,0.34893910543435014,0.03989848071382329,155,11905,397,421
2016-06-17,coarse_all,Coarse | With PSU,Sector_Coarse,False,0.3027507705900345,0.3969724054364322,0.09422163484639767,0.3475304831629409,0.04477971257290636,155,11905,397,421
2016-06-24,coarse_all,Coarse | With PSU,Sector_Coarse,False,0.30205010445952196,0.39526779138502394,0.09321768692550197,0.3465905926751181,0.04454048821559614,155,11905,397,421
2016-07-01,coarse_all,Coarse | With PSU,Sector_Coarse,False,0.3163534008274318,0.4069030930932525,0.09054969226582071,0.36903913238006486,0.052685731552633064,155,11905,397,421
2016-07-08,coarse_all,Coarse | With PSU,Sector_Coarse,False,0.31706958199712854,0.40760137914936434,0.0905317971522358,0.37151912439733886,0.05444954240021033,155,11905,397,421
2016-07-15,coarse_all,Coarse | With PSU,Sector_Coarse,False,0.3101126851994473,0.4043977283630852,0.0942850431636379,0.3715349822377253,0.061422297038278006,155,11905,397,421
2016-07-22,coarse_all,Coarse | With PSU,Sector_Coarse,False,0.30899226192161505,0.40144674336448216,0.09245448144286711,0.3666896108194607,0.05769734889784567,155,11905,397,421
2016-07-29,coarse_all,Coarse | With PSU,Sector_Coarse,False,0.31116183364398164,0.4067576185452639,0.09559578490128223,0.37187018118108267,0.060708347537101026,155,11905,397,421
2016-08-05,coarse_all,Coarse | With PSU,Sector_Coarse,False,0.31033358809879746,0.41184653395712306,0.1015129458583256,0.374838753028455,0.06450516492965752,155,11905,397,421
2016-08-12,coarse_all,Coarse | With PSU,Sector_Coarse,False,0.30835222963187875,0.40651753667103185,0.0981653070391531,0.36885716630330284,0.06050493667142409,155,11905,397,421
2016-08-19,coarse_all,Coarse | With PSU,Sector_Coarse,False,0.3075697244012655,0.40764956513594547,0.10007984073467996,0.37061438613542824,0.06304466173416273,155,11905,397,421
2016-08-26,coarse_all,Coarse | With PSU,Sector_Coarse,False,0.2943558288019513,0.39370406369706523,0.09934823489511391,0.36268933174960694,0.06833350294765561,155,11905,397,421
2016-09-02,coarse_all,Coarse | With PSU,Sector_Coarse,False,0.28403161737114924,0.3874291040848436,0.10339748671369436,0.3489382828419608,0.06490666547081159,155,11905,397,421
2016-09-09,coarse_all,Coarse | With PSU,Sector_Coarse,False,0.28482342035786895,0.38357501469347666,0.0987515943356077,0.34621694990275126,0.06139352954488231,155,11905,397,421
2016-09-16,coarse_all,Coarse | With PSU,Sector_Coarse,False,0.28838086454926704,0.38892864342915884,0.1005477788798918,0.35935964546678795,0.07097878091752091,155,11905,397,421
2016-09-23,coarse_all,Coarse | With PSU,Sector_Coarse,False,0.2902669537131901,0.38989494915051043,0.09962799543732032,0.3708851075596005,0.08061815384641041,155,11905,397,421
2016-09-30,coarse_all,Coarse | With PSU,Sector_Coarse,False,0.29559455119475625,0.3945463161719703,0.09895176497721403,0.37435014350024964,0.0787555923054934,154,11751,397,394
2016-10-07,coarse_all,Coarse | With PSU,Sector_Coarse,False,0.29824463527356504,0.3961927016695892,0.09794806639602416,0.373106331170533,0.07486169589696795,154,11751,397,394
2016-10-14,coarse_all,Coarse | With PSU,Sector_Coarse,False,0.30043547293070727,0.39905505042404316,0.09861957749333589,0.374181637447301,0.07374616451659372,154,11751,397,394
2016-10-21,coarse_all,Coarse | With PSU,Sector_Coarse,False,0.2811219012400325,0.3744660334148241,0.0933441321747916,0.364725516122038,0.08360361488200552,161,12868,431,417
2016-10-28,coarse_all,Coarse | With PSU,Sector_Coarse,False,0.2602386259874857,0.36107389172728355,0.10083526573979784,0.3413639123642323,0.0811252863767466,175,15199,473,486
2016-11-04,coarse_all,Coarse | With PSU,Sector_Coarse,False,0.27406812327073,0.375622192990189,0.10155406971945902,0.36278904832615466,0.08872092505542467,175,15199,473,486
2016-11-11,coarse_all,Coarse | With PSU,Sector_Coarse,False,0.27062320291923053,0.36374911454147385,0.09312591162224332,0.36494723691155995,0.09432403399232941,175,15199,473,486
2016-11-18,coarse_all,Coarse | With PSU,Sector_Coarse,False,0.2761382197592258,0.36453542431256275,0.08839720455333694,0.3660969398734739,0.0899587201142481,175,15199,473,486
2016-11-25,coarse_all,Coarse | With PSU,Sector_Coarse,False,0.2723242660888364,0.36533936618864665,0.09301510009981023,0.35999393799079227,0.08766967190195585,175,15199,473,486
2016-12-02,coarse_all,Coarse | With PSU,Sector_Coarse,False,0.27018024991516126,0.3625881694811702,0.09240791956600891,0.35870697569272536,0.0885267257775641,175,15199,473,486
2016-12-09,coarse_all,Coarse | With PSU,Sector_Coarse,False,0.2682077809642585,0.3593631569865148,0.09115537602225626,0.35590626898289485,0.08769848801863633,175,15199,473,486
2016-12-16,coarse_all,Coarse | With PSU,Sector_Coarse,False,0.2659823080708115,0.36218744931575214,0.09620514124494062,0.3598136902506676,0.0938313821798561,175,15199,473,486
2016-12-23,coarse_all,Coarse | With PSU,Sector_Coarse,False,0.270752532917195,0.3673243543004214,0.0965718213832264,0.3609213563145306,0.09016882339733562,175,15199,473,486
2016-12-30,coarse_all,Coarse | With PSU,Sector_Coarse,False,0.2708355074858882,0.3679422214307028,0.09710671394481463,0.3605785101487486,0.0897430026628604,174,15025,473,486
2017-01-06,coarse_all,Coarse | With PSU,Sector_Coarse,False,0.2686123292640955,0.3642543326588203,0.09564200339472478,0.3624277213168759,0.09381539205278039,174,15025,473,486
2017-01-13,coarse_all,Coarse | With PSU,Sector_Coarse,False,0.25363742119481614,0.3464899869030102,0.09285256570819406,0.3466012398424543,0.09296381864763814,174,15025,473,486
2017-01-20,coarse_all,Coarse | With PSU,Sector_Coarse,False,0.25454568441538283,0.34937418604211273,0.0948285016267299,0.35447048344336785,0.09992479902798501,174,15025,473,486
2017-01-27,coarse_all,Coarse | With PSU,Sector_Coarse,False,0.26012852979674417,0.35861118865826785,0.09848265886152369,0.3757869230409683,0.11565839324422411,174,15025,473,486
2017-02-03,coarse_all,Coarse | With PSU,Sector_Coarse,False,0.2599459492299132,0.360215328660104,0.10026937943019076,0.3688845635660569,0.10893861433614371,174,15025,473,486
2017-02-10,coarse_all,Coarse | With PSU,Sector_Coarse,False,0.22478709111879808,0.31908882714698444,0.09430173602818637,0.3195379283369794,0.09475083721818134,174,15025,473,486
2017-02-17,coarse_all,Coarse | With PSU,Sector_Coarse,False,0.22134873197095017,0.31250638708276574,0.09115765511181556,0.32268919587472666,0.10134046390377649,174,15025,473,486
2017-02-24,coarse_all,Coarse | With PSU,Sector_Coarse,False,0.21352174138223948,0.30213451837776295,0.08861277699552347,0.31654362944742265,0.10302188806518317,174,15025,473,486
2017-03-03,coarse_all,Coarse | With PSU,Sector_Coarse,False,0.18869110060216207,0.27114425081799043,0.08245315021582836,0.29338544853287907,0.104694347930717,174,15025,473,486
2017-03-10,coarse_all,Coarse | With PSU,Sector_Coarse,False,0.18851513233136655,0.27070093642009696,0.08218580408873041,0.2933222422112302,0.10480710987986366,174,15025,473,486
2017-03-17,coarse_all,Coarse | With PSU,Sector_Coarse,False,0.19699783370971452,0.27734160518231044,0.08034377147259592,0.29283866759366367,0.09584083388394915,174,15025,473,486
2017-03-24,coarse_all,Coarse | With PSU,Sector_Coarse,False,0.1955271798461361,0.27559006777337797,0.08006288792724187,0.29289497512328677,0.09736779527715067,174,15051,473,486
2017-03-31,coarse_all,Coarse | With PSU,Sector_Coarse,False,0.20043766333266522,0.27187765681140014,0.07143999347873492,0.2850056784675158,0.08456801513485057,172,14706,498,420
2017-04-07,coarse_all,Coarse | With PSU,Sector_Coarse,False,0.19978828262247264,0.27184838524318305,0.07206010262071041,0.2833273697126187,0.08353908709014604,172,14706,498,420
2017-04-14,coarse_all,Coarse | With PSU,Sector_Coarse,False,0.19130334722357295,0.26553011464746595,0.074226767423893,0.273978435183518,0.08267508795994505,172,14706,498,420
2017-04-21,coarse_all,Coarse | With PSU,Sector_Coarse,False,0.19030617230833624,0.2661897801381835,0.07588360782984727,0.271822888746751,0.08151671643841474,172,14706,498,420
2017-04-28,coarse_all,Coarse | With PSU,Sector_Coarse,False,0.19506895794320617,0.2838930454475898,0.08882408750438364,0.27325092451571903,0.07818196657251286,172,14706,498,420
2017-05-05,coarse_all,Coarse | With PSU,Sector_Coarse,False,0.1920332573944207,0.2805979892977652,0.08856473190334449,0.26715097122389087,0.07511771382947016,172,14706,498,420
2017-05-12,coarse_all,Coarse | With PSU,Sector_Coarse,False,0.19152883932036743,0.28199975710413683,0.0904709177837694,0.2680835650455632,0.07655472572519575,172,14706,498,420
2017-05-19,coarse_all,Coarse | With PSU,Sector_Coarse,False,0.19017996707626206,0.28092689444166113,0.09074692736539908,0.26730875351606304,0.07712878643980098,172,14706,498,420
2017-05-26,coarse_all,Coarse | With PSU,Sector_Coarse,False,0.18346420983382308,0.26293900277835774,0.07947479294453466,0.2608235508991686,0.0773593410653455,171,14535,494,417
2017-06-02,coarse_all,Coarse | With PSU,Sector_Coarse,False,0.18237395027643324,0.25872122903317624,0.07634727875674299,0.2661117061995267,0.08373775592309343,171,14535,494,417
2017-06-09,coarse_all,Coarse | With PSU,Sector_Coarse,False,0.18233994763217393,0.2587992176414293,0.0764592700092554,0.26737089077992326,0.08503094314774934,171,14535,494,417
2017-06-16,coarse_all,Coarse | With PSU,Sector_Coarse,False,0.1835848503742626,0.263024543070697,0.07943969269643442,0.2719051117935033,0.08832026141924071,171,14535,494,417
2017-06-23,coarse_all,Coarse | With PSU,Sector_Coarse,False,0.18629512323743608,0.2654537433669386,0.07915862012950253,0.27964847035244783,0.09335334711501175,171,14535,494,417
2017-06-30,coarse_all,Coarse | With PSU,Sector_Coarse,False,0.16996065957061168,0.2516077516899661,0.08164709211935439,0.26018516169292244,0.09022450212231076,172,14706,496,417
2017-07-07,coarse_all,Coarse | With PSU,Sector_Coarse,False,0.1715567757779585,0.2531037245505019,0.0815469487725434,0.2644751547602274,0.09291837898226893,172,14706,496,417
2017-07-14,coarse_all,Coarse | With PSU,Sector_Coarse,False,0.1723701186164096,0.25107648486271034,0.07870636624630073,0.2611591118198704,0.08878899320346079,172,14706,496,417
2017-07-21,coarse_all,Coarse | With PSU,Sector_Coarse,False,0.17204961665971857,0.24827924615496386,0.07622962949524528,0.26615202236857016,0.09410240570885159,172,14706,496,417
2017-07-28,coarse_all,Coarse | With PSU,Sector_Coarse,False,0.1710681737891318,0.2442132318774253,0.0731450580882935,0.26777922750897554,0.09671105371984373,172,14706,496,417
2017-08-04,coarse_all,Coarse | With PSU,Sector_Coarse,False,0.16997456954537699,0.24192492532079088,0.0719503557754139,0.2624636983396185,0.09248912879424154,172,14706,496,417
2017-08-11,coarse_all,Coarse | With PSU,Sector_Coarse,False,0.19951542443343281,0.26679689361476544,0.06728146918133263,0.2904603739528923,0.0909449495194595,172,14706,496,417
2017-08-18,coarse_all,Coarse | With PSU,Sector_Coarse,False,0.20515369619836507,0.2692139265959052,0.06406023039754014,0.2929871053014782,0.08783340910311313,172,14706,496,417
2017-08-25,coarse_all,Coarse | With PSU,Sector_Coarse,False,0.20585932672245766,0.2703134313666015,0.06445410464414386,0.2944888436062921,0.08862951688383447,172,14706,496,417
2017-09-01,coarse_all,Coarse | With PSU,Sector_Coarse,False,0.2081473718353656,0.2664950922889121,0.0583477204535465,0.2922766757305106,0.08412930389514497,172,14706,496,417
2017-09-08,coarse_all,Coarse | With PSU,Sector_Coarse,False,0.2066034636444371,0.2661192158429836,0.05951575219854649,0.2896430855966644,0.0830396219522273,172,14706,496,417
2017-09-15,coarse_all,Coarse | With PSU,Sector_Coarse,False,0.20546586315725718,0.2564777584974488,0.051011895340191626,0.27897380835028224,0.07350794519302506,172,14706,496,417
2017-09-22,coarse_all,Coarse | With PSU,Sector_Coarse,False,0.20880703933435488,0.2633317659204541,0.05452472658609922,0.2855325905594715,0.07672555122511662,173,14878,510,417
2017-09-29,coarse_all,Coarse | With PSU,Sector_Coarse,False,0.2052683322135062,0.25860179013921786,0.05333345792571165,0.274977584417868,0.0697092522043618,176,15392,549,416
2017-10-06,coarse_all,Coarse | With PSU,Sector_Coarse,False,0.20416515875488536,0.25904009284311397,0.054874934088228605,0.26949150392134713,0.06532634516646177,176,15392,549,416
2017-10-13,coarse_all,Coarse | With PSU,Sector_Coarse,False,0.20326819210240246,0.25560164329201374,0.052333451189611274,0.2685513371076386,0.06528314500523616,176,15392,549,416
2017-10-20,coarse_all,Coarse | With PSU,Sector_Coarse,False,0.20321706336848655,0.25648337330001564,0.05326630993152909,0.26855717239662624,0.06534010902813969,176,15392,549,416
2017-10-27,coarse_all,Coarse | With PSU,Sector_Coarse,False,0.1990946526516488,0.21922686638762412,0.02013221373597532,0.2838679242607695,0.08477327160912071,176,15392,549,416
2017-11-03,coarse_all,Coarse | With PSU,Sector_Coarse,False,0.18503587078014835,0.2022022121244179,0.01716634134426956,0.2666389086441336,0.08160303786398523,176,15392,549,416
2017-11-10,coarse_all,Coarse | With PSU,Sector_Coarse,False,0.184424141618962,0.213516752423556,0.029092610804593994,0.266237269458868,0.08181312783990599,176,15392,549,416
2017-11-17,coarse_all,Coarse | With PSU,Sector_Coarse,False,0.1752908525230061,0.210222513567218,0.03493166104421189,0.2697180802279181,0.09442722770491199,176,15392,549,416
2017-11-24,coarse_all,Coarse | With PSU,Sector_Coarse,False,0.17784783020315773,0.20898612143974815,0.031138291236590426,0.27251839969010694,0.09467056948694921,178,15743,570,416
2017-12-01,coarse_all,Coarse | With PSU,Sector_Coarse,False,0.18246700876013527,0.21786180784647877,0.03539479908634349,0.2835783314204586,0.1011113226603233,178,15743,570,416
2017-12-08,coarse_all,Coarse | With PSU,Sector_Coarse,False,0.17931547085969315,0.21482780541164997,0.03551233455195682,0.28009381542620815,0.100778344566515,178,15743,570,416
2017-12-15,coarse_all,Coarse | With PSU,Sector_Coarse,False,0.17466530957344983,0.20748732054782298,0.03282201097437315,0.27189855057276974,0.0972332409993199,178,15743,570,416
2017-12-22,coarse_all,Coarse | With PSU,Sector_Coarse,False,0.17112649691594975,0.19961170325150346,0.02848520633555371,0.27104131663817604,0.0999148197222263,178,15743,570,416
2017-12-29,coarse_all,Coarse | With PSU,Sector_Coarse,False,0.16687692431552728,0.19877443847226306,0.03189751415673578,0.26983923058157655,0.10296230626604927,178,15744,570,416
2018-01-05,coarse_all,Coarse | With PSU,Sector_Coarse,False,0.16375999597073404,0.19640746343582718,0.032647467465093144,0.26110388050948635,0.09734388453875231,178,15744,570,416
2018-01-12,coarse_all,Coarse | With PSU,Sector_Coarse,False,0.16102268119277574,0.18957024717135407,0.028547565978578326,0.2529554385272444,0.09193275733446865,178,15744,570,416
2018-01-19,coarse_all,Coarse | With PSU,Sector_Coarse,False,0.16281792753278662,0.1924503555834092,0.029632428050622578,0.2556657255815106,0.09284779804872395,178,15744,570,416
2018-01-26,coarse_all,Coarse | With PSU,Sector_Coarse,False,0.15408989395932482,0.18016264251354727,0.026072748554222452,0.22806325213022244,0.07397335817089762,178,15744,570,416
2018-02-02,coarse_all,Coarse | With PSU,Sector_Coarse,False,0.18355517131070584,0.20459062655514265,0.021035455244436813,0.2601132250489343,0.07655805373822847,178,15744,570,416
2018-02-09,coarse_all,Coarse | With PSU,Sector_Coarse,False,0.18157680419584873,0.2039099035391139,0.02233309934326516,0.2623498673933713,0.08077306319752256,178,15744,570,416
2018-02-16,coarse_all,Coarse | With PSU,Sector_Coarse,False,0.182634523113403,0.20628231112596032,0.02364778801255732,0.2627193323018421,0.08008480918843908,178,15744,570,416
2018-02-23,coarse_all,Coarse | With PSU,Sector_Coarse,False,0.1826835880717086,0.20830197433588746,0.025618386264178866,0.26480426810209534,0.08212068003038675,178,15744,570,416
2018-03-02,coarse_all,Coarse | With PSU,Sector_Coarse,False,0.18297495654214843,0.20974250375687867,0.026767547214730236,0.26928995660169114,0.0863150000595427,178,15744,570,416
2018-03-09,coarse_all,Coarse | With PSU,Sector_Coarse,False,0.19555884987255662,0.22459684769406815,0.029037997821511535,0.28698822957672476,0.09142937970416815,178,15744,570,416
2018-03-16,coarse_all,Coarse | With PSU,Sector_Coarse,False,0.18427679873918967,0.20974709630047472,0.02547029756128505,0.2799685990829993,0.09569180034380964,178,15744,570,416
2018-03-23,coarse_all,Coarse | With PSU,Sector_Coarse,False,0.18872816067897782,0.2143722683013781,0.02564410762240027,0.28579281079811414,0.09706465011913631,179,15931,578,416
2018-03-30,coarse_all,Coarse | With PSU,Sector_Coarse,False,0.19193995752986343,0.22259801296760662,0.030658055437743192,0.287233877813546,0.09529392028368255,182,16471,589,416
2018-04-06,coarse_all,Coarse | With PSU,Sector_Coarse,False,0.20341292543065964,0.23828995771938552,0.03487703228872588,0.29533391396346215,0.0919209885328025,182,16471,589,416
2018-04-13,coarse_all,Coarse | With PSU,Sector_Coarse,False,0.2041488179408759,0.2355804461259527,0.031431628185076804,0.29519541257940757,0.09104659463853168,182,16471,589,416
2018-04-20,coarse_all,Coarse | With PSU,Sector_Coarse,False,0.2046461422458537,0.2336754880008579,0.02902934575500421,0.2920002299590114,0.08735408771315772,182,16471,589,416
2018-04-27,coarse_all,Coarse | With PSU,Sector_Coarse,False,0.20274355801434668,0.2316724394484895,0.028928881434142822,0.2923592978994164,0.08961573988506971,182,16471,589,416
2018-05-04,coarse_all,Coarse | With PSU,Sector_Coarse,False,0.20867078541121878,0.23638247139757537,0.027711685986356593,0.297368322300513,0.08869753688929424,182,16471,589,416
2018-05-11,coarse_all,Coarse | With PSU,Sector_Coarse,False,0.20719224080964532,0.23326111096724805,0.02606887015760273,0.2936921111648844,0.0864998703552391,182,16471,589,416
2018-05-18,coarse_all,Coarse | With PSU,Sector_Coarse,False,0.2093266638346347,0.23437339544913327,0.02504673161449858,0.2988900916942957,0.08956342785966101,182,16471,589,416
2018-05-25,coarse_all,Coarse | With PSU,Sector_Coarse,False,0.2105626151894448,0.23748347071064627,0.026920855521201464,0.2927100894610166,0.08214747427157182,182,16471,589,416
2018-06-01,coarse_all,Coarse | With PSU,Sector_Coarse,False,0.2084595357416713,0.2404947463597822,0.032035210618110904,0.29017609089535046,0.08171655515367915,182,16471,589,416
2018-06-08,coarse_all,Coarse | With PSU,Sector_Coarse,False,0.20965472839249644,0.24498167018270917,0.03532694179021273,0.2901110171701096,0.08045628877761318,182,16471,589,416
2018-06-15,coarse_all,Coarse | With PSU,Sector_Coarse,False,0.2080892209054256,0.24671402695910255,0.03862480605367696,0.2934169494029647,0.08532772849753911,182,16471,589,416
2018-06-22,coarse_all,Coarse | With PSU,Sector_Coarse,False,0.2068617436171589,0.24447285124354254,0.037611107626383644,0.29169893506540395,0.08483719144824506,182,16471,589,416
2018-06-29,coarse_all,Coarse | With PSU,Sector_Coarse,False,0.21191283585105627,0.25307586267750687,0.041163026826450594,0.2899390826416386,0.07802624679058232,169,14196,559,423
2018-07-06,coarse_all,Coarse | With PSU,Sector_Coarse,False,0.20799648295712672,0.2505022926095925,0.04250580965246578,0.28592516234818116,0.07792867939105444,169,14196,559,423
2018-07-13,coarse_all,Coarse | With PSU,Sector_Coarse,False,0.20415611867026098,0.24464720307297846,0.04049108440271748,0.2810982924558022,0.07694217378554122,169,14196,559,423
2018-07-20,coarse_all,Coarse | With PSU,Sector_Coarse,False,0.20364948133615973,0.24318340214050418,0.03953392080434445,0.2799199964626928,0.07627051512653304,169,14196,559,423
2018-07-27,coarse_all,Coarse | With PSU,Sector_Coarse,False,0.2161651390015041,0.26341435271732316,0.047249213715819055,0.29666801074941973,0.08050287174791562,169,14196,559,423
2018-08-03,coarse_all,Coarse | With PSU,Sector_Coarse,False,0.2185730775335668,0.2668359173710575,0.04826283983749069,0.30495471048326944,0.08638163294970264,169,14196,559,423
2018-08-10,coarse_all,Coarse | With PSU,Sector_Coarse,False,0.19660316389744856,0.24691945577776922,0.05031629188032066,0.28683189180998087,0.09022872791253231,169,14196,559,423
2018-08-17,coarse_all,Coarse | With PSU,Sector_Coarse,False,0.18855519018178485,0.24152254066442677,0.05296735048264192,0.27717264697695315,0.0886174567951683,169,14196,559,423
2018-08-24,coarse_all,Coarse | With PSU,Sector_Coarse,False,0.18731243564654484,0.23984948899090333,0.052537053344358486,0.2757314713664604,0.08841903571991558,169,14196,559,423
2018-08-31,coarse_all,Coarse | With PSU,Sector_Coarse,False,0.1834876199232966,0.23544427581678395,0.05195665589348736,0.2785499568996728,0.09506233697637623,169,14196,559,423
2018-09-07,coarse_all,Coarse | With PSU,Sector_Coarse,False,0.18439923683767104,0.23692564807575642,0.05252641123808538,0.27633776054723097,0.09193852370955993,169,14196,559,423
2018-09-14,coarse_all,Coarse | With PSU,Sector_Coarse,False,0.18364642016666974,0.23671494264664847,0.05306852247997873,0.2744830622261793,0.09083664205950956,169,14196,559,423
2018-09-21,coarse_all,Coarse | With PSU,Sector_Coarse,False,0.19535763242795467,0.2678094845927085,0.0724518521647538,0.2674069362676375,0.07204930383968283,169,14196,559,423
2018-09-28,coarse_all,Coarse | With PSU,Sector_Coarse,False,0.21199231919318118,0.3005840040607,0.08859168486751884,0.2861242065091651,0.07413188731598391,163,13202,536,423
2018-10-05,coarse_all,Coarse | With PSU,Sector_Coarse,False,0.22812518247397903,0.30921283712856706,0.08108765465458803,0.27789941601531265,0.04977423354133362,163,13202,536,423
2018-10-12,coarse_all,Coarse | With PSU,Sector_Coarse,False,0.22474716556675725,0.3107058897225668,0.08595872415580955,0.2823382527869329,0.05759108722017567,163,13202,536,423
2018-10-19,coarse_all,Coarse | With PSU,Sector_Coarse,False,0.22335606025217677,0.30537559644941814,0.08201953619724137,0.2826375846745219,0.059281524422345105,163,13202,536,423
2018-10-26,coarse_all,Coarse | With PSU,Sector_Coarse,False,0.22642379697897191,0.3343559153801186,0.10793211840114669,0.260072245763311,0.03364844878433909,163,13202,536,423
2018-11-02,coarse_all,Coarse | With PSU,Sector_Coarse,False,0.2545053786557257,0.36703036501877834,0.11252498636305264,0.28284012501189426,0.02833474635616856,163,13202,536,423
2018-11-09,coarse_all,Coarse | With PSU,Sector_Coarse,False,0.25558414124073975,0.3686068971366626,0.11302275589592287,0.28205977130352927,0.026475630062789524,163,13202,536,423
2018-11-16,coarse_all,Coarse | With PSU,Sector_Coarse,False,0.25339891597742,0.36827865791113035,0.11487974193371037,0.2809570817766476,0.027558165799227596,163,13202,536,423
2018-11-23,coarse_all,Coarse | With PSU,Sector_Coarse,False,0.25210435289088345,0.36724047222206135,0.1151361193311779,0.2799477957933858,0.027843442902502347,163,13202,536,423
2018-11-30,coarse_all,Coarse | With PSU,Sector_Coarse,False,0.24967866776739642,0.35799106421360344,0.10831239644620702,0.2775269056882896,0.027848237920893165,163,13202,536,423
2018-12-07,coarse_all,Coarse | With PSU,Sector_Coarse,False,0.24976405383171485,0.356603844884841,0.10683979105312613,0.277857087528212,0.028093033696497127,163,13202,536,423
2018-12-14,coarse_all,Coarse | With PSU,Sector_Coarse,False,0.25545619579567785,0.36269239462850483,0.10723619883282698,0.2844773095606545,0.029021113764976625,163,13202,536,423
2018-12-21,coarse_all,Coarse | With PSU,Sector_Coarse,False,0.24805904073705395,0.36661492392637346,0.1185558831893195,0.2877360174113075,0.039676976674253545,166,13695,575,428
2018-12-28,coarse_all,Coarse | With PSU,Sector_Coarse,False,0.24963567599410452,0.35801467652553043,0.1083790005314259,0.2878633973231337,0.038227721329029185,176,15400,696,453
2019-01-04,coarse_all,Coarse | With PSU,Sector_Coarse,False,0.24786588137665555,0.355726957451997,0.10786107607534146,0.28595089766478754,0.03808501628813199,176,15400,696,453
2019-01-11,coarse_all,Coarse | With PSU,Sector_Coarse,False,0.24778078460285624,0.355849290100032,0.10806850549717578,0.2870498340819354,0.039269049479079166,176,15400,696,453
2019-01-18,coarse_all,Coarse | With PSU,Sector_Coarse,False,0.24796955015580277,0.357623112110745,0.10965356195494222,0.28762324642620657,0.0396536962704038,176,15400,696,453
2019-01-25,coarse_all,Coarse | With PSU,Sector_Coarse,False,0.24874394661449561,0.35862082978663445,0.10987688317213884,0.29010604783146077,0.04136210121696515,176,15400,696,453
2019-02-01,coarse_all,Coarse | With PSU,Sector_Coarse,False,0.23400486288442124,0.3467253387285039,0.11272047584408268,0.27273281437835584,0.0387279514939346,176,15400,696,453
2019-02-08,coarse_all,Coarse | With PSU,Sector_Coarse,False,0.22922585333460516,0.3400434589014869,0.11081760556688175,0.27648324227735127,0.047257388942746115,176,15400,696,453
2019-02-15,coarse_all,Coarse | With PSU,Sector_Coarse,False,0.22915914817783167,0.339764106265121,0.11060495808728932,0.2771964514540087,0.048037303276177,176,15400,696,453
2019-02-22,coarse_all,Coarse | With PSU,Sector_Coarse,False,0.2327853443293955,0.34436263510288573,0.11157729077349024,0.28597151513800834,0.05318617080861285,176,15400,696,453
2019-03-01,coarse_all,Coarse | With PSU,Sector_Coarse,False,0.23595897225562792,0.3474449520829683,0.11148597982734035,0.29438391599946234,0.05842494374383442,176,15400,696,453
2019-03-08,coarse_all,Coarse | With PSU,Sector_Coarse,False,0.23212642367544947,0.3493669279552603,0.11724050427981084,0.2923863893365945,0.060259965661145026,176,15400,696,453
2019-03-15,coarse_all,Coarse | With PSU,Sector_Coarse,False,0.236781338836258,0.3565147315754094,0.11973339273915143,0.30336008474780196,0.06657874591154397,176,15400,696,453
2019-03-22,coarse_all,Coarse | With PSU,Sector_Coarse,False,0.2324696710549291,0.35290091574515475,0.12043124469022565,0.300300431830317,0.06783076077538791,176,15400,696,453
2019-03-29,coarse_all,Coarse | With PSU,Sector_Coarse,False,0.23655963345181524,0.3490679213667692,0.11250828791495393,0.3010685583164168,0.06450892486460158,180,16089,732,456
2019-04-05,coarse_all,Coarse | With PSU,Sector_Coarse,False,0.2273402531796142,0.34015052940431734,0.11281027622470313,0.2902095241664055,0.06286927098679129,180,16089,732,456
2019-04-12,coarse_all,Coarse | With PSU,Sector_Coarse,False,0.22666887878871975,0.33963599046152837,0.11296711167280862,0.2907906510272709,0.06412177223855117,180,16089,732,456
2019-04-19,coarse_all,Coarse | With PSU,Sector_Coarse,False,0.22697601583176216,0.3398085483604048,0.11283253252864264,0.2959968789786614,0.06902086314689923,180,16089,732,456
2019-04-26,coarse_all,Coarse | With PSU,Sector_Coarse,False,0.22813203928285844,0.3418037165730313,0.11367167729017288,0.29677460199603484,0.0686425627131764,180,16089,732,456
2019-05-03,coarse_all,Coarse | With PSU,Sector_Coarse,False,0.22634500591291898,0.3399891422016768,0.11364413628875783,0.2950238120559046,0.06867880614298563,180,16089,732,456
2019-05-10,coarse_all,Coarse | With PSU,Sector_Coarse,False,0.23510311590684155,0.34766770649641493,0.11256459058957338,0.30510602163328093,0.07000290572643939,180,16089,732,456
2019-05-17,coarse_all,Coarse | With PSU,Sector_Coarse,False,0.2323154435383812,0.34595044198132086,0.11363499844293964,0.30245591381235865,0.07014047027397743,180,16089,732,456
2019-05-24,coarse_all,Coarse | With PSU,Sector_Coarse,False,0.24539484856850924,0.3689840576950966,0.12358920912658738,0.3300258296516305,0.08463098108312128,180,16089,732,456
2019-05-31,coarse_all,Coarse | With PSU,Sector_Coarse,False,0.2452960750344867,0.36823589408860824,0.12293981905412155,0.33090972076585123,0.08561364573136454,180,16089,732,456
2019-06-07,coarse_all,Coarse | With PSU,Sector_Coarse,False,0.24507664307117868,0.36849146806528893,0.12341482499411024,0.3316047773115098,0.0865281342403311,180,16089,732,456
2019-06-14,coarse_all,Coarse | With PSU,Sector_Coarse,False,0.24666232810984567,0.36929800141973257,0.1226356733098869,0.3303495158888804,0.08368718777903472,180,16089,732,456
2019-06-21,coarse_all,Coarse | With PSU,Sector_Coarse,False,0.24531850500817715,0.36873674050267863,0.12341823549450148,0.3279958950592406,0.08267739005106345,180,16093,732,456
2019-06-28,coarse_all,Coarse | With PSU,Sector_Coarse,False,0.24598795084102726,0.3670245483754544,0.12103659753442714,0.32975125700116376,0.0837633061601365,180,16103,732,456
2019-07-05,coarse_all,Coarse | With PSU,Sector_Coarse,False,0.24654913852015756,0.3670868351754015,0.12053769665524397,0.3294821018786733,0.08293296335851572,180,16103,732,456
2019-07-12,coarse_all,Coarse | With PSU,Sector_Coarse,False,0.24850967195829227,0.373750698895124,0.12524102693683176,0.3353581810051221,0.08684850904682984,180,16103,732,456
2019-07-19,coarse_all,Coarse | With PSU,Sector_Coarse,False,0.2524488570164248,0.38169951409119773,0.12925065707477296,0.3423076543564661,0.08985879734004132,180,16103,732,456
2019-07-26,coarse_all,Coarse | With PSU,Sector_Coarse,False,0.23930757019650697,0.3697570930475501,0.13044952285104314,0.33432046292861606,0.09501289273210908,180,16103,732,456
2019-08-02,coarse_all,Coarse | With PSU,Sector_Coarse,False,0.2413216150238692,0.37189953010009447,0.13057791507622526,0.34204498905286573,0.10072337402899653,180,16103,732,456
2019-08-09,coarse_all,Coarse | With PSU,Sector_Coarse,False,0.24000301107761005,0.369910174277053,0.12990716319944298,0.33797428729365686,0.09797127621604682,180,16103,732,456
2019-08-16,coarse_all,Coarse | With PSU,Sector_Coarse,False,0.23984666323052597,0.36872069291469717,0.1288740296841712,0.3335959314917879,0.09374926826126193,180,16103,732,456
2019-08-23,coarse_all,Coarse | With PSU,Sector_Coarse,False,0.24072424664093978,0.3783334457912483,0.1376091991503085,0.33536200483544276,0.09463775819450299,180,16103,732,456
2019-08-30,coarse_all,Coarse | With PSU,Sector_Coarse,False,0.24327253619229355,0.3777232932800917,0.13445075708779813,0.33407367649596775,0.0908011403036742,180,16103,732,456
2019-09-06,coarse_all,Coarse | With PSU,Sector_Coarse,False,0.2435634546721784,0.37620839679460116,0.13264494212242275,0.3336524744736411,0.0900890198014627,180,16103,732,456
2019-09-13,coarse_all,Coarse | With PSU,Sector_Coarse,False,0.24678847006374233,0.3800927393038088,0.1333042692400665,0.33832420806158414,0.09153573799784182,180,16103,732,456
2019-09-20,coarse_all,Coarse | With PSU,Sector_Coarse,False,0.23787482324594497,0.3622740916936626,0.12439926844771762,0.3395302233008286,0.10165540005488363,182,16471,734,456
2019-09-27,coarse_all,Coarse | With PSU,Sector_Coarse,False,0.21898118006324332,0.31380506520577456,0.09482388514253123,0.3224351676761569,0.10345398761291355,187,17391,816,457
2019-10-04,coarse_all,Coarse | With PSU,Sector_Coarse,False,0.21614669337255152,0.3215352237092442,0.10538853033669268,0.33870294231962655,0.12255624894707504,187,17391,816,457
2019-10-11,coarse_all,Coarse | With PSU,Sector_Coarse,False,0.21436214281720073,0.31610323401064433,0.1017410911934436,0.3366943696445404,0.12233222682733969,187,17391,816,457
2019-10-18,coarse_all,Coarse | With PSU,Sector_Coarse,False,0.2293749022537877,0.32654872314366357,0.09717382088987586,0.35669631262744944,0.12732141037366174,187,17391,816,457
2019-10-25,coarse_all,Coarse | With PSU,Sector_Coarse,False,0.22477666934951157,0.32458758633786594,0.09981091698835437,0.3557217858610507,0.13094511651153912,187,17391,816,457
2019-11-01,coarse_all,Coarse | With PSU,Sector_Coarse,False,0.20677535141412834,0.30893925432802216,0.10216390291389382,0.3442446958953947,0.13746934448126635,187,17391,816,457
2019-11-08,coarse_all,Coarse | With PSU,Sector_Coarse,False,0.20464916181146633,0.3024355858094272,0.09778642399796086,0.3473111060388615,0.14266194422739517,187,17391,816,457
2019-11-15,coarse_all,Coarse | With PSU,Sector_Coarse,False,0.20602546103313935,0.3015386087898938,0.09551314775675446,0.3475747119967036,0.14154925096356424,187,17391,816,457
2019-11-22,coarse_all,Coarse | With PSU,Sector_Coarse,False,0.20208545807809616,0.29508672428895705,0.09300126621086088,0.34356673184449676,0.1414812737664006,187,17391,816,457
2019-11-29,coarse_all,Coarse | With PSU,Sector_Coarse,False,0.20795584086088198,0.30338914570005643,0.09543330483917445,0.3407234082295099,0.13276756736862794,180,16110,770,455
2019-12-06,coarse_all,Coarse | With PSU,Sector_Coarse,False,0.20961142754931159,0.31125195482253126,0.10164052727321968,0.34505090642769026,0.13543947887837868,180,16110,770,455
2019-12-13,coarse_all,Coarse | With PSU,Sector_Coarse,False,0.2040545296121658,0.3066293025972336,0.10257477298506779,0.34274730836301825,0.13869277875085245,180,16110,770,455
2019-12-20,coarse_all,Coarse | With PSU,Sector_Coarse,False,0.2043910272393056,0.3069443291047256,0.10255330186541997,0.3379641426093477,0.1335731153700421,180,16110,770,455
2019-12-27,coarse_all,Coarse | With PSU,Sector_Coarse,False,0.20458842823138504,0.3085898019767064,0.10400137374532134,0.3401301390498069,0.13554171081842184,179,15931,768,447
2020-01-03,coarse_all,Coarse | With PSU,Sector_Coarse,False,0.20441595844920885,0.3078933948698913,0.10347743642068247,0.34195956247544745,0.1375436040262386,179,15931,768,447
2020-01-10,coarse_all,Coarse | With PSU,Sector_Coarse,False,0.2035493721235135,0.30930009544538867,0.10575072332187516,0.3415780784346591,0.13802870631114558,179,15931,768,447
2020-01-17,coarse_all,Coarse | With PSU,Sector_Coarse,False,0.2072527459825733,0.3079960039841505,0.10074325800157721,0.3422123129332364,0.1349595669506631,179,15931,768,447
2020-01-24,coarse_all,Coarse | With PSU,Sector_Coarse,False,0.2023458366660547,0.3012279201495597,0.09888208348350497,0.33388746114595913,0.13154162447990442,179,15931,768,447
2020-01-31,coarse_all,Coarse | With PSU,Sector_Coarse,False,0.2115604626462981,0.30603354244896946,0.09447307980267136,0.35056013417130344,0.13899967152500534,179,15931,768,447
2020-02-07,coarse_all,Coarse | With PSU,Sector_Coarse,False,0.2125639733153585,0.30539038706626215,0.09282641375090364,0.3439217493130299,0.13135777599767137,179,15931,768,447
2020-02-14,coarse_all,Coarse | With PSU,Sector_Coarse,False,0.21015155105849848,0.3056360488829406,0.09548449782444213,0.3549510805059582,0.14479952944745972,179,15931,768,447
2020-02-21,coarse_all,Coarse | With PSU,Sector_Coarse,False,0.20732466527532875,0.29996659113579127,0.09264192586046252,0.34921916231694,0.14189449704161125,179,15931,768,447
2020-02-28,coarse_all,Coarse | With PSU,Sector_Coarse,False,0.25962018941671755,0.34894860877648604,0.08932841935976849,0.40835328840493895,0.1487330989882214,178,15753,766,447
2020-03-06,coarse_all,Coarse | With PSU,Sector_Coarse,False,0.25530925883498795,0.3503584243892106,0.09504916555422266,0.39716538208406765,0.1418561232490797,178,15753,766,447
2020-03-13,coarse_all,Coarse | With PSU,Sector_Coarse,False,0.33358612410949245,0.4151955167981785,0.08160939268868606,0.4391441703898185,0.10555804628032606,178,15753,766,447
2020-03-20,coarse_all,Coarse | With PSU,Sector_Coarse,False,0.3721486768176161,0.4513350755655297,0.07918639874791361,0.4383910928217468,0.06624241600413072,178,15753,766,447
2020-03-27,coarse_all,Coarse | With PSU,Sector_Coarse,False,0.3662788119475554,0.43708586946485917,0.07080705751730376,0.4296483135151119,0.0633695015675565,172,14706,751,417
2020-04-03,coarse_all,Coarse | With PSU,Sector_Coarse,False,0.3524832984546025,0.4302050089348377,0.07772171048023518,0.4238778320419914,0.0713945335873889,172,14706,751,417
2020-04-10,coarse_all,Coarse | With PSU,Sector_Coarse,False,0.39447008925163407,0.45528936111323404,0.060819271861599966,0.44875128942725756,0.05428120017562349,172,14706,751,417
2020-04-17,coarse_all,Coarse | With PSU,Sector_Coarse,False,0.39165479791631075,0.4532949969483381,0.06164019903202733,0.44935285863898305,0.057698060722672306,172,14706,751,417
2020-04-24,coarse_all,Coarse | With PSU,Sector_Coarse,False,0.3866663227399093,0.4495180068888381,0.06285168414892878,0.4509498012065549,0.06428347846664562,172,14706,751,417
2020-05-01,coarse_all,Coarse | With PSU,Sector_Coarse,False,0.39406069282586714,0.46551500778857124,0.0714543149627041,0.4591554830151168,0.06509479018924968,172,14706,751,417
2020-05-08,coarse_all,Coarse | With PSU,Sector_Coarse,False,0.39890254423614824,0.4715124139582742,0.07260986972212596,0.47504541361037245,0.07614286937422421,172,14706,751,417
2020-05-15,coarse_all,Coarse | With PSU,Sector_Coarse,False,0.39770467007775373,0.47329758642952113,0.0755929163517674,0.4742977904678621,0.07659312039010835,172,14706,751,417
2020-05-22,coarse_all,Coarse | With PSU,Sector_Coarse,False,0.3839143573184748,0.46185410837029967,0.07793975105182488,0.4622089422199984,0.07829458490152363,177,15576,776,417
2020-05-29,coarse_all,Coarse | With PSU,Sector_Coarse,False,0.4004475846117413,0.47798157877032477,0.07753399415858347,0.47529199204093614,0.07484440742919485,185,16972,778,447
2020-06-05,coarse_all,Coarse | With PSU,Sector_Coarse,False,0.4098230598321662,0.48649895585196645,0.07667589601980024,0.492443089588074,0.08262002975590776,185,16972,778,447
2020-06-12,coarse_all,Coarse | With PSU,Sector_Coarse,False,0.40640479269728647,0.4828027084081199,0.07639791571083343,0.4899292380683694,0.08352444537108294,185,16972,778,447
2020-06-19,coarse_all,Coarse | With PSU,Sector_Coarse,False,0.40372721518673527,0.4823070931182039,0.07857987793146864,0.4872424694021949,0.08351525421545963,186,17151,778,447
2020-06-26,coarse_all,Coarse | With PSU,Sector_Coarse,False,0.40435003574825645,0.48156342748055486,0.07721339173229841,0.4858491562443681,0.08149912049611163,188,17512,782,447
2020-07-03,coarse_all,Coarse | With PSU,Sector_Coarse,False,0.404175525256505,0.47998828828073675,0.07581276302423173,0.4848550903060025,0.08067956504949747,188,17512,782,447
2020-07-10,coarse_all,Coarse | With PSU,Sector_Coarse,False,0.401354744355437,0.4784781837086143,0.07712343935317728,0.479328658916295,0.077973914560858,188,17512,782,447
2020-07-17,coarse_all,Coarse | With PSU,Sector_Coarse,False,0.39846934838459663,0.47735265783633113,0.0788833094517345,0.47452239715475825,0.07605304877016161,188,17512,782,447
2020-07-24,coarse_all,Coarse | With PSU,Sector_Coarse,False,0.39735021326808045,0.47672481538777656,0.0793746021196961,0.4701850511145245,0.07283483784644407,188,17542,782,447
2020-07-31,coarse_all,Coarse | With PSU,Sector_Coarse,False,0.3912194502099591,0.49454333666483663,0.10332388645487756,0.46582537745760955,0.07460592724765047,178,15753,735,344
2020-08-07,coarse_all,Coarse | With PSU,Sector_Coarse,False,0.3926903767096518,0.4955328030202434,0.1028424263105916,0.466774204683217,0.07408382797356522,178,15753,735,344
2020-08-14,coarse_all,Coarse | With PSU,Sector_Coarse,False,0.38969394287943143,0.49362114626888914,0.10392720338945771,0.46340534457165017,0.07371140169221874,178,15753,735,344
2020-08-21,coarse_all,Coarse | With PSU,Sector_Coarse,False,0.3902434378102608,0.4936926504647584,0.10344921265449764,0.46762812271651366,0.07738468490625289,178,15753,735,344
2020-08-28,coarse_all,Coarse | With PSU,Sector_Coarse,False,0.3882462439852751,0.49255366258292527,0.10430741859765019,0.4642312535575771,0.07598500957230203,179,15931,759,349
2020-09-04,coarse_all,Coarse | With PSU,Sector_Coarse,False,0.39028443961007253,0.49430794909985387,0.10402350948978134,0.4710348292891324,0.08075038967905984,179,15931,759,349
2020-09-11,coarse_all,Coarse | With PSU,Sector_Coarse,False,0.38936418047712124,0.4932444267119512,0.10388024623482994,0.4697437747882237,0.08037959431110248,179,15931,759,349
2020-09-18,coarse_all,Coarse | With PSU,Sector_Coarse,False,0.3886470937850405,0.4943382202051451,0.10569112642010464,0.4726118509451607,0.08396475716012025,179,15931,759,349
2020-09-25,coarse_all,Coarse | With PSU,Sector_Coarse,False,0.3941519469279461,0.4982828570447945,0.10413091011684844,0.49827657085328314,0.10412462392533706,174,15046,737,323
2020-10-02,coarse_all,Coarse | With PSU,Sector_Coarse,False,0.3936670225204624,0.4978242639799573,0.10415724145949495,0.5039540723580783,0.11028704983761595,174,15046,737,323
2020-10-09,coarse_all,Coarse | With PSU,Sector_Coarse,False,0.3922396791014916,0.4966565558773196,0.104416876775828,0.5030653410695544,0.11082566196806276,174,15046,737,323
2020-10-16,coarse_all,Coarse | With PSU,Sector_Coarse,False,0.387468033985608,0.49411689319891156,0.10664885921330358,0.4936481601308136,0.10618012614520561,174,15047,737,323
2020-10-23,coarse_all,Coarse | With PSU,Sector_Coarse,False,0.38837468165791955,0.49623435682319494,0.10785967516527539,0.5005431284031844,0.11216844674526483,174,15049,737,323
2020-10-30,coarse_all,Coarse | With PSU,Sector_Coarse,False,0.3865302063072007,0.49246507862611555,0.10593487231891485,0.4969417113081455,0.11041150500094482,174,15049,737,323
2020-11-06,coarse_all,Coarse | With PSU,Sector_Coarse,False,0.39052166238110014,0.5006856889870448,0.11016402660594465,0.5002232714275828,0.10970160904648268,174,15049,737,323
2020-11-13,coarse_all,Coarse | With PSU,Sector_Coarse,False,0.3909291609035984,0.5026306286837828,0.11170146778018442,0.5064452869482833,0.11551612604468486,174,15049,737,323
2020-11-20,coarse_all,Coarse | With PSU,Sector_Coarse,False,0.39240120494738456,0.5049105530852558,0.11250934813787122,0.50907164390266,0.11667043895527546,174,15049,737,323
2020-11-27,coarse_all,Coarse | With PSU,Sector_Coarse,False,0.3891637876400967,0.50332051860316,0.11415673096306328,0.49687683703311214,0.10771304939301546,177,15572,754,350
2020-12-04,coarse_all,Coarse | With PSU,Sector_Coarse,False,0.38942848349248815,0.5017202335450252,0.112291750052537,0.5060258240716686,0.11659734057918048,177,15572,754,350
2020-12-11,coarse_all,Coarse | With PSU,Sector_Coarse,False,0.3885784903375684,0.5011186225078094,0.11254013217024095,0.5007344481491873,0.11215595781161891,177,15572,754,350
2020-12-18,coarse_all,Coarse | With PSU,Sector_Coarse,False,0.3875106376489233,0.5005158235804458,0.11300518593152248,0.500561920484683,0.11305128283575966,177,15572,754,350
2020-12-25,coarse_all,Coarse | With PSU,Sector_Coarse,False,0.38679435937929774,0.4999362909820469,0.11314193160274916,0.5020201053692952,0.11522574598999746,177,15573,754,350
2021-01-01,coarse_all,Coarse | With PSU,Sector_Coarse,False,0.38770359156121076,0.5010563412871796,0.11335274972596882,0.5024207609204842,0.1147171693592734,177,15573,754,350
2021-01-08,coarse_all,Coarse | With PSU,Sector_Coarse,False,0.390813272222935,0.5017236391603351,0.11091036693740014,0.5052944943850134,0.1144812221620784,177,15573,754,350
2021-01-15,coarse_all,Coarse | With PSU,Sector_Coarse,False,0.38760210503481224,0.49797428590037074,0.1103721808655585,0.5014300499990985,0.11382794496428622,177,15573,754,350
2021-01-22,coarse_all,Coarse | With PSU,Sector_Coarse,False,0.3759521381452868,0.49238436550798953,0.11643222736270276,0.5003048754487568,0.12435273730347002,179,15929,760,352
2021-01-29,coarse_all,Coarse | With PSU,Sector_Coarse,False,0.3744636221676407,0.4912824945314534,0.11681887236381272,0.4862880150145779,0.11182439284693724,182,16459,773,378
2021-02-05,coarse_all,Coarse | With PSU,Sector_Coarse,False,0.381650529468094,0.5003386867002586,0.11868815723216458,0.5034299955460224,0.12177946607792839,182,16459,773,378
2021-02-12,coarse_all,Coarse | With PSU,Sector_Coarse,False,0.3793916396929236,0.49969576180877656,0.12030412211585295,0.4921604097305689,0.1127687700376453,182,16459,773,378
2021-02-19,coarse_all,Coarse | With PSU,Sector_Coarse,False,0.3750023521318609,0.4947024053621252,0.11970005323026428,0.4875477806832273,0.1125454285513664,182,16459,773,378
2021-02-26,coarse_all,Coarse | With PSU,Sector_Coarse,False,0.3579701757694565,0.4809380209877364,0.12296784521827991,0.4568869168414139,0.09891674107195741,182,16459,773,378
2021-03-05,coarse_all,Coarse | With PSU,Sector_Coarse,False,0.36043105432684164,0.4786484540448258,0.11821739971798417,0.45569131550596803,0.0952602611791264,182,16459,773,378
2021-03-12,coarse_all,Coarse | With PSU,Sector_Coarse,False,0.3234495133262834,0.4514937954612218,0.1280442821349384,0.431956552987687,0.10850703966140357,182,16459,773,378
2021-03-19,coarse_all,Coarse | With PSU,Sector_Coarse,False,0.27732119270933797,0.40578308103139543,0.12846188832205746,0.4226686472170737,0.14534745450773573,185,17020,785,389
2021-03-26,coarse_all,Coarse | With PSU,Sector_Coarse,False,0.2727512711181913,0.4107790801467017,0.13802780902851042,0.4201669125386244,0.14741564142043312,187,17391,786,389
2021-04-02,coarse_all,Coarse | With PSU,Sector_Coarse,False,0.2880410057693104,0.42443409229918766,0.13639308652987725,0.43214637987441407,0.14410537410510366,180,16110,670,329
2021-04-09,coarse_all,Coarse | With PSU,Sector_Coarse,False,0.24593675390266262,0.4028818756832432,0.15694512178058057,0.41466144846700226,0.16872469456433964,180,16110,670,329
2021-04-16,coarse_all,Coarse | With PSU,Sector_Coarse,False,0.2537555073264999,0.4155484796403315,0.1617929723138316,0.4231458137016019,0.16939030637510205,180,16110,670,329
2021-04-23,coarse_all,Coarse | With PSU,Sector_Coarse,False,0.25783985449412605,0.41431735217577814,0.1564774976816521,0.41446782414629463,0.15662796965216857,180,16110,670,329
2021-04-30,coarse_all,Coarse | With PSU,Sector_Coarse,False,0.2489072026304124,0.3989788066086216,0.1500716039782092,0.4115716286372953,0.16266442600688288,181,16290,672,329
2021-05-07,coarse_all,Coarse | With PSU,Sector_Coarse,False,0.2269537734241627,0.37871190497519164,0.15175813155102894,0.37616087840673174,0.14920710498256903,181,16290,672,329
2021-05-14,coarse_all,Coarse | With PSU,Sector_Coarse,False,0.22754792569735907,0.37917568320089756,0.1516277575035385,0.377339152750568,0.14979122705320894,181,16290,672,329
2021-05-21,coarse_all,Coarse | With PSU,Sector_Coarse,False,0.23028269107134638,0.37106901428723166,0.14078632321588527,0.3742128513516098,0.14393016028026343,181,16290,672,329
2021-05-28,coarse_all,Coarse | With PSU,Sector_Coarse,False,0.2224818646381497,0.3673826780475845,0.1449008134094348,0.3655424123438766,0.14306054770572688,181,16290,672,329
2021-06-04,coarse_all,Coarse | With PSU,Sector_Coarse,False,0.21143768208638003,0.3497231171861268,0.13828543509974678,0.3533380137237259,0.1419003316373459,181,16290,672,329
2021-06-11,coarse_all,Coarse | With PSU,Sector_Coarse,False,0.21315893760041976,0.3541196552968494,0.14096071769642965,0.34885456512801544,0.13569562752759567,181,16290,672,329
2021-06-18,coarse_all,Coarse | With PSU,Sector_Coarse,False,0.21841172883780632,0.3610029644895115,0.1425912356517052,0.3573080243319651,0.1388962954941588,181,16290,672,329
2021-06-25,coarse_all,Coarse | With PSU,Sector_Coarse,False,0.2180025240719449,0.36170048873178073,0.14369796465983584,0.35781262047020057,0.13981009639825567,181,16290,672,329
2021-07-02,coarse_all,Coarse | With PSU,Sector_Coarse,False,0.21839542361432357,0.36519824134149337,0.1468028177271698,0.35988954188101435,0.14149411826669078,181,16290,672,329
2021-07-09,coarse_all,Coarse | With PSU,Sector_Coarse,False,0.22006825656950482,0.3681161040413742,0.14804784747186936,0.3612485779623937,0.14118032139288886,181,16290,672,329
2021-07-16,coarse_all,Coarse | With PSU,Sector_Coarse,False,0.2219855688051651,0.3681136690815408,0.1461281002763757,0.3650761617680574,0.1430905929628923,181,16290,672,329
2021-07-23,coarse_all,Coarse | With PSU,Sector_Coarse,False,0.22396162259234084,0.3737362679199925,0.14977464532765164,0.3689990024648036,0.14503737987246276,181,16290,672,329
2021-07-30,coarse_all,Coarse | With PSU,Sector_Coarse,False,0.22505781074066292,0.36737708114760365,0.14231927040694073,0.36824956675665294,0.14319175601599002,182,16471,682,332
2021-08-06,coarse_all,Coarse | With PSU,Sector_Coarse,False,0.2243559358236411,0.36736393737462236,0.14300800155098126,0.3680428032842713,0.1436868674606302,182,16471,682,332
2021-08-13,coarse_all,Coarse | With PSU,Sector_Coarse,False,0.2275598183332157,0.3676255335649401,0.1400657152317244,0.37475476458141815,0.14719494624820245,182,16471,682,332
2021-08-20,coarse_all,Coarse | With PSU,Sector_Coarse,False,0.22531816264143462,0.369492240226205,0.1441740775847704,0.3823136672667215,0.15699550462528689,182,16471,682,332
2021-08-27,coarse_all,Coarse | With PSU,Sector_Coarse,False,0.22769319563257753,0.36632164994362104,0.1386284543110435,0.3864883459447013,0.15879515031212374,182,16471,682,332
2021-09-03,coarse_all,Coarse | With PSU,Sector_Coarse,False,0.2290413527734583,0.36333878402361136,0.13429743125015306,0.37822591768422065,0.14918456491076235,182,16471,682,332
2021-09-10,coarse_all,Coarse | With PSU,Sector_Coarse,False,0.2291937458347122,0.363162370178868,0.1339686243441558,0.37541688008284385,0.14622313424813166,182,16471,682,332
2021-09-17,coarse_all,Coarse | With PSU,Sector_Coarse,False,0.22860246031259351,0.3628231027335921,0.13422064242099857,0.3722119243422706,0.14360946402967706,182,16471,682,332
2021-09-24,coarse_all,Coarse | With PSU,Sector_Coarse,False,0.20688696498505738,0.33664614076704813,0.12975917578199075,0.3316250866410533,0.1247381216559959,184,16836,697,341
2021-10-01,coarse_all,Coarse | With PSU,Sector_Coarse,False,0.19646467030581893,0.32948399102899223,0.1330193207231733,0.31843587377349813,0.1219712034676792,189,17766,708,365
2021-10-08,coarse_all,Coarse | With PSU,Sector_Coarse,False,0.1976226875433049,0.33171683158841864,0.13409414404511374,0.31786766326876165,0.12024497572545675,189,17766,708,365
2021-10-15,coarse_all,Coarse | With PSU,Sector_Coarse,False,0.19403555313783513,0.32526834348860373,0.1312327903507686,0.31464846548485487,0.12061291234701974,189,17766,708,365
2021-10-22,coarse_all,Coarse | With PSU,Sector_Coarse,False,0.21402103589065022,0.33586545933796896,0.12184442344731874,0.3237187754762871,0.10969773958563686,189,17766,708,365
2021-10-29,coarse_all,Coarse | With PSU,Sector_Coarse,False,0.2180581727508796,0.3389321998390126,0.12087402708813302,0.3227167769877401,0.10465860423686049,183,16653,681,365
2021-11-05,coarse_all,Coarse | With PSU,Sector_Coarse,False,0.21494411060997448,0.32785224624530374,0.11290813563532925,0.32262840303717694,0.10768429242720245,183,16653,681,365
2021-11-12,coarse_all,Coarse | With PSU,Sector_Coarse,False,0.21364906829651203,0.3230181647906956,0.10936909649418358,0.31828532553111744,0.1046362572346054,183,16653,681,365
2021-11-19,coarse_all,Coarse | With PSU,Sector_Coarse,False,0.21901341320275916,0.3307433402845487,0.11172992708178955,0.326927030270832,0.10791361706807281,183,16653,681,365
2021-11-26,coarse_all,Coarse | With PSU,Sector_Coarse,False,0.22990342289074112,0.3458221641785686,0.11591874128782748,0.3407821474835077,0.1108787245927666,183,16653,681,365
2021-12-03,coarse_all,Coarse | With PSU,Sector_Coarse,False,0.22684039406428985,0.34637364796265924,0.11953325389836938,0.33122730322252414,0.10438690915823429,183,16653,681,365
2021-12-10,coarse_all,Coarse | With PSU,Sector_Coarse,False,0.22835594502521325,0.3497380637125683,0.12138211868735507,0.3340082417898521,0.10565229676463886,183,16653,681,365
2021-12-17,coarse_all,Coarse | With PSU,Sector_Coarse,False,0.24189394307903647,0.37264519764198745,0.13075125456295097,0.347017008884496,0.10512306580545952,183,16653,681,365
2021-12-24,coarse_all,Coarse | With PSU,Sector_Coarse,False,0.24184602526895477,0.37468272129799546,0.1328366960290407,0.34566399287107863,0.10381796760212386,183,16653,681,365
2021-12-31,coarse_all,Coarse | With PSU,Sector_Coarse,False,0.2421496300359014,0.3722982007559884,0.130148570720087,0.34498326535823953,0.10283363532233813,183,16653,681,365
2022-01-07,coarse_all,Coarse | With PSU,Sector_Coarse,False,0.23374435310439745,0.3745110241026091,0.14076667099821166,0.34505710718552723,0.11131275408112978,183,16653,681,365
2022-01-14,coarse_all,Coarse | With PSU,Sector_Coarse,False,0.23595411912596304,0.3803286919554313,0.14437457282946825,0.3540974610908455,0.11814334196488246,183,16653,681,365
2022-01-21,coarse_all,Coarse | With PSU,Sector_Coarse,False,0.25117792557584956,0.3893916564101429,0.13821373083429334,0.3483426630247313,0.09716473744888177,183,16653,681,365
2022-01-28,coarse_all,Coarse | With PSU,Sector_Coarse,False,0.24265944525710859,0.37903772610476594,0.13637828084765735,0.3393194177100214,0.0966599724529128,184,16836,681,365
2022-02-04,coarse_all,Coarse | With PSU,Sector_Coarse,False,0.22088317341824948,0.34113704757663255,0.12025387415838307,0.30279737142828306,0.08191419801003358,184,16836,681,365
2022-02-11,coarse_all,Coarse | With PSU,Sector_Coarse,False,0.22445320294695661,0.3477725506881114,0.1233193477411548,0.30740957352192844,0.08295637057497182,184,16836,681,365
2022-02-18,coarse_all,Coarse | With PSU,Sector_Coarse,False,0.2315837885394814,0.35171846675941215,0.12013467821993076,0.30876179723833713,0.07717800869885574,184,16836,681,365
2022-02-25,coarse_all,Coarse | With PSU,Sector_Coarse,False,0.24377534065429118,0.3698771085933242,0.126101767939033,0.3271163349882597,0.08334099433396852,184,16836,681,365
2022-03-04,coarse_all,Coarse | With PSU,Sector_Coarse,False,0.23827830178815024,0.37460566212196533,0.1363273603338151,0.32191862356428413,0.0836403217761339,184,16836,681,365
2022-03-11,coarse_all,Coarse | With PSU,Sector_Coarse,False,0.2414304466564269,0.37575125940591025,0.13432081274948335,0.3230253499233767,0.08159490326694982,184,16836,681,365
2022-03-18,coarse_all,Coarse | With PSU,Sector_Coarse,False,0.23924596814228308,0.3734308471671793,0.1341848790248962,0.31555875101258574,0.07631278287030266,184,16836,681,365
2022-03-25,coarse_all,Coarse | With PSU,Sector_Coarse,False,0.23834339462933718,0.3731537784874441,0.1348103838581069,0.30990666272307477,0.07156326809373759,184,16836,681,365
2022-04-01,coarse_all,Coarse | With PSU,Sector_Coarse,False,0.23487095627601268,0.37623224226770235,0.14136128599168968,0.30919599025797495,0.07432503398196227,184,16836,681,365
2022-04-08,coarse_all,Coarse | With PSU,Sector_Coarse,False,0.24152974619907272,0.38232657232770373,0.140796826128631,0.32268924559162765,0.08115949939255493,184,16836,681,365
2022-04-15,coarse_all,Coarse | With PSU,Sector_Coarse,False,0.24001513624203255,0.37708773828800046,0.1370726020459679,0.31734424866142713,0.07732911241939458,184,16836,681,365
2022-04-22,coarse_all,Coarse | With PSU,Sector_Coarse,False,0.23001010557505513,0.3562476534366651,0.12623754786160996,0.26619700162074356,0.03618689604568842,188,17578,726,443
2022-04-29,coarse_all,Coarse | With PSU,Sector_Coarse,False,0.23321261581620706,0.361382615458303,0.12816999964209597,0.2722748750364026,0.03906225922019552,191,18145,763,464
2022-05-06,coarse_all,Coarse | With PSU,Sector_Coarse,False,0.24972301561276122,0.3773282943294896,0.1276052787167284,0.27404150644434605,0.024318490831584827,191,18145,763,464
2022-05-13,coarse_all,Coarse | With PSU,Sector_Coarse,False,0.26552939485562765,0.39488972938827904,0.1293603345326514,0.30191181410324647,0.036382419247618814,191,18145,763,464
2022-05-20,coarse_all,Coarse | With PSU,Sector_Coarse,False,0.2641061400871328,0.3912148861640854,0.1271087460769526,0.30455442410133693,0.04044828401420414,191,18145,763,464
2022-05-27,coarse_all,Coarse | With PSU,Sector_Coarse,False,0.2603186864024523,0.39191081958336066,0.13159213318090834,0.301100419347118,0.040781732944665694,191,18145,763,464
2022-06-03,coarse_all,Coarse | With PSU,Sector_Coarse,False,0.2565728767572358,0.38807485813014053,0.13150198137290475,0.29864007833203526,0.042067201574799484,191,18145,763,464
2022-06-10,coarse_all,Coarse | With PSU,Sector_Coarse,False,0.2554438997299149,0.38833396321862035,0.13289006348870547,0.2998252565829152,0.04438135685300032,191,18145,763,464
2022-06-17,coarse_all,Coarse | With PSU,Sector_Coarse,False,0.2787198767945828,0.41087318215331775,0.13215330535873493,0.335649311943471,0.05692943514888815,191,18145,763,464
2022-06-24,coarse_all,Coarse | With PSU,Sector_Coarse,False,0.2801371366791892,0.4123870425019707,0.1322499058227815,0.3321282989654985,0.05199116228630929,191,18145,763,464
2022-07-01,coarse_all,Coarse | With PSU,Sector_Coarse,False,0.2809817380014244,0.41108326239267473,0.13010152439125033,0.3296567953079621,0.048675057306537706,191,18145,763,464
2022-07-08,coarse_all,Coarse | With PSU,Sector_Coarse,False,0.28858027137615483,0.42028596618508296,0.13170569480892813,0.3316435579702019,0.04306328659404707,191,18145,763,464
2022-07-15,coarse_all,Coarse | With PSU,Sector_Coarse,False,0.28759667352760976,0.4209135735285638,0.13331690000095403,0.33076017458812307,0.04316350106051331,191,18145,763,464
2022-07-22,coarse_all,Coarse | With PSU,Sector_Coarse,False,0.2933817637579385,0.43057287561384994,0.13719111185591143,0.33585672791199395,0.04247496415405544,191,18145,763,464
2022-07-29,coarse_all,Coarse | With PSU,Sector_Coarse,False,0.29583118844952705,0.4273055784269494,0.13147438997742233,0.33751494563121015,0.0416837571816831,191,18145,763,464
2022-08-05,coarse_all,Coarse | With PSU,Sector_Coarse,False,0.2960314079089385,0.4261440929836893,0.13011268507475082,0.33658526808028294,0.040553860171344436,191,18145,763,464
2022-08-12,coarse_all,Coarse | With PSU,Sector_Coarse,False,0.2965983765012586,0.425790001328188,0.12919162482692942,0.3351834449503792,0.03858506844912063,190,17955,757,439
2022-08-19,coarse_all,Coarse | With PSU,Sector_Coarse,False,0.29815117668249047,0.42278983060775993,0.12463865392526946,0.3327953501845284,0.03464417350203791,190,17955,757,439
2022-08-26,coarse_all,Coarse | With PSU,Sector_Coarse,False,0.29691470810542603,0.4224604618915756,0.12554575378614957,0.3333440763176257,0.036429368212199664,190,17955,757,439
2022-09-02,coarse_all,Coarse | With PSU,Sector_Coarse,False,0.2877112154813125,0.4192770677737138,0.1315658522924013,0.3296960275266361,0.041984812045323616,190,17955,757,439
2022-09-09,coarse_all,Coarse | With PSU,Sector_Coarse,False,0.2880481215041786,0.4196101282206067,0.13156200671642815,0.33247802196046905,0.04442990045629047,190,17955,757,439
2022-09-16,coarse_all,Coarse | With PSU,Sector_Coarse,False,0.29028501058257883,0.42059435203098977,0.13030934144841094,0.3315578377759978,0.04127282719341896,190,17955,757,439
2022-09-23,coarse_all,Coarse | With PSU,Sector_Coarse,False,0.29451410505325126,0.4269484148507501,0.13243430979749882,0.3387514566510829,0.04423735159783165,190,17955,757,439
2022-09-30,coarse_all,Coarse | With PSU,Sector_Coarse,False,0.29573924415554426,0.43359172019978304,0.13785247604423878,0.33607774123436324,0.04033849707881898,185,17020,739,447
2022-10-07,coarse_all,Coarse | With PSU,Sector_Coarse,False,0.29688024358475495,0.4341706201768345,0.13729037659207954,0.33925697592496434,0.04237673234020939,185,17020,739,447
2022-10-14,coarse_all,Coarse | With PSU,Sector_Coarse,False,0.29878938977293357,0.43764667597373,0.13885728620079646,0.34096794633359634,0.04217855656066277,185,17020,739,447
2022-10-21,coarse_all,Coarse | With PSU,Sector_Coarse,False,0.2939532010394922,0.4358801233789179,0.14192692233942572,0.3412765235616974,0.047323322522205225,185,17020,739,447
2022-10-28,coarse_all,Coarse | With PSU,Sector_Coarse,False,0.30535623119665944,0.4561546558530182,0.15079842465635873,0.39567094553358323,0.09031471433692378,185,17020,739,447
2022-11-04,coarse_all,Coarse | With PSU,Sector_Coarse,False,0.30330299349754897,0.450876026866369,0.14757303336882005,0.39325347881074085,0.08995048531319189,185,17020,739,447
2022-11-11,coarse_all,Coarse | With PSU,Sector_Coarse,False,0.30216682171458187,0.44895030245280937,0.1467834807382275,0.3905701034607269,0.08840328174614503,185,17020,739,447
2022-11-18,coarse_all,Coarse | With PSU,Sector_Coarse,False,0.3000037368411393,0.43829237578520064,0.13828863894406135,0.37992626432826043,0.07992252748712114,185,17020,739,447
2022-11-25,coarse_all,Coarse | With PSU,Sector_Coarse,False,0.2947965883671225,0.42492977094131684,0.13013318257419432,0.3715775611379714,0.07678097277084889,185,17020,739,447
2022-12-02,coarse_all,Coarse | With PSU,Sector_Coarse,False,0.29897115970713395,0.4274970358526845,0.12852587614555055,0.3733604780431398,0.07438931833600587,185,17020,739,447
2022-12-09,coarse_all,Coarse | With PSU,Sector_Coarse,False,0.29662200442089726,0.42422056759530613,0.12759856317440887,0.37125116234772965,0.07462915792683239,185,17020,739,447
2022-12-16,coarse_all,Coarse | With PSU,Sector_Coarse,False,0.2888468163851902,0.4040996889192473,0.11525287253405708,0.3577567977938026,0.06890998140861238,185,17020,739,447
2022-12-23,coarse_all,Coarse | With PSU,Sector_Coarse,False,0.3023503050210032,0.4231621714780283,0.12081186645702513,0.38286231608600657,0.08051201106500339,185,17020,739,447
2022-12-30,coarse_all,Coarse | With PSU,Sector_Coarse,False,0.3026758215998163,0.4309286798745844,0.12825285827476807,0.39437657423217537,0.09170075263235905,185,17020,739,447
2023-01-06,coarse_all,Coarse | With PSU,Sector_Coarse,False,0.3005434650122292,0.42196471709826056,0.12142125208603133,0.38493710618916444,0.08439364117693521,185,17020,739,447
2023-01-13,coarse_all,Coarse | With PSU,Sector_Coarse,False,0.2990758568417359,0.4197133499530752,0.12063749311133931,0.37772074043916815,0.07864488359743227,185,17020,739,447
2023-01-20,coarse_all,Coarse | With PSU,Sector_Coarse,False,0.28969223724322446,0.4143501845399367,0.12465794729671226,0.37436461916418107,0.08467238192095661,185,17020,739,447
2023-01-27,coarse_all,Coarse | With PSU,Sector_Coarse,False,0.28959891415973893,0.4222663586922061,0.13266744453246715,0.38681406899348314,0.09721515483374421,185,17020,739,447
2023-02-03,coarse_all,Coarse | With PSU,Sector_Coarse,False,0.2792563128502307,0.41237303094215266,0.13311671809192194,0.38267854996005846,0.10342223710982773,185,17020,739,447
2023-02-10,coarse_all,Coarse | With PSU,Sector_Coarse,False,0.2751619716483171,0.41093541089395613,0.135773439245639,0.3778810144616226,0.10271904281330546,187,17391,739,477
2023-02-17,coarse_all,Coarse | With PSU,Sector_Coarse,False,0.27234985488257035,0.40999626174197057,0.13764640685940022,0.3724466601654715,0.10009680528290116,187,17391,739,477
2023-02-24,coarse_all,Coarse | With PSU,Sector_Coarse,False,0.26759687922474057,0.40536029222097436,0.1377634129962338,0.3668827237706969,0.09928584454595635,187,17391,739,477
2023-03-03,coarse_all,Coarse | With PSU,Sector_Coarse,False,0.2698387862104435,0.39950055867974094,0.12966177246929744,0.3794383706210583,0.10959958441061479,187,17391,739,477
2023-03-10,coarse_all,Coarse | With PSU,Sector_Coarse,False,0.26608526674614047,0.399705399257485,0.13362013251134452,0.3761007795997614,0.11001551285362093,187,17391,739,477
2023-03-17,coarse_all,Coarse | With PSU,Sector_Coarse,False,0.26338615169023843,0.3993129741293269,0.1359268224390885,0.37334187494630605,0.10995572325606762,187,17391,739,477
2023-03-24,coarse_all,Coarse | With PSU,Sector_Coarse,False,0.2675241942931037,0.39980089887762216,0.13227670458451846,0.38513633401250236,0.11761213971939866,187,17391,739,477
2023-03-31,coarse_all,Coarse | With PSU,Sector_Coarse,False,0.26247357777429053,0.39383045417631757,0.13135687640202703,0.3749394757593947,0.11246589798510415,190,17946,706,469
2023-04-07,coarse_all,Coarse | With PSU,Sector_Coarse,False,0.25900664448267957,0.38962675065493835,0.13062010617225878,0.37058788631272216,0.11158124183004259,190,17946,706,469
2023-04-14,coarse_all,Coarse | With PSU,Sector_Coarse,False,0.25905704862529394,0.38871067078998134,0.1296536221646874,0.37066094413241163,0.11160389550711769,190,17946,706,469
2023-04-21,coarse_all,Coarse | With PSU,Sector_Coarse,False,0.25930762659719364,0.3861003275927829,0.12679270099558926,0.37327125279426154,0.1139636261970679,190,17946,706,469
2023-04-28,coarse_all,Coarse | With PSU,Sector_Coarse,False,0.26455424239340103,0.3925200994326691,0.12796585703926805,0.37389288030560486,0.10933863791220383,190,17946,706,469
2023-05-05,coarse_all,Coarse | With PSU,Sector_Coarse,False,0.24875521784888857,0.3743782270819247,0.12562300923303613,0.3772756353599429,0.12852041751105434,190,17946,706,469
2023-05-12,coarse_all,Coarse | With PSU,Sector_Coarse,False,0.2320290734698532,0.35023708569913414,0.11820801222928096,0.3528036323480571,0.12077455887820393,190,17946,706,469
2023-05-19,coarse_all,Coarse | With PSU,Sector_Coarse,False,0.22914884509258393,0.3477761344123186,0.11862728931973465,0.3543759545333912,0.12522710944080728,190,17946,706,469
2023-05-26,coarse_all,Coarse | With PSU,Sector_Coarse,False,0.23735227517857196,0.3491564538262099,0.11180417864763795,0.36194165303726805,0.12458937785869609,190,17946,706,469
2023-06-02,coarse_all,Coarse | With PSU,Sector_Coarse,False,0.23992610829290573,0.35121275472851166,0.11128664643560593,0.35795289563890276,0.11802678734599703,190,17946,706,469
2023-06-09,coarse_all,Coarse | With PSU,Sector_Coarse,False,0.23671388673517038,0.3505199311827237,0.1138060444475533,0.3569801941932152,0.12026630745804481,190,17946,706,469
2023-06-16,coarse_all,Coarse | With PSU,Sector_Coarse,False,0.20068543893015156,0.31413368852880935,0.11344824959865779,0.3054620666950427,0.10477662776489116,190,17946,706,469
2023-06-23,coarse_all,Coarse | With PSU,Sector_Coarse,False,0.2015657616766933,0.31075230788266495,0.10918654620597165,0.31250205175459184,0.11093629007789854,190,17946,706,469
2023-06-30,coarse_all,Coarse | With PSU,Sector_Coarse,False,0.20805668382948392,0.31897201284161986,0.11091532901213594,0.3197940669319074,0.11173738310242345,190,17946,706,469
2023-07-07,coarse_all,Coarse | With PSU,Sector_Coarse,False,0.19683058195785766,0.3063248828224551,0.10949430086459747,0.32026971446625774,0.12343913250840008,190,17946,706,469
2023-07-14,coarse_all,Coarse | With PSU,Sector_Coarse,False,0.19746062367098755,0.3041719499512177,0.10671132628023017,0.3220713818481062,0.12461075817711864,190,17946,706,469
2023-07-21,coarse_all,Coarse | With PSU,Sector_Coarse,False,0.18891099998789734,0.2911501995369218,0.10223919954902444,0.3144450747019432,0.12553407471404587,190,17946,706,469
2023-07-28,coarse_all,Coarse | With PSU,Sector_Coarse,False,0.18829939950054422,0.29116380239433964,0.10286440289379542,0.31464133116212556,0.12634193166158134,190,17946,706,469
2023-08-04,coarse_all,Coarse | With PSU,Sector_Coarse,False,0.18499700828351162,0.28935296603273714,0.10435595774922551,0.30715121063432205,0.12215420235081043,190,17946,706,469
2023-08-11,coarse_all,Coarse | With PSU,Sector_Coarse,False,0.18425720564551493,0.2868697153846603,0.10261250973914535,0.30649209590162557,0.12223489025611065,190,17948,706,469
2023-08-18,coarse_all,Coarse | With PSU,Sector_Coarse,False,0.18656076531715154,0.2893720135352703,0.10281124821811877,0.308958432195884,0.12239766687873244,190,17948,706,469
2023-08-25,coarse_all,Coarse | With PSU,Sector_Coarse,False,0.18723708633869401,0.2897698464879033,0.10253276014920931,0.3094697351113915,0.12223264877269746,190,17948,706,469
2023-09-01,coarse_all,Coarse | With PSU,Sector_Coarse,False,0.1890058926658704,0.29054789886592736,0.10154200620005696,0.3060691126534858,0.1170632199876154,190,17948,706,469
2023-09-08,coarse_all,Coarse | With PSU,Sector_Coarse,False,0.19415012161044964,0.2927166728699537,0.09856655125950403,0.31633370381910714,0.12218358220865749,190,17948,706,469
2023-09-15,coarse_all,Coarse | With PSU,Sector_Coarse,False,0.18955079509458828,0.28927777091119744,0.09972697581660916,0.31273233392978816,0.12318153883519989,190,17948,706,469
2023-09-22,coarse_all,Coarse | With PSU,Sector_Coarse,False,0.19005142315835677,0.2785093166619909,0.08845789350363414,0.27564542813967996,0.08559400498132319,193,18528,722,530
2023-09-29,coarse_all,Coarse | With PSU,Sector_Coarse,False,0.18784143585749985,0.2768250197961711,0.08898358393867123,0.2732725434734747,0.08543110761597483,193,18528,711,518
2023-10-06,coarse_all,Coarse | With PSU,Sector_Coarse,False,0.18712669103123744,0.2758468942706546,0.08872020323941718,0.274553503868476,0.08742681283723855,193,18528,711,518
2023-10-13,coarse_all,Coarse | With PSU,Sector_Coarse,False,0.18018830460316385,0.27097536635617153,0.09078706175300769,0.2646938085585137,0.08450550395534986,193,18528,711,518
2023-10-20,coarse_all,Coarse | With PSU,Sector_Coarse,False,0.1858202667958857,0.2722056581947437,0.08638539139885798,0.2708601338273911,0.0850398670315054,193,18528,711,518
2023-10-27,coarse_all,Coarse | With PSU,Sector_Coarse,False,0.19620486917739158,0.2815182939645678,0.08531342478717621,0.27670361559531603,0.08049874641792445,193,18528,711,518
2023-11-03,coarse_all,Coarse | With PSU,Sector_Coarse,False,0.19515435646252366,0.2826648268099986,0.08751047034747494,0.27608851038221927,0.0809341539196956,193,18528,711,518
2023-11-10,coarse_all,Coarse | With PSU,Sector_Coarse,False,0.19956499322724608,0.2859056310383645,0.08634063781111845,0.2828206961865907,0.08325570295934465,193,18528,711,518
2023-11-17,coarse_all,Coarse | With PSU,Sector_Coarse,False,0.2025557514332664,0.2892706627518201,0.08671491131855372,0.28863849477724274,0.08608274334397634,193,18528,711,518
2023-11-24,coarse_all,Coarse | With PSU,Sector_Coarse,False,0.20059287712749027,0.28844906687395494,0.08785618974646467,0.2823096565574145,0.08171677942992425,193,18528,711,518
2023-12-01,coarse_all,Coarse | With PSU,Sector_Coarse,False,0.2038150421373989,0.29212162874007763,0.08830658660267873,0.28929538364011576,0.08548034150271686,193,18528,711,518
2023-12-08,coarse_all,Coarse | With PSU,Sector_Coarse,False,0.20619428733347991,0.2990070054071745,0.0928127180736946,0.30609561995148854,0.09990133261800863,193,18528,711,518
2023-12-15,coarse_all,Coarse | With PSU,Sector_Coarse,False,0.20430848175014002,0.30089567787240373,0.09658719612226371,0.31332095141657484,0.10901246966643482,193,18528,711,518
2023-12-22,coarse_all,Coarse | With PSU,Sector_Coarse,False,0.17534652164522158,0.27256518732485735,0.09721866567963577,0.26523882022355355,0.08989229857833198,193,18528,711,518
2023-12-29,coarse_all,Coarse | With PSU,Sector_Coarse,False,0.17584604039913368,0.26387807555909953,0.08803203515996585,0.254147965451901,0.07830192505276731,193,18528,711,518
2024-01-05,coarse_all,Coarse | With PSU,Sector_Coarse,False,0.1741768503860253,0.26706738313128187,0.09289053274525658,0.25487452388512144,0.08069767349909615,193,18528,711,518
2024-01-12,coarse_all,Coarse | With PSU,Sector_Coarse,False,0.1733975162705303,0.2648343070977478,0.0914367908272175,0.25630238569932706,0.08290486942879677,193,18528,711,518
2024-01-19,coarse_all,Coarse | With PSU,Sector_Coarse,False,0.1698922091462471,0.25649271129459383,0.08660050214834675,0.2554883244198609,0.08559611527361383,193,18528,711,518
2024-01-26,coarse_all,Coarse | With PSU,Sector_Coarse,False,0.1633284464635732,0.23914756835199494,0.07581912188842174,0.23429704502018417,0.07096859855661097,193,18528,711,518
2024-02-02,coarse_all,Coarse | With PSU,Sector_Coarse,False,0.17128328840229712,0.24739000253676183,0.07610671413446471,0.25752177159862194,0.08623848319632482,193,18528,711,518
2024-02-09,coarse_all,Coarse | With PSU,Sector_Coarse,False,0.16841059607779002,0.24286790327198524,0.07445730719419522,0.251543933893011,0.08313333781522098,193,18528,711,518
2024-02-16,coarse_all,Coarse | With PSU,Sector_Coarse,False,0.1653440475358341,0.23731259229102458,0.07196854475519049,0.25609711228000975,0.09075306474417566,194,18721,717,524
2024-02-23,coarse_all,Coarse | With PSU,Sector_Coarse,False,0.15436721401338804,0.22357918291253195,0.06921196889914391,0.2433263517243599,0.08895913771097186,194,18721,717,524
2024-03-01,coarse_all,Coarse | With PSU,Sector_Coarse,False,0.15642952359163056,0.2224102189799953,0.06598069538836474,0.24176899592042855,0.08533947232879799,194,18721,717,524
2024-03-08,coarse_all,Coarse | With PSU,Sector_Coarse,False,0.15327579004309966,0.21510994511787304,0.061834155074773384,0.2426650707399223,0.08938928069682264,194,18721,717,524
2024-03-15,coarse_all,Coarse | With PSU,Sector_Coarse,False,0.16659935684495106,0.2237495442835599,0.057150187438608835,0.30640675708589177,0.1398074002409407,194,18721,717,524
2024-03-22,coarse_all,Coarse | With PSU,Sector_Coarse,False,0.15920584651551392,0.2176261406446475,0.058420294129133576,0.28738136741785586,0.12817552090234194,195,18915,717,536
2024-03-29,coarse_all,Coarse | With PSU,Sector_Coarse,False,0.16243451713816978,0.22232309092605834,0.05988857378788856,0.2788538546284008,0.116419337490231,190,17955,688,661
2024-04-05,coarse_all,Coarse | With PSU,Sector_Coarse,False,0.16448089202593058,0.22634964996754134,0.06186875794161076,0.2839424250331705,0.11946153300723994,190,17955,688,661
2024-04-12,coarse_all,Coarse | With PSU,Sector_Coarse,False,0.16393284755305973,0.22554758364895072,0.06161473609589099,0.28051731662956014,0.11658446907650041,190,17955,688,661
2024-04-19,coarse_all,Coarse | With PSU,Sector_Coarse,False,0.1736799155518016,0.2374257142442161,0.06374579869241451,0.2871595206365809,0.1134796050847793,191,18145,692,661
2024-04-26,coarse_all,Coarse | With PSU,Sector_Coarse,False,0.17323136959708818,0.22449796944295589,0.051266599845867705,0.2982697876957616,0.12503841809867344,191,18145,692,661
2024-05-03,coarse_all,Coarse | With PSU,Sector_Coarse,False,0.17195669486242599,0.2251988766932994,0.053242181830873425,0.2937011258339729,0.12174443097154691,191,18145,692,661
2024-05-10,coarse_all,Coarse | With PSU,Sector_Coarse,False,0.18043142108381208,0.2487121860926117,0.06828076500879962,0.322511891699638,0.14208047061582593,191,18145,692,661
2024-05-17,coarse_all,Coarse | With PSU,Sector_Coarse,False,0.18295392318925702,0.2509369009287167,0.06798297773945966,0.32344430125694695,0.14049037806768994,191,18145,692,661
2024-05-24,coarse_all,Coarse | With PSU,Sector_Coarse,False,0.18078617337149416,0.24972429628898835,0.06893812291749418,0.3226428228552092,0.141856649483715,191,18145,692,661
2024-05-31,coarse_all,Coarse | With PSU,Sector_Coarse,False,0.18803287461515597,0.2536467992051452,0.06561392458998924,0.3316049086199303,0.14357203400477433,191,18145,692,661
2024-06-07,coarse_all,Coarse | With PSU,Sector_Coarse,False,0.19310834357772855,0.2555934473691253,0.06248510379139677,0.3383645461370278,0.14525620255929927,191,18145,692,661
2024-06-14,coarse_all,Coarse | With PSU,Sector_Coarse,False,0.19130331268040354,0.25836048627096675,0.06705717359056321,0.3409882421190091,0.14968492943860554,191,18145,692,661
2024-06-21,coarse_all,Coarse | With PSU,Sector_Coarse,False,0.18645129279585473,0.2549136216381725,0.06846232884231776,0.33359443199956995,0.14714313920371522,191,18145,692,661
2024-06-28,coarse_all,Coarse | With PSU,Sector_Coarse,False,0.18066480786140626,0.24509695828598257,0.06443215042457631,0.33055556484297877,0.1498907569815725,191,18145,692,661
2024-07-05,coarse_all,Coarse | With PSU,Sector_Coarse,False,0.18310484408871122,0.24682720246752096,0.06372235837880974,0.3323660159538052,0.149261171865094,191,18145,692,661
2024-07-12,coarse_all,Coarse | With PSU,Sector_Coarse,False,0.18229501855812424,0.24761346442629015,0.0653184458681659,0.3277171565653101,0.14542213800718584,191,18145,692,661
2024-07-19,coarse_all,Coarse | With PSU,Sector_Coarse,False,0.1857524561027238,0.2512939312528121,0.06554147515008826,0.33423156689997763,0.14847911079725382,191,18145,692,661
2024-07-26,coarse_all,Coarse | With PSU,Sector_Coarse,False,0.1887773483188954,0.2508141457947286,0.06203679747583321,0.33379285212550786,0.14501550380661246,191,18145,692,661
2024-08-02,coarse_all,Coarse | With PSU,Sector_Coarse,False,0.18959923624787647,0.2511475882359723,0.0615483519880958,0.3344191818048466,0.14481994555697011,191,18145,692,661
2024-08-09,coarse_all,Coarse | With PSU,Sector_Coarse,False,0.19412853045860978,0.2614640977216321,0.06733556726302231,0.34188980212529285,0.14776127166668307,191,18145,692,661
2024-08-16,coarse_all,Coarse | With PSU,Sector_Coarse,False,0.19094973354204087,0.2614670312280085,0.07051729768596765,0.34251188685034684,0.15156215330830597,191,18145,692,661
2024-08-23,coarse_all,Coarse | With PSU,Sector_Coarse,False,0.19201044618890145,0.2666713220667999,0.07466087587789844,0.3421157022193352,0.15010525603043373,191,18145,692,661
2024-08-30,coarse_all,Coarse | With PSU,Sector_Coarse,False,0.19194594617403649,0.2663118981243184,0.0743659519502819,0.34631528589653654,0.15436933972250005,191,18145,692,661
2024-09-06,coarse_all,Coarse | With PSU,Sector_Coarse,False,0.18859682352800866,0.2600593550808906,0.07146253155288196,0.3473362556653384,0.15873943213732972,191,18145,692,661
2024-09-13,coarse_all,Coarse | With PSU,Sector_Coarse,False,0.18928128157370241,0.25979188523740504,0.07051060366370263,0.35257815010011084,0.16329686852640843,191,18145,692,661
2024-09-20,coarse_all,Coarse | With PSU,Sector_Coarse,False,0.18194826673841966,0.2573916060870996,0.07544333934867994,0.3554805706240872,0.17353230388566757,194,18721,698,697
2024-09-27,coarse_all,Coarse | With PSU,Sector_Coarse,False,0.18658571974426644,0.25731263323917414,0.0707269134949077,0.3723397121631817,0.18575399241891524,202,20301,706,822
2024-10-04,coarse_all,Coarse | With PSU,Sector_Coarse,False,0.20613324551830092,0.27640667469881547,0.07027342918051455,0.38814493664867306,0.18201169113037213,188,17578,687,785
2024-10-11,coarse_all,Coarse | With PSU,Sector_Coarse,False,0.20472037468874324,0.27677577497432565,0.07205540028558241,0.38817526666130686,0.18345489197256362,188,17578,687,785
2024-10-18,coarse_all,Coarse | With PSU,Sector_Coarse,False,0.20497070995393374,0.27634878531145507,0.07137807535752133,0.3881743088228581,0.18320359886892434,188,17578,687,785
2024-10-25,coarse_all,Coarse | With PSU,Sector_Coarse,False,0.22918456123972072,0.29104771377890815,0.06186315253918742,0.417042539906965,0.18785797866724427,188,17578,687,785
2024-11-01,coarse_all,Coarse | With PSU,Sector_Coarse,False,0.22764921563533205,0.29513973511269775,0.0674905194773657,0.4192003914849414,0.19155117584960937,188,17578,687,785
2024-11-08,coarse_all,Coarse | With PSU,Sector_Coarse,False,0.22651826113100546,0.2952946713387087,0.06877641020770323,0.41860546162060336,0.1920872004895979,188,17578,687,785
2024-11-15,coarse_all,Coarse | With PSU,Sector_Coarse,False,0.2395706878415067,0.30629862450173034,0.06672793666022364,0.43154484580478497,0.19197415796327827,188,17578,687,785
2024-11-22,coarse_all,Coarse | With PSU,Sector_Coarse,False,0.2355990870938399,0.30069801613665076,0.06509892904281087,0.43170736157678596,0.19610827448294607,188,17578,687,785
2024-11-29,coarse_all,Coarse | With PSU,Sector_Coarse,False,0.2327359988094551,0.29595851198936707,0.06322251317991195,0.43407288694207913,0.20133688813262401,189,17766,690,785
2024-12-06,coarse_all,Coarse | With PSU,Sector_Coarse,False,0.23353654597256598,0.29194877265215713,0.058412226679591145,0.42768635468019,0.19414980870762402,189,17766,690,785
2024-12-13,coarse_all,Coarse | With PSU,Sector_Coarse,False,0.23219290748509389,0.2875182463534098,0.05532533886831589,0.42609800736203846,0.19390509987694457,189,17766,690,785
2024-12-20,coarse_all,Coarse | With PSU,Sector_Coarse,False,0.2528180763467621,0.31050730437636265,0.057689228029600526,0.4509284678803731,0.19811039153361099,189,17766,690,785
2024-12-27,coarse_all,Coarse | With PSU,Sector_Coarse,False,0.24914116896434857,0.3075412608749072,0.058400091910558616,0.44940153899809865,0.20026037003375008,189,17766,690,785
2025-01-03,coarse_all,Coarse | With PSU,Sector_Coarse,False,0.24849840912480686,0.30813571727122263,0.05963730814641577,0.44176559432448115,0.19326718519967429,189,17766,690,785
2025-01-10,coarse_all,Coarse | With PSU,Sector_Coarse,False,0.2656038938765681,0.32794609546756165,0.06234220159099357,0.4583394887830435,0.1927355949064754,189,17766,690,785
2025-01-17,coarse_all,Coarse | With PSU,Sector_Coarse,False,0.26458865224115413,0.3362573066230721,0.071668654381918,0.46045653214338245,0.19586787990222831,189,17766,690,785
2025-01-24,coarse_all,Coarse | With PSU,Sector_Coarse,False,0.2655638657035354,0.3379785935599403,0.0724147278564049,0.4646018734489773,0.1990380077454419,189,17766,690,785
2025-01-31,coarse_all,Coarse | With PSU,Sector_Coarse,False,0.26340056996557676,0.3421649890870363,0.07876441912145954,0.46193779614701236,0.1985372261814356,189,17766,690,785
2025-02-07,coarse_all,Coarse | With PSU,Sector_Coarse,False,0.26563013144019204,0.34543559140067454,0.0798054599604825,0.4721229394020186,0.20649280796182656,189,17766,690,785
2025-02-14,coarse_all,Coarse | With PSU,Sector_Coarse,False,0.2907200937124927,0.360619441389041,0.06989934767654832,0.4927233258830472,0.2020032321705545,189,17766,690,785
2025-02-21,coarse_all,Coarse | With PSU,Sector_Coarse,False,0.28880955855022056,0.36107917448931187,0.07226961593909131,0.49376170438741046,0.2049521458371899,189,17766,690,785
2025-02-28,coarse_all,Coarse | With PSU,Sector_Coarse,False,0.30344900390882656,0.36827625814392756,0.064827254235101,0.50757406619182,0.20412506228299343,189,17766,690,785
2025-03-07,coarse_all,Coarse | With PSU,Sector_Coarse,False,0.31150239958080644,0.37522294212409185,0.06372054254328541,0.5166361728458014,0.205133773264995,189,17766,690,785
2025-03-14,coarse_all,Coarse | With PSU,Sector_Coarse,False,0.3076547105519506,0.36976381644115197,0.06210910588920138,0.5021318673409506,0.19447715678900002,189,17766,690,785
2025-03-21,coarse_all,Coarse | With PSU,Sector_Coarse,False,0.3305650378399687,0.39459987001438124,0.06403483217441253,0.5228779525100626,0.19231291467009393,189,17766,690,785
2025-03-28,coarse_all,Coarse | With PSU,Sector_Coarse,False,0.31105499894336275,0.35524161751522476,0.04418661857186201,0.5030615511959313,0.19200655225256857,188,17578,763,751
2025-04-04,coarse_all,Coarse | With PSU,Sector_Coarse,False,0.31052782365909465,0.35217750420023525,0.0416496805411406,0.5072115573743878,0.19668373371529319,192,18336,766,788
2025-04-11,coarse_all,Coarse | With PSU,Sector_Coarse,False,0.3103634100450821,0.3528007924029082,0.04243738235782607,0.5109361792504383,0.20057276920535622,192,18336,766,788
2025-04-18,coarse_all,Coarse | With PSU,Sector_Coarse,False,0.3198691635617643,0.36451264656551063,0.04464348300374632,0.5174862603011746,0.1976170967394103,192,18336,766,788
2025-04-25,coarse_all,Coarse | With PSU,Sector_Coarse,False,0.315866485158954,0.37036808091117995,0.05450159575222596,0.5105225291583836,0.1946560439994296,192,18336,766,788
2025-05-02,coarse_all,Coarse | With PSU,Sector_Coarse,False,0.31651039061709213,0.3725725086954393,0.056062118078347156,0.5113845494179484,0.1948741588008563,192,18336,766,788
2025-05-09,coarse_all,Coarse | With PSU,Sector_Coarse,False,0.31668476013501523,0.3686804802638304,0.05199572012881515,0.5043257554163804,0.18764099528136513,192,18336,766,788
2025-05-16,coarse_all,Coarse | With PSU,Sector_Coarse,False,0.33398963567816775,0.38953913654633193,0.05554950086816418,0.5213876814289471,0.18739804575077934,192,18336,766,788
2025-05-23,coarse_all,Coarse | With PSU,Sector_Coarse,False,0.32943747235561344,0.3893728203556609,0.05993534800004746,0.5180027801051966,0.1885653077495832,192,18336,766,788
2025-05-30,coarse_all,Coarse | With PSU,Sector_Coarse,False,0.32751102737917065,0.3883261092584705,0.06081508187929985,0.514040250904395,0.18652922352522433,192,18336,766,788
2025-06-06,coarse_all,Coarse | With PSU,Sector_Coarse,False,0.3257873602927258,0.390292768954626,0.06450540866190019,0.5112120702493507,0.18542470995662486,192,18336,766,788
2025-06-13,coarse_all,Coarse | With PSU,Sector_Coarse,False,0.326698895457705,0.3895427544713582,0.06284385901365325,0.5076967726810506,0.18099787722334565,192,18336,766,788
2025-06-20,coarse_all,Coarse | With PSU,Sector_Coarse,False,0.32713976417596274,0.389811806764969,0.06267204258900627,0.5073052084765939,0.18016544430063114,192,18336,766,788
2025-06-27,coarse_all,Coarse | With PSU,Sector_Coarse,False,0.3313078815941324,0.39694588030808375,0.06563799871395137,0.5096906497839852,0.17838276818985277,192,18336,766,788
2025-07-04,coarse_all,Coarse | With PSU,Sector_Coarse,False,0.3289843493119183,0.39595851994950465,0.06697417063758637,0.5091895895428117,0.1802052402308934,192,18336,766,788
2025-07-11,coarse_all,Coarse | With PSU,Sector_Coarse,False,0.3320593434344274,0.39934918519563456,0.06728984176120717,0.5167677392481212,0.18470839581369386,192,18336,766,788
2025-07-18,coarse_all,Coarse | With PSU,Sector_Coarse,False,0.33200131919826525,0.39810577518694445,0.0661044559886792,0.5188380686992462,0.18683674950098095,192,18336,766,788
2025-07-25,coarse_all,Coarse | With PSU,Sector_Coarse,False,0.33234629450074327,0.4020734876785014,0.0697271931777581,0.5249628539651818,0.19261655946443856,192,18336,766,788
2025-08-01,coarse_all,Coarse | With PSU,Sector_Coarse,False,0.33536182989992425,0.40615008830101085,0.0707882584010866,0.530864538145791,0.1955027082458668,192,18336,766,788
2025-08-08,coarse_all,Coarse | With PSU,Sector_Coarse,False,0.3358837723635578,0.403229666446303,0.06734589408274516,0.5317126434958956,0.19582887113233782,192,18336,766,788
2025-08-15,coarse_all,Coarse | With PSU,Sector_Coarse,False,0.3376353476195185,0.4046928159837203,0.06705746836420179,0.5335742299371155,0.19593888231759693,192,18336,766,788
2025-08-22,coarse_all,Coarse | With PSU,Sector_Coarse,False,0.3370544015489556,0.4028199242369486,0.06576552268799302,0.5347014987000942,0.1976470971511386,192,18336,766,788
2025-08-29,coarse_all,Coarse | With PSU,Sector_Coarse,False,0.34062747423253703,0.4096717921144155,0.06904431788187848,0.5407889900070713,0.20016151577453423,192,18336,766,788
2025-09-05,coarse_all,Coarse | With PSU,Sector_Coarse,False,0.34489002816216535,0.417146402728548,0.07225637456638268,0.5435977823348969,0.1987077541727315,192,18336,766,788
2025-09-12,coarse_all,Coarse | With PSU,Sector_Coarse,False,0.3465875022056398,0.42160739076146203,0.07501988855582226,0.5482841883174098,0.20169668611177,192,18336,766,788
2025-09-19,coarse_all,Coarse | With PSU,Sector_Coarse,False,0.3445240849301436,0.42310086774950584,0.07857678281936226,0.535673096691807,0.19114901176166338,194,18721,772,823
2025-09-26,coarse_all,Coarse | With PSU,Sector_Coarse,False,0.35013963325348624,0.4304319816435323,0.08029234839004606,0.53939376500813,0.18925413175464373,203,20503,788,827
2025-10-03,coarse_all,Coarse | With PSU,Sector_Coarse,False,0.3631371085829711,0.4590816215663201,0.095944512983349,0.5682421340721094,0.20510502548913834,195,18915,739,711
2025-10-10,coarse_all,Coarse | With PSU,Sector_Coarse,False,0.36479838174979906,0.4587395199068699,0.09394113815707084,0.5704304911456185,0.20563210939581944,195,18915,739,711
2025-10-17,coarse_all,Coarse | With PSU,Sector_Coarse,False,0.36123189784152876,0.45515347959265673,0.09392158175112797,0.5657153897059204,0.20448349186439163,195,18915,739,711
2025-10-24,coarse_all,Coarse | With PSU,Sector_Coarse,False,0.3476053203144913,0.44465561659424113,0.09705029627974981,0.545212552052339,0.19760723173784767,195,18915,739,711
2025-10-31,coarse_all,Coarse | With PSU,Sector_Coarse,False,0.3475512280652751,0.443321723198093,0.09577049513281788,0.5411184800747741,0.19356725200949904,195,18915,739,711
2025-11-07,coarse_all,Coarse | With PSU,Sector_Coarse,False,0.3485079542344188,0.44349806140446363,0.0949901071700448,0.5418757146157572,0.1933677603813384,195,18915,739,711
2025-11-14,coarse_all,Coarse | With PSU,Sector_Coarse,False,0.33869357177674236,0.43238837526276025,0.09369480348601789,0.5331863231784547,0.19449275140171235,195,18915,739,711
2025-11-21,coarse_all,Coarse | With PSU,Sector_Coarse,False,0.34528236204625234,0.43932838235943833,0.09404602031318599,0.5355197981828422,0.1902374361365899,195,18915,739,711
2025-11-28,coarse_all,Coarse | With PSU,Sector_Coarse,False,0.34512820592010196,0.4461605693244586,0.10103236340435662,0.5312512097112226,0.18612300379112068,195,18915,739,711
2025-12-05,coarse_all,Coarse | With PSU,Sector_Coarse,False,0.3420501003142774,0.44493676302676477,0.10288666271248736,0.5257664747954589,0.1837163744811815,195,18915,739,711
2025-12-12,coarse_all,Coarse | With PSU,Sector_Coarse,False,0.3425330302915535,0.4463569272290283,0.10382389693747479,0.5261702845027146,0.18363725421116112,195,18915,739,711
2025-12-19,coarse_all,Coarse | With PSU,Sector_Coarse,False,0.3290857574946463,0.42126805832501585,0.09218230083036955,0.5088652149969081,0.17977945750226176,195,18915,739,711
2025-12-26,coarse_all,Coarse | With PSU,Sector_Coarse,False,0.32781689717838713,0.41877748866796366,0.09096059148957653,0.5040053602930021,0.176188463114615,195,18915,739,711
2016-01-01,coarse_ex_psu,Coarse | Ex PSU,Sector_Coarse,True,0.2487787227960528,0.2930281817576759,0.044249458961623134,0.2846467006873504,0.03586797789129759,135,9045,173,46
2016-01-08,coarse_ex_psu,Coarse | Ex PSU,Sector_Coarse,True,0.25865629521603445,0.30373566282906056,0.04507936761302611,0.2861504260856396,0.02749413086960517,135,9045,173,46
2016-01-15,coarse_ex_psu,Coarse | Ex PSU,Sector_Coarse,True,0.27807815118642815,0.3207621622117095,0.042684011025281354,0.32041660106024106,0.04233844987381291,135,9045,173,46
2016-01-22,coarse_ex_psu,Coarse | Ex PSU,Sector_Coarse,True,0.27689900304621456,0.3246324770583534,0.04773347401213884,0.3135617367976998,0.03666273375148521,135,9045,173,46
2016-01-29,coarse_ex_psu,Coarse | Ex PSU,Sector_Coarse,True,0.2802787319793794,0.3289818059980057,0.04870307401862628,0.31529229596279956,0.03501356398342015,135,9045,173,46
2016-02-05,coarse_ex_psu,Coarse | Ex PSU,Sector_Coarse,True,0.2757465482049104,0.3169453951048548,0.04119884689994441,0.3134543553647471,0.03770780715983668,135,9045,173,46
2016-02-12,coarse_ex_psu,Coarse | Ex PSU,Sector_Coarse,True,0.3012820733092636,0.349435424788456,0.04815335147919242,0.3515795366873912,0.05029746337812763,135,9045,173,46
2016-02-19,coarse_ex_psu,Coarse | Ex PSU,Sector_Coarse,True,0.30598250230788643,0.3549130749187685,0.04893057261088207,0.3460881728609902,0.04010567055310377,135,9045,173,46
2016-02-26,coarse_ex_psu,Coarse | Ex PSU,Sector_Coarse,True,0.31014232107351514,0.3596381027849193,0.049495781711404174,0.3514183476385438,0.041276026565028656,135,9045,173,46
2016-03-04,coarse_ex_psu,Coarse | Ex PSU,Sector_Coarse,True,0.3358186725319514,0.39383232141307767,0.058013648881126256,0.39096866438753664,0.05514999185558522,135,9045,173,46
2016-03-11,coarse_ex_psu,Coarse | Ex PSU,Sector_Coarse,True,0.3366044840613647,0.39371208732281343,0.05710760326144876,0.4035081607299365,0.06690367666857183,135,9045,173,46
2016-03-18,coarse_ex_psu,Coarse | Ex PSU,Sector_Coarse,True,0.3353505579537369,0.3937438758639722,0.058393317910235276,0.40457157811307815,0.06922102015934123,135,9045,173,46
2016-03-25,coarse_ex_psu,Coarse | Ex PSU,Sector_Coarse,True,0.3364202014492907,0.3943755763256856,0.057955374876394905,0.4090772140447978,0.07265701259550711,135,9045,173,46
2016-04-01,coarse_ex_psu,Coarse | Ex PSU,Sector_Coarse,True,0.33144142971644147,0.38921741241310504,0.057775982696663564,0.4034478513621696,0.07200642164572812,135,9045,173,46
2016-04-08,coarse_ex_psu,Coarse | Ex PSU,Sector_Coarse,True,0.32512087959974617,0.37948550791063207,0.0543646283108859,0.3938775959201983,0.0687567163204521,135,9045,173,46
2016-04-15,coarse_ex_psu,Coarse | Ex PSU,Sector_Coarse,True,0.3303628861440106,0.387983600005433,0.05762071386142242,0.4202774935533032,0.08991460740929258,135,9045,173,46
2016-04-22,coarse_ex_psu,Coarse | Ex PSU,Sector_Coarse,True,0.32106501008978244,0.38139712959729494,0.060332119507512494,0.41781190982963073,0.09674689973984829,135,9045,173,46
2016-04-29,coarse_ex_psu,Coarse | Ex PSU,Sector_Coarse,True,0.310482071261097,0.36638958464829285,0.05590751338719585,0.3983854698793819,0.08790339861828489,125,7720,170,52
2016-05-06,coarse_ex_psu,Coarse | Ex PSU,Sector_Coarse,True,0.31227212559590134,0.37441109473895784,0.0621389691430565,0.3998162897063067,0.08754416411040539,125,7720,170,52
2016-05-13,coarse_ex_psu,Coarse | Ex PSU,Sector_Coarse,True,0.3098710667544402,0.3715822536868877,0.06171118693244748,0.39883872631788847,0.08896765956344826,125,7720,170,52
2016-05-20,coarse_ex_psu,Coarse | Ex PSU,Sector_Coarse,True,0.31136409204271626,0.37146978807555264,0.060105696032836387,0.40545311266474626,0.09408902062203,125,7720,170,52
2016-05-27,coarse_ex_psu,Coarse | Ex PSU,Sector_Coarse,True,0.3156883395825224,0.3776972234814082,0.062008883898885814,0.41513978193379886,0.09945144235127645,125,7735,171,52
2016-06-03,coarse_ex_psu,Coarse | Ex PSU,Sector_Coarse,True,0.3047777011503206,0.36780729560766745,0.06302959445734685,0.40398499485576106,0.09920729370544046,125,7735,171,52
2016-06-10,coarse_ex_psu,Coarse | Ex PSU,Sector_Coarse,True,0.2996707178670771,0.3650959567993077,0.06542523893223057,0.399903056294487,0.10023233842740992,125,7735,171,52
2016-06-17,coarse_ex_psu,Coarse | Ex PSU,Sector_Coarse,True,0.29315948128007246,0.3540482296561296,0.06088874837605712,0.39599566621776844,0.10283618493769597,125,7735,171,52
2016-06-24,coarse_ex_psu,Coarse | Ex PSU,Sector_Coarse,True,0.29240953814195125,0.35184266694741634,0.059433128805465085,0.3972246650279043,0.10481512688595307,125,7735,171,52
2016-07-01,coarse_ex_psu,Coarse | Ex PSU,Sector_Coarse,True,0.30465278154243003,0.3659377642588572,0.06128498271642718,0.4033412359146923,0.09868845437226226,125,7735,171,52
2016-07-08,coarse_ex_psu,Coarse | Ex PSU,Sector_Coarse,True,0.30544668806342784,0.36803978811431687,0.06259310005088903,0.4086737463670921,0.10322705830366424,125,7735,171,52
2016-07-15,coarse_ex_psu,Coarse | Ex PSU,Sector_Coarse,True,0.29724137645240994,0.3627497831011545,0.06550840664874458,0.4076132213164503,0.11037184486404034,125,7735,171,52
2016-07-22,coarse_ex_psu,Coarse | Ex PSU,Sector_Coarse,True,0.2972539863232664,0.3616420826181794,0.06438809629491299,0.4102830514493391,0.11302906512607269,125,7735,171,52
2016-07-29,coarse_ex_psu,Coarse | Ex PSU,Sector_Coarse,True,0.29853797970251206,0.36878772881497124,0.07024974911245918,0.4038096311983796,0.10527165149586754,125,7735,171,52
2016-08-05,coarse_ex_psu,Coarse | Ex PSU,Sector_Coarse,True,0.29707081558871495,0.36947294569707206,0.07240213010835711,0.4028050318635319,0.10573421627481694,125,7735,171,52
2016-08-12,coarse_ex_psu,Coarse | Ex PSU,Sector_Coarse,True,0.2955218790238048,0.36473196074900327,0.06921008172519849,0.396827275106852,0.10130539608304723,125,7735,171,52
2016-08-19,coarse_ex_psu,Coarse | Ex PSU,Sector_Coarse,True,0.2943764052606217,0.36296968497265647,0.06859327971203477,0.38837877600912807,0.09400237074850637,125,7735,171,52
2016-08-26,coarse_ex_psu,Coarse | Ex PSU,Sector_Coarse,True,0.2801800333105627,0.3501273195190643,0.0699472862085016,0.3733581998955104,0.09317816658494771,125,7735,171,52
2016-09-02,coarse_ex_psu,Coarse | Ex PSU,Sector_Coarse,True,0.27043043910110043,0.3479970817186094,0.07756664261750895,0.3491182119711196,0.07868777287001916,125,7735,171,52
2016-09-09,coarse_ex_psu,Coarse | Ex PSU,Sector_Coarse,True,0.271836074423994,0.34628162500837484,0.07444555058438085,0.34538792418051345,0.07355184975651946,125,7735,171,52
2016-09-16,coarse_ex_psu,Coarse | Ex PSU,Sector_Coarse,True,0.27418743030342674,0.35147857457512205,0.07729114427169531,0.35517193194318825,0.08098450163976151,125,7735,171,52
2016-09-23,coarse_ex_psu,Coarse | Ex PSU,Sector_Coarse,True,0.2745564834101819,0.3498333502870219,0.07527686687683999,0.356199374855156,0.08164289144497411,125,7735,171,52
2016-09-30,coarse_ex_psu,Coarse | Ex PSU,Sector_Coarse,True,0.27934760773798256,0.35334485747687355,0.07399724973889099,0.3628709671822138,0.08352335944423123,125,7732,171,52
2016-10-07,coarse_ex_psu,Coarse | Ex PSU,Sector_Coarse,True,0.28179104241567327,0.3551359541065197,0.07334491169084645,0.3296898421834596,0.047898799767786326,125,7732,171,52
2016-10-14,coarse_ex_psu,Coarse | Ex PSU,Sector_Coarse,True,0.28421536319549456,0.3587300792418226,0.07451471604632803,0.3322080985464727,0.047992735350978144,125,7732,171,52
2016-10-21,coarse_ex_psu,Coarse | Ex PSU,Sector_Coarse,True,0.26430902828263325,0.3524554801822034,0.08814645189957016,0.32918536295344164,0.06487633467080839,131,8506,180,54
2016-10-28,coarse_ex_psu,Coarse | Ex PSU,Sector_Coarse,True,0.24591464745145633,0.34935988668911744,0.10344523923766111,0.30908505384258295,0.06317040639112662,143,10132,194,72
2016-11-04,coarse_ex_psu,Coarse | Ex PSU,Sector_Coarse,True,0.25696020441851725,0.35752119217710193,0.10056098775858469,0.3266512444268487,0.06969104000833143,143,10132,194,72
2016-11-11,coarse_ex_psu,Coarse | Ex PSU,Sector_Coarse,True,0.26154027956796255,0.3744589733774588,0.11291869380949626,0.35292344170102663,0.09138316213306408,143,10132,194,72
2016-11-18,coarse_ex_psu,Coarse | Ex PSU,Sector_Coarse,True,0.2708550942460626,0.3831675256242331,0.11231243137817054,0.37946733265222243,0.10861223840615986,143,10132,194,72
2016-11-25,coarse_ex_psu,Coarse | Ex PSU,Sector_Coarse,True,0.26757930028517873,0.3878137801484253,0.12023447986324659,0.36892133964721047,0.10134203936203173,143,10132,194,72
2016-12-02,coarse_ex_psu,Coarse | Ex PSU,Sector_Coarse,True,0.2654062374330696,0.3854553255012596,0.12004908806818998,0.36126099264445766,0.09585475521138803,143,10132,194,72
2016-12-09,coarse_ex_psu,Coarse | Ex PSU,Sector_Coarse,True,0.2639155019037011,0.3834790857289905,0.11956358382528937,0.3759851487986867,0.11206964689498561,143,10132,194,72
2016-12-16,coarse_ex_psu,Coarse | Ex PSU,Sector_Coarse,True,0.2600787405404004,0.3849974014898296,0.12491866094942916,0.3708521080340373,0.11077336749363687,143,10132,194,72
2016-12-23,coarse_ex_psu,Coarse | Ex PSU,Sector_Coarse,True,0.2655584762352502,0.38887145613055407,0.12331297989530388,0.3751983925131339,0.10963991627788372,143,10132,194,72
2016-12-30,coarse_ex_psu,Coarse | Ex PSU,Sector_Coarse,True,0.265975699087269,0.39209316290444757,0.1261174638171786,0.3772610194347782,0.11128532034750921,142,9990,194,72
2017-01-06,coarse_ex_psu,Coarse | Ex PSU,Sector_Coarse,True,0.2629934632630756,0.3894871924557956,0.12649372919272,0.37365224288209187,0.11065877961901627,142,9990,194,72
2017-01-13,coarse_ex_psu,Coarse | Ex PSU,Sector_Coarse,True,0.24906933800109243,0.3750736164402599,0.12600427843916745,0.35802602960248747,0.10895669160139504,142,9990,194,72
2017-01-20,coarse_ex_psu,Coarse | Ex PSU,Sector_Coarse,True,0.2490965445566027,0.3775486755956818,0.12845213103907907,0.3618765189429922,0.11277997438638951,142,9990,194,72
2017-01-27,coarse_ex_psu,Coarse | Ex PSU,Sector_Coarse,True,0.2521122407337422,0.38472730369478164,0.13261506296103942,0.37389240192094736,0.12178016118720514,142,9990,194,72
2017-02-03,coarse_ex_psu,Coarse | Ex PSU,Sector_Coarse,True,0.2524028474534071,0.38714264485481903,0.13473979740141195,0.36859654625512167,0.1161936988017146,142,9990,194,72
2017-02-10,coarse_ex_psu,Coarse | Ex PSU,Sector_Coarse,True,0.2224022599953578,0.35779195674208697,0.13538969674672918,0.33410559236607396,0.11170333237071617,142,9990,194,72
2017-02-17,coarse_ex_psu,Coarse | Ex PSU,Sector_Coarse,True,0.21876759489841452,0.35284845177800445,0.13408085687958993,0.33333138854221095,0.11456379364379643,142,9990,194,72
2017-02-24,coarse_ex_psu,Coarse | Ex PSU,Sector_Coarse,True,0.2110065931790275,0.34304214889785245,0.13203555571882494,0.32634959971451094,0.11534300653548343,142,9990,194,72
2017-03-03,coarse_ex_psu,Coarse | Ex PSU,Sector_Coarse,True,0.18674835740955478,0.322739803133586,0.13599144572403124,0.306201462594758,0.11945310518520322,142,9990,194,72
2017-03-10,coarse_ex_psu,Coarse | Ex PSU,Sector_Coarse,True,0.18640245056689433,0.3216404118012542,0.13523796123435985,0.30752797050149894,0.1211255199346046,142,9990,194,72
2017-03-17,coarse_ex_psu,Coarse | Ex PSU,Sector_Coarse,True,0.19681643027429022,0.32884383231478526,0.13202740204049504,0.31173510191426534,0.11491867163997513,142,9990,194,72
2017-03-24,coarse_ex_psu,Coarse | Ex PSU,Sector_Coarse,True,0.19508859772745457,0.3272965290822875,0.13220793135483294,0.31262110364222445,0.11753250591476988,142,10011,194,72
2017-03-31,coarse_ex_psu,Coarse | Ex PSU,Sector_Coarse,True,0.2003080525524601,0.33357176124010685,0.13326370868764675,0.3211359748444546,0.12082792229199452,142,10011,198,66
2017-04-07,coarse_ex_psu,Coarse | Ex PSU,Sector_Coarse,True,0.2001101843329606,0.33488332808108545,0.13477314374812485,0.31880168810410436,0.11869150377114376,142,10011,198,66
2017-04-14,coarse_ex_psu,Coarse | Ex PSU,Sector_Coarse,True,0.19178718336571998,0.32485170414680936,0.13306452078108938,0.30303327657103235,0.11124609320531237,142,10011,198,66
2017-04-21,coarse_ex_psu,Coarse | Ex PSU,Sector_Coarse,True,0.19089044752242934,0.32538722733990516,0.13449677981747582,0.30334068549432974,0.1124502379719004,142,10011,198,66
2017-04-28,coarse_ex_psu,Coarse | Ex PSU,Sector_Coarse,True,0.19592329576551537,0.334616639136225,0.13869334337070965,0.31163120482519585,0.11570790905968048,142,10011,198,66
2017-05-05,coarse_ex_psu,Coarse | Ex PSU,Sector_Coarse,True,0.1936485124069217,0.3333921853783854,0.13974367297146367,0.30942335409042504,0.11577484168350333,142,10011,198,66
2017-05-12,coarse_ex_psu,Coarse | Ex PSU,Sector_Coarse,True,0.1932047818319292,0.33384012513391165,0.14063534330198244,0.3130600416703857,0.11985525983845649,142,10011,198,66
2017-05-19,coarse_ex_psu,Coarse | Ex PSU,Sector_Coarse,True,0.19211050595358348,0.33227776209786625,0.14016725614428277,0.3075722457296625,0.11546173977607904,142,10011,198,66
2017-05-26,coarse_ex_psu,Coarse | Ex PSU,Sector_Coarse,True,0.18512635341336295,0.3138250490668761,0.12869869565351313,0.29816448931614953,0.11303813590278658,141,9870,194,63
2017-06-02,coarse_ex_psu,Coarse | Ex PSU,Sector_Coarse,True,0.18581628267604364,0.3104589252699893,0.12464264259394567,0.30132020071144283,0.1155039180353992,141,9870,194,63
2017-06-09,coarse_ex_psu,Coarse | Ex PSU,Sector_Coarse,True,0.18581337787804666,0.3078241469775356,0.12201076909948891,0.29435817271650744,0.10854479483846077,141,9870,194,63
2017-06-16,coarse_ex_psu,Coarse | Ex PSU,Sector_Coarse,True,0.18607220237192845,0.31006208139055685,0.1239898790186284,0.3007767429536198,0.11470454058169133,141,9870,194,63
2017-06-23,coarse_ex_psu,Coarse | Ex PSU,Sector_Coarse,True,0.18764948378103238,0.3102180451870792,0.1225685614060468,0.29849343901608044,0.11084395523504806,141,9870,194,63
2017-06-30,coarse_ex_psu,Coarse | Ex PSU,Sector_Coarse,True,0.17305228379448137,0.29688623280093124,0.12383394900644987,0.2919867311308514,0.11893444733637001,142,10011,196,63
2017-07-07,coarse_ex_psu,Coarse | Ex PSU,Sector_Coarse,True,0.17396584554548147,0.2960448485399183,0.12207900299443683,0.2872489623930845,0.11328311684760303,142,10011,196,63
2017-07-14,coarse_ex_psu,Coarse | Ex PSU,Sector_Coarse,True,0.17507628029138997,0.2971869859735888,0.12211070568219881,0.2885469063636212,0.11347062607223121,142,10011,196,63
2017-07-21,coarse_ex_psu,Coarse | Ex PSU,Sector_Coarse,True,0.17385855419681367,0.29442230305732675,0.12056374886051308,0.28650196478607876,0.11264341058926508,142,10011,196,63
2017-07-28,coarse_ex_psu,Coarse | Ex PSU,Sector_Coarse,True,0.17304653374062282,0.29297881638831175,0.11993228264768893,0.2891088087573456,0.11606227501672281,142,10011,196,63
2017-08-04,coarse_ex_psu,Coarse | Ex PSU,Sector_Coarse,True,0.17257392367506866,0.2890784835151737,0.11650455984010502,0.28478782109925815,0.1122138974241895,142,10011,196,63
2017-08-11,coarse_ex_psu,Coarse | Ex PSU,Sector_Coarse,True,0.20102230923543296,0.30622144606118573,0.10519913682575277,0.3039452635633694,0.10292295432793647,142,10011,196,63
2017-08-18,coarse_ex_psu,Coarse | Ex PSU,Sector_Coarse,True,0.2068194443480279,0.30870313581849546,0.10188369147046755,0.31304811597157356,0.10622867162354566,142,10011,196,63
2017-08-25,coarse_ex_psu,Coarse | Ex PSU,Sector_Coarse,True,0.2076796279002753,0.31015270010400636,0.10247307220373106,0.3137326186289457,0.10605299072867039,142,10011,196,63
2017-09-01,coarse_ex_psu,Coarse | Ex PSU,Sector_Coarse,True,0.21127881065552476,0.30649252844390273,0.09521371778837798,0.3196355428074038,0.10835673215187905,142,10011,196,63
2017-09-08,coarse_ex_psu,Coarse | Ex PSU,Sector_Coarse,True,0.20996594421702017,0.3054555259050724,0.09548958168805224,0.3185569041124364,0.10859095989541626,142,10011,196,63
2017-09-15,coarse_ex_psu,Coarse | Ex PSU,Sector_Coarse,True,0.21014098493917788,0.29848296717378303,0.08834198223460515,0.3161465238520425,0.10600553891286463,142,10011,196,63
2017-09-22,coarse_ex_psu,Coarse | Ex PSU,Sector_Coarse,True,0.21245271518685865,0.3017269961857221,0.08927428099886342,0.3180930012861807,0.10564028609932202,143,10153,200,63
2017-09-29,coarse_ex_psu,Coarse | Ex PSU,Sector_Coarse,True,0.2094032731641466,0.29215202049135724,0.08274874732721063,0.29595452934163174,0.08655125617748513,146,10577,211,62
2017-10-06,coarse_ex_psu,Coarse | Ex PSU,Sector_Coarse,True,0.20922994140024745,0.2949226103795637,0.08569266897931624,0.2988615142185126,0.08963157281826514,146,10577,211,62
2017-10-13,coarse_ex_psu,Coarse | Ex PSU,Sector_Coarse,True,0.20868907513599275,0.2933165854459996,0.08462751031000684,0.2987249495555483,0.09003587441955554,146,10577,211,62
2017-10-20,coarse_ex_psu,Coarse | Ex PSU,Sector_Coarse,True,0.20869779751630713,0.29499255977838457,0.08629476226207744,0.29686238491781297,0.08816458740150585,146,10577,211,62
2017-10-27,coarse_ex_psu,Coarse | Ex PSU,Sector_Coarse,True,0.20450177642058212,0.2936636274051305,0.0891618509845484,0.28187565763233896,0.07737388121175684,146,10577,211,62
2017-11-03,coarse_ex_psu,Coarse | Ex PSU,Sector_Coarse,True,0.1919740675453402,0.283815611013504,0.09184154346816381,0.270049524594683,0.07807545704934282,146,10577,211,62
2017-11-10,coarse_ex_psu,Coarse | Ex PSU,Sector_Coarse,True,0.18271807813233107,0.2685197246832631,0.085801646550932,0.2477978476309282,0.06507976949859712,146,10577,211,62
2017-11-17,coarse_ex_psu,Coarse | Ex PSU,Sector_Coarse,True,0.16733067775492214,0.2462218119113094,0.07889113415638727,0.21869879823824465,0.05136812048332251,146,10577,211,62
2017-11-24,coarse_ex_psu,Coarse | Ex PSU,Sector_Coarse,True,0.1699069032863091,0.24643030113353095,0.07652339784722184,0.21962397600117384,0.049717072714864724,148,10868,215,62
2017-12-01,coarse_ex_psu,Coarse | Ex PSU,Sector_Coarse,True,0.17349338059992803,0.25409192207778597,0.08059854147785794,0.23581001464432536,0.06231663404439733,148,10868,215,62
2017-12-08,coarse_ex_psu,Coarse | Ex PSU,Sector_Coarse,True,0.17029678230478051,0.2493601254287289,0.07906334312394839,0.22504003140959736,0.054743249104816843,148,10868,215,62
2017-12-15,coarse_ex_psu,Coarse | Ex PSU,Sector_Coarse,True,0.1665539567547058,0.2425616440590147,0.0760076873043089,0.22633972824006338,0.059785771485357575,148,10868,215,62
2017-12-22,coarse_ex_psu,Coarse | Ex PSU,Sector_Coarse,True,0.1626671472862884,0.2347063100061876,0.07203916271989921,0.2207242397070866,0.058057092420798206,148,10868,215,62
2017-12-29,coarse_ex_psu,Coarse | Ex PSU,Sector_Coarse,True,0.15821969925075036,0.2281600951840331,0.06994039593328275,0.21494504998098396,0.056725350730233604,148,10869,215,62
2018-01-05,coarse_ex_psu,Coarse | Ex PSU,Sector_Coarse,True,0.15603496017175633,0.2227482090818939,0.06671324891013758,0.21689492064011526,0.060859960468358926,148,10869,215,62
2018-01-12,coarse_ex_psu,Coarse | Ex PSU,Sector_Coarse,True,0.15385484148073042,0.21959105529471226,0.06573621381398184,0.21331859896822153,0.05946375748749111,148,10869,215,62
2018-01-19,coarse_ex_psu,Coarse | Ex PSU,Sector_Coarse,True,0.15506913475336723,0.22352853041422838,0.06845939566086115,0.21614206139014314,0.06107292663677591,148,10869,215,62
2018-01-26,coarse_ex_psu,Coarse | Ex PSU,Sector_Coarse,True,0.1492411670605811,0.21420424944818964,0.06496308238760853,0.19780438470003306,0.048563217639451955,148,10869,215,62
2018-02-02,coarse_ex_psu,Coarse | Ex PSU,Sector_Coarse,True,0.1778104733736991,0.2324839718279417,0.0546734984542426,0.22549169418371576,0.04768122081001666,148,10869,215,62
2018-02-09,coarse_ex_psu,Coarse | Ex PSU,Sector_Coarse,True,0.1753554116837321,0.23021074601921718,0.05485533433548509,0.22169151453726127,0.04633610285352918,148,10869,215,62
2018-02-16,coarse_ex_psu,Coarse | Ex PSU,Sector_Coarse,True,0.17645147430782973,0.23148783857195238,0.055036364264122645,0.22782979701200712,0.05137832270417739,148,10869,215,62
2018-02-23,coarse_ex_psu,Coarse | Ex PSU,Sector_Coarse,True,0.1762355162534915,0.23550760580800667,0.059272089554515184,0.22503033677956114,0.04879482052606965,148,10869,215,62
2018-03-02,coarse_ex_psu,Coarse | Ex PSU,Sector_Coarse,True,0.17598171202229043,0.23559840463857054,0.05961669261628011,0.225791775143839,0.049810063121548565,148,10869,215,62
2018-03-09,coarse_ex_psu,Coarse | Ex PSU,Sector_Coarse,True,0.18751449179253088,0.24818958353739148,0.060675091744860604,0.23735259314054935,0.04983810134801847,148,10869,215,62
2018-03-16,coarse_ex_psu,Coarse | Ex PSU,Sector_Coarse,True,0.17573944020794002,0.22733662281807787,0.05159718261013785,0.22831458499533996,0.05257514478739994,148,10869,215,62
2018-03-23,coarse_ex_psu,Coarse | Ex PSU,Sector_Coarse,True,0.17923095421045498,0.22501030595963611,0.04577935174918113,0.23120158095339466,0.051970626742939674,149,11026,223,62
2018-03-30,coarse_ex_psu,Coarse | Ex PSU,Sector_Coarse,True,0.18302707453446854,0.232020467607492,0.04899339307302347,0.23263813531763047,0.04961106078316194,152,11476,227,62
2018-04-06,coarse_ex_psu,Coarse | Ex PSU,Sector_Coarse,True,0.19545135671238373,0.24756072640363408,0.05210936969125035,0.24669839683348116,0.05124704012109743,152,11476,227,62
2018-04-13,coarse_ex_psu,Coarse | Ex PSU,Sector_Coarse,True,0.1956538743447193,0.24394950136129234,0.048295627016573056,0.24210881917980528,0.046454944835086,152,11476,227,62
2018-04-20,coarse_ex_psu,Coarse | Ex PSU,Sector_Coarse,True,0.19690999470788262,0.2409011807431728,0.043991186035290175,0.24161462881311346,0.044704634105230845,152,11476,227,62
2018-04-27,coarse_ex_psu,Coarse | Ex PSU,Sector_Coarse,True,0.19496694883705992,0.24404996146226057,0.04908301262520065,0.24660306105086052,0.0516361122138006,152,11476,227,62
2018-05-04,coarse_ex_psu,Coarse | Ex PSU,Sector_Coarse,True,0.2011903745666234,0.24855594177565207,0.04736556720902868,0.2472229071632566,0.0460325325966332,152,11476,227,62
2018-05-11,coarse_ex_psu,Coarse | Ex PSU,Sector_Coarse,True,0.19972866449587307,0.24452446277842246,0.0447957982825494,0.24036273360348198,0.04063406910760892,152,11476,227,62
2018-05-18,coarse_ex_psu,Coarse | Ex PSU,Sector_Coarse,True,0.20089780108256383,0.2341876714687407,0.03328987038617687,0.25355058003784336,0.05265277895527953,152,11476,227,62
2018-05-25,coarse_ex_psu,Coarse | Ex PSU,Sector_Coarse,True,0.20319996750180275,0.23815043519097337,0.03495046768917062,0.25850865462415884,0.05530868712235609,152,11476,227,62
2018-06-01,coarse_ex_psu,Coarse | Ex PSU,Sector_Coarse,True,0.19918569454490878,0.23738354639350284,0.03819785184859406,0.2669788792117029,0.0677931846667941,152,11476,227,62
2018-06-08,coarse_ex_psu,Coarse | Ex PSU,Sector_Coarse,True,0.2001587637032447,0.2434936274161736,0.04333486371292891,0.2674008968571997,0.067242133153955,152,11476,227,62
2018-06-15,coarse_ex_psu,Coarse | Ex PSU,Sector_Coarse,True,0.19878908305200235,0.24288290955931172,0.044093826507309364,0.26137381082062155,0.0625847277686192,152,11476,227,62
2018-06-22,coarse_ex_psu,Coarse | Ex PSU,Sector_Coarse,True,0.19782015184169865,0.2417743024174952,0.04395415057579655,0.2622473550025985,0.06442720316089984,152,11476,227,62
2018-06-29,coarse_ex_psu,Coarse | Ex PSU,Sector_Coarse,True,0.20071849262811317,0.2491241604184378,0.048405667790324625,0.24208541836521394,0.04136692573710077,138,9453,203,49
2018-07-06,coarse_ex_psu,Coarse | Ex PSU,Sector_Coarse,True,0.19739665357357533,0.2484997404153817,0.05110308684180637,0.24422044436321538,0.04682379078964005,138,9453,203,49
2018-07-13,coarse_ex_psu,Coarse | Ex PSU,Sector_Coarse,True,0.19435437991294346,0.2481786261325093,0.05382424621956583,0.23878099296614913,0.044426613053205666,138,9453,203,49
2018-07-20,coarse_ex_psu,Coarse | Ex PSU,Sector_Coarse,True,0.19407645136340806,0.24664003371550433,0.052563582352096266,0.22946198982930002,0.03538553846589196,138,9453,203,49
2018-07-27,coarse_ex_psu,Coarse | Ex PSU,Sector_Coarse,True,0.20436171680516851,0.2554309544101506,0.05106923760498211,0.23785549127563343,0.03349377447046492,138,9453,203,49
2018-08-03,coarse_ex_psu,Coarse | Ex PSU,Sector_Coarse,True,0.20590488931867867,0.25853863596668014,0.05263374664800147,0.2345629920000887,0.02865810268141003,138,9453,203,49
2018-08-10,coarse_ex_psu,Coarse | Ex PSU,Sector_Coarse,True,0.18334120775040658,0.23998304373914528,0.056641835988738704,0.21592402488194143,0.03258281713153485,138,9453,203,49
2018-08-17,coarse_ex_psu,Coarse | Ex PSU,Sector_Coarse,True,0.17646981350424715,0.2348816892893768,0.05841187578512966,0.2078514820306946,0.03138166852644744,138,9453,203,49
2018-08-24,coarse_ex_psu,Coarse | Ex PSU,Sector_Coarse,True,0.17495551788616984,0.23173667834618875,0.05678116046001891,0.20687200685368135,0.03191648896751151,138,9453,203,49
2018-08-31,coarse_ex_psu,Coarse | Ex PSU,Sector_Coarse,True,0.17033145194787264,0.22813753036444467,0.05780607841657204,0.21181469694624017,0.04148324499836753,138,9453,203,49
2018-09-07,coarse_ex_psu,Coarse | Ex PSU,Sector_Coarse,True,0.17197649258990527,0.23158968045135328,0.05961318786144801,0.21272737317525392,0.04075088058534865,138,9453,203,49
2018-09-14,coarse_ex_psu,Coarse | Ex PSU,Sector_Coarse,True,0.17149988267291047,0.2337079521841391,0.06220806951122862,0.21045733118385554,0.03895744851094507,138,9453,203,49
2018-09-21,coarse_ex_psu,Coarse | Ex PSU,Sector_Coarse,True,0.1865894940493667,0.2623833337792427,0.07579383972987602,0.21823519013054615,0.03164569608117945,138,9453,203,49
2018-09-28,coarse_ex_psu,Coarse | Ex PSU,Sector_Coarse,True,0.20139684266150268,0.289775657397719,0.08837881473621631,0.22761204942452753,0.026215206763024856,132,8646,197,49
2018-10-05,coarse_ex_psu,Coarse | Ex PSU,Sector_Coarse,True,0.21956506755162025,0.30873490789838,0.08916984034675973,0.24786103833906148,0.028295970787441227,132,8646,197,49
2018-10-12,coarse_ex_psu,Coarse | Ex PSU,Sector_Coarse,True,0.21393754777354895,0.3122321324378844,0.09829458466433544,0.2323196366756418,0.018382088902092836,132,8646,197,49
2018-10-19,coarse_ex_psu,Coarse | Ex PSU,Sector_Coarse,True,0.21257458581890892,0.31411280828406113,0.1015382224651522,0.2362607068403565,0.02368612102144757,132,8646,197,49
2018-10-26,coarse_ex_psu,Coarse | Ex PSU,Sector_Coarse,True,0.21522390666235974,0.309597649755783,0.09437374309342328,0.2363747204961409,0.021150813833781146,132,8646,197,49
2018-11-02,coarse_ex_psu,Coarse | Ex PSU,Sector_Coarse,True,0.24436075208248267,0.3388621478850486,0.09450139580256592,0.2831569252897776,0.03879617320729492,132,8646,197,49
2018-11-09,coarse_ex_psu,Coarse | Ex PSU,Sector_Coarse,True,0.2459445210793863,0.3408778757856599,0.09493335470627362,0.29578844454582914,0.04984392346644284,132,8646,197,49
2018-11-16,coarse_ex_psu,Coarse | Ex PSU,Sector_Coarse,True,0.24369061069456563,0.3441710310041758,0.10048042030961016,0.28970966680035953,0.046019056105793904,132,8646,197,49
2018-11-23,coarse_ex_psu,Coarse | Ex PSU,Sector_Coarse,True,0.24214968222397557,0.34259741856654946,0.1004477363425739,0.28488334145378663,0.042733659229811066,132,8646,197,49
2018-11-30,coarse_ex_psu,Coarse | Ex PSU,Sector_Coarse,True,0.24397215453705937,0.34440411801483084,0.10043196347777147,0.27776044483757856,0.03378829030051919,132,8646,197,49
2018-12-07,coarse_ex_psu,Coarse | Ex PSU,Sector_Coarse,True,0.24399881796183454,0.3444590853370954,0.10046026737526087,0.27727102568522366,0.033272207723389124,132,8646,197,49
2018-12-14,coarse_ex_psu,Coarse | Ex PSU,Sector_Coarse,True,0.24933660648364767,0.352859567440304,0.10352296095665633,0.28225416703133854,0.03291756054769088,132,8646,197,49
2018-12-21,coarse_ex_psu,Coarse | Ex PSU,Sector_Coarse,True,0.24218807492924252,0.3594969949216641,0.11730891999242157,0.28457341915979917,0.04238534423055665,135,9045,224,54
2018-12-28,coarse_ex_psu,Coarse | Ex PSU,Sector_Coarse,True,0.24526015795994263,0.36425767518155017,0.11899751722160753,0.30686362963879926,0.06160347167885663,144,10296,272,59
2019-01-04,coarse_ex_psu,Coarse | Ex PSU,Sector_Coarse,True,0.24383863173117085,0.36291505797542845,0.1190764262442576,0.30262295792023836,0.05878432618906751,144,10296,272,59
2019-01-11,coarse_ex_psu,Coarse | Ex PSU,Sector_Coarse,True,0.243585492523593,0.36206649221475945,0.11848099969116646,0.2995560651437196,0.055970572620126585,144,10296,272,59
2019-01-18,coarse_ex_psu,Coarse | Ex PSU,Sector_Coarse,True,0.24380564980182812,0.3635983713117969,0.11979272150996878,0.300307174696582,0.05650152489475391,144,10296,272,59
2019-01-25,coarse_ex_psu,Coarse | Ex PSU,Sector_Coarse,True,0.2437626935051381,0.36441731076475214,0.12065461725961404,0.3045315393240012,0.060768845818863076,144,10296,272,59
2019-02-01,coarse_ex_psu,Coarse | Ex PSU,Sector_Coarse,True,0.2293269302472165,0.3566748816460668,0.1273479513988503,0.2865090554421888,0.05718212519497229,144,10296,272,59
2019-02-08,coarse_ex_psu,Coarse | Ex PSU,Sector_Coarse,True,0.22269336445434945,0.34387762324585786,0.1211842587915084,0.2874669306071451,0.06477356615279567,144,10296,272,59
2019-02-15,coarse_ex_psu,Coarse | Ex PSU,Sector_Coarse,True,0.2220681554576998,0.34059957357512083,0.11853141811742102,0.28223190147442867,0.06016374601672886,144,10296,272,59
2019-02-22,coarse_ex_psu,Coarse | Ex PSU,Sector_Coarse,True,0.22455984047622854,0.3437685053904814,0.11920866491425289,0.2842553668881053,0.05969552641187678,144,10296,272,59
2019-03-01,coarse_ex_psu,Coarse | Ex PSU,Sector_Coarse,True,0.2264274517590902,0.34391088256259034,0.11748343080350013,0.28214692845126976,0.055719476692179554,144,10296,272,59
2019-03-08,coarse_ex_psu,Coarse | Ex PSU,Sector_Coarse,True,0.2222100015118526,0.34571662346632903,0.12350662195447643,0.2802937431088515,0.05808374159699892,144,10296,272,59
2019-03-15,coarse_ex_psu,Coarse | Ex PSU,Sector_Coarse,True,0.2254267961625225,0.3485727914511943,0.12314599528867179,0.28463734892852316,0.05921055276600065,144,10296,272,59
2019-03-22,coarse_ex_psu,Coarse | Ex PSU,Sector_Coarse,True,0.2211714344605634,0.347189379844405,0.12601794538384162,0.2813269378716025,0.06015550341103912,144,10296,272,59
2019-03-29,coarse_ex_psu,Coarse | Ex PSU,Sector_Coarse,True,0.22703438887821153,0.35584322205615965,0.1288088331779481,0.2921497235431683,0.06511533466495678,148,10859,292,62
2019-04-05,coarse_ex_psu,Coarse | Ex PSU,Sector_Coarse,True,0.2178477615486985,0.34629244610403237,0.12844468455533387,0.27571375839496454,0.05786599684626603,148,10859,292,62
2019-04-12,coarse_ex_psu,Coarse | Ex PSU,Sector_Coarse,True,0.21679228949763468,0.34583908349580433,0.12904679399816965,0.27264708238615626,0.055854792888521576,148,10859,292,62
2019-04-19,coarse_ex_psu,Coarse | Ex PSU,Sector_Coarse,True,0.21622616158738794,0.3461098672276227,0.12988370564023477,0.2735228672353797,0.057296705647991775,148,10859,292,62
2019-04-26,coarse_ex_psu,Coarse | Ex PSU,Sector_Coarse,True,0.2169759276248884,0.3466830759688754,0.12970714834398697,0.2700443254799661,0.05306839785507769,148,10859,292,62
2019-05-03,coarse_ex_psu,Coarse | Ex PSU,Sector_Coarse,True,0.21553001512467368,0.3449344921365035,0.12940447701182983,0.27122153516023245,0.05569152003555877,148,10859,292,62
2019-05-10,coarse_ex_psu,Coarse | Ex PSU,Sector_Coarse,True,0.2237455170309416,0.35215287839432924,0.12840736136338765,0.27752659247802136,0.053781075447079774,148,10859,292,62
2019-05-17,coarse_ex_psu,Coarse | Ex PSU,Sector_Coarse,True,0.22119231060525568,0.35545775672213903,0.13426544611688335,0.2750052804603728,0.05381296985511713,148,10859,292,62
2019-05-24,coarse_ex_psu,Coarse | Ex PSU,Sector_Coarse,True,0.23142773465737027,0.371703847042186,0.14027611238481574,0.2794822779500957,0.04805454329272546,148,10859,292,62
2019-05-31,coarse_ex_psu,Coarse | Ex PSU,Sector_Coarse,True,0.23110599416014027,0.3722730173721065,0.14116702321196622,0.2768849081389282,0.045778913978787916,148,10859,292,62
2019-06-07,coarse_ex_psu,Coarse | Ex PSU,Sector_Coarse,True,0.23088652481346644,0.37230912442426967,0.14142259961080322,0.27545641836082224,0.0445698935473558,148,10859,292,62
2019-06-14,coarse_ex_psu,Coarse | Ex PSU,Sector_Coarse,True,0.23217056539148864,0.3733942526764442,0.14122368728495557,0.27543417501568573,0.04326360962419709,148,10859,292,62
2019-06-21,coarse_ex_psu,Coarse | Ex PSU,Sector_Coarse,True,0.23148883792828753,0.3721827590098852,0.14069392108159764,0.2755866008858856,0.04409776295759807,148,10863,292,62
2019-06-28,coarse_ex_psu,Coarse | Ex PSU,Sector_Coarse,True,0.23207235314478092,0.3698242562912721,0.13775190314649116,0.28281352934699794,0.05074117620221702,148,10872,292,62
2019-07-05,coarse_ex_psu,Coarse | Ex PSU,Sector_Coarse,True,0.23240721615891902,0.3696187876277759,0.13721157146885687,0.2866355218060276,0.054228305647108566,148,10872,292,62
2019-07-12,coarse_ex_psu,Coarse | Ex PSU,Sector_Coarse,True,0.23299758443943439,0.37178962755757505,0.13879204311814067,0.2885715363212918,0.0555739518818574,148,10872,292,62
2019-07-19,coarse_ex_psu,Coarse | Ex PSU,Sector_Coarse,True,0.23652446318785286,0.3816710175349181,0.14514655434706525,0.29962589618147506,0.0631014329936222,148,10872,292,62
2019-07-26,coarse_ex_psu,Coarse | Ex PSU,Sector_Coarse,True,0.22383877709752178,0.3688830778621243,0.14504430076460254,0.2854190982141685,0.061580321116646713,148,10872,292,62
2019-08-02,coarse_ex_psu,Coarse | Ex PSU,Sector_Coarse,True,0.2253756688522774,0.36969143826089845,0.14431576940862106,0.30119026686339045,0.07581459801111307,148,10872,292,62
2019-08-09,coarse_ex_psu,Coarse | Ex PSU,Sector_Coarse,True,0.22548253579752667,0.3700833232949626,0.1446007874974359,0.2989216829973668,0.07343914719984015,148,10872,292,62
2019-08-16,coarse_ex_psu,Coarse | Ex PSU,Sector_Coarse,True,0.22507049224028772,0.36931006235807695,0.14423957011778923,0.2942807484956767,0.06921025625538899,148,10872,292,62
2019-08-23,coarse_ex_psu,Coarse | Ex PSU,Sector_Coarse,True,0.22535378843203335,0.3723397765045383,0.14698598807250496,0.29284900247630796,0.06749521404427461,148,10872,292,62
2019-08-30,coarse_ex_psu,Coarse | Ex PSU,Sector_Coarse,True,0.22869510114292887,0.37515058897427517,0.1464554878313463,0.2906304978394385,0.06193539669650963,148,10872,292,62
2019-09-06,coarse_ex_psu,Coarse | Ex PSU,Sector_Coarse,True,0.22985090654210608,0.3753309450663015,0.14548003852419542,0.29192627767287427,0.06207537113076819,148,10872,292,62
2019-09-13,coarse_ex_psu,Coarse | Ex PSU,Sector_Coarse,True,0.23278530132177144,0.38050257763105466,0.14771727630928322,0.29644236657553275,0.0636570652537613,148,10872,292,62
2019-09-20,coarse_ex_psu,Coarse | Ex PSU,Sector_Coarse,True,0.22350880165851306,0.36599449173617066,0.1424856900776576,0.29894217190719785,0.0754333702486848,150,11175,294,62
2019-09-27,coarse_ex_psu,Coarse | Ex PSU,Sector_Coarse,True,0.20560432978618726,0.31183215782747686,0.10622782804128961,0.29154448410011763,0.08594015431393037,155,11935,340,63
2019-10-04,coarse_ex_psu,Coarse | Ex PSU,Sector_Coarse,True,0.2022320803949895,0.3141876113977695,0.11195553100278002,0.2805889241935563,0.0783568437985668,155,11935,340,63
2019-10-11,coarse_ex_psu,Coarse | Ex PSU,Sector_Coarse,True,0.20143535860932166,0.3087942454725833,0.10735888686326162,0.28600576477024087,0.08457040616091921,155,11935,340,63
2019-10-18,coarse_ex_psu,Coarse | Ex PSU,Sector_Coarse,True,0.2149579405598664,0.3153333498622725,0.10037540930240613,0.2918585962080968,0.0769006556482304,155,11935,340,63
2019-10-25,coarse_ex_psu,Coarse | Ex PSU,Sector_Coarse,True,0.20935269832774608,0.31379789082075976,0.10444519249301368,0.29409093939516956,0.08473824106742348,155,11935,340,63
2019-11-01,coarse_ex_psu,Coarse | Ex PSU,Sector_Coarse,True,0.18987087093146945,0.2960369041772492,0.10616603324577975,0.25198150942212705,0.062110638490657594,155,11935,340,63
2019-11-08,coarse_ex_psu,Coarse | Ex PSU,Sector_Coarse,True,0.1873974236875892,0.2915450052985072,0.104147581610918,0.2524335128473179,0.06503608915972872,155,11935,340,63
2019-11-15,coarse_ex_psu,Coarse | Ex PSU,Sector_Coarse,True,0.18851298495686256,0.28870392645690135,0.1001909415000388,0.2554925083235713,0.06697952336670873,155,11935,340,63
2019-11-22,coarse_ex_psu,Coarse | Ex PSU,Sector_Coarse,True,0.18474343707635535,0.2808864496666902,0.09614301259033484,0.25559231529776477,0.07084887822140942,155,11935,340,63
2019-11-29,coarse_ex_psu,Coarse | Ex PSU,Sector_Coarse,True,0.18754856608749865,0.28761981422141997,0.10007124813392132,0.24120923270776654,0.05366066662026789,148,10878,310,61
2019-12-06,coarse_ex_psu,Coarse | Ex PSU,Sector_Coarse,True,0.18843553499376436,0.29248479956842477,0.1040492645746604,0.23753025568027863,0.04909472068651427,148,10878,310,61
2019-12-13,coarse_ex_psu,Coarse | Ex PSU,Sector_Coarse,True,0.182642089463289,0.2871372501909742,0.1044951607276852,0.2288782532074689,0.04623616374417991,148,10878,310,61
2019-12-20,coarse_ex_psu,Coarse | Ex PSU,Sector_Coarse,True,0.18259185067208097,0.2864631677370652,0.10387131706498423,0.22728893591262145,0.044697085240540474,148,10878,310,61
2019-12-27,coarse_ex_psu,Coarse | Ex PSU,Sector_Coarse,True,0.18266479289963447,0.289006630157524,0.10634183725788951,0.2279065971533242,0.04524180425368973,147,10731,308,53
2020-01-03,coarse_ex_psu,Coarse | Ex PSU,Sector_Coarse,True,0.18172376438772764,0.28638087372772425,0.10465710933999661,0.22281843731608683,0.041094672928359194,147,10731,308,53
2020-01-10,coarse_ex_psu,Coarse | Ex PSU,Sector_Coarse,True,0.18093450649211953,0.2888365505796953,0.10790204408757578,0.21999349918082106,0.03905899268870153,147,10731,308,53
2020-01-17,coarse_ex_psu,Coarse | Ex PSU,Sector_Coarse,True,0.18582416307972477,0.2886927188570882,0.10286855577736342,0.2226648403756481,0.03684067729592333,147,10731,308,53
2020-01-24,coarse_ex_psu,Coarse | Ex PSU,Sector_Coarse,True,0.18175881427818327,0.2825009787705782,0.10074216449239495,0.2157540590689435,0.033995244790760215,147,10731,308,53
2020-01-31,coarse_ex_psu,Coarse | Ex PSU,Sector_Coarse,True,0.1896250942734178,0.281748177604247,0.09212308333082916,0.23912677441849306,0.04950168014507525,147,10731,308,53
2020-02-07,coarse_ex_psu,Coarse | Ex PSU,Sector_Coarse,True,0.19181441869874216,0.2851918869931101,0.09337746829436794,0.24597558710028056,0.054161168401538395,147,10731,308,53
2020-02-14,coarse_ex_psu,Coarse | Ex PSU,Sector_Coarse,True,0.18790973559801916,0.2836488940933016,0.09573915849528242,0.24714380648631495,0.0592340708882958,147,10731,308,53
2020-02-21,coarse_ex_psu,Coarse | Ex PSU,Sector_Coarse,True,0.18559917052248182,0.2778986519548962,0.0922994814324144,0.2409244415206825,0.05532527099820067,147,10731,308,53
2020-02-28,coarse_ex_psu,Coarse | Ex PSU,Sector_Coarse,True,0.2352973500963139,0.3257624989973274,0.09046514890101351,0.3117904085283853,0.07649305843207141,146,10585,306,53
2020-03-06,coarse_ex_psu,Coarse | Ex PSU,Sector_Coarse,True,0.23160706731169306,0.3297186365092191,0.09811156919752606,0.3087962902486856,0.07718922293699254,146,10585,306,53
2020-03-13,coarse_ex_psu,Coarse | Ex PSU,Sector_Coarse,True,0.3165747905208052,0.40869131725316943,0.0921165267323642,0.3565574843838793,0.03998269386307407,146,10585,306,53
2020-03-20,coarse_ex_psu,Coarse | Ex PSU,Sector_Coarse,True,0.3722592313375102,0.5020580006444919,0.1297987693069817,0.42267873784546656,0.050419506507956346,146,10585,306,53
2020-03-27,coarse_ex_psu,Coarse | Ex PSU,Sector_Coarse,True,0.365971315591886,0.48458751080186685,0.11861619520998085,0.43070828647128295,0.06473697087939695,141,9870,299,53
2020-04-03,coarse_ex_psu,Coarse | Ex PSU,Sector_Coarse,True,0.35202453001878925,0.48216735820135564,0.1301428281825664,0.44474794392148054,0.09272341390269129,141,9870,299,53
2020-04-10,coarse_ex_psu,Coarse | Ex PSU,Sector_Coarse,True,0.3983181897750537,0.5135057690599688,0.11518757928491513,0.47806481290702835,0.07974662313197467,141,9870,299,53
2020-04-17,coarse_ex_psu,Coarse | Ex PSU,Sector_Coarse,True,0.3943098589722482,0.5075424597025938,0.11323260073034563,0.4728830551055607,0.07857319613331254,141,9870,299,53
2020-04-24,coarse_ex_psu,Coarse | Ex PSU,Sector_Coarse,True,0.3879702039105858,0.5016363139709019,0.11366611006031613,0.4796307767656403,0.09166057285505452,141,9870,299,53
2020-05-01,coarse_ex_psu,Coarse | Ex PSU,Sector_Coarse,True,0.3939985473082611,0.5175023418496233,0.12350379454136218,0.49148318459378143,0.09748463728552031,141,9870,299,53
2020-05-08,coarse_ex_psu,Coarse | Ex PSU,Sector_Coarse,True,0.3966641007582076,0.5206264240303693,0.12396232327216167,0.5058977462486982,0.10923364549049058,141,9870,299,53
2020-05-15,coarse_ex_psu,Coarse | Ex PSU,Sector_Coarse,True,0.3950634009710694,0.5240624921076076,0.12899909113653818,0.5045869637765157,0.10952356280544628,141,9870,299,53
2020-05-22,coarse_ex_psu,Coarse | Ex PSU,Sector_Coarse,True,0.38112551264810274,0.509585151282245,0.12845963863414228,0.49664519702589527,0.11551968437779253,146,10585,309,53
2020-05-29,coarse_ex_psu,Coarse | Ex PSU,Sector_Coarse,True,0.3987252205528961,0.5216651389483733,0.12293991839547719,0.5064082831134233,0.10768306256052723,153,11588,314,53
2020-06-05,coarse_ex_psu,Coarse | Ex PSU,Sector_Coarse,True,0.40642126861226596,0.5254379527662677,0.11901668415400174,0.5349330363715604,0.12851176775929446,153,11588,314,53
2020-06-12,coarse_ex_psu,Coarse | Ex PSU,Sector_Coarse,True,0.40268514338384087,0.5220473338964023,0.11936219051256147,0.5360719940363311,0.13338685065249023,153,11588,314,53
2020-06-19,coarse_ex_psu,Coarse | Ex PSU,Sector_Coarse,True,0.39982731904712726,0.5203474152297718,0.12052009618264453,0.5318248663863837,0.13199754733925645,154,11736,314,53
2020-06-26,coarse_ex_psu,Coarse | Ex PSU,Sector_Coarse,True,0.40074247721938616,0.5207777294551341,0.12003525223574796,0.5309302697710203,0.13018779255163415,156,12035,318,53
2020-07-03,coarse_ex_psu,Coarse | Ex PSU,Sector_Coarse,True,0.40092042063422,0.5204828329900318,0.11956241235581183,0.5330951582011838,0.1321747375669638,156,12035,318,53
2020-07-10,coarse_ex_psu,Coarse | Ex PSU,Sector_Coarse,True,0.3983749230426313,0.5183815632947328,0.12000664025210156,0.5331835870382209,0.1348086639955896,156,12035,318,53
2020-07-17,coarse_ex_psu,Coarse | Ex PSU,Sector_Coarse,True,0.3958301670331497,0.5164437215764646,0.12061355454331485,0.5313687493440467,0.13553858231089694,156,12035,318,53
2020-07-24,coarse_ex_psu,Coarse | Ex PSU,Sector_Coarse,True,0.39493852399133017,0.5158431993515812,0.12090467536025101,0.5294432732979081,0.1345047493065779,156,12060,318,53
2020-07-31,coarse_ex_psu,Coarse | Ex PSU,Sector_Coarse,True,0.3881309099037789,0.521604566363878,0.13347365646009907,0.5012602589965861,0.1131293490928072,150,11175,339,46
2020-08-07,coarse_ex_psu,Coarse | Ex PSU,Sector_Coarse,True,0.3893162741362794,0.5220092507621771,0.13269297662589769,0.5054626175190218,0.11614634338274238,150,11175,339,46
2020-08-14,coarse_ex_psu,Coarse | Ex PSU,Sector_Coarse,True,0.3861870541300925,0.5199441326086821,0.13375707847858959,0.5032323594138493,0.11704530528375673,150,11175,339,46
2020-08-21,coarse_ex_psu,Coarse | Ex PSU,Sector_Coarse,True,0.38645293481485715,0.5216093216936974,0.1351563868788403,0.5063377408960261,0.11988480608116897,150,11175,339,46
2020-08-28,coarse_ex_psu,Coarse | Ex PSU,Sector_Coarse,True,0.38509221625374734,0.5147603232396922,0.1296681069859449,0.506655361555927,0.12156314530217971,151,11325,363,51
2020-09-04,coarse_ex_psu,Coarse | Ex PSU,Sector_Coarse,True,0.3859953159298324,0.5130545712561108,0.12705925532627838,0.505888825488584,0.11989350955875167,151,11325,363,51
2020-09-11,coarse_ex_psu,Coarse | Ex PSU,Sector_Coarse,True,0.3851790801833731,0.5110748813901963,0.1258958012068232,0.5061615848083859,0.12098250462501281,151,11325,363,51
2020-09-18,coarse_ex_psu,Coarse | Ex PSU,Sector_Coarse,True,0.38444192541732924,0.508920721993979,0.12447879657664973,0.5087375920947678,0.12429566667743852,151,11325,363,51
2020-09-25,coarse_ex_psu,Coarse | Ex PSU,Sector_Coarse,True,0.38622334738185243,0.5098062939452216,0.12358294656336916,0.5133426835155924,0.12711933613374,147,10726,356,50
2020-10-02,coarse_ex_psu,Coarse | Ex PSU,Sector_Coarse,True,0.3849242299150251,0.5100826508437435,0.12515842092871837,0.515862793354776,0.1309385634397509,147,10726,356,50
2020-10-09,coarse_ex_psu,Coarse | Ex PSU,Sector_Coarse,True,0.3830545343680252,0.5075609676445931,0.12450643327656791,0.5110735702091486,0.12801903584112334,147,10726,356,50
2020-10-16,coarse_ex_psu,Coarse | Ex PSU,Sector_Coarse,True,0.3788225624340334,0.5050087297428427,0.12618616730880933,0.5094312655921978,0.13060870315816436,147,10727,356,50
2020-10-23,coarse_ex_psu,Coarse | Ex PSU,Sector_Coarse,True,0.3792342424821814,0.5049614311738755,0.12572718869169408,0.5070574820845432,0.12782323960236175,147,10729,356,50
2020-10-30,coarse_ex_psu,Coarse | Ex PSU,Sector_Coarse,True,0.3777029082879939,0.5027520787156006,0.12504917042760666,0.508306584360356,0.13060367607236212,147,10729,356,50
2020-11-06,coarse_ex_psu,Coarse | Ex PSU,Sector_Coarse,True,0.38158946132654553,0.5099456677864546,0.12835620645990903,0.5131453248334321,0.13155586350688658,147,10729,356,50
2020-11-13,coarse_ex_psu,Coarse | Ex PSU,Sector_Coarse,True,0.3812133903396344,0.5114115159041478,0.13019812556451338,0.512250270514517,0.13103688017488258,147,10729,356,50
2020-11-20,coarse_ex_psu,Coarse | Ex PSU,Sector_Coarse,True,0.38222730494251783,0.5129834656901955,0.13075616074767765,0.5119884107459425,0.12976110580342465,147,10729,356,50
2020-11-27,coarse_ex_psu,Coarse | Ex PSU,Sector_Coarse,True,0.3801794700324824,0.5123284681206344,0.13214899808815195,0.5038083434173465,0.12362887338486406,149,11023,362,51
2020-12-04,coarse_ex_psu,Coarse | Ex PSU,Sector_Coarse,True,0.37991237695276486,0.5122695546195521,0.13235717766678728,0.5050915887150281,0.12517921176226326,149,11023,362,51
2020-12-11,coarse_ex_psu,Coarse | Ex PSU,Sector_Coarse,True,0.37927418764798476,0.5116734093460227,0.13239922169803792,0.5058477815882509,0.12657359394026618,149,11023,362,51
2020-12-18,coarse_ex_psu,Coarse | Ex PSU,Sector_Coarse,True,0.3781640505475246,0.5115981715382591,0.13343412099073454,0.50867434111768,0.13051029057015534,149,11023,362,51
2020-12-25,coarse_ex_psu,Coarse | Ex PSU,Sector_Coarse,True,0.37722480204572173,0.5109399857790847,0.133715183733363,0.5071424404311768,0.12991763838545511,149,11024,362,51
2021-01-01,coarse_ex_psu,Coarse | Ex PSU,Sector_Coarse,True,0.37828523134597114,0.5125179122176704,0.13423268087169926,0.5092561108272592,0.13097087948128805,149,11024,362,51
2021-01-08,coarse_ex_psu,Coarse | Ex PSU,Sector_Coarse,True,0.3812410845496997,0.513141665138345,0.13190058058864534,0.5119057152211868,0.1306646306714871,149,11024,362,51
2021-01-15,coarse_ex_psu,Coarse | Ex PSU,Sector_Coarse,True,0.378053053187922,0.5090535952443972,0.1310005420564752,0.5031640938717069,0.12511104068378492,149,11024,362,51
2021-01-22,coarse_ex_psu,Coarse | Ex PSU,Sector_Coarse,True,0.3647203222200141,0.4985044108092847,0.1337840885892706,0.47238713735168264,0.10766681513166854,151,11323,366,53
2021-01-29,coarse_ex_psu,Coarse | Ex PSU,Sector_Coarse,True,0.36509986457625654,0.49953195434043784,0.1344320897641813,0.455622897823237,0.09052303324698047,153,11618,371,58
2021-02-05,coarse_ex_psu,Coarse | Ex PSU,Sector_Coarse,True,0.3708701513987687,0.5084729080456042,0.13760275664683547,0.4720985816385153,0.10122843023974659,153,11618,371,58
2021-02-12,coarse_ex_psu,Coarse | Ex PSU,Sector_Coarse,True,0.36956415146966587,0.5073044860553275,0.13774033458566165,0.4716761288804744,0.10211197741080852,153,11618,371,58
2021-02-19,coarse_ex_psu,Coarse | Ex PSU,Sector_Coarse,True,0.36806061542372265,0.5094354359172432,0.14137482049352051,0.4572066466210437,0.08914603119732106,153,11618,371,58
2021-02-26,coarse_ex_psu,Coarse | Ex PSU,Sector_Coarse,True,0.3544895764401751,0.49671180174109536,0.14222222530092027,0.44099277743457266,0.08650320099439757,153,11618,371,58
2021-03-05,coarse_ex_psu,Coarse | Ex PSU,Sector_Coarse,True,0.3576283283270906,0.4966106217538115,0.13898229342672086,0.44241163647950876,0.08478330815241814,153,11618,371,58
2021-03-12,coarse_ex_psu,Coarse | Ex PSU,Sector_Coarse,True,0.32086746038351316,0.4709718895152714,0.15010442913175825,0.4371383414079619,0.11627088102444871,153,11618,371,58
2021-03-19,coarse_ex_psu,Coarse | Ex PSU,Sector_Coarse,True,0.2637851475109635,0.4046848757148577,0.14089972820389418,0.376781779937958,0.11299663242699448,156,12090,378,69
2021-03-26,coarse_ex_psu,Coarse | Ex PSU,Sector_Coarse,True,0.2601495293493108,0.408397942292823,0.1482484129435122,0.36805329645883267,0.10790376710952188,158,12403,379,69
2021-04-02,coarse_ex_psu,Coarse | Ex PSU,Sector_Coarse,True,0.27382295511989985,0.4177545124986767,0.14393155737877683,0.3517516140939167,0.07792865897401685,154,11781,340,69
2021-04-09,coarse_ex_psu,Coarse | Ex PSU,Sector_Coarse,True,0.2265255333815273,0.3838634381646355,0.15733790478310816,0.3330459335045543,0.10652040012302699,154,11781,340,69
2021-04-16,coarse_ex_psu,Coarse | Ex PSU,Sector_Coarse,True,0.23427645507710526,0.3965767521254167,0.16230029704831145,0.3501366662460657,0.11586021116896045,154,11781,340,69
2021-04-23,coarse_ex_psu,Coarse | Ex PSU,Sector_Coarse,True,0.240234236928543,0.3933419664207168,0.15310772949217377,0.3401215208792533,0.09988728395071028,154,11781,340,69
2021-04-30,coarse_ex_psu,Coarse | Ex PSU,Sector_Coarse,True,0.2316080478039651,0.37108992492414355,0.13948187712017845,0.3306268426812029,0.0990187948772378,155,11935,342,69
2021-05-07,coarse_ex_psu,Coarse | Ex PSU,Sector_Coarse,True,0.21216026656479753,0.34990431540153544,0.1377440488367379,0.29635434559339363,0.0841940790285961,155,11935,342,69
2021-05-14,coarse_ex_psu,Coarse | Ex PSU,Sector_Coarse,True,0.2133539050360992,0.3526095365909162,0.13925563155481702,0.2990904314354897,0.0857365263993905,155,11935,342,69
2021-05-21,coarse_ex_psu,Coarse | Ex PSU,Sector_Coarse,True,0.21737983412325604,0.35039970197079884,0.1330198678475428,0.3078053033302203,0.09042546920696429,155,11935,342,69
2021-05-28,coarse_ex_psu,Coarse | Ex PSU,Sector_Coarse,True,0.21027850094828596,0.34611309397550205,0.1358345930272161,0.30437660600083993,0.09409810505255398,155,11935,342,69
2021-06-04,coarse_ex_psu,Coarse | Ex PSU,Sector_Coarse,True,0.20011636337476443,0.33323722297747604,0.1331208596027116,0.273591170783796,0.07347480740903159,155,11935,342,69
2021-06-11,coarse_ex_psu,Coarse | Ex PSU,Sector_Coarse,True,0.2026215772778391,0.33586754382227574,0.13324596654443663,0.2650982847673005,0.06247670748946141,155,11935,342,69
2021-06-18,coarse_ex_psu,Coarse | Ex PSU,Sector_Coarse,True,0.2073752406963354,0.34250175909781727,0.13512651840148188,0.27535390507835816,0.06797866438202277,155,11935,342,69
2021-06-25,coarse_ex_psu,Coarse | Ex PSU,Sector_Coarse,True,0.20697447216501721,0.34247732906970435,0.13550285690468714,0.275091364908781,0.06811689274376379,155,11935,342,69
2021-07-02,coarse_ex_psu,Coarse | Ex PSU,Sector_Coarse,True,0.20708615572307537,0.34565768527423313,0.13857152955115776,0.2769460894800669,0.06985993375699151,155,11935,342,69
2021-07-09,coarse_ex_psu,Coarse | Ex PSU,Sector_Coarse,True,0.20884840899177168,0.3504117985590871,0.14156338956731543,0.2776491967898107,0.06880078779803903,155,11935,342,69
2021-07-16,coarse_ex_psu,Coarse | Ex PSU,Sector_Coarse,True,0.21101547400116574,0.35141217804980646,0.1403967040486407,0.27808147038304015,0.06706599638187441,155,11935,342,69
2021-07-23,coarse_ex_psu,Coarse | Ex PSU,Sector_Coarse,True,0.2129733409635223,0.35753208564118716,0.14455874467766486,0.2829776558709637,0.07000431490744138,155,11935,342,69
2021-07-30,coarse_ex_psu,Coarse | Ex PSU,Sector_Coarse,True,0.2135320644478646,0.350821130149842,0.1372890657019774,0.2970670280851324,0.08353496363726781,156,12090,344,72
2021-08-06,coarse_ex_psu,Coarse | Ex PSU,Sector_Coarse,True,0.2125837343949746,0.3500929465860667,0.1375092121910921,0.2968472427191361,0.08426350832416149,156,12090,344,72
2021-08-13,coarse_ex_psu,Coarse | Ex PSU,Sector_Coarse,True,0.21516822446051564,0.34792524264044167,0.13275701817992602,0.29708999676440917,0.08192177230389353,156,12090,344,72
2021-08-20,coarse_ex_psu,Coarse | Ex PSU,Sector_Coarse,True,0.21208233606849244,0.34763945549350983,0.13555711942501739,0.29504522726426535,0.08296289119577291,156,12090,344,72
2021-08-27,coarse_ex_psu,Coarse | Ex PSU,Sector_Coarse,True,0.21419568264816705,0.34200615853281285,0.1278104758846458,0.2974415635140884,0.08324588086592136,156,12090,344,72
2021-09-03,coarse_ex_psu,Coarse | Ex PSU,Sector_Coarse,True,0.21776136758237255,0.34814447661024667,0.13038310902787412,0.3035759652274261,0.08581459764505353,156,12090,344,72
2021-09-10,coarse_ex_psu,Coarse | Ex PSU,Sector_Coarse,True,0.21819612310305198,0.3481758048495257,0.12997968174647373,0.3001014374936433,0.08190531439059134,156,12090,344,72
2021-09-17,coarse_ex_psu,Coarse | Ex PSU,Sector_Coarse,True,0.21633159720690448,0.34776872941975634,0.13143713221285186,0.2950268319609395,0.078695234754035,156,12090,344,72
2021-09-24,coarse_ex_psu,Coarse | Ex PSU,Sector_Coarse,True,0.19764940430934477,0.3231170264166339,0.12546762210728915,0.25280680108165676,0.05515739677231199,158,12403,355,81
2021-10-01,coarse_ex_psu,Coarse | Ex PSU,Sector_Coarse,True,0.189647372220113,0.3188278640383093,0.12918049181819632,0.2411455319795727,0.051498159759459705,162,13041,362,81
2021-10-08,coarse_ex_psu,Coarse | Ex PSU,Sector_Coarse,True,0.19146911656049823,0.32276983437464934,0.13130071781415112,0.25256430026814725,0.06109518370764902,162,13041,362,81
2021-10-15,coarse_ex_psu,Coarse | Ex PSU,Sector_Coarse,True,0.1878737305865982,0.3184624740969138,0.1305887435103156,0.24709627986800503,0.05922254928140683,162,13041,362,81
2021-10-22,coarse_ex_psu,Coarse | Ex PSU,Sector_Coarse,True,0.20966913019533834,0.33891985093660065,0.12925072074126231,0.2716082964906851,0.06193916629534674,162,13041,362,81
2021-10-29,coarse_ex_psu,Coarse | Ex PSU,Sector_Coarse,True,0.21425167331273431,0.34629690427745796,0.13204523096472365,0.2724917871154263,0.058240113802692006,156,12090,345,81
2021-11-05,coarse_ex_psu,Coarse | Ex PSU,Sector_Coarse,True,0.2108960080495702,0.3331353389442676,0.1222393308946974,0.27165073161123376,0.06075472356166356,156,12090,345,81
2021-11-12,coarse_ex_psu,Coarse | Ex PSU,Sector_Coarse,True,0.21032771079696289,0.3254417916631919,0.11511408086622904,0.2716616875642723,0.061333976767309395,156,12090,345,81
2021-11-19,coarse_ex_psu,Coarse | Ex PSU,Sector_Coarse,True,0.21464212967055143,0.3291176804914629,0.11447555082091146,0.27565120784953506,0.06100907817898363,156,12090,345,81
2021-11-26,coarse_ex_psu,Coarse | Ex PSU,Sector_Coarse,True,0.22505879917932714,0.342348680721108,0.11728988154178088,0.2974108394543235,0.07235204027499637,156,12090,345,81
2021-12-03,coarse_ex_psu,Coarse | Ex PSU,Sector_Coarse,True,0.22302997835271243,0.3422592096270115,0.11922923127429907,0.2970800095316952,0.07405003117898279,156,12090,345,81
2021-12-10,coarse_ex_psu,Coarse | Ex PSU,Sector_Coarse,True,0.224427153661296,0.3456929569291221,0.1212658032678261,0.29822369701208556,0.07379654335078956,156,12090,345,81
2021-12-17,coarse_ex_psu,Coarse | Ex PSU,Sector_Coarse,True,0.2372486758452251,0.36823838375637147,0.13098970791114636,0.3104036815019165,0.07315500565669139,156,12090,345,81
2021-12-24,coarse_ex_psu,Coarse | Ex PSU,Sector_Coarse,True,0.2373000448545683,0.36935105869141016,0.13205101383684187,0.31141860925252984,0.07411856439796155,156,12090,345,81
2021-12-31,coarse_ex_psu,Coarse | Ex PSU,Sector_Coarse,True,0.23840372217098793,0.36932559596918363,0.1309218737981957,0.3114457236758426,0.07304200150485468,156,12090,345,81
2022-01-07,coarse_ex_psu,Coarse | Ex PSU,Sector_Coarse,True,0.22881311332038312,0.3681439365624142,0.13933082324203105,0.3056167653362035,0.0768036520158204,156,12090,345,81
2022-01-14,coarse_ex_psu,Coarse | Ex PSU,Sector_Coarse,True,0.23021260076678038,0.3708077009373005,0.1405951001705201,0.32154434561609724,0.09133174484931686,156,12090,345,81
2022-01-21,coarse_ex_psu,Coarse | Ex PSU,Sector_Coarse,True,0.24813690137732985,0.38586770425745587,0.137730802880126,0.32920797052618556,0.0810710691488557,156,12090,345,81
2022-01-28,coarse_ex_psu,Coarse | Ex PSU,Sector_Coarse,True,0.24202297695077143,0.3776009773860801,0.13557800043530868,0.31856654791414035,0.07654357096336892,157,12246,345,81
2022-02-04,coarse_ex_psu,Coarse | Ex PSU,Sector_Coarse,True,0.22498025898503715,0.3446248720397655,0.11964461305472834,0.29544008604049304,0.07045982705545589,157,12246,345,81
2022-02-11,coarse_ex_psu,Coarse | Ex PSU,Sector_Coarse,True,0.22859197099588957,0.34931223570812836,0.12072026471223879,0.29707354359407834,0.06848157259818877,157,12246,345,81
2022-02-18,coarse_ex_psu,Coarse | Ex PSU,Sector_Coarse,True,0.23304421735963504,0.3463132970061349,0.11326907964649985,0.30637995649482874,0.0733357391351937,157,12246,345,81
2022-02-25,coarse_ex_psu,Coarse | Ex PSU,Sector_Coarse,True,0.24343165073890918,0.36297518029746406,0.11954352955855488,0.32217490708863306,0.07874325634972387,157,12246,345,81
2022-03-04,coarse_ex_psu,Coarse | Ex PSU,Sector_Coarse,True,0.24097916148624815,0.37002316055162787,0.12904399906537972,0.31424194393583027,0.07326278244958212,157,12246,345,81
2022-03-11,coarse_ex_psu,Coarse | Ex PSU,Sector_Coarse,True,0.24444509916510943,0.3700280664034955,0.12558296723838608,0.31660190405034966,0.07215680488524023,157,12246,345,81
2022-03-18,coarse_ex_psu,Coarse | Ex PSU,Sector_Coarse,True,0.24529114100771796,0.37494001705153346,0.1296488760438155,0.3131716830035572,0.06788054199583923,157,12246,345,81
2022-03-25,coarse_ex_psu,Coarse | Ex PSU,Sector_Coarse,True,0.24452694452881812,0.37551943950481703,0.1309924949759989,0.30926523484791585,0.06473829031909772,157,12246,345,81
2022-04-01,coarse_ex_psu,Coarse | Ex PSU,Sector_Coarse,True,0.2406696723555187,0.3792767060448647,0.138607033689346,0.31522494151326713,0.07455526915774843,157,12246,345,81
2022-04-08,coarse_ex_psu,Coarse | Ex PSU,Sector_Coarse,True,0.24574925561151628,0.38179547459074514,0.13604621897922886,0.3172379002590391,0.0714886446475228,157,12246,345,81
2022-04-15,coarse_ex_psu,Coarse | Ex PSU,Sector_Coarse,True,0.24504671100148917,0.3784246104378741,0.13337789943638495,0.3131904728600287,0.06814376185853954,157,12246,345,81
2022-04-22,coarse_ex_psu,Coarse | Ex PSU,Sector_Coarse,True,0.24042599982894008,0.37476900028885507,0.13434300045991499,0.27070052897264657,0.030274529143706486,158,12403,348,92
2022-04-29,coarse_ex_psu,Coarse | Ex PSU,Sector_Coarse,True,0.24299266314111306,0.37886393196755164,0.13587126882643857,0.27046587386540283,0.027473210724289765,160,12720,352,92
2022-05-06,coarse_ex_psu,Coarse | Ex PSU,Sector_Coarse,True,0.26375970566726126,0.3989706994068581,0.13521099373959683,0.2850540266290638,0.02129432096180256,160,12720,352,92
2022-05-13,coarse_ex_psu,Coarse | Ex PSU,Sector_Coarse,True,0.2764968126936348,0.4078225288919777,0.13132571619834288,0.30230672348904813,0.025809910795413338,160,12720,352,92
2022-05-20,coarse_ex_psu,Coarse | Ex PSU,Sector_Coarse,True,0.2735862008274959,0.403837711731974,0.13025151090447812,0.30066930017122717,0.027083099343731265,160,12720,352,92
2022-05-27,coarse_ex_psu,Coarse | Ex PSU,Sector_Coarse,True,0.26965699176444213,0.40261568516025875,0.13295869339581662,0.30059446568538867,0.030937473920946534,160,12720,352,92
2022-06-03,coarse_ex_psu,Coarse | Ex PSU,Sector_Coarse,True,0.26604733639406203,0.39927488983809395,0.13322755344403192,0.29913690805734294,0.033089571663280914,160,12720,352,92
2022-06-10,coarse_ex_psu,Coarse | Ex PSU,Sector_Coarse,True,0.26455350686404633,0.3979368465150823,0.133383339651036,0.29884563245741036,0.03429212559336403,160,12720,352,92
2022-06-17,coarse_ex_psu,Coarse | Ex PSU,Sector_Coarse,True,0.28455964342465623,0.4188049402297827,0.13424529680512648,0.3276156483060344,0.043056004881378174,160,12720,352,92
2022-06-24,coarse_ex_psu,Coarse | Ex PSU,Sector_Coarse,True,0.28728284591527276,0.4222169447888691,0.13493409887359636,0.3273165297717551,0.04003368385648237,160,12720,352,92
2022-07-01,coarse_ex_psu,Coarse | Ex PSU,Sector_Coarse,True,0.28875703135892833,0.4208761349951565,0.1321191036362282,0.3278090060000278,0.039051974641099496,160,12720,352,92
2022-07-08,coarse_ex_psu,Coarse | Ex PSU,Sector_Coarse,True,0.29725895599218427,0.4301069686766365,0.13284801268445223,0.33507883527751714,0.03781987928533287,160,12720,352,92
2022-07-15,coarse_ex_psu,Coarse | Ex PSU,Sector_Coarse,True,0.2959463224602339,0.4322667160728689,0.13632039361263498,0.3310859161143119,0.03513959365407798,160,12720,352,92
2022-07-22,coarse_ex_psu,Coarse | Ex PSU,Sector_Coarse,True,0.30158222074977886,0.4410671945881833,0.1394849738384044,0.3389065980767613,0.03732437732698246,160,12720,352,92
2022-07-29,coarse_ex_psu,Coarse | Ex PSU,Sector_Coarse,True,0.30411644248002334,0.43755478364812866,0.13343834116810532,0.33700014552791335,0.03288370304789001,160,12720,352,92
2022-08-05,coarse_ex_psu,Coarse | Ex PSU,Sector_Coarse,True,0.3047091123988295,0.43620176048791687,0.1314926480890874,0.3372711345553487,0.03256202215651921,160,12720,352,92
2022-08-12,coarse_ex_psu,Coarse | Ex PSU,Sector_Coarse,True,0.30524834534459483,0.43800885409600077,0.13276050875140594,0.3364619760966983,0.031213630752103483,160,12720,352,92
2022-08-19,coarse_ex_psu,Coarse | Ex PSU,Sector_Coarse,True,0.30761855210834005,0.43677130719383184,0.1291527550854918,0.3413725055462491,0.033753953437909046,160,12720,352,92
2022-08-26,coarse_ex_psu,Coarse | Ex PSU,Sector_Coarse,True,0.30675475934215596,0.43594614038725604,0.12919138104510008,0.33931367522296024,0.032558915880804284,160,12720,352,92
2022-09-02,coarse_ex_psu,Coarse | Ex PSU,Sector_Coarse,True,0.29650897504690304,0.43085681564544825,0.1343478405985452,0.3348642167141403,0.03835524166723725,160,12720,352,92
2022-09-09,coarse_ex_psu,Coarse | Ex PSU,Sector_Coarse,True,0.2963504085632037,0.4297723555035343,0.1334219469403306,0.3348609816597063,0.038510573096502576,160,12720,352,92
2022-09-16,coarse_ex_psu,Coarse | Ex PSU,Sector_Coarse,True,0.2991991736791949,0.43096223987210586,0.13176306619291095,0.33941442081407275,0.04021524713487784,160,12720,352,92
2022-09-23,coarse_ex_psu,Coarse | Ex PSU,Sector_Coarse,True,0.3027210255876548,0.43433435690074923,0.13161333131309444,0.34378131920711985,0.04106029361946506,160,12720,352,92
2022-09-30,coarse_ex_psu,Coarse | Ex PSU,Sector_Coarse,True,0.30242159123953816,0.44269427164738845,0.1402726804078503,0.35497653081867975,0.05255493957914159,155,11935,344,100
2022-10-07,coarse_ex_psu,Coarse | Ex PSU,Sector_Coarse,True,0.3027006704706871,0.4425675499028391,0.13986687943215198,0.34853073762623654,0.04583006715554944,155,11935,344,100
2022-10-14,coarse_ex_psu,Coarse | Ex PSU,Sector_Coarse,True,0.3051443397262035,0.44748556891355795,0.14234122918735448,0.3640594481610114,0.058915108434807906,155,11935,344,100
2022-10-21,coarse_ex_psu,Coarse | Ex PSU,Sector_Coarse,True,0.2992481807967447,0.43975517695455596,0.14050699615781126,0.3538091798242531,0.05456099902750838,155,11935,344,100
2022-10-28,coarse_ex_psu,Coarse | Ex PSU,Sector_Coarse,True,0.3044368123622637,0.4435539536343166,0.13911714127205288,0.3986576735649317,0.09422086120266798,155,11935,344,100
2022-11-04,coarse_ex_psu,Coarse | Ex PSU,Sector_Coarse,True,0.3025436150955431,0.4405079679330408,0.1379643528374977,0.39641679186821827,0.09387317677267515,155,11935,344,100
2022-11-11,coarse_ex_psu,Coarse | Ex PSU,Sector_Coarse,True,0.3016583161556064,0.4406964164309095,0.1390381002753031,0.3912904508998576,0.08963213474425119,155,11935,344,100
2022-11-18,coarse_ex_psu,Coarse | Ex PSU,Sector_Coarse,True,0.3017499324458663,0.43948336208775396,0.13773342964188767,0.3914916859365324,0.0897417534906661,155,11935,344,100
2022-11-25,coarse_ex_psu,Coarse | Ex PSU,Sector_Coarse,True,0.29841510672631183,0.4319633692301036,0.13354826250379176,0.38469652731215054,0.08628142058583871,155,11935,344,100
2022-12-02,coarse_ex_psu,Coarse | Ex PSU,Sector_Coarse,True,0.30315925009072614,0.435171100029963,0.13201184993923687,0.38964258090617726,0.08648333081545112,155,11935,344,100
2022-12-09,coarse_ex_psu,Coarse | Ex PSU,Sector_Coarse,True,0.3011347229768673,0.4350665046623127,0.13393178168544545,0.389308651255208,0.08817392827834075,155,11935,344,100
2022-12-16,coarse_ex_psu,Coarse | Ex PSU,Sector_Coarse,True,0.2950892223410328,0.4193350852186887,0.12424586287765588,0.38043917563501367,0.08534995329398087,155,11935,344,100
2022-12-23,coarse_ex_psu,Coarse | Ex PSU,Sector_Coarse,True,0.3062158667997726,0.4319480596099192,0.12573219281014664,0.40592874346013663,0.09971287666036405,155,11935,344,100
2022-12-30,coarse_ex_psu,Coarse | Ex PSU,Sector_Coarse,True,0.3042798177768314,0.4330780996062962,0.1287982818294648,0.40949326500456207,0.10521344722773068,155,11935,344,100
2023-01-06,coarse_ex_psu,Coarse | Ex PSU,Sector_Coarse,True,0.3039466120226765,0.42632659859085614,0.12237998656817967,0.40627641716304635,0.10232980514036988,155,11935,344,100
2023-01-13,coarse_ex_psu,Coarse | Ex PSU,Sector_Coarse,True,0.3032074634140883,0.4255425704852718,0.1223351070711835,0.3949835357853816,0.09177607237129332,155,11935,344,100
2023-01-20,coarse_ex_psu,Coarse | Ex PSU,Sector_Coarse,True,0.29333772055814267,0.4209038763726257,0.12756615581448305,0.3980471864912682,0.10470946593312552,155,11935,344,100
2023-01-27,coarse_ex_psu,Coarse | Ex PSU,Sector_Coarse,True,0.2886054102171471,0.4208804646328907,0.1322750544157436,0.4157423701938082,0.12713695997666113,155,11935,344,100
2023-02-03,coarse_ex_psu,Coarse | Ex PSU,Sector_Coarse,True,0.27617921434975756,0.40697127611297995,0.1307920617632224,0.3960698013583673,0.11989058700860972,155,11935,344,100
2023-02-10,coarse_ex_psu,Coarse | Ex PSU,Sector_Coarse,True,0.27228761552102293,0.4048434836906171,0.1325558681695942,0.38423899127847627,0.11195137575745334,156,12090,344,100
2023-02-17,coarse_ex_psu,Coarse | Ex PSU,Sector_Coarse,True,0.27007357738057386,0.4046399156927424,0.13456633831216852,0.3850453088253629,0.11497173144478906,156,12090,344,100
2023-02-24,coarse_ex_psu,Coarse | Ex PSU,Sector_Coarse,True,0.2659559262826419,0.40159489592864284,0.13563896964600092,0.38298764174673644,0.11703171546409452,156,12090,344,100
2023-03-03,coarse_ex_psu,Coarse | Ex PSU,Sector_Coarse,True,0.2640061160592334,0.3894997957343429,0.1254936796751095,0.3961973204338958,0.13219120437466242,156,12090,344,100
2023-03-10,coarse_ex_psu,Coarse | Ex PSU,Sector_Coarse,True,0.2597552301768765,0.39027502008171566,0.13051978990483915,0.3900800103662329,0.1303247801893564,156,12090,344,100
2023-03-17,coarse_ex_psu,Coarse | Ex PSU,Sector_Coarse,True,0.25423330041085235,0.38274459113514026,0.1285112907242879,0.3826086087745368,0.12837530836368444,156,12090,344,100
2023-03-24,coarse_ex_psu,Coarse | Ex PSU,Sector_Coarse,True,0.25801630800709996,0.3801605713566609,0.12214426334956097,0.3899293998570117,0.13191309184991173,156,12090,344,100
2023-03-31,coarse_ex_psu,Coarse | Ex PSU,Sector_Coarse,True,0.25382585073167546,0.37621966087206526,0.1223938101403898,0.38895437179960896,0.1351285210679335,160,12712,334,118
2023-04-07,coarse_ex_psu,Coarse | Ex PSU,Sector_Coarse,True,0.25164407669562355,0.3736627649887822,0.12201868829315865,0.39308370490399874,0.1414396282083752,160,12712,334,118
2023-04-14,coarse_ex_psu,Coarse | Ex PSU,Sector_Coarse,True,0.25157155873053444,0.3737298566907967,0.12215829796026229,0.39062340946045765,0.1390518507299232,160,12712,334,118
2023-04-21,coarse_ex_psu,Coarse | Ex PSU,Sector_Coarse,True,0.2514529160215325,0.3702275228397081,0.11877460681817559,0.38997917919289093,0.1385262631713584,160,12712,334,118
2023-04-28,coarse_ex_psu,Coarse | Ex PSU,Sector_Coarse,True,0.25677571301002916,0.3756886730277222,0.11891296001769303,0.3950785097093283,0.13830279669929912,160,12712,334,118
2023-05-05,coarse_ex_psu,Coarse | Ex PSU,Sector_Coarse,True,0.23561448509589353,0.35186121967636746,0.11624673458047394,0.3941652186621484,0.15855073356625485,160,12712,334,118
2023-05-12,coarse_ex_psu,Coarse | Ex PSU,Sector_Coarse,True,0.22189846530291638,0.33941528199591275,0.11751681669299638,0.3785169052112324,0.156618439908316,160,12712,334,118
2023-05-19,coarse_ex_psu,Coarse | Ex PSU,Sector_Coarse,True,0.21870311382957072,0.33607814628756333,0.1173750324579926,0.3763424467275973,0.1576393328980266,160,12712,334,118
2023-05-26,coarse_ex_psu,Coarse | Ex PSU,Sector_Coarse,True,0.22776672133047912,0.34011809204408033,0.11235137071360121,0.3819361614181945,0.15416944008771535,160,12712,334,118
2023-06-02,coarse_ex_psu,Coarse | Ex PSU,Sector_Coarse,True,0.23150369983210028,0.34288279360195956,0.11137909376985927,0.38614599554514584,0.15464229571304555,160,12712,334,118
2023-06-09,coarse_ex_psu,Coarse | Ex PSU,Sector_Coarse,True,0.22735921535795933,0.34200002314355804,0.11464080778559871,0.38107015514485815,0.15371093978689881,160,12712,334,118
2023-06-16,coarse_ex_psu,Coarse | Ex PSU,Sector_Coarse,True,0.19610378839566567,0.3054260461589703,0.10932225776330462,0.33206976233432767,0.135965973938662,160,12712,334,118
2023-06-23,coarse_ex_psu,Coarse | Ex PSU,Sector_Coarse,True,0.1946358764892259,0.3001210035201898,0.10548512703096388,0.3350441862320862,0.1404083097428603,160,12712,334,118
2023-06-30,coarse_ex_psu,Coarse | Ex PSU,Sector_Coarse,True,0.20126271175401103,0.3108547293459527,0.10959201759194168,0.3420853748857421,0.14082266313173106,160,12712,334,118
2023-07-07,coarse_ex_psu,Coarse | Ex PSU,Sector_Coarse,True,0.1878212007095556,0.29172975386455496,0.10390855315499936,0.3326433982454583,0.1448221975359027,160,12712,334,118
2023-07-14,coarse_ex_psu,Coarse | Ex PSU,Sector_Coarse,True,0.18904963204547065,0.2893616889443917,0.10031205689892103,0.33427248062726994,0.1452228485817993,160,12712,334,118
2023-07-21,coarse_ex_psu,Coarse | Ex PSU,Sector_Coarse,True,0.18007183115794312,0.2745824353835888,0.09451060422564567,0.318968265084789,0.13889643392684586,160,12712,334,118
2023-07-28,coarse_ex_psu,Coarse | Ex PSU,Sector_Coarse,True,0.17975650589120107,0.2777742343972325,0.09801772850603141,0.32411537788237593,0.14435887199117486,160,12712,334,118
2023-08-04,coarse_ex_psu,Coarse | Ex PSU,Sector_Coarse,True,0.17649686397019781,0.2787002191509602,0.1022033551807624,0.32199530720803987,0.14549844323784206,160,12712,334,118
2023-08-11,coarse_ex_psu,Coarse | Ex PSU,Sector_Coarse,True,0.17641194928798065,0.2770717613821665,0.10065981209418584,0.3219461375502743,0.14553418826229364,160,12713,334,118
2023-08-18,coarse_ex_psu,Coarse | Ex PSU,Sector_Coarse,True,0.17836523939413992,0.2795719874395617,0.10120674804542176,0.32081707810546994,0.14245183871133002,160,12713,334,118
2023-08-25,coarse_ex_psu,Coarse | Ex PSU,Sector_Coarse,True,0.1785634298555315,0.2832835259161092,0.10472009606057772,0.3218925358634339,0.1433291060079024,160,12713,334,118
2023-09-01,coarse_ex_psu,Coarse | Ex PSU,Sector_Coarse,True,0.1809464158900218,0.28586299021420003,0.10491657432417822,0.3330382625678818,0.15209184667786002,160,12713,334,118
2023-09-08,coarse_ex_psu,Coarse | Ex PSU,Sector_Coarse,True,0.18546614807532744,0.28889169714125335,0.10342554906592591,0.3391831101114325,0.15371696203610505,160,12713,334,118
2023-09-15,coarse_ex_psu,Coarse | Ex PSU,Sector_Coarse,True,0.18146577861455046,0.28459765143531074,0.10313187282076028,0.33677410615007586,0.1553083275355254,160,12713,334,118
2023-09-22,coarse_ex_psu,Coarse | Ex PSU,Sector_Coarse,True,0.18747971479448322,0.28432234331255407,0.09684262851807085,0.3241588056298887,0.13667909083540547,161,12880,337,124
2023-09-29,coarse_ex_psu,Coarse | Ex PSU,Sector_Coarse,True,0.1857067719722885,0.284339645922079,0.0986328739497905,0.33438201954021896,0.14867524756793046,161,12880,331,112
2023-10-06,coarse_ex_psu,Coarse | Ex PSU,Sector_Coarse,True,0.1847765981672734,0.28158739335909566,0.09681079519182226,0.33050299458925575,0.14572639642198235,161,12880,331,112
2023-10-13,coarse_ex_psu,Coarse | Ex PSU,Sector_Coarse,True,0.1784274311607145,0.27550666403481255,0.09707923287409806,0.31850515759421427,0.14007772643349978,161,12880,331,112
2023-10-20,coarse_ex_psu,Coarse | Ex PSU,Sector_Coarse,True,0.1840357985318258,0.27943640730809144,0.09540060877626563,0.3273451202926288,0.143309321760803,161,12880,331,112
2023-10-27,coarse_ex_psu,Coarse | Ex PSU,Sector_Coarse,True,0.19434575333312704,0.2887351302620346,0.09438937692890759,0.33750953392752664,0.1431637805943996,161,12880,331,112
2023-11-03,coarse_ex_psu,Coarse | Ex PSU,Sector_Coarse,True,0.193130120896933,0.2906663483687685,0.09753622747183549,0.33728367023016853,0.14415354933323554,161,12880,331,112
2023-11-10,coarse_ex_psu,Coarse | Ex PSU,Sector_Coarse,True,0.1967614557126005,0.2927110913607075,0.09594963564810699,0.3395812291901513,0.14281977347755082,161,12880,331,112
2023-11-17,coarse_ex_psu,Coarse | Ex PSU,Sector_Coarse,True,0.19858606030735038,0.2930196093078692,0.09443354900051881,0.3395242367392571,0.1409381764319067,161,12880,331,112
2023-11-24,coarse_ex_psu,Coarse | Ex PSU,Sector_Coarse,True,0.197122253443305,0.2938605540235444,0.09673830058023938,0.336748479122751,0.13962622567944602,161,12880,331,112
2023-12-01,coarse_ex_psu,Coarse | Ex PSU,Sector_Coarse,True,0.19914375189091965,0.29582368367244744,0.09667993178152778,0.33688283464998975,0.1377390827590701,161,12880,331,112
2023-12-08,coarse_ex_psu,Coarse | Ex PSU,Sector_Coarse,True,0.19970910957708526,0.29529699539128357,0.0955878858141983,0.3399125839842064,0.1402034744071211,161,12880,331,112
2023-12-15,coarse_ex_psu,Coarse | Ex PSU,Sector_Coarse,True,0.1961412360867497,0.2954843916047394,0.0993431555179897,0.3417939908457753,0.1456527547590256,161,12880,331,112
2023-12-22,coarse_ex_psu,Coarse | Ex PSU,Sector_Coarse,True,0.17058289306035535,0.2733887187580426,0.10280582569768726,0.2951765673180852,0.12459367425772988,161,12880,331,112
2023-12-29,coarse_ex_psu,Coarse | Ex PSU,Sector_Coarse,True,0.17282204559522835,0.2757654840923695,0.10294343849714116,0.2898225444034762,0.11700049880824787,161,12880,331,112
2024-01-05,coarse_ex_psu,Coarse | Ex PSU,Sector_Coarse,True,0.17017184095815563,0.27683390065947366,0.10666205970131803,0.2860131694276006,0.11584132846944495,161,12880,331,112
2024-01-12,coarse_ex_psu,Coarse | Ex PSU,Sector_Coarse,True,0.1692556483856189,0.2741148390472972,0.10485919066167831,0.29338828756364826,0.12413263917802936,161,12880,331,112
2024-01-19,coarse_ex_psu,Coarse | Ex PSU,Sector_Coarse,True,0.16702320449568786,0.26947053171971685,0.102447327224029,0.29355590503818824,0.12653270054250038,161,12880,331,112
2024-01-26,coarse_ex_psu,Coarse | Ex PSU,Sector_Coarse,True,0.16451675458301518,0.26690286513375044,0.10238611055073527,0.2909655862695331,0.12644883168651794,161,12880,331,112
2024-02-02,coarse_ex_psu,Coarse | Ex PSU,Sector_Coarse,True,0.17086289834487686,0.27718028797261934,0.10631738962774248,0.28874948482624413,0.11788658648136727,161,12880,331,112
2024-02-09,coarse_ex_psu,Coarse | Ex PSU,Sector_Coarse,True,0.16878206286885897,0.2728874620799636,0.10410539921110465,0.29974164703636047,0.1309595841675015,161,12880,331,112
2024-02-16,coarse_ex_psu,Coarse | Ex PSU,Sector_Coarse,True,0.1650925965428913,0.2730353012107152,0.10794270466782388,0.3189995310070015,0.15390693446411022,162,13041,334,118
2024-02-23,coarse_ex_psu,Coarse | Ex PSU,Sector_Coarse,True,0.15453526358561429,0.2615211571635517,0.10698589357793739,0.29765959729528774,0.14312433370967345,162,13041,334,118
2024-03-01,coarse_ex_psu,Coarse | Ex PSU,Sector_Coarse,True,0.15662116626454717,0.2608576504545672,0.10423648419002005,0.29001378302718395,0.13339261676263678,162,13041,334,118
2024-03-08,coarse_ex_psu,Coarse | Ex PSU,Sector_Coarse,True,0.15304077591581583,0.2543484649284991,0.10130768901268328,0.2855315399719787,0.1324907640561629,162,13041,334,118
2024-03-15,coarse_ex_psu,Coarse | Ex PSU,Sector_Coarse,True,0.15925007340390857,0.25983189729862305,0.10058182389471448,0.3042482406663019,0.14499816726239334,162,13041,334,118
2024-03-22,coarse_ex_psu,Coarse | Ex PSU,Sector_Coarse,True,0.15270233670935768,0.2551957860321644,0.10249344932280674,0.27331601605196054,0.12061367934260286,163,13203,334,130
2024-03-29,coarse_ex_psu,Coarse | Ex PSU,Sector_Coarse,True,0.15646843162463778,0.2632421193770018,0.10677368775236404,0.2822244127236396,0.1257559810990018,154,11781,311,122
2024-04-05,coarse_ex_psu,Coarse | Ex PSU,Sector_Coarse,True,0.15694575416516843,0.26239314257237856,0.10544738840721013,0.2817754208888272,0.12482966672365875,154,11781,311,122
2024-04-12,coarse_ex_psu,Coarse | Ex PSU,Sector_Coarse,True,0.1567812254365729,0.25973540610231716,0.10295418066574424,0.2822585981743356,0.12547737273776266,154,11781,311,122
2024-04-19,coarse_ex_psu,Coarse | Ex PSU,Sector_Coarse,True,0.1666345772263414,0.269376336445712,0.10274175921937062,0.2918666144907195,0.1252320372643781,155,11935,315,122
2024-04-26,coarse_ex_psu,Coarse | Ex PSU,Sector_Coarse,True,0.1637352033153798,0.2552490100449464,0.09151380672956658,0.2908450932079443,0.12710988989256453,155,11935,315,122
2024-05-03,coarse_ex_psu,Coarse | Ex PSU,Sector_Coarse,True,0.1630046777261023,0.25616450485416786,0.09315982712806556,0.29064243560335395,0.12763775787725165,155,11935,315,122
2024-05-10,coarse_ex_psu,Coarse | Ex PSU,Sector_Coarse,True,0.1661419336521803,0.25725834229091005,0.09111640863872975,0.29697002983035636,0.13082809617817606,155,11935,315,122
2024-05-17,coarse_ex_psu,Coarse | Ex PSU,Sector_Coarse,True,0.16839186706301942,0.25597242038245416,0.08758055331943473,0.29568587847703565,0.12729401141401622,155,11935,315,122
2024-05-24,coarse_ex_psu,Coarse | Ex PSU,Sector_Coarse,True,0.16474723906297933,0.25376379477781236,0.08901655571483302,0.2982516261431518,0.13350438708017248,155,11935,315,122
2024-05-31,coarse_ex_psu,Coarse | Ex PSU,Sector_Coarse,True,0.1712062009872538,0.26052128058120316,0.08931507959394935,0.31189248416993165,0.14068628318267784,155,11935,315,122
2024-06-07,coarse_ex_psu,Coarse | Ex PSU,Sector_Coarse,True,0.18644385068452227,0.283011656202592,0.09656780551806973,0.32727533778369083,0.14083148709916857,155,11935,315,122
2024-06-14,coarse_ex_psu,Coarse | Ex PSU,Sector_Coarse,True,0.18237901796711642,0.2822989678817031,0.09991994991458669,0.32441744069324463,0.1420384227261282,155,11935,315,122
2024-06-21,coarse_ex_psu,Coarse | Ex PSU,Sector_Coarse,True,0.17790117699142086,0.2803820579780768,0.10248088098665595,0.3198565070237833,0.14195533003236246,155,11935,315,122
2024-06-28,coarse_ex_psu,Coarse | Ex PSU,Sector_Coarse,True,0.17113798166703195,0.26700829796637715,0.0958703162993452,0.3145992744006208,0.14346129273358885,155,11935,315,122
2024-07-05,coarse_ex_psu,Coarse | Ex PSU,Sector_Coarse,True,0.17305884124674525,0.27001335738411214,0.09695451613736689,0.313795876364232,0.14073703511748675,155,11935,315,122
2024-07-12,coarse_ex_psu,Coarse | Ex PSU,Sector_Coarse,True,0.17214871290763595,0.27036334372064896,0.09821463081301302,0.31424141905626746,0.1420927061486315,155,11935,315,122
2024-07-19,coarse_ex_psu,Coarse | Ex PSU,Sector_Coarse,True,0.17495518761515866,0.2733228161905657,0.09836762857540704,0.3168679470193238,0.14191275940416515,155,11935,315,122
2024-07-26,coarse_ex_psu,Coarse | Ex PSU,Sector_Coarse,True,0.17954737227887424,0.2735859021295386,0.09403852985066435,0.32734004481518464,0.1477926725363104,155,11935,315,122
2024-08-02,coarse_ex_psu,Coarse | Ex PSU,Sector_Coarse,True,0.18023122704295735,0.27427994916460174,0.09404872212164439,0.321936970174292,0.14170574313133466,155,11935,315,122
2024-08-09,coarse_ex_psu,Coarse | Ex PSU,Sector_Coarse,True,0.183587309134383,0.28259365763577177,0.09900634850138876,0.3249155103683293,0.14132820123394627,155,11935,315,122
2024-08-16,coarse_ex_psu,Coarse | Ex PSU,Sector_Coarse,True,0.17992592910419303,0.28088803536189355,0.10096210625770052,0.32313995262420436,0.14321402352001134,155,11935,315,122
2024-08-23,coarse_ex_psu,Coarse | Ex PSU,Sector_Coarse,True,0.18162566547690412,0.28364307862127386,0.10201741314436974,0.32842661357307396,0.14680094809616984,155,11935,315,122
2024-08-30,coarse_ex_psu,Coarse | Ex PSU,Sector_Coarse,True,0.1812068519119304,0.2827814776461092,0.10157462573417883,0.3263449471527338,0.14513809524080343,155,11935,315,122
2024-09-06,coarse_ex_psu,Coarse | Ex PSU,Sector_Coarse,True,0.17770021829506863,0.2801194836672228,0.10241926537215415,0.32467001283279984,0.1469697945377312,155,11935,315,122
2024-09-13,coarse_ex_psu,Coarse | Ex PSU,Sector_Coarse,True,0.179724589584142,0.28144926511476503,0.10172467553062303,0.325185953886449,0.145461364302307,155,11935,315,122
2024-09-20,coarse_ex_psu,Coarse | Ex PSU,Sector_Coarse,True,0.16816691753539814,0.27517481268560884,0.1070078951502107,0.31781545275954365,0.1496485352241455,157,12246,318,122
2024-09-27,coarse_ex_psu,Coarse | Ex PSU,Sector_Coarse,True,0.17234739573345986,0.2757752350378918,0.10342783930443195,0.3455068120600237,0.17315941632656384,162,13041,319,136
2024-10-04,coarse_ex_psu,Coarse | Ex PSU,Sector_Coarse,True,0.19315570756706854,0.3031185672876055,0.10996285972053696,0.3655448623456259,0.17238915477855735,149,11026,305,131
2024-10-11,coarse_ex_psu,Coarse | Ex PSU,Sector_Coarse,True,0.1912588372316978,0.3018367019510088,0.11057786471931103,0.3625429744524465,0.1712841372207487,149,11026,305,131
2024-10-18,coarse_ex_psu,Coarse | Ex PSU,Sector_Coarse,True,0.19166070335355323,0.3029887729418148,0.11132806958826158,0.3649710993806428,0.17331039602708959,149,11026,305,131
2024-10-25,coarse_ex_psu,Coarse | Ex PSU,Sector_Coarse,True,0.21203451921038224,0.3058658678932385,0.09383134868285625,0.3764808273289504,0.16444630811856814,149,11026,305,131
2024-11-01,coarse_ex_psu,Coarse | Ex PSU,Sector_Coarse,True,0.21004846669921698,0.306220191933063,0.09617172523384601,0.37328763851149793,0.16323917181228095,149,11026,305,131
2024-11-08,coarse_ex_psu,Coarse | Ex PSU,Sector_Coarse,True,0.2086829773576604,0.3050120490549408,0.09632907169728039,0.3730475120288904,0.16436453467123002,149,11026,305,131
2024-11-15,coarse_ex_psu,Coarse | Ex PSU,Sector_Coarse,True,0.22069604767990755,0.31346848268366845,0.0927724350037609,0.37935577742829446,0.1586597297483869,149,11026,305,131
2024-11-22,coarse_ex_psu,Coarse | Ex PSU,Sector_Coarse,True,0.21627332609058542,0.3094410710223335,0.09316774493174806,0.3835472315656997,0.16727390547511428,149,11026,305,131
2024-11-29,coarse_ex_psu,Coarse | Ex PSU,Sector_Coarse,True,0.21357066222589657,0.30385845760113644,0.09028779537523987,0.3841062683791163,0.17053560615321975,150,11175,308,131
2024-12-06,coarse_ex_psu,Coarse | Ex PSU,Sector_Coarse,True,0.21537916383216557,0.3028756156343885,0.0874964518022229,0.3709847054769291,0.1556055416447635,150,11175,308,131
2024-12-13,coarse_ex_psu,Coarse | Ex PSU,Sector_Coarse,True,0.21456847810754873,0.29931434924721895,0.08474587113967022,0.370853440018651,0.15628496191110228,150,11175,308,131
2024-12-20,coarse_ex_psu,Coarse | Ex PSU,Sector_Coarse,True,0.2334681084677221,0.31782207446640204,0.08435396599867995,0.39748824268804095,0.16402013422031886,150,11175,308,131
2024-12-27,coarse_ex_psu,Coarse | Ex PSU,Sector_Coarse,True,0.22990198004303117,0.31303147232351847,0.0831294922804873,0.39701970958480015,0.16711772954176898,150,11175,308,131
2025-01-03,coarse_ex_psu,Coarse | Ex PSU,Sector_Coarse,True,0.23056624344151921,0.3165070805170986,0.08594083707557937,0.3926333964218578,0.16206715298033858,150,11175,308,131
2025-01-10,coarse_ex_psu,Coarse | Ex PSU,Sector_Coarse,True,0.24555341553715213,0.326307098111473,0.08075368257432089,0.3993427322321221,0.15378931669496995,150,11175,308,131
2025-01-17,coarse_ex_psu,Coarse | Ex PSU,Sector_Coarse,True,0.2437919556673883,0.32694029940743696,0.08314834374004867,0.3975559558229177,0.1537640001555294,150,11175,308,131
2025-01-24,coarse_ex_psu,Coarse | Ex PSU,Sector_Coarse,True,0.2426963251208153,0.3232959858025207,0.08059966068170543,0.39498235424122935,0.15228602912041406,150,11175,308,131
2025-01-31,coarse_ex_psu,Coarse | Ex PSU,Sector_Coarse,True,0.24043876159943026,0.32554233837219126,0.08510357677276101,0.3940274524211654,0.15358869082173512,150,11175,308,131
2025-02-07,coarse_ex_psu,Coarse | Ex PSU,Sector_Coarse,True,0.2418592456024134,0.32705280263817327,0.08519355703575987,0.39219365043523097,0.15033440483281757,150,11175,308,131
2025-02-14,coarse_ex_psu,Coarse | Ex PSU,Sector_Coarse,True,0.26725654310303715,0.3387739068338307,0.07151736373079354,0.4104691115158264,0.14321256841278923,150,11175,308,131
2025-02-21,coarse_ex_psu,Coarse | Ex PSU,Sector_Coarse,True,0.2645572725026782,0.33744791251939266,0.07289064001671447,0.4072008857706088,0.14264361326793062,150,11175,308,131
2025-02-28,coarse_ex_psu,Coarse | Ex PSU,Sector_Coarse,True,0.27837320453118347,0.3484962233561203,0.07012301882493682,0.42230965348440425,0.14393644895322077,150,11175,308,131
2025-03-07,coarse_ex_psu,Coarse | Ex PSU,Sector_Coarse,True,0.2856814353308225,0.3525251225953171,0.06684368726449458,0.43524942050888793,0.1495679851780654,150,11175,308,131
2025-03-14,coarse_ex_psu,Coarse | Ex PSU,Sector_Coarse,True,0.2834602477430983,0.3489336366173685,0.06547338887427018,0.4281664127324943,0.14470616498939598,150,11175,308,131
2025-03-21,coarse_ex_psu,Coarse | Ex PSU,Sector_Coarse,True,0.30590107859743465,0.37468886748451524,0.06878778888708059,0.4494249244597171,0.14352384586228245,150,11175,308,131
2025-03-28,coarse_ex_psu,Coarse | Ex PSU,Sector_Coarse,True,0.28910121275835915,0.3604589258715935,0.07135771311323436,0.4480112216642129,0.15891000890585377,149,11026,313,118
2025-04-04,coarse_ex_psu,Coarse | Ex PSU,Sector_Coarse,True,0.28722429845877695,0.3589188494843286,0.07169455102555167,0.4385766638726021,0.15135236541382513,152,11476,313,118
2025-04-11,coarse_ex_psu,Coarse | Ex PSU,Sector_Coarse,True,0.28611832054932257,0.36003720930356886,0.07391888875424629,0.4386871736746351,0.15256885312531254,152,11476,313,118
2025-04-18,coarse_ex_psu,Coarse | Ex PSU,Sector_Coarse,True,0.29605114709956054,0.37079399691252457,0.07474284981296403,0.44510002648677083,0.1490488793872103,152,11476,313,118
2025-04-25,coarse_ex_psu,Coarse | Ex PSU,Sector_Coarse,True,0.2935117692264861,0.3812159271469778,0.08770415792049169,0.4435827125433513,0.1500709433168652,152,11476,313,118
2025-05-02,coarse_ex_psu,Coarse | Ex PSU,Sector_Coarse,True,0.29392060144280735,0.38179017950874233,0.08786957806593498,0.44177714244860206,0.1478565410057947,152,11476,313,118
2025-05-09,coarse_ex_psu,Coarse | Ex PSU,Sector_Coarse,True,0.2950660851529266,0.38113921836118103,0.08607313320825444,0.4374811034637038,0.14241501831077719,152,11476,313,118
2025-05-16,coarse_ex_psu,Coarse | Ex PSU,Sector_Coarse,True,0.3112583628738033,0.40414761170404717,0.09288924883024385,0.46447818044918204,0.15321981757537873,152,11476,313,118
2025-05-23,coarse_ex_psu,Coarse | Ex PSU,Sector_Coarse,True,0.305692563253309,0.3983287980256756,0.0926362347723666,0.4488509143350355,0.14315835108172648,152,11476,313,118
2025-05-30,coarse_ex_psu,Coarse | Ex PSU,Sector_Coarse,True,0.3042403192453899,0.39744901359798784,0.09320869435259793,0.4427158045988855,0.13847548535349558,152,11476,313,118
2025-06-06,coarse_ex_psu,Coarse | Ex PSU,Sector_Coarse,True,0.2944464064042456,0.3861825176316192,0.09173611122737363,0.4299684312733514,0.1355220248691058,152,11476,313,118
2025-06-13,coarse_ex_psu,Coarse | Ex PSU,Sector_Coarse,True,0.29636728037333676,0.3863035728963545,0.08993629252301771,0.42976336292998096,0.1333960825566442,152,11476,313,118
2025-06-20,coarse_ex_psu,Coarse | Ex PSU,Sector_Coarse,True,0.2969333200992043,0.3851940575680025,0.0882607374687982,0.4276750933272358,0.1307417732280315,152,11476,313,118
2025-06-27,coarse_ex_psu,Coarse | Ex PSU,Sector_Coarse,True,0.30137844472781866,0.3932122090896348,0.09183376436181612,0.4345655943418099,0.13318714961399125,152,11476,313,118
2025-07-04,coarse_ex_psu,Coarse | Ex PSU,Sector_Coarse,True,0.29871939823829696,0.3926079143878011,0.09388851614950416,0.4327464821584052,0.13402708392010826,152,11476,313,118
2025-07-11,coarse_ex_psu,Coarse | Ex PSU,Sector_Coarse,True,0.3004122959520904,0.39204997668990144,0.09163768073781103,0.4350202222381363,0.1346079262860459,152,11476,313,118
2025-07-18,coarse_ex_psu,Coarse | Ex PSU,Sector_Coarse,True,0.2998838269048348,0.39192670998837675,0.09204288308354197,0.43586359561142357,0.1359797687065888,152,11476,313,118
2025-07-25,coarse_ex_psu,Coarse | Ex PSU,Sector_Coarse,True,0.29854184062944283,0.39491238990472455,0.09637054927528171,0.42674826708357916,0.12820642645413632,152,11476,313,118
2025-08-01,coarse_ex_psu,Coarse | Ex PSU,Sector_Coarse,True,0.3009196083443968,0.3970438105154596,0.09612420217106282,0.4329527450073653,0.1320331366629685,152,11476,313,118
2025-08-08,coarse_ex_psu,Coarse | Ex PSU,Sector_Coarse,True,0.30170342033765274,0.39278053125480716,0.09107711091715442,0.43378550174015607,0.13208208140250333,152,11476,313,118
2025-08-15,coarse_ex_psu,Coarse | Ex PSU,Sector_Coarse,True,0.3034399404228912,0.3945316900332882,0.09109174961039701,0.4341829380296913,0.13074299760680014,152,11476,313,118
2025-08-22,coarse_ex_psu,Coarse | Ex PSU,Sector_Coarse,True,0.30357630863813173,0.39475787574479626,0.09118156710666453,0.4308603030183038,0.12728399438017207,152,11476,313,118
2025-08-29,coarse_ex_psu,Coarse | Ex PSU,Sector_Coarse,True,0.30622289732913544,0.3996325107203653,0.09340961339122988,0.4304650574695813,0.12424216014044587,152,11476,313,118
2025-09-05,coarse_ex_psu,Coarse | Ex PSU,Sector_Coarse,True,0.3096863314827923,0.4045514262791106,0.09486509479631833,0.43855977970185483,0.12887344821906255,152,11476,313,118
2025-09-12,coarse_ex_psu,Coarse | Ex PSU,Sector_Coarse,True,0.3088328944634021,0.40556529572828065,0.09673240126487853,0.4396135188670604,0.13078062440365829,152,11476,313,118
2025-09-19,coarse_ex_psu,Coarse | Ex PSU,Sector_Coarse,True,0.3083205225407658,0.406556492189715,0.0982359696489492,0.4444612249331354,0.13614070239236958,153,11628,313,118
2025-09-26,coarse_ex_psu,Coarse | Ex PSU,Sector_Coarse,True,0.3178825875110536,0.41535622207406386,0.09747363456301028,0.4619625787878848,0.14407999127683124,162,13041,316,122
2025-10-03,coarse_ex_psu,Coarse | Ex PSU,Sector_Coarse,True,0.32732584349256577,0.41366529067903657,0.0863394471864708,0.4695849033803414,0.14225905988777565,157,12246,288,115
2025-10-10,coarse_ex_psu,Coarse | Ex PSU,Sector_Coarse,True,0.3288506141266506,0.4137728935143801,0.0849222793877295,0.4677584153203284,0.1389078011936778,157,12246,288,115
2025-10-17,coarse_ex_psu,Coarse | Ex PSU,Sector_Coarse,True,0.3242877950203516,0.4076598254122589,0.08337203039190733,0.416910039948662,0.0926222449283104,157,12246,288,115
2025-10-24,coarse_ex_psu,Coarse | Ex PSU,Sector_Coarse,True,0.3128818553508132,0.4035770222435634,0.0906951668927502,0.4080846723239818,0.09520281697316862,157,12246,288,115
2025-10-31,coarse_ex_psu,Coarse | Ex PSU,Sector_Coarse,True,0.3133487866600363,0.40081797309632217,0.08746918643628587,0.4082770212389853,0.094928234578949,157,12246,288,115
2025-11-07,coarse_ex_psu,Coarse | Ex PSU,Sector_Coarse,True,0.3142773340568013,0.40153274123772476,0.08725540718092345,0.41179990380885045,0.09752256975204915,157,12246,288,115
2025-11-14,coarse_ex_psu,Coarse | Ex PSU,Sector_Coarse,True,0.3047381520620185,0.39081759770968166,0.08607944564766318,0.407082426082914,0.10234427402089552,157,12246,288,115
2025-11-21,coarse_ex_psu,Coarse | Ex PSU,Sector_Coarse,True,0.311500081090701,0.3954628348878523,0.08396275379715129,0.3995452178195831,0.08804513672888209,157,12246,288,115
2025-11-28,coarse_ex_psu,Coarse | Ex PSU,Sector_Coarse,True,0.311982616923171,0.4018230812423149,0.08984046431914394,0.3919477180040659,0.07996510108089494,157,12246,288,115
2025-12-05,coarse_ex_psu,Coarse | Ex PSU,Sector_Coarse,True,0.3094741756464021,0.40391533026811466,0.09444115462171254,0.3877660222360092,0.07829184658960708,157,12246,288,115
2025-12-12,coarse_ex_psu,Coarse | Ex PSU,Sector_Coarse,True,0.309908873524429,0.40576277963074037,0.09585390610631139,0.3887922999091588,0.07888342638472984,157,12246,288,115
2025-12-19,coarse_ex_psu,Coarse | Ex PSU,Sector_Coarse,True,0.297767921023177,0.38338225759027633,0.08561433656709933,0.36844305820453477,0.07067513718135776,157,12246,288,115
2025-12-26,coarse_ex_psu,Coarse | Ex PSU,Sector_Coarse,True,0.29790665283676865,0.38345083804580304,0.0855441852090344,0.3676793599910073,0.06977270715423867,157,12246,288,115
2016-01-01,fine_all,Fine | With PSU,Sector_Fine,False,0.24863385870046592,0.3817348246934984,0.13310096599303248,0.25196586344681593,0.003332004746350009,162,13041,172,366
2016-01-08,fine_all,Fine | With PSU,Sector_Fine,False,0.25795277965371766,0.3952709350810454,0.13731815542732773,0.25678496123613087,-0.0011678184175867856,162,13041,172,366
2016-01-15,fine_all,Fine | With PSU,Sector_Fine,False,0.28030606443455675,0.4232059413663403,0.14289987693178358,0.29243704513075613,0.01213098069619939,162,13041,172,366
2016-01-22,fine_all,Fine | With PSU,Sector_Fine,False,0.27810493121968705,0.42263634094310865,0.1445314097234216,0.28387807179296193,0.005773140573274882,162,13041,172,366
2016-01-29,fine_all,Fine | With PSU,Sector_Fine,False,0.282139981413877,0.427869460603994,0.14572947919011703,0.28982427171589653,0.0076842903020195585,162,13041,172,366
2016-02-05,fine_all,Fine | With PSU,Sector_Fine,False,0.27760104556574455,0.4144159967976002,0.13681495123185566,0.2868917522089284,0.009290706643183821,162,13041,172,366
2016-02-12,fine_all,Fine | With PSU,Sector_Fine,False,0.3074303472958631,0.4411695125427626,0.1337391652468995,0.3371890801260912,0.02975873283022812,162,13041,172,366
2016-02-19,fine_all,Fine | With PSU,Sector_Fine,False,0.3125441914103672,0.44353513529856836,0.13099094388820115,0.34128432735143366,0.028740135941066447,162,13041,172,366
2016-02-26,fine_all,Fine | With PSU,Sector_Fine,False,0.31627552745237575,0.44764035576131006,0.1313648283089343,0.34315847703501595,0.026882949582640203,162,13041,172,366
2016-03-04,fine_all,Fine | With PSU,Sector_Fine,False,0.34397745430271415,0.4857781851540255,0.14180073085131134,0.3765555733253032,0.03257811902258906,162,13041,172,366
2016-03-11,fine_all,Fine | With PSU,Sector_Fine,False,0.34457211324480774,0.48273407894039044,0.1381619656955827,0.3787314241697546,0.03415931092494684,162,13041,172,366
2016-03-18,fine_all,Fine | With PSU,Sector_Fine,False,0.34403785921931557,0.48725133542676297,0.1432134762074474,0.38239990891423686,0.038362049694921296,162,13041,172,366
2016-03-25,fine_all,Fine | With PSU,Sector_Fine,False,0.34463972007597915,0.4855514230317251,0.14091170295574595,0.381853371061502,0.03721365098552287,162,13041,172,366
2016-04-01,fine_all,Fine | With PSU,Sector_Fine,False,0.3393897987560735,0.48183710652041,0.1424473077643365,0.3747762260316574,0.03538642727558389,162,13041,172,366
2016-04-08,fine_all,Fine | With PSU,Sector_Fine,False,0.33224404331258545,0.4800446866084965,0.14780064329591103,0.36239202857747865,0.030147985264893207,162,13041,172,366
2016-04-15,fine_all,Fine | With PSU,Sector_Fine,False,0.339476228790054,0.49199256629685295,0.15251633750679894,0.3777830369335744,0.03830680814352039,162,13041,172,366
2016-04-22,fine_all,Fine | With PSU,Sector_Fine,False,0.33033443401751345,0.4890279310730488,0.15869349705553537,0.37089890238053236,0.04056446836301891,162,13041,172,366
2016-04-29,fine_all,Fine | With PSU,Sector_Fine,False,0.3191967961740297,0.462756379543364,0.14355958336933433,0.3447562040147087,0.025559407840679005,155,11875,161,441
2016-05-06,fine_all,Fine | With PSU,Sector_Fine,False,0.3212575596566084,0.46674639564909315,0.14548883599248474,0.3468347556575819,0.025577196000973468,155,11875,161,441
2016-05-13,fine_all,Fine | With PSU,Sector_Fine,False,0.31868040764686484,0.46471731282919154,0.1460369051823267,0.3465027112535947,0.02782230360672988,155,11875,161,441
2016-05-20,fine_all,Fine | With PSU,Sector_Fine,False,0.3198639017513518,0.4641656217361213,0.14430171998476948,0.3464062317873024,0.02654233003595058,155,11875,161,441
2016-05-27,fine_all,Fine | With PSU,Sector_Fine,False,0.3253180927910473,0.46748045009654415,0.14216235730549687,0.3539873156240341,0.02866922283298684,155,11905,161,441
2016-06-03,fine_all,Fine | With PSU,Sector_Fine,False,0.3147512902911261,0.45387188954523006,0.13912059925410397,0.34550185207898937,0.030750561787863284,155,11905,161,441
2016-06-10,fine_all,Fine | With PSU,Sector_Fine,False,0.30904062472052685,0.44908625316110595,0.1400456284405791,0.34085940324764835,0.031818778527121505,155,11905,161,441
2016-06-17,fine_all,Fine | With PSU,Sector_Fine,False,0.3027507705900345,0.43872468863106856,0.13597391804103404,0.3385138899743492,0.0357631193843147,155,11905,161,441
2016-06-24,fine_all,Fine | With PSU,Sector_Fine,False,0.30205010445952196,0.4389434137158207,0.13689330925629872,0.3383303954244225,0.03628029096490054,155,11905,161,441
2016-07-01,fine_all,Fine | With PSU,Sector_Fine,False,0.3163534008274318,0.45285249308084996,0.13649909225341816,0.3608734264894464,0.04452002566201463,155,11905,161,441
2016-07-08,fine_all,Fine | With PSU,Sector_Fine,False,0.31706958199712854,0.45461946058141983,0.1375498785842913,0.36342080490048045,0.04635122290335192,155,11905,161,441
2016-07-15,fine_all,Fine | With PSU,Sector_Fine,False,0.3101126851994473,0.44756537558105386,0.13745269038160657,0.3644620935605451,0.054349408361097806,155,11905,161,441
2016-07-22,fine_all,Fine | With PSU,Sector_Fine,False,0.30899226192161505,0.4456156847309716,0.13662342280935652,0.35882839949241213,0.04983613757079708,155,11905,161,441
2016-07-29,fine_all,Fine | With PSU,Sector_Fine,False,0.31116183364398164,0.4500264543843357,0.13886462074035405,0.3636545778755245,0.052492744231542876,155,11905,161,441
2016-08-05,fine_all,Fine | With PSU,Sector_Fine,False,0.31033358809879746,0.4549173589498556,0.1445837708510581,0.3676953952549452,0.05736180715614775,155,11905,161,441
2016-08-12,fine_all,Fine | With PSU,Sector_Fine,False,0.30835222963187875,0.44904470952934544,0.1406924798974667,0.3601887868889627,0.05183655725708397,155,11905,161,441
2016-08-19,fine_all,Fine | With PSU,Sector_Fine,False,0.3075697244012655,0.4557498818522995,0.14818015745103397,0.3614216349761223,0.053851910574856776,155,11905,161,441
2016-08-26,fine_all,Fine | With PSU,Sector_Fine,False,0.2943558288019513,0.4327292404540821,0.1383734116521308,0.3557779102213775,0.06142208141942618,155,11905,161,441
2016-09-02,fine_all,Fine | With PSU,Sector_Fine,False,0.28403161737114924,0.4196835284736913,0.13565191110254204,0.3432876475350388,0.059256030163889584,155,11905,161,441
2016-09-09,fine_all,Fine | With PSU,Sector_Fine,False,0.28482342035786895,0.4108895968958758,0.12606617653800684,0.33971851945959336,0.05489509910172441,155,11905,161,441
2016-09-16,fine_all,Fine | With PSU,Sector_Fine,False,0.28838086454926704,0.40874083554298746,0.12035997099372042,0.35325667442632125,0.06487580987705421,155,11905,161,441
2016-09-23,fine_all,Fine | With PSU,Sector_Fine,False,0.2902669537131901,0.4137070812936974,0.12344012758050726,0.3627884963978637,0.07252154268467359,155,11905,161,441
2016-09-30,fine_all,Fine | With PSU,Sector_Fine,False,0.29559455119475625,0.4356252569430153,0.14003070574825904,0.36895319781415453,0.07335864661939828,154,11751,151,420
2016-10-07,fine_all,Fine | With PSU,Sector_Fine,False,0.29824463527356504,0.43733901895764715,0.1390943836840821,0.36900649920614115,0.07076186393257611,154,11751,151,420
2016-10-14,fine_all,Fine | With PSU,Sector_Fine,False,0.30043547293070727,0.4394282508941359,0.13899277796342863,0.36999825048023277,0.0695627775495255,154,11751,151,420
2016-10-21,fine_all,Fine | With PSU,Sector_Fine,False,0.2811219012400325,0.4095458698896917,0.12842396864965921,0.3590678816155969,0.07794598037556438,161,12868,165,443
2016-10-28,fine_all,Fine | With PSU,Sector_Fine,False,0.2602386259874857,0.38978080496814266,0.12954217898065695,0.3354387942389848,0.07520016825149911,175,15199,176,513
2016-11-04,fine_all,Fine | With PSU,Sector_Fine,False,0.27406812327073,0.40275739722837334,0.12868927395764335,0.3580692089725465,0.08400108570181652,175,15199,176,513
2016-11-11,fine_all,Fine | With PSU,Sector_Fine,False,0.27062320291923053,0.4044149494676883,0.13379174654845777,0.36082888785484424,0.0902056849356137,175,15199,176,513
2016-11-18,fine_all,Fine | With PSU,Sector_Fine,False,0.2761382197592258,0.4041890778673279,0.12805085810810207,0.36268551533224624,0.08654729557302043,175,15199,176,513
2016-11-25,fine_all,Fine | With PSU,Sector_Fine,False,0.2723242660888364,0.4089590974081619,0.13663483131932547,0.3561330321573117,0.08380876606847526,175,15199,176,513
2016-12-02,fine_all,Fine | With PSU,Sector_Fine,False,0.27018024991516126,0.4076102840721336,0.13743003415697236,0.3544920599739199,0.08431181005875865,175,15199,176,513
2016-12-09,fine_all,Fine | With PSU,Sector_Fine,False,0.2682077809642585,0.4043064819641625,0.136098700999904,0.3515620567066028,0.08335427574234427,175,15199,176,513
2016-12-16,fine_all,Fine | With PSU,Sector_Fine,False,0.2659823080708115,0.4064358166256605,0.14045350855484895,0.3564072047551736,0.0904248966843621,175,15199,176,513
2016-12-23,fine_all,Fine | With PSU,Sector_Fine,False,0.270752532917195,0.4095624632151113,0.13880993029791633,0.35777705138457,0.08702451846737502,175,15199,176,513
2016-12-30,fine_all,Fine | With PSU,Sector_Fine,False,0.2708355074858882,0.4099791547042585,0.1391436472183703,0.35772096674455744,0.08688545925866925,174,15025,176,513
2017-01-06,fine_all,Fine | With PSU,Sector_Fine,False,0.2686123292640955,0.40512235385672357,0.13651002459262807,0.35951335213657204,0.09090102287247653,174,15025,176,513
2017-01-13,fine_all,Fine | With PSU,Sector_Fine,False,0.25363742119481614,0.39035959891781025,0.1367221777229941,0.34375885959645647,0.09012143840164033,174,15025,176,513
2017-01-20,fine_all,Fine | With PSU,Sector_Fine,False,0.25454568441538283,0.391045229870363,0.13649954545498016,0.3527653023126063,0.09821961789722344,174,15025,176,513
2017-01-27,fine_all,Fine | With PSU,Sector_Fine,False,0.26012852979674417,0.40091169854734443,0.14078316875060026,0.37418412087532965,0.11405559107858548,174,15025,176,513
2017-02-03,fine_all,Fine | With PSU,Sector_Fine,False,0.2599459492299132,0.40688230882849086,0.14693635959857765,0.3656581849072333,0.10571223567732008,174,15025,176,513
2017-02-10,fine_all,Fine | With PSU,Sector_Fine,False,0.22478709111879808,0.3705269308061254,0.14573983968732734,0.31398085715105717,0.08919376603225909,174,15025,176,513
2017-02-17,fine_all,Fine | With PSU,Sector_Fine,False,0.22134873197095017,0.36303498130588835,0.14168624933493817,0.317171027975156,0.09582229600420583,174,15025,176,513
2017-02-24,fine_all,Fine | With PSU,Sector_Fine,False,0.21352174138223948,0.3528740955658602,0.1393523541836207,0.31068101974085327,0.0971592783586138,174,15025,176,513
2017-03-03,fine_all,Fine | With PSU,Sector_Fine,False,0.18869110060216207,0.31985354810697203,0.13116244750480996,0.2892109771684227,0.10051987656626063,174,15025,176,513
2017-03-10,fine_all,Fine | With PSU,Sector_Fine,False,0.18851513233136655,0.3198542422880901,0.13133910995672357,0.289537714912272,0.10102258258090543,174,15025,176,513
2017-03-17,fine_all,Fine | With PSU,Sector_Fine,False,0.19699783370971452,0.3233849672168245,0.12638713350711,0.28900327494674366,0.09200544123702914,174,15025,176,513
2017-03-24,fine_all,Fine | With PSU,Sector_Fine,False,0.1955271798461361,0.3223039841938033,0.1267768043476672,0.28888662851883534,0.09335944867269924,174,15051,176,513
2017-03-31,fine_all,Fine | With PSU,Sector_Fine,False,0.20043766333266522,0.33615228157856547,0.13571461824590025,0.2907813750566571,0.09034371172399186,172,14706,162,462
2017-04-07,fine_all,Fine | With PSU,Sector_Fine,False,0.19978828262247264,0.3326079347599237,0.13281965213745103,0.2889332933311105,0.08914501070863787,172,14706,162,462
2017-04-14,fine_all,Fine | With PSU,Sector_Fine,False,0.19130334722357295,0.32440000104651223,0.13309665382293928,0.27957669937647245,0.0882733521528995,172,14706,162,462
2017-04-21,fine_all,Fine | With PSU,Sector_Fine,False,0.19030617230833624,0.324531423838025,0.13422525152968878,0.2775129993532556,0.08720682704491933,172,14706,162,462
2017-04-28,fine_all,Fine | With PSU,Sector_Fine,False,0.19506895794320617,0.35477006806002953,0.15970111011682336,0.2787836502377357,0.08371469229452955,172,14706,162,462
2017-05-05,fine_all,Fine | With PSU,Sector_Fine,False,0.1920332573944207,0.35176683807958864,0.15973358068516794,0.2727298903127566,0.08069663291833587,172,14706,162,462
2017-05-12,fine_all,Fine | With PSU,Sector_Fine,False,0.19152883932036743,0.3554137864827457,0.16388494716237825,0.27363287713534457,0.08210403781497713,172,14706,162,462
2017-05-19,fine_all,Fine | With PSU,Sector_Fine,False,0.19017996707626206,0.35350713541437734,0.16332716833811528,0.27301580702608924,0.08283583994982718,172,14706,162,462
2017-05-26,fine_all,Fine | With PSU,Sector_Fine,False,0.18346420983382308,0.3292322285150163,0.14576801868119324,0.2681571504848474,0.08469294065102431,171,14535,158,459
2017-06-02,fine_all,Fine | With PSU,Sector_Fine,False,0.18237395027643324,0.3232499305648343,0.14087598028840106,0.2733522379714296,0.09097828769499636,171,14535,158,459
2017-06-09,fine_all,Fine | With PSU,Sector_Fine,False,0.18233994763217393,0.32358498136693836,0.14124503373476444,0.2754220548039791,0.09308210717180515,171,14535,158,459
2017-06-16,fine_all,Fine | With PSU,Sector_Fine,False,0.1835848503742626,0.32884885961302623,0.14526400923876365,0.2806239912991758,0.09703914092491323,171,14535,158,459
2017-06-23,fine_all,Fine | With PSU,Sector_Fine,False,0.18629512323743608,0.33214863461063393,0.14585351137319785,0.28948953917500597,0.1031944159375699,171,14535,158,459
2017-06-30,fine_all,Fine | With PSU,Sector_Fine,False,0.16996065957061168,0.319399463472456,0.14943880390184433,0.2698393406812914,0.09987868111067971,172,14706,159,459
2017-07-07,fine_all,Fine | With PSU,Sector_Fine,False,0.1715567757779585,0.32114649889424235,0.14958972311628385,0.27403931668578907,0.10248254090783057,172,14706,159,459
2017-07-14,fine_all,Fine | With PSU,Sector_Fine,False,0.1723701186164096,0.3189052202548824,0.14653510163847278,0.2699386307893676,0.09756851217295798,172,14706,159,459
2017-07-21,fine_all,Fine | With PSU,Sector_Fine,False,0.17204961665971857,0.3128825476418143,0.1408329309820957,0.27590670677179174,0.10385709011207317,172,14706,159,459
2017-07-28,fine_all,Fine | With PSU,Sector_Fine,False,0.1710681737891318,0.3109258652314467,0.1398576914423149,0.27762405118413674,0.10655587739500494,172,14706,159,459
2017-08-04,fine_all,Fine | With PSU,Sector_Fine,False,0.16997456954537699,0.3138283720735311,0.1438538025281541,0.2721455232052054,0.10217095365982842,172,14706,159,459
2017-08-11,fine_all,Fine | With PSU,Sector_Fine,False,0.19951542443343281,0.3382563974182776,0.1387409729848448,0.3000812377097233,0.10056581327629047,172,14706,159,459
2017-08-18,fine_all,Fine | With PSU,Sector_Fine,False,0.20515369619836507,0.33821896429045545,0.13306526809209038,0.3028659852814826,0.09771228908311755,172,14706,159,459
2017-08-25,fine_all,Fine | With PSU,Sector_Fine,False,0.20585932672245766,0.3386533928309507,0.13279406610849304,0.30427202563947997,0.09841269891702231,172,14706,159,459
2017-09-01,fine_all,Fine | With PSU,Sector_Fine,False,0.2081473718353656,0.33463024970111943,0.12648287786575382,0.3017515281700375,0.09360415633467187,172,14706,159,459
2017-09-08,fine_all,Fine | With PSU,Sector_Fine,False,0.2066034636444371,0.33412939883198606,0.12752593518754896,0.2995395113645945,0.0929360477201574,172,14706,159,459
2017-09-15,fine_all,Fine | With PSU,Sector_Fine,False,0.20546586315725718,0.327061140780249,0.12159527762299183,0.2889821023590768,0.08351623920181961,172,14706,159,459
2017-09-22,fine_all,Fine | With PSU,Sector_Fine,False,0.20880703933435488,0.3326614120758082,0.1238543727414533,0.2955741306665109,0.08676709133215602,173,14878,160,459
2017-09-29,fine_all,Fine | With PSU,Sector_Fine,False,0.2052683322135062,0.33081021538542654,0.12554188317192033,0.28522996855224947,0.07996163633874326,176,15392,168,459
2017-10-06,fine_all,Fine | With PSU,Sector_Fine,False,0.20416515875488536,0.33104855112966497,0.1268833923747796,0.27914386481157255,0.07497870605668719,176,15392,168,459
2017-10-13,fine_all,Fine | With PSU,Sector_Fine,False,0.20326819210240246,0.32641856631333693,0.12315037421093447,0.27811715720054303,0.07484896509814057,176,15392,168,459
2017-10-20,fine_all,Fine | With PSU,Sector_Fine,False,0.20321706336848655,0.3269587216708613,0.12374165830237477,0.27756609096289475,0.0743490275944082,176,15392,168,459
2017-10-27,fine_all,Fine | With PSU,Sector_Fine,False,0.1990946526516488,0.2785883946268515,0.07949374197520268,0.2931758327862212,0.09408118013457242,176,15392,168,459
2017-11-03,fine_all,Fine | With PSU,Sector_Fine,False,0.18503587078014835,0.2643184066594802,0.07928253587933184,0.27499259528985104,0.08995672450970268,176,15392,168,459
2017-11-10,fine_all,Fine | With PSU,Sector_Fine,False,0.184424141618962,0.2619962544569278,0.0775721128379658,0.27432041900594817,0.08989627738698616,176,15392,168,459
2017-11-17,fine_all,Fine | With PSU,Sector_Fine,False,0.1752908525230061,0.2613702016820875,0.08607934915908141,0.27763105223702844,0.10234019971402233,176,15392,168,459
2017-11-24,fine_all,Fine | With PSU,Sector_Fine,False,0.17784783020315773,0.2534110465951434,0.07556321639198568,0.2813326873618799,0.10348485715872216,178,15743,169,459
2017-12-01,fine_all,Fine | With PSU,Sector_Fine,False,0.18246700876013527,0.26083837549854455,0.07837136673840928,0.2925176635468898,0.11005065478675452,178,15743,169,459
2017-12-08,fine_all,Fine | With PSU,Sector_Fine,False,0.17931547085969315,0.25747559098933753,0.07816012012964438,0.2892871914616332,0.10997172060194002,178,15743,169,459
2017-12-15,fine_all,Fine | With PSU,Sector_Fine,False,0.17466530957344983,0.24719224965759765,0.07252694008414781,0.28144584908420306,0.10678053951075323,178,15743,169,459
2017-12-22,fine_all,Fine | With PSU,Sector_Fine,False,0.17112649691594975,0.24253035324283476,0.071403856326885,0.2800090861713698,0.10888258925542008,178,15743,169,459
2017-12-29,fine_all,Fine | With PSU,Sector_Fine,False,0.16687692431552728,0.2413578535166751,0.07448092920114782,0.2783970728048483,0.11152014848932104,178,15744,169,459
2018-01-05,fine_all,Fine | With PSU,Sector_Fine,False,0.16375999597073404,0.23714053495167683,0.0733805389809428,0.2698850559488932,0.10612505997815919,178,15744,169,459
2018-01-12,fine_all,Fine | With PSU,Sector_Fine,False,0.16102268119277574,0.23261183984906425,0.07158915865628851,0.26158427024747133,0.10056158905469559,178,15744,169,459
2018-01-19,fine_all,Fine | With PSU,Sector_Fine,False,0.16281792753278662,0.2344534400508753,0.07163551251808867,0.26518664543500114,0.10236871790221452,178,15744,169,459
2018-01-26,fine_all,Fine | With PSU,Sector_Fine,False,0.15408989395932482,0.22091961455542614,0.06682972059610132,0.23786763142660805,0.08377773746728323,178,15744,169,459
2018-02-02,fine_all,Fine | With PSU,Sector_Fine,False,0.18355517131070584,0.23997476533961157,0.05641959402890573,0.26905219292158566,0.08549702161087983,178,15744,169,459
2018-02-09,fine_all,Fine | With PSU,Sector_Fine,False,0.18157680419584873,0.2429166168477428,0.06133981265189406,0.2713330686825288,0.08975626448668009,178,15744,169,459
2018-02-16,fine_all,Fine | With PSU,Sector_Fine,False,0.182634523113403,0.24683489544855536,0.06420037233515236,0.27144069613621963,0.08880617302281663,178,15744,169,459
2018-02-23,fine_all,Fine | With PSU,Sector_Fine,False,0.1826835880717086,0.24894763099234557,0.06626404292063698,0.2735283518389888,0.09084476376728023,178,15744,169,459
2018-03-02,fine_all,Fine | With PSU,Sector_Fine,False,0.18297495654214843,0.25212641970636934,0.06915146316422091,0.27814782025657453,0.0951728637144261,178,15744,169,459
2018-03-09,fine_all,Fine | With PSU,Sector_Fine,False,0.19555884987255662,0.2657871894372269,0.07022833956467028,0.29513535526422063,0.09957650539166402,178,15744,169,459
2018-03-16,fine_all,Fine | With PSU,Sector_Fine,False,0.18427679873918967,0.25283972607959593,0.06856292734040625,0.2873679727645813,0.10309117402539164,178,15744,169,459
2018-03-23,fine_all,Fine | With PSU,Sector_Fine,False,0.18872816067897782,0.26263994398708296,0.07391178330810513,0.2926110547318361,0.10388289405285825,179,15931,170,459
2018-03-30,fine_all,Fine | With PSU,Sector_Fine,False,0.19193995752986343,0.27235846917327683,0.0804185116434134,0.29358768437293126,0.10164772684306783,182,16471,175,459
2018-04-06,fine_all,Fine | With PSU,Sector_Fine,False,0.20341292543065964,0.2861822250771227,0.08276929964646307,0.30158377404094694,0.0981708486102873,182,16471,175,459
2018-04-13,fine_all,Fine | With PSU,Sector_Fine,False,0.2041488179408759,0.2824868247091582,0.07833800676828231,0.30201009518673094,0.09786127724585506,182,16471,175,459
2018-04-20,fine_all,Fine | With PSU,Sector_Fine,False,0.2046461422458537,0.282283088511193,0.07763694626533929,0.2986177891646469,0.09397164691879317,182,16471,175,459
2018-04-27,fine_all,Fine | With PSU,Sector_Fine,False,0.20274355801434668,0.2710393298588823,0.06829577184453561,0.29924571570888425,0.09650215769453757,182,16471,175,459
2018-05-04,fine_all,Fine | With PSU,Sector_Fine,False,0.20867078541121878,0.27344202162528675,0.06477123621406797,0.3040360215692119,0.09536523615799311,182,16471,175,459
2018-05-11,fine_all,Fine | With PSU,Sector_Fine,False,0.20719224080964532,0.2669461042337949,0.05975386342414957,0.30133919206215093,0.0941469512525056,182,16471,175,459
2018-05-18,fine_all,Fine | With PSU,Sector_Fine,False,0.2093266638346347,0.27070819095692805,0.06138152712229336,0.30646307260928685,0.09713640877465216,182,16471,175,459
2018-05-25,fine_all,Fine | With PSU,Sector_Fine,False,0.2105626151894448,0.2777195889827738,0.06715697379332902,0.3013997300065224,0.09083711481707762,182,16471,175,459
2018-06-01,fine_all,Fine | With PSU,Sector_Fine,False,0.2084595357416713,0.28009165896859867,0.07163212322692736,0.29906850832370874,0.09060897258203743,182,16471,175,459
2018-06-08,fine_all,Fine | With PSU,Sector_Fine,False,0.20965472839249644,0.28151404857651197,0.07185932018401553,0.29886851528963043,0.089213786897134,182,16471,175,459
2018-06-15,fine_all,Fine | With PSU,Sector_Fine,False,0.2080892209054256,0.28309844395459044,0.07500922304916485,0.3022490221327061,0.09415980122728052,182,16471,175,459
2018-06-22,fine_all,Fine | With PSU,Sector_Fine,False,0.2068617436171589,0.2805904487703039,0.07372870515314503,0.2994755095012341,0.09261376588407519,182,16471,175,459
2018-06-29,fine_all,Fine | With PSU,Sector_Fine,False,0.21191283585105627,0.2937714892950697,0.08185865344401341,0.2988538233452977,0.08694098749424142,169,14196,170,474
2018-07-06,fine_all,Fine | With PSU,Sector_Fine,False,0.20799648295712672,0.29161578733150695,0.08361930437438023,0.29478127043124946,0.08678478747412274,169,14196,170,474
2018-07-13,fine_all,Fine | With PSU,Sector_Fine,False,0.20415611867026098,0.28333520914720595,0.07917909047694496,0.290455666335154,0.08629954766489303,169,14196,170,474
2018-07-20,fine_all,Fine | With PSU,Sector_Fine,False,0.20364948133615973,0.280190214936573,0.07654073360041325,0.2890852087938022,0.08543572745764244,169,14196,170,474
2018-07-27,fine_all,Fine | With PSU,Sector_Fine,False,0.2161651390015041,0.28987554955798644,0.07371041055648234,0.30711224847713653,0.09094710947563242,169,14196,170,474
2018-08-03,fine_all,Fine | With PSU,Sector_Fine,False,0.2185730775335668,0.2882297400986853,0.06965666256511849,0.31535216584886444,0.09677908831529763,169,14196,170,474
2018-08-10,fine_all,Fine | With PSU,Sector_Fine,False,0.19660316389744856,0.26735511594273653,0.07075195204528797,0.29776337523093577,0.10116021133348721,169,14196,170,474
2018-08-17,fine_all,Fine | With PSU,Sector_Fine,False,0.18855519018178485,0.26447244489688604,0.07591725471510119,0.2883650191728359,0.09980982899105106,169,14196,170,474
2018-08-24,fine_all,Fine | With PSU,Sector_Fine,False,0.18731243564654484,0.26342341340916714,0.0761109777626223,0.2868160834773874,0.09950364783084256,169,14196,170,474
2018-08-31,fine_all,Fine | With PSU,Sector_Fine,False,0.1834876199232966,0.2619156198459014,0.0784279999226048,0.2889028810855139,0.10541526116221728,169,14196,170,474
2018-09-07,fine_all,Fine | With PSU,Sector_Fine,False,0.18439923683767104,0.26536190883973737,0.08096267200206633,0.28555890044973403,0.101159663612063,169,14196,170,474
2018-09-14,fine_all,Fine | With PSU,Sector_Fine,False,0.18364642016666974,0.26566134486889964,0.0820149247022299,0.2836746384434304,0.10002821827676064,169,14196,170,474
2018-09-21,fine_all,Fine | With PSU,Sector_Fine,False,0.19535763242795467,0.2981775667742098,0.10281993434625514,0.278524152269364,0.08316651984140933,169,14196,170,474
2018-09-28,fine_all,Fine | With PSU,Sector_Fine,False,0.21199231919318118,0.32767483727250274,0.11568251807932156,0.29822715193129107,0.08623483273810989,163,13202,160,474
2018-10-05,fine_all,Fine | With PSU,Sector_Fine,False,0.22812518247397903,0.34234175932097943,0.1142165768470004,0.2975531753277932,0.06942799285381415,163,13202,160,474
2018-10-12,fine_all,Fine | With PSU,Sector_Fine,False,0.22474716556675725,0.3484266323396907,0.12367946677293343,0.30273692444819006,0.07798975888143281,163,13202,160,474
2018-10-19,fine_all,Fine | With PSU,Sector_Fine,False,0.22335606025217677,0.3497309393676089,0.12637487911543213,0.30305657750104953,0.07970051724887275,163,13202,160,474
2018-10-26,fine_all,Fine | With PSU,Sector_Fine,False,0.22642379697897191,0.38711642550878367,0.16069262852981175,0.2802164686792881,0.05379267170031621,163,13202,160,474
2018-11-02,fine_all,Fine | With PSU,Sector_Fine,False,0.2545053786557257,0.4138651369337586,0.1593597582780329,0.30330528865510786,0.04879990999938216,163,13202,160,474
2018-11-09,fine_all,Fine | With PSU,Sector_Fine,False,0.25558414124073975,0.4116731070756572,0.15608896583491744,0.3030639539932024,0.04747981275246266,163,13202,160,474
2018-11-16,fine_all,Fine | With PSU,Sector_Fine,False,0.25339891597742,0.4105554010405463,0.1571564850631263,0.3016029599851208,0.04820404400770084,163,13202,160,474
2018-11-23,fine_all,Fine | With PSU,Sector_Fine,False,0.25210435289088345,0.41109140754337875,0.1589870546524953,0.3006692643886212,0.04856491149773773,163,13202,160,474
2018-11-30,fine_all,Fine | With PSU,Sector_Fine,False,0.24967866776739642,0.40351434350628523,0.15383567573888882,0.2963911111581522,0.04671244339075578,163,13202,160,474
2018-12-07,fine_all,Fine | With PSU,Sector_Fine,False,0.24976405383171485,0.4016511417082578,0.15188708787654293,0.2965420014644048,0.04677794763268994,163,13202,160,474
2018-12-14,fine_all,Fine | With PSU,Sector_Fine,False,0.25545619579567785,0.4049940979929566,0.14953790219727875,0.30250759080671474,0.04705139501103689,163,13202,160,474
2018-12-21,fine_all,Fine | With PSU,Sector_Fine,False,0.24805904073705395,0.4096946297750704,0.16163558903801642,0.305345012100512,0.05728597136345806,166,13695,168,479
2018-12-28,fine_all,Fine | With PSU,Sector_Fine,False,0.24963567599410452,0.4084576273653035,0.15882195137119898,0.3009882077391381,0.05135253174503357,176,15400,181,515
2019-01-04,fine_all,Fine | With PSU,Sector_Fine,False,0.24786588137665555,0.4076072703270629,0.15974138895040735,0.2994523588833469,0.051586477506691375,176,15400,181,515
2019-01-11,fine_all,Fine | With PSU,Sector_Fine,False,0.24778078460285624,0.4063158626924026,0.15853507808954637,0.30055231637509716,0.05277153177224092,176,15400,181,515
2019-01-18,fine_all,Fine | With PSU,Sector_Fine,False,0.24796955015580277,0.407025040119,0.1590554899631972,0.30071245748946024,0.05274290733365747,176,15400,181,515
2019-01-25,fine_all,Fine | With PSU,Sector_Fine,False,0.24874394661449561,0.40808382096730533,0.15933987435280972,0.3035871962306996,0.05484324961620396,176,15400,181,515
2019-02-01,fine_all,Fine | With PSU,Sector_Fine,False,0.23400486288442124,0.3975490792604552,0.16354421637603395,0.2872238805423364,0.053219017657915146,176,15400,181,515
2019-02-08,fine_all,Fine | With PSU,Sector_Fine,False,0.22922585333460516,0.38403850113759536,0.1548126478029902,0.29135709378269825,0.062131240448093095,176,15400,181,515
2019-02-15,fine_all,Fine | With PSU,Sector_Fine,False,0.22915914817783167,0.3842978980725153,0.15513874989468363,0.2925112946465714,0.06335214646873971,176,15400,181,515
2019-02-22,fine_all,Fine | With PSU,Sector_Fine,False,0.2327853443293955,0.38673843719603196,0.15395309286663647,0.30145627647370027,0.06867093214430478,176,15400,181,515
2019-03-01,fine_all,Fine | With PSU,Sector_Fine,False,0.23595897225562792,0.38844002525527377,0.15248105299964584,0.30962634403310296,0.07366737177747504,176,15400,181,515
2019-03-08,fine_all,Fine | With PSU,Sector_Fine,False,0.23212642367544947,0.38840968335501735,0.15628325967956788,0.3079897281181563,0.07586330444270681,176,15400,181,515
2019-03-15,fine_all,Fine | With PSU,Sector_Fine,False,0.236781338836258,0.3983499795355894,0.16156864069933144,0.31943975810026654,0.08265841926400855,176,15400,181,515
2019-03-22,fine_all,Fine | With PSU,Sector_Fine,False,0.2324696710549291,0.39147003997134083,0.15900036891641173,0.3162546518302683,0.08378498077533919,176,15400,181,515
2019-03-29,fine_all,Fine | With PSU,Sector_Fine,False,0.23655963345181524,0.40552003746717574,0.1689604040153605,0.31813161415847113,0.08157198070665589,180,16089,178,526
2019-04-05,fine_all,Fine | With PSU,Sector_Fine,False,0.2273402531796142,0.39516271716372314,0.16782246398410894,0.30744893843572857,0.08010868525611436,180,16089,178,526
2019-04-12,fine_all,Fine | With PSU,Sector_Fine,False,0.22666887878871975,0.3970204200766986,0.17035154128797883,0.30763370957338837,0.08096483078466862,180,16089,178,526
2019-04-19,fine_all,Fine | With PSU,Sector_Fine,False,0.22697601583176216,0.3929969248337696,0.16602090900200742,0.3119521343238873,0.08497611849212514,180,16089,178,526
2019-04-26,fine_all,Fine | With PSU,Sector_Fine,False,0.22813203928285844,0.39468870278748236,0.16655666350462392,0.31338549672117705,0.08525345743831861,180,16089,178,526
2019-05-03,fine_all,Fine | With PSU,Sector_Fine,False,0.22634500591291898,0.3930029021161278,0.16665789620320884,0.311490980688443,0.08514597477552402,180,16089,178,526
2019-05-10,fine_all,Fine | With PSU,Sector_Fine,False,0.23510311590684155,0.4017175243963876,0.16661440848954603,0.32125468090063686,0.08615156499379531,180,16089,178,526
2019-05-17,fine_all,Fine | With PSU,Sector_Fine,False,0.2323154435383812,0.39913677548905563,0.16682133195067442,0.3187300940491726,0.08641465051079136,180,16089,178,526
2019-05-24,fine_all,Fine | With PSU,Sector_Fine,False,0.24539484856850924,0.4220450835081491,0.17665023493963988,0.34440241433404106,0.09900756576553182,180,16089,178,526
2019-05-31,fine_all,Fine | With PSU,Sector_Fine,False,0.2452960750344867,0.4241654587269745,0.17886938369248778,0.3451845394855724,0.09988846445108568,180,16089,178,526
2019-06-07,fine_all,Fine | With PSU,Sector_Fine,False,0.24507664307117868,0.42734169291085744,0.18226504983967876,0.3452755085889363,0.10019886551775761,180,16089,178,526
2019-06-14,fine_all,Fine | With PSU,Sector_Fine,False,0.24666232810984567,0.42826917043454465,0.18160684232469898,0.3442962450454857,0.09763391693564005,180,16089,178,526
2019-06-21,fine_all,Fine | With PSU,Sector_Fine,False,0.24531850500817715,0.42854198848944763,0.1832234834812705,0.3421437749240654,0.09682526991588825,180,16093,178,526
2019-06-28,fine_all,Fine | With PSU,Sector_Fine,False,0.24598795084102726,0.4264683509372937,0.18048040009626642,0.3439621194102235,0.09797416856919622,180,16103,178,526
2019-07-05,fine_all,Fine | With PSU,Sector_Fine,False,0.24654913852015756,0.4261706754116119,0.17962153689145435,0.3441843081716587,0.09763516965150112,180,16103,178,526
2019-07-12,fine_all,Fine | With PSU,Sector_Fine,False,0.24850967195829227,0.4348273126971318,0.18631764073883955,0.35018360204704535,0.10167393008875308,180,16103,178,526
2019-07-19,fine_all,Fine | With PSU,Sector_Fine,False,0.2524488570164248,0.4431755699167189,0.19072671290029414,0.3566854281218173,0.10423657110539253,180,16103,178,526
2019-07-26,fine_all,Fine | With PSU,Sector_Fine,False,0.23930757019650697,0.4399009638957794,0.2005933936992724,0.34919297905286706,0.10988540885636008,180,16103,178,526
2019-08-02,fine_all,Fine | With PSU,Sector_Fine,False,0.2413216150238692,0.4451976154901649,0.2038760004662957,0.3560804495764063,0.11475883455253708,180,16103,178,526
2019-08-09,fine_all,Fine | With PSU,Sector_Fine,False,0.24000301107761005,0.4438509686447787,0.20384795756716864,0.3521988204581977,0.11219580938058768,180,16103,178,526
2019-08-16,fine_all,Fine | With PSU,Sector_Fine,False,0.23984666323052597,0.44215094783488573,0.20230428460435976,0.3485698641709615,0.1087232009404355,180,16103,178,526
2019-08-23,fine_all,Fine | With PSU,Sector_Fine,False,0.24072424664093978,0.45171889487797434,0.21099464823703457,0.3525570505138975,0.11183280387295774,180,16103,178,526
2019-08-30,fine_all,Fine | With PSU,Sector_Fine,False,0.24327253619229355,0.4454659715285079,0.20219343533621437,0.35061190160232475,0.1073393654100312,180,16103,178,526
2019-09-06,fine_all,Fine | With PSU,Sector_Fine,False,0.2435634546721784,0.4416319135674741,0.1980684588952957,0.3497451070097331,0.1061816523375547,180,16103,178,526
2019-09-13,fine_all,Fine | With PSU,Sector_Fine,False,0.24678847006374233,0.44716515446313276,0.20037668439939044,0.35421074977829187,0.10742227971454954,180,16103,178,526
2019-09-20,fine_all,Fine | With PSU,Sector_Fine,False,0.23787482324594497,0.4225185162909122,0.18464369304496722,0.3548325832563899,0.11695776001044492,182,16471,180,526
2019-09-27,fine_all,Fine | With PSU,Sector_Fine,False,0.21898118006324332,0.39264567104968595,0.17366449098644263,0.33578984102337694,0.11680866096013362,187,17391,188,529
2019-10-04,fine_all,Fine | With PSU,Sector_Fine,False,0.21614669337255152,0.4051323888657235,0.18898569549317198,0.34626140444821113,0.1301147110756596,187,17391,188,529
2019-10-11,fine_all,Fine | With PSU,Sector_Fine,False,0.21436214281720073,0.39176443705084496,0.17740229423364423,0.3427716922367219,0.12840954941952115,187,17391,188,529
2019-10-18,fine_all,Fine | With PSU,Sector_Fine,False,0.2293749022537877,0.3988562937348171,0.16948139148102942,0.3622724339342501,0.13289753168046242,187,17391,188,529
2019-10-25,fine_all,Fine | With PSU,Sector_Fine,False,0.22477666934951157,0.387426206592493,0.16264953724298142,0.3623782200133401,0.1376015506638285,187,17391,188,529
2019-11-01,fine_all,Fine | With PSU,Sector_Fine,False,0.20677535141412834,0.3745774089918281,0.16780205757769978,0.3520456950541264,0.14527034363999808,187,17391,188,529
2019-11-08,fine_all,Fine | With PSU,Sector_Fine,False,0.20464916181146633,0.37359618984144655,0.1689470280299802,0.3552217862075276,0.15057262439606126,187,17391,188,529
2019-11-15,fine_all,Fine | With PSU,Sector_Fine,False,0.20602546103313935,0.37552459310923936,0.1694991320761,0.3558870007768297,0.14986153974369038,187,17391,188,529
2019-11-22,fine_all,Fine | With PSU,Sector_Fine,False,0.20208545807809616,0.3692892353326039,0.16720377725450772,0.3522218808003197,0.15013642272222352,187,17391,188,529
2019-11-29,fine_all,Fine | With PSU,Sector_Fine,False,0.20795584086088198,0.38483730482447503,0.17688146396359306,0.3502019590765073,0.14224611821562533,180,16110,174,527
2019-12-06,fine_all,Fine | With PSU,Sector_Fine,False,0.20961142754931159,0.3917344552549579,0.18212302770564634,0.35515472654306335,0.14554329899375176,180,16110,174,527
2019-12-13,fine_all,Fine | With PSU,Sector_Fine,False,0.2040545296121658,0.38839851567381445,0.18434398606164865,0.3531296910450982,0.14907516143293242,180,16110,174,527
2019-12-20,fine_all,Fine | With PSU,Sector_Fine,False,0.2043910272393056,0.3897216278395029,0.18533060060019732,0.3492679446776677,0.1448769174383621,180,16110,174,527
2019-12-27,fine_all,Fine | With PSU,Sector_Fine,False,0.20458842823138504,0.3903385807020618,0.18575015247067675,0.3518432745649078,0.1472548463335228,179,15931,174,519
2020-01-03,fine_all,Fine | With PSU,Sector_Fine,False,0.20441595844920885,0.3878451049133455,0.18342914646413666,0.3530822062514047,0.14866624780219584,179,15931,174,519
2020-01-10,fine_all,Fine | With PSU,Sector_Fine,False,0.2035493721235135,0.3892843966274291,0.18573502450391557,0.3524279502611984,0.14887857813768487,179,15931,174,519
2020-01-17,fine_all,Fine | With PSU,Sector_Fine,False,0.2072527459825733,0.38605408214994935,0.17880133616737606,0.3531803362240356,0.14592759024146232,179,15931,174,519
2020-01-24,fine_all,Fine | With PSU,Sector_Fine,False,0.2023458366660547,0.3806752579650698,0.17832942129901508,0.3443593099267963,0.1420134732607416,179,15931,174,519
2020-01-31,fine_all,Fine | With PSU,Sector_Fine,False,0.2115604626462981,0.3830274740856679,0.1714670114393698,0.3604635869354049,0.14890312428910682,179,15931,174,519
2020-02-07,fine_all,Fine | With PSU,Sector_Fine,False,0.2125639733153585,0.3866737444108125,0.17410977109545397,0.35348748926624923,0.14092351595089073,179,15931,174,519
2020-02-14,fine_all,Fine | With PSU,Sector_Fine,False,0.21015155105849848,0.38466441232264204,0.17451286126414356,0.36453919518503314,0.15438764412653466,179,15931,174,519
2020-02-21,fine_all,Fine | With PSU,Sector_Fine,False,0.20732466527532875,0.38197732223865466,0.1746526569633259,0.35813249165863725,0.1508078263833085,179,15931,174,519
2020-02-28,fine_all,Fine | With PSU,Sector_Fine,False,0.25962018941671755,0.42328074141930633,0.16366055200258878,0.4176124014464437,0.15799221202972613,178,15753,174,519
2020-03-06,fine_all,Fine | With PSU,Sector_Fine,False,0.25530925883498795,0.42214662768318295,0.166837368848195,0.407511929143311,0.15220267030832307,178,15753,174,519
2020-03-13,fine_all,Fine | With PSU,Sector_Fine,False,0.33358612410949245,0.46828837344335544,0.134702249333863,0.44845761357528846,0.114871489465796,178,15753,174,519
2020-03-20,fine_all,Fine | With PSU,Sector_Fine,False,0.3721486768176161,0.4614357102099217,0.08928703339230559,0.44706999874502046,0.07492132192740436,178,15753,174,519
2020-03-27,fine_all,Fine | With PSU,Sector_Fine,False,0.3662788119475554,0.4584759248812606,0.0921971129337052,0.4387725663731733,0.0724937544256179,172,14706,173,489
2020-04-03,fine_all,Fine | With PSU,Sector_Fine,False,0.3524832984546025,0.45501460463044685,0.10253130617584433,0.43388577821664365,0.08140247976204112,172,14706,173,489
2020-04-10,fine_all,Fine | With PSU,Sector_Fine,False,0.39447008925163407,0.48247996760040746,0.08800987834877338,0.4577275500604162,0.06325746080878214,172,14706,173,489
2020-04-17,fine_all,Fine | With PSU,Sector_Fine,False,0.39165479791631075,0.4745353264967274,0.08288052858041667,0.4582780102214266,0.06662321230511586,172,14706,173,489
2020-04-24,fine_all,Fine | With PSU,Sector_Fine,False,0.3866663227399093,0.46865391708114645,0.08198759434123715,0.4598211676515553,0.07315484491164598,172,14706,173,489
2020-05-01,fine_all,Fine | With PSU,Sector_Fine,False,0.39406069282586714,0.48595186660452716,0.09189117377866002,0.46874222842873403,0.07468153560286689,172,14706,173,489
2020-05-08,fine_all,Fine | With PSU,Sector_Fine,False,0.39890254423614824,0.49292752699840076,0.09402498276225252,0.4838122912865981,0.08490974705044985,172,14706,173,489
2020-05-15,fine_all,Fine | With PSU,Sector_Fine,False,0.39770467007775373,0.4942324149557393,0.09652774487798554,0.4836670397028645,0.08596236962511078,172,14706,173,489
2020-05-22,fine_all,Fine | With PSU,Sector_Fine,False,0.3839143573184748,0.48758606726851134,0.10367170995003655,0.4733980888629958,0.089483731544521,177,15576,182,489
2020-05-29,fine_all,Fine | With PSU,Sector_Fine,False,0.4004475846117413,0.5091528611408913,0.10870527652915002,0.4853815342532797,0.08493394964153839,185,16972,178,519
2020-06-05,fine_all,Fine | With PSU,Sector_Fine,False,0.4098230598321662,0.5185232635195555,0.10870020368738925,0.5009668156899892,0.09114375585782303,185,16972,178,519
2020-06-12,fine_all,Fine | With PSU,Sector_Fine,False,0.40640479269728647,0.5136640089279569,0.10725921623067047,0.49866866855729003,0.09226387586000356,185,16972,178,519
2020-06-19,fine_all,Fine | With PSU,Sector_Fine,False,0.40372721518673527,0.5111464890915712,0.10741927390483597,0.4963181361929493,0.09259092100621402,186,17151,178,519
2020-06-26,fine_all,Fine | With PSU,Sector_Fine,False,0.40435003574825645,0.5114836127863986,0.10713357703814219,0.4942598558396913,0.08990982009143483,188,17512,179,519
2020-07-03,fine_all,Fine | With PSU,Sector_Fine,False,0.404175525256505,0.510194694260152,0.10601916900364694,0.4925464273620267,0.08837090210552168,188,17512,179,519
2020-07-10,fine_all,Fine | With PSU,Sector_Fine,False,0.401354744355437,0.5085539498259903,0.10719920547055334,0.48743240981293584,0.08607766545749884,188,17512,179,519
2020-07-17,fine_all,Fine | With PSU,Sector_Fine,False,0.39846934838459663,0.5055914211854186,0.10712207280082192,0.4830155581476383,0.08454620976304167,188,17512,179,519
2020-07-24,fine_all,Fine | With PSU,Sector_Fine,False,0.39735021326808045,0.5026442770796725,0.10529406381159206,0.47887086357147973,0.08152065030339928,188,17542,179,519
2020-07-31,fine_all,Fine | With PSU,Sector_Fine,False,0.3912194502099591,0.5142128523624511,0.12299340215249199,0.479412006249292,0.0881925560393329,178,15753,167,401
2020-08-07,fine_all,Fine | With PSU,Sector_Fine,False,0.3926903767096518,0.5155061269911857,0.12281575028153391,0.48071789127179926,0.08802751456214747,178,15753,167,401
2020-08-14,fine_all,Fine | With PSU,Sector_Fine,False,0.38969394287943143,0.5146839668929503,0.12499002401351883,0.4778742985811206,0.0881803557016892,178,15753,167,401
2020-08-21,fine_all,Fine | With PSU,Sector_Fine,False,0.3902434378102608,0.5141287953292863,0.12388535751902557,0.4816516256279962,0.09140818781773541,178,15753,167,401
2020-08-28,fine_all,Fine | With PSU,Sector_Fine,False,0.3882462439852751,0.5200742409157415,0.13182799693046643,0.4785484907261714,0.09030224674089632,179,15931,171,408
2020-09-04,fine_all,Fine | With PSU,Sector_Fine,False,0.39028443961007253,0.5240187368107176,0.1337342972006451,0.48501850895695636,0.09473406934688383,179,15931,171,408
2020-09-11,fine_all,Fine | With PSU,Sector_Fine,False,0.38936418047712124,0.5221933855137486,0.13282920503662737,0.48379645499985374,0.0944322745227325,179,15931,171,408
2020-09-18,fine_all,Fine | With PSU,Sector_Fine,False,0.3886470937850405,0.5234409331357394,0.13479383935069889,0.48707176117106726,0.09842466738602679,179,15931,171,408
2020-09-25,fine_all,Fine | With PSU,Sector_Fine,False,0.3941519469279461,0.5259851411209525,0.13183319419300643,0.5123761466104251,0.11822419968247899,174,15046,169,380
2020-10-02,fine_all,Fine | With PSU,Sector_Fine,False,0.3936670225204624,0.5234299813622575,0.12976295884179512,0.5174699609313955,0.12380293841093315,174,15046,169,380
2020-10-09,fine_all,Fine | With PSU,Sector_Fine,False,0.3922396791014916,0.5263134557024035,0.1340737766009119,0.5163910456177325,0.12415136651624092,174,15046,169,380
2020-10-16,fine_all,Fine | With PSU,Sector_Fine,False,0.387468033985608,0.5232102633179652,0.1357422293323572,0.5074985081695343,0.12003047418392637,174,15047,169,380
2020-10-23,fine_all,Fine | With PSU,Sector_Fine,False,0.38837468165791955,0.5267736176887192,0.13839893603079967,0.5138213592256909,0.1254466775677714,174,15049,169,380
2020-10-30,fine_all,Fine | With PSU,Sector_Fine,False,0.3865302063072007,0.5222332588779114,0.1357030525707107,0.509387754914296,0.1228575486070953,174,15049,169,380
2020-11-06,fine_all,Fine | With PSU,Sector_Fine,False,0.39052166238110014,0.5284658588199952,0.13794419643889505,0.5128982121492205,0.12237654976812035,174,15049,169,380
2020-11-13,fine_all,Fine | With PSU,Sector_Fine,False,0.3909291609035984,0.5278915103157371,0.1369623494121387,0.5188575832134031,0.12792842230980472,174,15049,169,380
2020-11-20,fine_all,Fine | With PSU,Sector_Fine,False,0.39240120494738456,0.5298757255546158,0.13747452060723125,0.5209450051791191,0.12854380023173456,174,15049,169,380
2020-11-27,fine_all,Fine | With PSU,Sector_Fine,False,0.3891637876400967,0.5339604005489639,0.1447966129088672,0.5099669533870649,0.1208031657469682,177,15572,169,408
2020-12-04,fine_all,Fine | With PSU,Sector_Fine,False,0.38942848349248815,0.5314139716682994,0.14198548817581125,0.5183458780364901,0.12891739454400197,177,15572,169,408
2020-12-11,fine_all,Fine | With PSU,Sector_Fine,False,0.3885784903375684,0.532612064365219,0.1440335740276506,0.5140877445582283,0.12550925422065984,177,15572,169,408
2020-12-18,fine_all,Fine | With PSU,Sector_Fine,False,0.3875106376489233,0.5315674162963658,0.14405677864744254,0.5138124506288656,0.1263018129799423,177,15572,169,408
2020-12-25,fine_all,Fine | With PSU,Sector_Fine,False,0.38679435937929774,0.5309385593499976,0.14414419997069983,0.5150640117685357,0.12826965238923793,177,15573,169,408
2021-01-01,fine_all,Fine | With PSU,Sector_Fine,False,0.38770359156121076,0.5311999180280902,0.14349632646687943,0.5154114253045349,0.12770783374332412,177,15573,169,408
2021-01-08,fine_all,Fine | With PSU,Sector_Fine,False,0.390813272222935,0.5324245642087903,0.14161129198585526,0.5182459448564388,0.12743267263350383,177,15573,169,408
2021-01-15,fine_all,Fine | With PSU,Sector_Fine,False,0.38760210503481224,0.5289114760457353,0.14130937101092306,0.5145923266883999,0.1269902216535877,177,15573,169,408
2021-01-22,fine_all,Fine | With PSU,Sector_Fine,False,0.3759521381452868,0.5287462341576734,0.15279409601238664,0.5140360484811839,0.13808391033589712,179,15929,169,410
2021-01-29,fine_all,Fine | With PSU,Sector_Fine,False,0.3744636221676407,0.5178533127671728,0.14338969059953216,0.49571707198294923,0.12125344981530856,182,16459,177,443
2021-02-05,fine_all,Fine | With PSU,Sector_Fine,False,0.381650529468094,0.5265669888766529,0.14491645940855885,0.5116191198124586,0.12996859034436453,182,16459,177,443
2021-02-12,fine_all,Fine | With PSU,Sector_Fine,False,0.3793916396929236,0.5267470862453161,0.14735544655239247,0.501313398790693,0.12192175909776942,182,16459,177,443
2021-02-19,fine_all,Fine | With PSU,Sector_Fine,False,0.3750023521318609,0.5200154526829995,0.14501310055113864,0.49704415353097936,0.12204180139911847,182,16459,177,443
2021-02-26,fine_all,Fine | With PSU,Sector_Fine,False,0.3579701757694565,0.5105969880393416,0.15262681226988511,0.46726955047987007,0.10929937471041357,182,16459,177,443
2021-03-05,fine_all,Fine | With PSU,Sector_Fine,False,0.36043105432684164,0.5066540381787379,0.14622298385189625,0.46598215662935505,0.10555110230251341,182,16459,177,443
2021-03-12,fine_all,Fine | With PSU,Sector_Fine,False,0.3234495133262834,0.48577620438782887,0.16232669106154546,0.4429803448793364,0.119530831553053,182,16459,177,443
2021-03-19,fine_all,Fine | With PSU,Sector_Fine,False,0.27732119270933797,0.4706745712041599,0.19335337849482193,0.43455197583025007,0.1572307831209121,185,17020,178,454
2021-03-26,fine_all,Fine | With PSU,Sector_Fine,False,0.2727512711181913,0.46736452862539135,0.19461325750720004,0.4327140253906505,0.1599627542724592,187,17391,179,454
2021-04-02,fine_all,Fine | With PSU,Sector_Fine,False,0.2880410057693104,0.47123978344258466,0.18319877767327425,0.4447026019334747,0.1566615961641643,180,16110,168,375
2021-04-09,fine_all,Fine | With PSU,Sector_Fine,False,0.24593675390266262,0.45083554690158884,0.20489879299892622,0.4270750750677662,0.1811383211651036,180,16110,168,375
2021-04-16,fine_all,Fine | With PSU,Sector_Fine,False,0.2537555073264999,0.46570004960847133,0.21194454228197146,0.4356043943936663,0.18184888706716645,180,16110,168,375
2021-04-23,fine_all,Fine | With PSU,Sector_Fine,False,0.25783985449412605,0.46999775147892137,0.2121578969847953,0.4269662020545793,0.16912634756045325,180,16110,168,375
2021-04-30,fine_all,Fine | With PSU,Sector_Fine,False,0.2489072026304124,0.45801484325943453,0.20910764062902212,0.4223397742565867,0.1734325716261743,181,16290,170,375
2021-05-07,fine_all,Fine | With PSU,Sector_Fine,False,0.2269537734241627,0.43905573790571206,0.21210196448154936,0.38854818900818594,0.16159441558402324,181,16290,170,375
2021-05-14,fine_all,Fine | With PSU,Sector_Fine,False,0.22754792569735907,0.43871035194803953,0.21116242625068046,0.38915443384352605,0.16160650814616698,181,16290,170,375
2021-05-21,fine_all,Fine | With PSU,Sector_Fine,False,0.23028269107134638,0.42934451093618475,0.19906181986483837,0.38533720221283263,0.15505451114148625,181,16290,170,375
2021-05-28,fine_all,Fine | With PSU,Sector_Fine,False,0.2224818646381497,0.4293774231096491,0.2068955584714994,0.3768323255230006,0.1543504608848509,181,16290,170,375
2021-06-04,fine_all,Fine | With PSU,Sector_Fine,False,0.21143768208638003,0.41168998531335804,0.200252303226978,0.36389599480034934,0.1524583127139693,181,16290,170,375
2021-06-11,fine_all,Fine | With PSU,Sector_Fine,False,0.21315893760041976,0.42038366717615344,0.20722472957573368,0.3592091168154296,0.14605017921500985,181,16290,170,375
2021-06-18,fine_all,Fine | With PSU,Sector_Fine,False,0.21841172883780632,0.4287813794517009,0.2103696506138946,0.367220498969515,0.14880877013170865,181,16290,170,375
2021-06-25,fine_all,Fine | With PSU,Sector_Fine,False,0.2180025240719449,0.4323015827874982,0.2142990587155533,0.368243440039934,0.15024091596798908,181,16290,170,375
2021-07-02,fine_all,Fine | With PSU,Sector_Fine,False,0.21839542361432357,0.433505544713659,0.21511012109933542,0.3697482445556563,0.15135282094133273,181,16290,170,375
2021-07-09,fine_all,Fine | With PSU,Sector_Fine,False,0.22006825656950482,0.43479773553207707,0.21472947896257225,0.3710950136318564,0.15102675706235155,181,16290,170,375
2021-07-16,fine_all,Fine | With PSU,Sector_Fine,False,0.2219855688051651,0.43678393492917683,0.21479836612401174,0.3754008534095183,0.1534152846043532,181,16290,170,375
2021-07-23,fine_all,Fine | With PSU,Sector_Fine,False,0.22396162259234084,0.44437261559167895,0.2204109929993381,0.37936184927314526,0.15540022668080442,181,16290,170,375
2021-07-30,fine_all,Fine | With PSU,Sector_Fine,False,0.22505781074066292,0.4353802334071479,0.21032242266648496,0.3782100263938161,0.1531522156531532,182,16471,175,378
2021-08-06,fine_all,Fine | With PSU,Sector_Fine,False,0.2243559358236411,0.4329590355057839,0.2086030996821428,0.3782433212128296,0.1538873853891885,182,16471,175,378
2021-08-13,fine_all,Fine | With PSU,Sector_Fine,False,0.2275598183332157,0.4326221966306055,0.20506237829738982,0.38487471173893256,0.15731489340571686,182,16471,175,378
2021-08-20,fine_all,Fine | With PSU,Sector_Fine,False,0.22531816264143462,0.43504376549395685,0.20972560285252223,0.39176716516424576,0.16644900252281114,182,16471,175,378
2021-08-27,fine_all,Fine | With PSU,Sector_Fine,False,0.22769319563257753,0.431059102916263,0.20336590728368545,0.3956651884113078,0.1679719927787303,182,16471,175,378
2021-09-03,fine_all,Fine | With PSU,Sector_Fine,False,0.2290413527734583,0.42188362713809885,0.19284227436464055,0.38749546713735966,0.15845411436390136,182,16471,175,378
2021-09-10,fine_all,Fine | With PSU,Sector_Fine,False,0.2291937458347122,0.4227644845526861,0.19357073871797392,0.3849365112529152,0.15574276541820303,182,16471,175,378
2021-09-17,fine_all,Fine | With PSU,Sector_Fine,False,0.22860246031259351,0.42448018026644435,0.19587771995385084,0.38243244711574975,0.15382998680315624,182,16471,175,378
2021-09-24,fine_all,Fine | With PSU,Sector_Fine,False,0.20688696498505738,0.4010691784843273,0.19418221349926995,0.34110205387085557,0.1342150888857982,184,16836,175,388
2021-10-01,fine_all,Fine | With PSU,Sector_Fine,False,0.19646467030581893,0.4020674541330529,0.20560278382723396,0.3291823139261307,0.13271764362031174,189,17766,176,413
2021-10-08,fine_all,Fine | With PSU,Sector_Fine,False,0.1976226875433049,0.40182511101828505,0.20420242347498016,0.32864594585417145,0.13102325831086656,189,17766,176,413
2021-10-15,fine_all,Fine | With PSU,Sector_Fine,False,0.19403555313783513,0.3960996773708166,0.20206412423298145,0.3252206237942612,0.13118507065642607,189,17766,176,413
2021-10-22,fine_all,Fine | With PSU,Sector_Fine,False,0.21402103589065022,0.40237865974753395,0.18835762385688373,0.333589445491743,0.1195684096010928,189,17766,176,413
2021-10-29,fine_all,Fine | With PSU,Sector_Fine,False,0.2180581727508796,0.4056757940764496,0.18761762132557,0.3328724306659339,0.11481425791505431,183,16653,172,413
2021-11-05,fine_all,Fine | With PSU,Sector_Fine,False,0.21494411060997448,0.3996070694145305,0.18466295880455602,0.3321406078522418,0.11719649724226733,183,16653,172,413
2021-11-12,fine_all,Fine | With PSU,Sector_Fine,False,0.21364906829651203,0.4044604560077045,0.1908113877111925,0.32767303030894596,0.11402396201243392,183,16653,172,413
2021-11-19,fine_all,Fine | With PSU,Sector_Fine,False,0.21901341320275916,0.41530240336141067,0.1962889901586515,0.3364790511585081,0.11746563795574896,183,16653,172,413
2021-11-26,fine_all,Fine | With PSU,Sector_Fine,False,0.22990342289074112,0.43145406475805614,0.20155064186731503,0.3500827991776467,0.12017937628690556,183,16653,172,413
2021-12-03,fine_all,Fine | With PSU,Sector_Fine,False,0.22684039406428985,0.43256148647248005,0.2057210924081902,0.34033319615080077,0.11349280208651091,183,16653,172,413
2021-12-10,fine_all,Fine | With PSU,Sector_Fine,False,0.22835594502521325,0.4356092971663559,0.20725335214114263,0.3424419889845065,0.11408604395929325,183,16653,172,413
2021-12-17,fine_all,Fine | With PSU,Sector_Fine,False,0.24189394307903647,0.45203932054411916,0.2101453774650827,0.35668240097972287,0.1147884579006864,183,16653,172,413
2021-12-24,fine_all,Fine | With PSU,Sector_Fine,False,0.24184602526895477,0.454330431098515,0.21248440582956024,0.35526840969289414,0.11342238442393937,183,16653,172,413
2021-12-31,fine_all,Fine | With PSU,Sector_Fine,False,0.2421496300359014,0.45021609548464914,0.20806646544874774,0.35474518068960464,0.11259555065370325,183,16653,172,413
2022-01-07,fine_all,Fine | With PSU,Sector_Fine,False,0.23374435310439745,0.4548498192351003,0.22110546613070287,0.35547591350265784,0.12173156039826039,183,16653,172,413
2022-01-14,fine_all,Fine | With PSU,Sector_Fine,False,0.23595411912596304,0.46034447039266246,0.22439035126669943,0.3642420466648955,0.12828792753893248,183,16653,172,413
2022-01-21,fine_all,Fine | With PSU,Sector_Fine,False,0.25117792557584956,0.46947163352424803,0.21829370794839847,0.35788447182350025,0.10670654624765069,183,16653,172,413
2022-01-28,fine_all,Fine | With PSU,Sector_Fine,False,0.24265944525710859,0.46500792799505086,0.22234848273794228,0.34916702540964695,0.10650758015253836,184,16836,172,413
2022-02-04,fine_all,Fine | With PSU,Sector_Fine,False,0.22088317341824948,0.42633886397362036,0.20545569055537088,0.31203038765468355,0.09114721423643407,184,16836,172,413
2022-02-11,fine_all,Fine | With PSU,Sector_Fine,False,0.22445320294695661,0.4320017327668886,0.20754852981993197,0.3156974807806851,0.09124427783372849,184,16836,172,413
2022-02-18,fine_all,Fine | With PSU,Sector_Fine,False,0.2315837885394814,0.4436467304216042,0.2120629418821228,0.3170560195314328,0.08547223099195142,184,16836,172,413
2022-02-25,fine_all,Fine | With PSU,Sector_Fine,False,0.24377534065429118,0.45373337134583774,0.20995803069154656,0.33518793928733465,0.09141259863304346,184,16836,172,413
2022-03-04,fine_all,Fine | With PSU,Sector_Fine,False,0.23827830178815024,0.46137806902942574,0.2230997672412755,0.3304948145184319,0.09221651273028164,184,16836,172,413
2022-03-11,fine_all,Fine | With PSU,Sector_Fine,False,0.2414304466564269,0.4601961931896575,0.21876574653323058,0.33175317488715017,0.09032272823072326,184,16836,172,413
2022-03-18,fine_all,Fine | With PSU,Sector_Fine,False,0.23924596814228308,0.4552639974698121,0.21601802932752903,0.3242925216604751,0.08504655351819204,184,16836,172,413
2022-03-25,fine_all,Fine | With PSU,Sector_Fine,False,0.23834339462933718,0.4549185797031656,0.21657518507382845,0.31896861460639164,0.08062521997705446,184,16836,172,413
2022-04-01,fine_all,Fine | With PSU,Sector_Fine,False,0.23487095627601268,0.45552037648208077,0.2206494202060681,0.31769139384864925,0.08282043757263657,184,16836,172,413
2022-04-08,fine_all,Fine | With PSU,Sector_Fine,False,0.24152974619907272,0.4604639829851559,0.21893423678608318,0.330257561809743,0.08872781561067031,184,16836,172,413
2022-04-15,fine_all,Fine | With PSU,Sector_Fine,False,0.24001513624203255,0.45357042735245484,0.2135552911104223,0.32496060687660994,0.08494547063457739,184,16836,172,413
2022-04-22,fine_all,Fine | With PSU,Sector_Fine,False,0.23001010557505513,0.41584200919360687,0.18583190361855173,0.2757394965058853,0.04572939093083017,188,17578,188,502
2022-04-29,fine_all,Fine | With PSU,Sector_Fine,False,0.23321261581620706,0.4180469492342085,0.18483433341800143,0.2855058677965937,0.052293251980386646,191,18145,194,530
2022-05-06,fine_all,Fine | With PSU,Sector_Fine,False,0.24972301561276122,0.4304493165811118,0.18072630096835057,0.28830251755603276,0.03857950194327153,191,18145,194,530
2022-05-13,fine_all,Fine | With PSU,Sector_Fine,False,0.26552939485562765,0.4462075175890858,0.18067812273345812,0.3151055573448116,0.04957616248918395,191,18145,194,530
2022-05-20,fine_all,Fine | With PSU,Sector_Fine,False,0.2641061400871328,0.4424445730631275,0.17833843297599472,0.31797608265952765,0.05386994257239486,191,18145,194,530
2022-05-27,fine_all,Fine | With PSU,Sector_Fine,False,0.2603186864024523,0.4450451482785343,0.184726461876082,0.31579816271945865,0.05547947631700634,191,18145,194,530
2022-06-03,fine_all,Fine | With PSU,Sector_Fine,False,0.2565728767572358,0.4387417625473282,0.18216888579009244,0.3130040379910243,0.056431161233788496,191,18145,194,530
2022-06-10,fine_all,Fine | With PSU,Sector_Fine,False,0.2554438997299149,0.44047433912466977,0.1850304393947549,0.3139795239597159,0.05853562422980102,191,18145,194,530
2022-06-17,fine_all,Fine | With PSU,Sector_Fine,False,0.2787198767945828,0.45991356398066413,0.1811936871860813,0.3504849078658226,0.07176503107123977,191,18145,194,530
2022-06-24,fine_all,Fine | With PSU,Sector_Fine,False,0.2801371366791892,0.45911669508063463,0.17897955840144542,0.3473937860284345,0.0672566493492453,191,18145,194,530
2022-07-01,fine_all,Fine | With PSU,Sector_Fine,False,0.2809817380014244,0.4592200771507828,0.17823833914935838,0.34417318595800894,0.06319144795658455,191,18145,194,530
2022-07-08,fine_all,Fine | With PSU,Sector_Fine,False,0.28858027137615483,0.4676444458539085,0.1790641744777537,0.3454752918805963,0.05689502050444145,191,18145,194,530
2022-07-15,fine_all,Fine | With PSU,Sector_Fine,False,0.28759667352760976,0.4674806707365134,0.17988399720890363,0.34474940961736933,0.05715273608975957,191,18145,194,530
2022-07-22,fine_all,Fine | With PSU,Sector_Fine,False,0.2933817637579385,0.47902010467689615,0.18563834091895764,0.35015463319859214,0.05677286944065363,191,18145,194,530
2022-07-29,fine_all,Fine | With PSU,Sector_Fine,False,0.29583118844952705,0.4762298347031645,0.18039864625363744,0.35179053003640604,0.055959341586878986,191,18145,194,530
2022-08-05,fine_all,Fine | With PSU,Sector_Fine,False,0.2960314079089385,0.4774637936760644,0.1814323857671259,0.3504390230909708,0.0544076151820323,191,18145,194,530
2022-08-12,fine_all,Fine | With PSU,Sector_Fine,False,0.2965983765012586,0.4749307668599518,0.1783323903586932,0.34933645323710605,0.05273807673584746,190,17955,192,502
2022-08-19,fine_all,Fine | With PSU,Sector_Fine,False,0.29815117668249047,0.4703783548968921,0.17222717821440164,0.3470247130562368,0.04887353637374631,190,17955,192,502
2022-08-26,fine_all,Fine | With PSU,Sector_Fine,False,0.29691470810542603,0.4699118346368802,0.17299712653145416,0.347508414656034,0.050593706550607964,190,17955,192,502
2022-09-02,fine_all,Fine | With PSU,Sector_Fine,False,0.2877112154813125,0.47057750524325953,0.18286628976194702,0.3440627877646759,0.056351572283363405,190,17955,192,502
2022-09-09,fine_all,Fine | With PSU,Sector_Fine,False,0.2880481215041786,0.47062130746258757,0.182573185958409,0.34675998709450784,0.05871186559032926,190,17955,192,502
2022-09-16,fine_all,Fine | With PSU,Sector_Fine,False,0.29028501058257883,0.4706119034061825,0.18032689282360365,0.34586170194754584,0.05557669136496701,190,17955,192,502
2022-09-23,fine_all,Fine | With PSU,Sector_Fine,False,0.29451410505325126,0.47519072827014214,0.18067662321689087,0.3529039850839258,0.058389880030674524,190,17955,192,502
2022-09-30,fine_all,Fine | With PSU,Sector_Fine,False,0.29573924415554426,0.4813793083033649,0.18564006414782064,0.34974833312689035,0.0540090889713461,185,17020,193,510
2022-10-07,fine_all,Fine | With PSU,Sector_Fine,False,0.29688024358475495,0.48067158367523216,0.1837913400904772,0.35283447768977844,0.05595423410502348,185,17020,193,510
2022-10-14,fine_all,Fine | With PSU,Sector_Fine,False,0.29878938977293357,0.48193877083550846,0.1831493810625749,0.35427376005898126,0.05548437028604769,185,17020,193,510
2022-10-21,fine_all,Fine | With PSU,Sector_Fine,False,0.2939532010394922,0.4786738179854384,0.18472061694594621,0.3557666575852299,0.06181345654573772,185,17020,193,510
2022-10-28,fine_all,Fine | With PSU,Sector_Fine,False,0.30535623119665944,0.5101828457009809,0.2048266145043215,0.4102501263584345,0.10489389516177505,185,17020,193,510
2022-11-04,fine_all,Fine | With PSU,Sector_Fine,False,0.30330299349754897,0.5068476317807086,0.2035446382831596,0.4075729998881385,0.10427000639058953,185,17020,193,510
2022-11-11,fine_all,Fine | With PSU,Sector_Fine,False,0.30216682171458187,0.5064364369856519,0.20426961527107002,0.4054792026205479,0.103312380905966,185,17020,193,510
2022-11-18,fine_all,Fine | With PSU,Sector_Fine,False,0.3000037368411393,0.4949179306694422,0.19491419382830288,0.39447774031789123,0.09447400347675194,185,17020,193,510
2022-11-25,fine_all,Fine | With PSU,Sector_Fine,False,0.2947965883671225,0.47447372913578933,0.1796771407686668,0.38579935033119633,0.09100276196407381,185,17020,193,510
2022-12-02,fine_all,Fine | With PSU,Sector_Fine,False,0.29897115970713395,0.4771433445018053,0.17817218479467134,0.38733738460576655,0.0883662248986326,185,17020,193,510
2022-12-09,fine_all,Fine | With PSU,Sector_Fine,False,0.29662200442089726,0.4744598641531057,0.17783785973220845,0.38469116212663573,0.08806915770573848,185,17020,193,510
2022-12-16,fine_all,Fine | With PSU,Sector_Fine,False,0.2888468163851902,0.45552309531087304,0.16667627892568282,0.3710677094400105,0.08222089305482028,185,17020,193,510
2022-12-23,fine_all,Fine | With PSU,Sector_Fine,False,0.3023503050210032,0.47469920410520056,0.17234889908419737,0.3960391778995173,0.09368887287851413,185,17020,193,510
2022-12-30,fine_all,Fine | With PSU,Sector_Fine,False,0.3026758215998163,0.4859544472095592,0.1832786256097429,0.4080124821620292,0.10533666056221286,185,17020,193,510
2023-01-06,fine_all,Fine | With PSU,Sector_Fine,False,0.3005434650122292,0.479333284622435,0.1787898196102058,0.39736553190886986,0.09682206689664064,185,17020,193,510
2023-01-13,fine_all,Fine | With PSU,Sector_Fine,False,0.2990758568417359,0.48005877000078845,0.18098291315905257,0.39030905951142447,0.0912332026696886,185,17020,193,510
2023-01-20,fine_all,Fine | With PSU,Sector_Fine,False,0.28969223724322446,0.47471603908017806,0.1850238018369536,0.38720145573624637,0.09750921849302191,185,17020,193,510
2023-01-27,fine_all,Fine | With PSU,Sector_Fine,False,0.28959891415973893,0.485356144538407,0.19575723037866805,0.400083103767698,0.11048418960795908,185,17020,193,510
2023-02-03,fine_all,Fine | With PSU,Sector_Fine,False,0.2792563128502307,0.482259710869601,0.20300339801937028,0.3963538198910848,0.11709750704085409,185,17020,193,510
2023-02-10,fine_all,Fine | With PSU,Sector_Fine,False,0.2751619716483171,0.48174077600219156,0.20657880435387443,0.3920195184538779,0.11685754680556076,187,17391,196,540
2023-02-17,fine_all,Fine | With PSU,Sector_Fine,False,0.27234985488257035,0.47895974355458465,0.2066098886720143,0.3867459152221918,0.11439606033962146,187,17391,196,540
2023-02-24,fine_all,Fine | With PSU,Sector_Fine,False,0.26759687922474057,0.4751202085006931,0.20752332927595252,0.38046021510488354,0.11286333588014297,187,17391,196,540
2023-03-03,fine_all,Fine | With PSU,Sector_Fine,False,0.2698387862104435,0.4711951374742336,0.2013563512637901,0.3920857079797067,0.12224692176926322,187,17391,196,540
2023-03-10,fine_all,Fine | With PSU,Sector_Fine,False,0.26608526674614047,0.47445783485447895,0.20837256810833849,0.388988349536327,0.12290308279018652,187,17391,196,540
2023-03-17,fine_all,Fine | With PSU,Sector_Fine,False,0.26338615169023843,0.47596369718880893,0.2125775454985705,0.3863672599802039,0.12298110828996545,187,17391,196,540
2023-03-24,fine_all,Fine | With PSU,Sector_Fine,False,0.2675241942931037,0.4758666296466477,0.20834243535354402,0.3974112713865499,0.1298870770934462,187,17391,196,540
2023-03-31,fine_all,Fine | With PSU,Sector_Fine,False,0.26247357777429053,0.4608431445668384,0.19836956679254786,0.38684950105626253,0.124375923281972,190,17946,204,527
2023-04-07,fine_all,Fine | With PSU,Sector_Fine,False,0.25900664448267957,0.4604848458034942,0.20147820132081462,0.3827726310080351,0.12376598652535553,190,17946,204,527
2023-04-14,fine_all,Fine | With PSU,Sector_Fine,False,0.25905704862529394,0.4590177451660526,0.19996069654075865,0.38277820249583544,0.1237211538705415,190,17946,204,527
2023-04-21,fine_all,Fine | With PSU,Sector_Fine,False,0.25930762659719364,0.4549790769265893,0.19567145032939565,0.38538808866486335,0.1260804620676697,190,17946,204,527
2023-04-28,fine_all,Fine | With PSU,Sector_Fine,False,0.26455424239340103,0.4630669415145709,0.19851269912116987,0.3854190155666515,0.12086477317325045,190,17946,204,527
2023-05-05,fine_all,Fine | With PSU,Sector_Fine,False,0.24875521784888857,0.45399321687749056,0.205237999028602,0.387108735908499,0.1383535180596104,190,17946,204,527
2023-05-12,fine_all,Fine | With PSU,Sector_Fine,False,0.2320290734698532,0.42939375525539164,0.19736468178553845,0.3638292015206171,0.1318001280507639,190,17946,204,527
2023-05-19,fine_all,Fine | With PSU,Sector_Fine,False,0.22914884509258393,0.42666035106019573,0.1975115059676118,0.365232693782852,0.13608384869026807,190,17946,204,527
2023-05-26,fine_all,Fine | With PSU,Sector_Fine,False,0.23735227517857196,0.42675171435504455,0.1893994391764726,0.3710112455418471,0.13365897036327515,190,17946,204,527
2023-06-02,fine_all,Fine | With PSU,Sector_Fine,False,0.23992610829290573,0.4305997493225246,0.19067364102961887,0.36672514816290314,0.1267990398699974,190,17946,204,527
2023-06-09,fine_all,Fine | With PSU,Sector_Fine,False,0.23671388673517038,0.42861939261108345,0.19190550587591307,0.36667478642037693,0.12996089968520655,190,17946,204,527
2023-06-16,fine_all,Fine | With PSU,Sector_Fine,False,0.20068543893015156,0.40515161495696134,0.20446617602680978,0.31246114808155023,0.11177570915139867,190,17946,204,527
2023-06-23,fine_all,Fine | With PSU,Sector_Fine,False,0.2015657616766933,0.4056396284276551,0.2040738667509618,0.31984293187515234,0.11827717019845904,190,17946,204,527
2023-06-30,fine_all,Fine | With PSU,Sector_Fine,False,0.20805668382948392,0.41060780919733686,0.20255112536785294,0.3281022133143116,0.12004552948482769,190,17946,204,527
2023-07-07,fine_all,Fine | With PSU,Sector_Fine,False,0.19683058195785766,0.40220576938769936,0.2053751874298417,0.329901919364119,0.13307133740626134,190,17946,204,527
2023-07-14,fine_all,Fine | With PSU,Sector_Fine,False,0.19746062367098755,0.4008044571799464,0.20334383350895885,0.33152857840559363,0.1340679547346061,190,17946,204,527
2023-07-21,fine_all,Fine | With PSU,Sector_Fine,False,0.18891099998789734,0.3863475218693031,0.19743652188140576,0.32452968388370984,0.1356186838958125,190,17946,204,527
2023-07-28,fine_all,Fine | With PSU,Sector_Fine,False,0.18829939950054422,0.38361808000723013,0.1953186805066859,0.3222758259426806,0.1339764264421364,190,17946,204,527
2023-08-04,fine_all,Fine | With PSU,Sector_Fine,False,0.18499700828351162,0.3821182860386214,0.1971212777551098,0.31444510002653253,0.1294480917430209,190,17946,204,527
2023-08-11,fine_all,Fine | With PSU,Sector_Fine,False,0.18425720564551493,0.3792947253296792,0.1950375196841643,0.3138800674228076,0.12962286177729268,190,17948,204,527
2023-08-18,fine_all,Fine | With PSU,Sector_Fine,False,0.18656076531715154,0.38122733406593673,0.19466656874878518,0.31648710732070506,0.12992634200355352,190,17948,204,527
2023-08-25,fine_all,Fine | With PSU,Sector_Fine,False,0.18723708633869401,0.37881388185928266,0.19157679552058865,0.31700807893634586,0.12977099259765185,190,17948,204,527
2023-09-01,fine_all,Fine | With PSU,Sector_Fine,False,0.1890058926658704,0.37939281855343404,0.19038692588756365,0.3136853558205749,0.12467946315470449,190,17948,204,527
2023-09-08,fine_all,Fine | With PSU,Sector_Fine,False,0.19415012161044964,0.37942833832613276,0.18527821671568312,0.3223681119521353,0.12821799034168563,190,17948,204,527
2023-09-15,fine_all,Fine | With PSU,Sector_Fine,False,0.18955079509458828,0.3782972964697298,0.18874650137514154,0.31698369900568274,0.12743290391109446,190,17948,204,527
2023-09-22,fine_all,Fine | With PSU,Sector_Fine,False,0.19005142315835677,0.35862493275122426,0.1685735095928675,0.2798971065533124,0.08984568339495563,193,18528,210,593
2023-09-29,fine_all,Fine | With PSU,Sector_Fine,False,0.18784143585749985,0.3606229678991821,0.17278153204168223,0.2770421441309238,0.08920070827342397,193,18528,206,582
2023-10-06,fine_all,Fine | With PSU,Sector_Fine,False,0.18712669103123744,0.36170059083986045,0.174573899808623,0.27845487845311634,0.0913281874218789,193,18528,206,582
2023-10-13,fine_all,Fine | With PSU,Sector_Fine,False,0.18018830460316385,0.36195422897018137,0.18176592436701752,0.2685342006580905,0.08834589605492668,193,18528,206,582
2023-10-20,fine_all,Fine | With PSU,Sector_Fine,False,0.1858202667958857,0.3612049975002508,0.1753847307043651,0.27504939657998584,0.08922912978410014,193,18528,206,582
2023-10-27,fine_all,Fine | With PSU,Sector_Fine,False,0.19620486917739158,0.36966490292955095,0.17346003375215938,0.2807562727349224,0.0845514035575308,193,18528,206,582
2023-11-03,fine_all,Fine | With PSU,Sector_Fine,False,0.19515435646252366,0.3681822120693096,0.17302785560678596,0.280165245258225,0.08501088879570134,193,18528,206,582
2023-11-10,fine_all,Fine | With PSU,Sector_Fine,False,0.19956499322724608,0.36725981691794035,0.16769482369069427,0.28631233042710125,0.08674733719985517,193,18528,206,582
2023-11-17,fine_all,Fine | With PSU,Sector_Fine,False,0.2025557514332664,0.37012747897793563,0.16757172754466923,0.291513153157387,0.08895740172412062,193,18528,206,582
2023-11-24,fine_all,Fine | With PSU,Sector_Fine,False,0.20059287712749027,0.3697274952494808,0.16913461812199052,0.2851802487385653,0.08458737161107502,193,18528,206,582
2023-12-01,fine_all,Fine | With PSU,Sector_Fine,False,0.2038150421373989,0.3733218408558798,0.16950679871848093,0.2923276579193908,0.0885126157819919,193,18528,206,582
2023-12-08,fine_all,Fine | With PSU,Sector_Fine,False,0.20619428733347991,0.38090535294666666,0.17471106561318675,0.30868821974343064,0.10249393240995072,193,18528,206,582
2023-12-15,fine_all,Fine | With PSU,Sector_Fine,False,0.20430848175014002,0.3879122803473413,0.1836037985972013,0.31533721088708283,0.11102872913694281,193,18528,206,582
2023-12-22,fine_all,Fine | With PSU,Sector_Fine,False,0.17534652164522158,0.3599578293830633,0.18461130773784173,0.268116683085516,0.09277016144029443,193,18528,206,582
2023-12-29,fine_all,Fine | With PSU,Sector_Fine,False,0.17584604039913368,0.34514949690100744,0.16930345650187376,0.2568621528729788,0.08101611247384513,193,18528,206,582
2024-01-05,fine_all,Fine | With PSU,Sector_Fine,False,0.1741768503860253,0.34587018554682886,0.17169333516080357,0.2581610679364431,0.08398421755041782,193,18528,206,582
2024-01-12,fine_all,Fine | With PSU,Sector_Fine,False,0.1733975162705303,0.3453267741874393,0.171929257916909,0.2598685532768037,0.0864710370062734,193,18528,206,582
2024-01-19,fine_all,Fine | With PSU,Sector_Fine,False,0.1698922091462471,0.334575854891014,0.1646836457447669,0.25956260153909727,0.08967039239285018,193,18528,206,582
2024-01-26,fine_all,Fine | With PSU,Sector_Fine,False,0.1633284464635732,0.30175708620242947,0.13842863973885627,0.23850232800666019,0.07517388154308699,193,18528,206,582
2024-02-02,fine_all,Fine | With PSU,Sector_Fine,False,0.17128328840229712,0.2979455016378355,0.1266622132355384,0.2612745887561573,0.08999130035386016,193,18528,206,582
2024-02-09,fine_all,Fine | With PSU,Sector_Fine,False,0.16841059607779002,0.29203449378392965,0.12362389770613963,0.25443662938774597,0.08602603330995595,193,18528,206,582
2024-02-16,fine_all,Fine | With PSU,Sector_Fine,False,0.1653440475358341,0.28596208361439973,0.12061803607856564,0.26017768871938285,0.09483364118354876,194,18721,206,590
2024-02-23,fine_all,Fine | With PSU,Sector_Fine,False,0.15436721401338804,0.2711324858393288,0.11676527182594076,0.24819862384819355,0.09383140983480551,194,18721,206,590
2024-03-01,fine_all,Fine | With PSU,Sector_Fine,False,0.15642952359163056,0.2597704627411344,0.10334093914950385,0.24674606112538944,0.09031653753375887,194,18721,206,590
2024-03-08,fine_all,Fine | With PSU,Sector_Fine,False,0.15327579004309966,0.2516226376353707,0.09834684759227103,0.24753849830229196,0.09426270825919231,194,18721,206,590
2024-03-15,fine_all,Fine | With PSU,Sector_Fine,False,0.16659935684495106,0.2591727392319167,0.09257338238696564,0.3088525787878346,0.14225322194288356,194,18721,206,590
2024-03-22,fine_all,Fine | With PSU,Sector_Fine,False,0.15920584651551392,0.2562462445730207,0.09704039805750678,0.2903552935380324,0.1311494470225185,195,18915,206,602
2024-03-29,fine_all,Fine | With PSU,Sector_Fine,False,0.16243451713816978,0.26271835102021124,0.10028383388204146,0.2837701768920837,0.12133565975391394,190,17955,198,723
2024-04-05,fine_all,Fine | With PSU,Sector_Fine,False,0.16448089202593058,0.2702447691733734,0.10576387714744284,0.28840891088898546,0.12392801886305488,190,17955,198,723
2024-04-12,fine_all,Fine | With PSU,Sector_Fine,False,0.16393284755305973,0.2663929496701127,0.10246010211705295,0.28557306688322653,0.1216402193301668,190,17955,198,723
2024-04-19,fine_all,Fine | With PSU,Sector_Fine,False,0.1736799155518016,0.2761659436490165,0.10248602809721488,0.2925623395471276,0.11888242399532603,191,18145,199,723
2024-04-26,fine_all,Fine | With PSU,Sector_Fine,False,0.17323136959708818,0.26129026841977526,0.08805889882268708,0.30247960004534563,0.12924823044825745,191,18145,199,723
2024-05-03,fine_all,Fine | With PSU,Sector_Fine,False,0.17195669486242599,0.2608333290566175,0.0888766341941915,0.29775816712148284,0.12580147225905686,191,18145,199,723
2024-05-10,fine_all,Fine | With PSU,Sector_Fine,False,0.18043142108381208,0.29448376004968985,0.11405233896587777,0.32607525116570363,0.14564383008189155,191,18145,199,723
2024-05-17,fine_all,Fine | With PSU,Sector_Fine,False,0.18295392318925702,0.2955339074729705,0.11257998428371346,0.32616539150033425,0.14321146831107723,191,18145,199,723
2024-05-24,fine_all,Fine | With PSU,Sector_Fine,False,0.18078617337149416,0.2954663151125696,0.11468014174107544,0.3246161127441848,0.14382993937269062,191,18145,199,723
2024-05-31,fine_all,Fine | With PSU,Sector_Fine,False,0.18803287461515597,0.3005510677598246,0.11251819314466863,0.33323634964536597,0.14520347503021,191,18145,199,723
2024-06-07,fine_all,Fine | With PSU,Sector_Fine,False,0.19310834357772855,0.2991925512005888,0.10608420762286025,0.3398900522573655,0.14678170867963697,191,18145,199,723
2024-06-14,fine_all,Fine | With PSU,Sector_Fine,False,0.19130331268040354,0.30228079806089275,0.11097748538048921,0.34261348188564605,0.1513101692052425,191,18145,199,723
2024-06-21,fine_all,Fine | With PSU,Sector_Fine,False,0.18645129279585473,0.2934718592007191,0.10702056640486438,0.33580873398249084,0.1493574411866361,191,18145,199,723
2024-06-28,fine_all,Fine | With PSU,Sector_Fine,False,0.18066480786140626,0.2878893718102906,0.10722456394888435,0.33285039801356375,0.1521855901521575,191,18145,199,723
2024-07-05,fine_all,Fine | With PSU,Sector_Fine,False,0.18310484408871122,0.29002575773671047,0.10692091364799924,0.33457446291813964,0.15146961882942842,191,18145,199,723
2024-07-12,fine_all,Fine | With PSU,Sector_Fine,False,0.18229501855812424,0.29182523601846544,0.1095302174603412,0.3294783253181842,0.14718330676005997,191,18145,199,723
2024-07-19,fine_all,Fine | With PSU,Sector_Fine,False,0.1857524561027238,0.292336208767087,0.10658375266436318,0.3355045411895896,0.1497520850868658,191,18145,199,723
2024-07-26,fine_all,Fine | With PSU,Sector_Fine,False,0.1887773483188954,0.29416545262851335,0.10538810430961795,0.3358115773889855,0.1470342290700901,191,18145,199,723
2024-08-02,fine_all,Fine | With PSU,Sector_Fine,False,0.18959923624787647,0.2949530703551668,0.10535383410729035,0.3368704966549177,0.14727126040704122,191,18145,199,723
2024-08-09,fine_all,Fine | With PSU,Sector_Fine,False,0.19412853045860978,0.30683814836681567,0.11270961790820588,0.34409379902601145,0.14996526856740167,191,18145,199,723
2024-08-16,fine_all,Fine | With PSU,Sector_Fine,False,0.19094973354204087,0.30770616613296453,0.11675643259092366,0.34458504993130645,0.15363531638926559,191,18145,199,723
2024-08-23,fine_all,Fine | With PSU,Sector_Fine,False,0.19201044618890145,0.31467148760510216,0.12266104141620071,0.3440641738683212,0.15205372767941977,191,18145,199,723
2024-08-30,fine_all,Fine | With PSU,Sector_Fine,False,0.19194594617403649,0.31351376300497447,0.12156781683093798,0.34815888411882523,0.15621293794478874,191,18145,199,723
2024-09-06,fine_all,Fine | With PSU,Sector_Fine,False,0.18859682352800866,0.31434869103885915,0.1257518675108505,0.3491203862142388,0.16052356268623014,191,18145,199,723
2024-09-13,fine_all,Fine | With PSU,Sector_Fine,False,0.18928128157370241,0.31180252818134524,0.12252124660764283,0.35561305033809953,0.16633176876439712,191,18145,199,723
2024-09-20,fine_all,Fine | With PSU,Sector_Fine,False,0.18194826673841966,0.30540449124879093,0.12345622451037128,0.35707268071816795,0.1751244139797483,194,18721,212,752
2024-09-27,fine_all,Fine | With PSU,Sector_Fine,False,0.18658571974426644,0.29710811035974355,0.11052239061547711,0.3699891031974047,0.18340338345313825,202,20301,241,867
2024-10-04,fine_all,Fine | With PSU,Sector_Fine,False,0.20613324551830092,0.3116896317173912,0.1055563861990903,0.3864038198563072,0.18027057433800625,188,17578,227,824
2024-10-11,fine_all,Fine | With PSU,Sector_Fine,False,0.20472037468874324,0.31138862258401023,0.106668247895267,0.3868300637608249,0.18210968907208167,188,17578,227,824
2024-10-18,fine_all,Fine | With PSU,Sector_Fine,False,0.20497070995393374,0.3096382803112772,0.10466757035734348,0.38680555225163776,0.18183484229770402,188,17578,227,824
2024-10-25,fine_all,Fine | With PSU,Sector_Fine,False,0.22918456123972072,0.3259833810412127,0.09679881980149199,0.4157950642731512,0.1866105030334305,188,17578,227,824
2024-11-01,fine_all,Fine | With PSU,Sector_Fine,False,0.22764921563533205,0.3327960666866893,0.10514685105135727,0.41813891539141185,0.1904896997560798,188,17578,227,824
2024-11-08,fine_all,Fine | With PSU,Sector_Fine,False,0.22651826113100546,0.33351584860093564,0.10699758746993018,0.4175989111003716,0.19108064996936616,188,17578,227,824
2024-11-15,fine_all,Fine | With PSU,Sector_Fine,False,0.2395706878415067,0.34640992650115027,0.10683923865964357,0.4300602951552475,0.19048960731374082,188,17578,227,824
2024-11-22,fine_all,Fine | With PSU,Sector_Fine,False,0.2355990870938399,0.3405425544257594,0.10494346733191953,0.4304513359461507,0.1948522488523108,188,17578,227,824
2024-11-29,fine_all,Fine | With PSU,Sector_Fine,False,0.2327359988094551,0.3358849109709174,0.10314891216146227,0.43237066126403906,0.19963466245458394,189,17766,227,824
2024-12-06,fine_all,Fine | With PSU,Sector_Fine,False,0.23353654597256598,0.33135856318625395,0.09782201721368797,0.4258948157353067,0.1923582697627407,189,17766,227,824
2024-12-13,fine_all,Fine | With PSU,Sector_Fine,False,0.23219290748509389,0.32475095746559135,0.09255804998049746,0.4239935595632331,0.1918006520781392,189,17766,227,824
2024-12-20,fine_all,Fine | With PSU,Sector_Fine,False,0.2528180763467621,0.3487202991135722,0.0959022227668101,0.4492211600369773,0.1964030836902152,189,17766,227,824
2024-12-27,fine_all,Fine | With PSU,Sector_Fine,False,0.24914116896434857,0.34552637728931024,0.09638520832496167,0.4478967911931836,0.19875562222883503,189,17766,227,824
2025-01-03,fine_all,Fine | With PSU,Sector_Fine,False,0.24849840912480686,0.3471205610470076,0.09862215192220075,0.4402906979855063,0.19179228886069943,189,17766,227,824
2025-01-10,fine_all,Fine | With PSU,Sector_Fine,False,0.2656038938765681,0.37055214373387996,0.10494824985731188,0.4569521551486315,0.19134826127206345,189,17766,227,824
2025-01-17,fine_all,Fine | With PSU,Sector_Fine,False,0.26458865224115413,0.3772527515643073,0.11266409932315319,0.45965115346794616,0.19506250122679203,189,17766,227,824
2025-01-24,fine_all,Fine | With PSU,Sector_Fine,False,0.2655638657035354,0.37913570136992003,0.11357183566638462,0.46383822407818287,0.19827435837464746,189,17766,227,824
2025-01-31,fine_all,Fine | With PSU,Sector_Fine,False,0.26340056996557676,0.3858156886892442,0.12241511872366745,0.46087988327069146,0.1974793133051147,189,17766,227,824
2025-02-07,fine_all,Fine | With PSU,Sector_Fine,False,0.26563013144019204,0.39027035752268935,0.12464022608249731,0.47147404111107516,0.20584390967088312,189,17766,227,824
2025-02-14,fine_all,Fine | With PSU,Sector_Fine,False,0.2907200937124927,0.4070221319267732,0.11630203821428053,0.4916425952493454,0.2009225015368527,189,17766,227,824
2025-02-21,fine_all,Fine | With PSU,Sector_Fine,False,0.28880955855022056,0.4083453711372167,0.11953581258699614,0.49305952843439543,0.20424996988417488,189,17766,227,824
2025-02-28,fine_all,Fine | With PSU,Sector_Fine,False,0.30344900390882656,0.4160734599584418,0.11262445604961524,0.506877435126195,0.20342843121736842,189,17766,227,824
2025-03-07,fine_all,Fine | With PSU,Sector_Fine,False,0.31150239958080644,0.41988894293408985,0.1083865433532834,0.5160350654225617,0.20453266584175528,189,17766,227,824
2025-03-14,fine_all,Fine | With PSU,Sector_Fine,False,0.3076547105519506,0.4148966627297889,0.10724195217783833,0.5013196369044999,0.19366492635254928,189,17766,227,824
2025-03-21,fine_all,Fine | With PSU,Sector_Fine,False,0.3305650378399687,0.4354335664766297,0.10486852863666096,0.5218781621127946,0.19131312427282587,189,17766,227,824
2025-03-28,fine_all,Fine | With PSU,Sector_Fine,False,0.31105499894336275,0.4041834506965593,0.09312845175319656,0.5007547840238192,0.18969978508045648,188,17578,229,807
2025-04-04,fine_all,Fine | With PSU,Sector_Fine,False,0.31052782365909465,0.3996803029500785,0.08915247929098385,0.5037876251751384,0.19325980151604377,192,18336,230,842
2025-04-11,fine_all,Fine | With PSU,Sector_Fine,False,0.3103634100450821,0.4008807021526088,0.09051729210752668,0.5073234689458601,0.196960058900778,192,18336,230,842
2025-04-18,fine_all,Fine | With PSU,Sector_Fine,False,0.3198691635617643,0.4139207814537431,0.0940516178919788,0.5138950927060582,0.19402592914429384,192,18336,230,842
2025-04-25,fine_all,Fine | With PSU,Sector_Fine,False,0.315866485158954,0.4202330682555056,0.10436658309655161,0.5071733120014509,0.1913068268424969,192,18336,230,842
2025-05-02,fine_all,Fine | With PSU,Sector_Fine,False,0.31651039061709213,0.4224194217693342,0.1059090311522421,0.5083801842159406,0.19186979359884843,192,18336,230,842
2025-05-09,fine_all,Fine | With PSU,Sector_Fine,False,0.31668476013501523,0.4143343290751895,0.09764956894017429,0.5013367811793635,0.1846520210443483,192,18336,230,842
2025-05-16,fine_all,Fine | With PSU,Sector_Fine,False,0.33398963567816775,0.43212273729011264,0.09813310161194488,0.5184321713716459,0.18444253569347813,192,18336,230,842
2025-05-23,fine_all,Fine | With PSU,Sector_Fine,False,0.32943747235561344,0.43233778540027834,0.1029003130446649,0.5154426645048378,0.18600519214922434,192,18336,230,842
2025-05-30,fine_all,Fine | With PSU,Sector_Fine,False,0.32751102737917065,0.4299676760334389,0.10245664865426823,0.5114879105426722,0.18397688316350153,192,18336,230,842
2025-06-06,fine_all,Fine | With PSU,Sector_Fine,False,0.3257873602927258,0.43541159532367396,0.10962423503094815,0.509019565553276,0.18323220526055017,192,18336,230,842
2025-06-13,fine_all,Fine | With PSU,Sector_Fine,False,0.326698895457705,0.4350684982593505,0.10836960280164554,0.5054097425223062,0.17871084706460122,192,18336,230,842
2025-06-20,fine_all,Fine | With PSU,Sector_Fine,False,0.32713976417596274,0.4377935308824837,0.11065376670652094,0.5050341042157033,0.17789434003974053,192,18336,230,842
2025-06-27,fine_all,Fine | With PSU,Sector_Fine,False,0.3313078815941324,0.4450476510768834,0.113739769482751,0.5071672787883659,0.1758593971942335,192,18336,230,842
2025-07-04,fine_all,Fine | With PSU,Sector_Fine,False,0.3289843493119183,0.4466463589710062,0.11766200965908791,0.5072014336831159,0.1782170843711976,192,18336,230,842
2025-07-11,fine_all,Fine | With PSU,Sector_Fine,False,0.3320593434344274,0.450710988741387,0.1186516453069596,0.5152731805271967,0.18321383709276934,192,18336,230,842
2025-07-18,fine_all,Fine | With PSU,Sector_Fine,False,0.33200131919826525,0.4492468359211977,0.11724551672293243,0.5174681713267042,0.18546685212843894,192,18336,230,842
2025-07-25,fine_all,Fine | With PSU,Sector_Fine,False,0.33234629450074327,0.450448944804685,0.11810265030394174,0.5233792191950466,0.19103292469430333,192,18336,230,842
2025-08-01,fine_all,Fine | With PSU,Sector_Fine,False,0.33536182989992425,0.4542003146136231,0.11883848471369884,0.5289913152892222,0.19362948538929792,192,18336,230,842
2025-08-08,fine_all,Fine | With PSU,Sector_Fine,False,0.3358837723635578,0.4500017077083176,0.11411793534475978,0.5299029915802014,0.19401921921664356,192,18336,230,842
2025-08-15,fine_all,Fine | With PSU,Sector_Fine,False,0.3376353476195185,0.4501206714506058,0.11248532383108728,0.531714166202374,0.19407881858285547,192,18336,230,842
2025-08-22,fine_all,Fine | With PSU,Sector_Fine,False,0.3370544015489556,0.4493668053923673,0.11231240384341168,0.5328008595485402,0.19574645799958457,192,18336,230,842
2025-08-29,fine_all,Fine | With PSU,Sector_Fine,False,0.34062747423253703,0.4545536876140753,0.11392621338153824,0.538878752099673,0.19825127786713592,192,18336,230,842
2025-09-05,fine_all,Fine | With PSU,Sector_Fine,False,0.34489002816216535,0.4582550750017263,0.11336504683956095,0.5418414032425427,0.19695137508037736,192,18336,230,842
2025-09-12,fine_all,Fine | With PSU,Sector_Fine,False,0.3465875022056398,0.46162131465679523,0.11503381245115546,0.5461812109647947,0.1995937087591549,192,18336,230,842
2025-09-19,fine_all,Fine | With PSU,Sector_Fine,False,0.3445240849301436,0.4651304716894337,0.12060638675929014,0.5322800804761625,0.1877559955460189,194,18721,231,882
2025-09-26,fine_all,Fine | With PSU,Sector_Fine,False,0.35013963325348624,0.4714547093224742,0.12131507606898795,0.5353132102117742,0.185173576958288,203,20503,239,886
2025-10-03,fine_all,Fine | With PSU,Sector_Fine,False,0.3631371085829711,0.4967425608332524,0.1336054522502813,0.5691886187571297,0.20605151017415857,195,18915,211,773
2025-10-10,fine_all,Fine | With PSU,Sector_Fine,False,0.36479838174979906,0.4965944387777172,0.13179605702791813,0.5713421036124848,0.20654372186268577,195,18915,211,773
2025-10-17,fine_all,Fine | With PSU,Sector_Fine,False,0.36123189784152876,0.49529437348872873,0.13406247564719997,0.5674142520923773,0.20618235425084852,195,18915,211,773
2025-10-24,fine_all,Fine | With PSU,Sector_Fine,False,0.3476053203144913,0.4875939883518379,0.1399886680373466,0.5469136782164127,0.19930835790192136,195,18915,211,773
2025-10-31,fine_all,Fine | With PSU,Sector_Fine,False,0.3475512280652751,0.4867392687851133,0.1391880407198382,0.542404863874633,0.19485363580935794,195,18915,211,773
2025-11-07,fine_all,Fine | With PSU,Sector_Fine,False,0.3485079542344188,0.4874464106022091,0.1389384563677903,0.543276188544611,0.1947682343101922,195,18915,211,773
2025-11-14,fine_all,Fine | With PSU,Sector_Fine,False,0.33869357177674236,0.47537279196684595,0.1366792201901036,0.5350540791600444,0.19636050738330207,195,18915,211,773
2025-11-21,fine_all,Fine | With PSU,Sector_Fine,False,0.34528236204625234,0.47942310358742696,0.1341407415411746,0.5375926517023927,0.19231028965614033,195,18915,211,773
2025-11-28,fine_all,Fine | With PSU,Sector_Fine,False,0.34512820592010196,0.4858517312320314,0.14072352531192944,0.5333315486105014,0.1882033426903994,195,18915,211,773
2025-12-05,fine_all,Fine | With PSU,Sector_Fine,False,0.3420501003142774,0.4821145012064595,0.14006440089218208,0.5279298293250302,0.18587972901075278,195,18915,211,773
2025-12-12,fine_all,Fine | With PSU,Sector_Fine,False,0.3425330302915535,0.48249811073979654,0.13996508044824302,0.5284759584564964,0.1859429281649429,195,18915,211,773
2025-12-19,fine_all,Fine | With PSU,Sector_Fine,False,0.3290857574946463,0.45729617985518367,0.12821042236053737,0.5109957617498385,0.18191000425519221,195,18915,211,773
2025-12-26,fine_all,Fine | With PSU,Sector_Fine,False,0.32781689717838713,0.45596835953912807,0.12815146236074093,0.5054727520238788,0.17765585484549162,195,18915,211,773
2016-01-01,fine_ex_psu,Fine | Ex PSU,Sector_Fine,True,0.2487787227960528,0.4095870076075994,0.16080828481154663,0.27881343424844934,0.030034711452396556,135,9045,57,48
2016-01-08,fine_ex_psu,Fine | Ex PSU,Sector_Fine,True,0.25865629521603445,0.4142929079285219,0.15563661271248747,0.2803667963224699,0.021710501106435465,135,9045,57,48
2016-01-15,fine_ex_psu,Fine | Ex PSU,Sector_Fine,True,0.27807815118642815,0.424070391045916,0.14599223985948784,0.314781638001302,0.03670348681487384,135,9045,57,48
2016-01-22,fine_ex_psu,Fine | Ex PSU,Sector_Fine,True,0.27689900304621456,0.4266220824291752,0.14972307938296064,0.30845109001036414,0.03155208696414957,135,9045,57,48
2016-01-29,fine_ex_psu,Fine | Ex PSU,Sector_Fine,True,0.2802787319793794,0.42846457878614536,0.14818584680676594,0.30918657640096975,0.028907844421590334,135,9045,57,48
2016-02-05,fine_ex_psu,Fine | Ex PSU,Sector_Fine,True,0.2757465482049104,0.4112641518778516,0.1355176036729412,0.3074873674606028,0.03174081925569239,135,9045,57,48
2016-02-12,fine_ex_psu,Fine | Ex PSU,Sector_Fine,True,0.3012820733092636,0.43242499618745905,0.13114292287819546,0.3491589551758161,0.04787688186655248,135,9045,57,48
2016-02-19,fine_ex_psu,Fine | Ex PSU,Sector_Fine,True,0.30598250230788643,0.4423557618344455,0.1363732595265591,0.3430591109738878,0.037076608666001376,135,9045,57,48
2016-02-26,fine_ex_psu,Fine | Ex PSU,Sector_Fine,True,0.31014232107351514,0.4452316613638365,0.13508934029032138,0.3486630977988956,0.03852077672538046,135,9045,57,48
2016-03-04,fine_ex_psu,Fine | Ex PSU,Sector_Fine,True,0.3358186725319514,0.4661182963623484,0.130299623830397,0.38842676929344205,0.05260809676149064,135,9045,57,48
2016-03-11,fine_ex_psu,Fine | Ex PSU,Sector_Fine,True,0.3366044840613647,0.462483829567915,0.12587934550655033,0.4009348586070259,0.0643303745456612,135,9045,57,48
2016-03-18,fine_ex_psu,Fine | Ex PSU,Sector_Fine,True,0.3353505579537369,0.4681579086260176,0.13280735067228067,0.40115647875381644,0.06580592080007952,135,9045,57,48
2016-03-25,fine_ex_psu,Fine | Ex PSU,Sector_Fine,True,0.3364202014492907,0.4656634791607458,0.1292432777114551,0.405500204439787,0.06908000299049633,135,9045,57,48
2016-04-01,fine_ex_psu,Fine | Ex PSU,Sector_Fine,True,0.33144142971644147,0.4582405112082702,0.12679908149182872,0.39949928986780675,0.06805786015136528,135,9045,57,48
2016-04-08,fine_ex_psu,Fine | Ex PSU,Sector_Fine,True,0.32512087959974617,0.45211494530218044,0.12699406570243427,0.38990498706974835,0.06478410747000218,135,9045,57,48
2016-04-15,fine_ex_psu,Fine | Ex PSU,Sector_Fine,True,0.3303628861440106,0.4567269852997342,0.1263640991557236,0.41573490566354177,0.08537201951953116,135,9045,57,48
2016-04-22,fine_ex_psu,Fine | Ex PSU,Sector_Fine,True,0.32106501008978244,0.45245811091889915,0.1313931008291167,0.4134476336656842,0.09238262357590177,135,9045,57,48
2016-04-29,fine_ex_psu,Fine | Ex PSU,Sector_Fine,True,0.310482071261097,0.4340728489832958,0.12359077772219879,0.39523272181290503,0.08475065055180803,125,7720,58,54
2016-05-06,fine_ex_psu,Fine | Ex PSU,Sector_Fine,True,0.31227212559590134,0.4378281844529166,0.12555605885701526,0.3968904768844841,0.08461835128858275,125,7720,58,54
2016-05-13,fine_ex_psu,Fine | Ex PSU,Sector_Fine,True,0.3098710667544402,0.43616728879047184,0.12629622203603164,0.395566973541251,0.08569590678681077,125,7720,58,54
2016-05-20,fine_ex_psu,Fine | Ex PSU,Sector_Fine,True,0.31136409204271626,0.43482252720970577,0.12345843516698951,0.4018119005957059,0.09044780855298962,125,7720,58,54
2016-05-27,fine_ex_psu,Fine | Ex PSU,Sector_Fine,True,0.3156883395825224,0.4430489787144158,0.12736063913189338,0.41080517175248416,0.09511683216996175,125,7735,58,54
2016-06-03,fine_ex_psu,Fine | Ex PSU,Sector_Fine,True,0.3047777011503206,0.4351770324324551,0.1303993312821345,0.4003262862783173,0.09554858512799669,125,7735,58,54
2016-06-10,fine_ex_psu,Fine | Ex PSU,Sector_Fine,True,0.2996707178670771,0.43264026588201643,0.13296954801493932,0.39663381638077083,0.09696309851369372,125,7735,58,54
2016-06-17,fine_ex_psu,Fine | Ex PSU,Sector_Fine,True,0.29315948128007246,0.42489254658488923,0.13173306530481677,0.3915595151427681,0.09840003386269564,125,7735,58,54
2016-06-24,fine_ex_psu,Fine | Ex PSU,Sector_Fine,True,0.29240953814195125,0.42763600389323936,0.1352264657512881,0.392658485869402,0.10024894772745074,125,7735,58,54
2016-07-01,fine_ex_psu,Fine | Ex PSU,Sector_Fine,True,0.30465278154243003,0.4360559234111297,0.13140314186869967,0.3996353339264146,0.09498255238398456,125,7735,58,54
2016-07-08,fine_ex_psu,Fine | Ex PSU,Sector_Fine,True,0.30544668806342784,0.43711323747759856,0.13166654941417072,0.4057679079945571,0.10032121993112925,125,7735,58,54
2016-07-15,fine_ex_psu,Fine | Ex PSU,Sector_Fine,True,0.29724137645240994,0.42452591530438005,0.1272845388519701,0.40532846588081345,0.1080870894284035,125,7735,58,54
2016-07-22,fine_ex_psu,Fine | Ex PSU,Sector_Fine,True,0.2972539863232664,0.42448331937064326,0.12722933304737688,0.4077040996728323,0.11045011334956589,125,7735,58,54
2016-07-29,fine_ex_psu,Fine | Ex PSU,Sector_Fine,True,0.29853797970251206,0.4296679669429513,0.13112998724043923,0.4014750482880211,0.10293706858550905,125,7735,58,54
2016-08-05,fine_ex_psu,Fine | Ex PSU,Sector_Fine,True,0.29707081558871495,0.4303893058560861,0.13331849026737114,0.4012015848394661,0.10413076925075115,125,7735,58,54
2016-08-12,fine_ex_psu,Fine | Ex PSU,Sector_Fine,True,0.2955218790238048,0.421837096004815,0.12631521698101023,0.39478473921843915,0.09926286019463437,125,7735,58,54
2016-08-19,fine_ex_psu,Fine | Ex PSU,Sector_Fine,True,0.2943764052606217,0.4237478517706125,0.12937144650999083,0.3871796637478357,0.09280325848721399,125,7735,58,54
2016-08-26,fine_ex_psu,Fine | Ex PSU,Sector_Fine,True,0.2801800333105627,0.4063145705912045,0.12613453728064183,0.37247314752333727,0.09229311421277459,125,7735,58,54
2016-09-02,fine_ex_psu,Fine | Ex PSU,Sector_Fine,True,0.27043043910110043,0.4051929022323173,0.13476246313121687,0.34865630106287987,0.07822586196177944,125,7735,58,54
2016-09-09,fine_ex_psu,Fine | Ex PSU,Sector_Fine,True,0.271836074423994,0.395678206431007,0.123842132007013,0.3448941219814375,0.0730580475574435,125,7735,58,54
2016-09-16,fine_ex_psu,Fine | Ex PSU,Sector_Fine,True,0.27418743030342674,0.39211315486447185,0.11792572456104511,0.35504984295647096,0.08086241265304422,125,7735,58,54
2016-09-23,fine_ex_psu,Fine | Ex PSU,Sector_Fine,True,0.2745564834101819,0.3904311739113783,0.11587469050119642,0.355621866638014,0.08106538322783208,125,7735,58,54
2016-09-30,fine_ex_psu,Fine | Ex PSU,Sector_Fine,True,0.27934760773798256,0.39764921414822635,0.11830160641024379,0.36279139808673544,0.08344379034875288,125,7732,56,54
2016-10-07,fine_ex_psu,Fine | Ex PSU,Sector_Fine,True,0.28179104241567327,0.3990619068651026,0.11727086444942936,0.3307539534695071,0.048962911053833824,125,7732,56,54
2016-10-14,fine_ex_psu,Fine | Ex PSU,Sector_Fine,True,0.28421536319549456,0.39988319103183473,0.11566782783634016,0.3328802528179584,0.04866488962246385,125,7732,56,54
2016-10-21,fine_ex_psu,Fine | Ex PSU,Sector_Fine,True,0.26430902828263325,0.37999808124634715,0.1156890529637139,0.3300764819274527,0.06576745364481945,131,8506,61,56
2016-10-28,fine_ex_psu,Fine | Ex PSU,Sector_Fine,True,0.24591464745145633,0.3762598486493901,0.13034520119793377,0.30876128248747475,0.06284663503601842,143,10132,62,75
2016-11-04,fine_ex_psu,Fine | Ex PSU,Sector_Fine,True,0.25696020441851725,0.3821442442270341,0.12518403980851683,0.32645657253612,0.06949636811760274,143,10132,62,75
2016-11-11,fine_ex_psu,Fine | Ex PSU,Sector_Fine,True,0.26154027956796255,0.398372475192223,0.13683219562426047,0.35593219701835443,0.09439191745039188,143,10132,62,75
2016-11-18,fine_ex_psu,Fine | Ex PSU,Sector_Fine,True,0.2708550942460626,0.40989934277174706,0.13904424852568448,0.381843859732484,0.11098876548642145,143,10132,62,75
2016-11-25,fine_ex_psu,Fine | Ex PSU,Sector_Fine,True,0.26757930028517873,0.41428074293770467,0.14670144265252594,0.37407763763320534,0.1064983373480266,143,10132,62,75
2016-12-02,fine_ex_psu,Fine | Ex PSU,Sector_Fine,True,0.2654062374330696,0.41548493137435194,0.15007869394128232,0.3658674121252572,0.10046117469218757,143,10132,62,75
2016-12-09,fine_ex_psu,Fine | Ex PSU,Sector_Fine,True,0.2639155019037011,0.41041332997911534,0.14649782807541423,0.38011371392281307,0.11619821201911196,143,10132,62,75
2016-12-16,fine_ex_psu,Fine | Ex PSU,Sector_Fine,True,0.2600787405404004,0.41307971947968586,0.15300097893928544,0.3754898067317388,0.1154110661913384,143,10132,62,75
2016-12-23,fine_ex_psu,Fine | Ex PSU,Sector_Fine,True,0.2655584762352502,0.4134790035002349,0.14792052726498472,0.3796417385856977,0.11408326235044752,143,10132,62,75
2016-12-30,fine_ex_psu,Fine | Ex PSU,Sector_Fine,True,0.265975699087269,0.4158025424193712,0.14982684333210222,0.38203018042441994,0.11605448133715096,142,9990,62,75
2017-01-06,fine_ex_psu,Fine | Ex PSU,Sector_Fine,True,0.2629934632630756,0.4170364202081957,0.1540429569451201,0.37849872005379925,0.11550525679072365,142,9990,62,75
2017-01-13,fine_ex_psu,Fine | Ex PSU,Sector_Fine,True,0.24906933800109243,0.3989978193004581,0.14992848129936565,0.3631506900696136,0.11408135206852116,142,9990,62,75
2017-01-20,fine_ex_psu,Fine | Ex PSU,Sector_Fine,True,0.2490965445566027,0.39798159772520303,0.14888505316860032,0.3669330321405961,0.11783648758399337,142,9990,62,75
2017-01-27,fine_ex_psu,Fine | Ex PSU,Sector_Fine,True,0.2521122407337422,0.40704389946664593,0.1549316587329037,0.3783094077154008,0.12619716698165856,142,9990,62,75
2017-02-03,fine_ex_psu,Fine | Ex PSU,Sector_Fine,True,0.2524028474534071,0.4176454944604244,0.16524264700701735,0.3732458792772826,0.12084303182387551,142,9990,62,75
2017-02-10,fine_ex_psu,Fine | Ex PSU,Sector_Fine,True,0.2224022599953578,0.3919819792719114,0.16957971927655363,0.33953114543530505,0.11712888543994726,142,9990,62,75
2017-02-17,fine_ex_psu,Fine | Ex PSU,Sector_Fine,True,0.21876759489841452,0.38324779834135947,0.16448020344294495,0.3392866404620994,0.12051904556368487,142,9990,62,75
2017-02-24,fine_ex_psu,Fine | Ex PSU,Sector_Fine,True,0.2110065931790275,0.3752904516483621,0.1642838584693346,0.3322638800218143,0.12125728684278678,142,9990,62,75
2017-03-03,fine_ex_psu,Fine | Ex PSU,Sector_Fine,True,0.18674835740955478,0.36014847577549325,0.17340011836593847,0.31296394424161406,0.12621558683205927,142,9990,62,75
2017-03-10,fine_ex_psu,Fine | Ex PSU,Sector_Fine,True,0.18640245056689433,0.360542384649023,0.17413993408212866,0.31412507567246173,0.1277226251055674,142,9990,62,75
2017-03-17,fine_ex_psu,Fine | Ex PSU,Sector_Fine,True,0.19681643027429022,0.3631684173058978,0.16635198703160756,0.31879238657484105,0.12197595630055083,142,9990,62,75
2017-03-24,fine_ex_psu,Fine | Ex PSU,Sector_Fine,True,0.19508859772745457,0.36358308556783714,0.16849448784038257,0.3196708198478028,0.12458222212034825,142,10011,62,75
2017-03-31,fine_ex_psu,Fine | Ex PSU,Sector_Fine,True,0.2003080525524601,0.386946723516485,0.18663867096402492,0.32854369224274294,0.12823563969028284,142,10011,63,68
2017-04-07,fine_ex_psu,Fine | Ex PSU,Sector_Fine,True,0.2001101843329606,0.387646549784558,0.18753636545159738,0.32616654871995426,0.12605636438699366,142,10011,63,68
2017-04-14,fine_ex_psu,Fine | Ex PSU,Sector_Fine,True,0.19178718336571998,0.3756215149416002,0.1838343315758802,0.31085720451554666,0.11907002114982668,142,10011,63,68
2017-04-21,fine_ex_psu,Fine | Ex PSU,Sector_Fine,True,0.19089044752242934,0.37619084854808127,0.18530040102565193,0.31110473466896965,0.12021428714654031,142,10011,63,68
2017-04-28,fine_ex_psu,Fine | Ex PSU,Sector_Fine,True,0.19592329576551537,0.40337649141453813,0.20745319564902276,0.31914144858566523,0.12321815282014986,142,10011,63,68
2017-05-05,fine_ex_psu,Fine | Ex PSU,Sector_Fine,True,0.1936485124069217,0.4098060247708149,0.2161575123638932,0.3171653756316656,0.12351686322474387,142,10011,63,68
2017-05-12,fine_ex_psu,Fine | Ex PSU,Sector_Fine,True,0.1932047818319292,0.41525144582689605,0.22204666399496684,0.3210030043489374,0.1277982225170082,142,10011,63,68
2017-05-19,fine_ex_psu,Fine | Ex PSU,Sector_Fine,True,0.19211050595358348,0.40938955439641583,0.21727904844283236,0.31612978321337476,0.12401927725979128,142,10011,63,68
2017-05-26,fine_ex_psu,Fine | Ex PSU,Sector_Fine,True,0.18512635341336295,0.40940614453201546,0.2242797911186525,0.3056933983066844,0.12056704489332146,141,9870,59,65
2017-06-02,fine_ex_psu,Fine | Ex PSU,Sector_Fine,True,0.18581628267604364,0.40118370289494665,0.215367420218903,0.3087743586538321,0.12295807597778849,141,9870,59,65
2017-06-09,fine_ex_psu,Fine | Ex PSU,Sector_Fine,True,0.18581337787804666,0.40067030549727845,0.21485692761923178,0.30109211606488745,0.11527873818684078,141,9870,59,65
2017-06-16,fine_ex_psu,Fine | Ex PSU,Sector_Fine,True,0.18607220237192845,0.40205664779189787,0.21598444541996942,0.3082712959893838,0.12219909361745535,141,9870,59,65
2017-06-23,fine_ex_psu,Fine | Ex PSU,Sector_Fine,True,0.18764948378103238,0.39961397877867166,0.21196449499763928,0.3063101863683741,0.11866070258734171,141,9870,59,65
2017-06-30,fine_ex_psu,Fine | Ex PSU,Sector_Fine,True,0.17305228379448137,0.387501879540843,0.2144495957463616,0.2996912712000742,0.12663898740559285,142,10011,60,65
2017-07-07,fine_ex_psu,Fine | Ex PSU,Sector_Fine,True,0.17396584554548147,0.3868164504924537,0.21285060494697225,0.295090762808829,0.12112491726334754,142,10011,60,65
2017-07-14,fine_ex_psu,Fine | Ex PSU,Sector_Fine,True,0.17507628029138997,0.38958031515256064,0.21450403486117067,0.2963023633051159,0.12122608301372592,142,10011,60,65
2017-07-21,fine_ex_psu,Fine | Ex PSU,Sector_Fine,True,0.17385855419681367,0.38736174001668927,0.2135031858198756,0.2948346723185514,0.12097611812173775,142,10011,60,65
2017-07-28,fine_ex_psu,Fine | Ex PSU,Sector_Fine,True,0.17304653374062282,0.3906870754828455,0.21764054174222267,0.297513058810471,0.1244665250698482,142,10011,60,65
2017-08-04,fine_ex_psu,Fine | Ex PSU,Sector_Fine,True,0.17257392367506866,0.39053030278433976,0.2179563791092711,0.29356867072426607,0.12099474704919741,142,10011,60,65
2017-08-11,fine_ex_psu,Fine | Ex PSU,Sector_Fine,True,0.20102230923543296,0.40510462540917835,0.2040823161737454,0.3125949952137741,0.11157268597834114,142,10011,60,65
2017-08-18,fine_ex_psu,Fine | Ex PSU,Sector_Fine,True,0.2068194443480279,0.4056229063527968,0.1988034620047689,0.32146112680543426,0.11464168245740636,142,10011,60,65
2017-08-25,fine_ex_psu,Fine | Ex PSU,Sector_Fine,True,0.2076796279002753,0.407132136727945,0.1994525088276697,0.3222353121153391,0.11455568421506382,142,10011,60,65
2017-09-01,fine_ex_psu,Fine | Ex PSU,Sector_Fine,True,0.21127881065552476,0.40715689354789164,0.19587808289236688,0.32780365398872474,0.11652484333319998,142,10011,60,65
2017-09-08,fine_ex_psu,Fine | Ex PSU,Sector_Fine,True,0.20996594421702017,0.40245300416219876,0.1924870599451786,0.3268506524631095,0.11688470824608935,142,10011,60,65
2017-09-15,fine_ex_psu,Fine | Ex PSU,Sector_Fine,True,0.21014098493917788,0.39968152051781736,0.18954053557863948,0.32418898099288274,0.11404799605370486,142,10011,60,65
2017-09-22,fine_ex_psu,Fine | Ex PSU,Sector_Fine,True,0.21245271518685865,0.39843205097876566,0.185979335791907,0.3265470605864232,0.11409434539956453,143,10153,61,65
2017-09-29,fine_ex_psu,Fine | Ex PSU,Sector_Fine,True,0.2094032731641466,0.39434971095022686,0.18494643778608025,0.3054205089698062,0.0960172358056596,146,10577,59,65
2017-10-06,fine_ex_psu,Fine | Ex PSU,Sector_Fine,True,0.20922994140024745,0.3955555138868505,0.18632557248660306,0.30859177105271585,0.0993618296524684,146,10577,59,65
2017-10-13,fine_ex_psu,Fine | Ex PSU,Sector_Fine,True,0.20868907513599275,0.3961818787655446,0.18749280362955187,0.3085599833635212,0.09987090822752845,146,10577,59,65
2017-10-20,fine_ex_psu,Fine | Ex PSU,Sector_Fine,True,0.20869779751630713,0.39221233460261806,0.18351453708631094,0.30651681648738194,0.09781901897107481,146,10577,59,65
2017-10-27,fine_ex_psu,Fine | Ex PSU,Sector_Fine,True,0.20450177642058212,0.3988379494994992,0.19433617307891707,0.29260246503595344,0.08810068861537132,146,10577,59,65
2017-11-03,fine_ex_psu,Fine | Ex PSU,Sector_Fine,True,0.1919740675453402,0.3980942536274112,0.206120186082071,0.2804674131168472,0.08849334557150701,146,10577,59,65
2017-11-10,fine_ex_psu,Fine | Ex PSU,Sector_Fine,True,0.18271807813233107,0.3713039940862821,0.18858591595395105,0.262468005092314,0.07974992695998293,146,10577,59,65
2017-11-17,fine_ex_psu,Fine | Ex PSU,Sector_Fine,True,0.16733067775492214,0.3529446541296687,0.18561397637474655,0.23283555677950546,0.06550487902458332,146,10577,59,65
2017-11-24,fine_ex_psu,Fine | Ex PSU,Sector_Fine,True,0.1699069032863091,0.3464329811442066,0.1765260778578975,0.2333466219128756,0.0634397186265665,148,10868,59,65
2017-12-01,fine_ex_psu,Fine | Ex PSU,Sector_Fine,True,0.17349338059992803,0.3540258681632095,0.1805324875632815,0.24913221415296122,0.07563883355303319,148,10868,59,65
2017-12-08,fine_ex_psu,Fine | Ex PSU,Sector_Fine,True,0.17029678230478051,0.3483178889971567,0.1780211066923762,0.23866043219137145,0.06836364988659094,148,10868,59,65
2017-12-15,fine_ex_psu,Fine | Ex PSU,Sector_Fine,True,0.1665539567547058,0.3355887750652657,0.1690348183105599,0.24217023820942618,0.07561628145472038,148,10868,59,65
2017-12-22,fine_ex_psu,Fine | Ex PSU,Sector_Fine,True,0.1626671472862884,0.3372907347543119,0.17462358746802353,0.235540130593083,0.07287298330679462,148,10868,59,65
2017-12-29,fine_ex_psu,Fine | Ex PSU,Sector_Fine,True,0.15821969925075036,0.3288639387262681,0.17064423947551777,0.2298104440426158,0.07159074479186545,148,10869,59,65
2018-01-05,fine_ex_psu,Fine | Ex PSU,Sector_Fine,True,0.15603496017175633,0.3164123719483486,0.16037741177659226,0.2310936742796494,0.07505871410789308,148,10869,59,65
2018-01-12,fine_ex_psu,Fine | Ex PSU,Sector_Fine,True,0.15385484148073042,0.3190629763278405,0.16520813484711006,0.2279161148968573,0.0740612734161269,148,10869,59,65
2018-01-19,fine_ex_psu,Fine | Ex PSU,Sector_Fine,True,0.15506913475336723,0.3263717239812823,0.17130258922791505,0.23208650068606004,0.07701736593269282,148,10869,59,65
2018-01-26,fine_ex_psu,Fine | Ex PSU,Sector_Fine,True,0.1492411670605811,0.319002653662042,0.1697614866014609,0.21460778324606156,0.06536661618548045,148,10869,59,65
2018-02-02,fine_ex_psu,Fine | Ex PSU,Sector_Fine,True,0.1778104733736991,0.33242821622794394,0.15461774285424484,0.23919366201989567,0.061383188646196574,148,10869,59,65
2018-02-09,fine_ex_psu,Fine | Ex PSU,Sector_Fine,True,0.1753554116837321,0.3361941528026573,0.1608387411189252,0.23534468515930657,0.05998927347557448,148,10869,59,65
2018-02-16,fine_ex_psu,Fine | Ex PSU,Sector_Fine,True,0.17645147430782973,0.3363238815802565,0.15987240727242677,0.2409581177781959,0.06450664347036617,148,10869,59,65
2018-02-23,fine_ex_psu,Fine | Ex PSU,Sector_Fine,True,0.1762355162534915,0.34059356567371846,0.16435804942022697,0.23881700009814316,0.06258148384465168,148,10869,59,65
2018-03-02,fine_ex_psu,Fine | Ex PSU,Sector_Fine,True,0.17598171202229043,0.3449201102756329,0.16893839825334248,0.23907691315890478,0.06309520113661435,148,10869,59,65
2018-03-09,fine_ex_psu,Fine | Ex PSU,Sector_Fine,True,0.18751449179253088,0.3562971887043643,0.1687826969118334,0.2497262014703418,0.06221170967781092,148,10869,59,65
2018-03-16,fine_ex_psu,Fine | Ex PSU,Sector_Fine,True,0.17573944020794002,0.3425430247159728,0.1668035845080328,0.236868345909107,0.06112890570116697,148,10869,59,65
2018-03-23,fine_ex_psu,Fine | Ex PSU,Sector_Fine,True,0.17923095421045498,0.3458115141113894,0.1665805599009344,0.2388864595546052,0.059655505344150206,149,11026,60,65
2018-03-30,fine_ex_psu,Fine | Ex PSU,Sector_Fine,True,0.18302707453446854,0.3547582711415594,0.17173119660709085,0.24080083884592754,0.057773764311459,152,11476,61,65
2018-04-06,fine_ex_psu,Fine | Ex PSU,Sector_Fine,True,0.19545135671238373,0.3666202181802747,0.17116886146789095,0.25445765949638144,0.05900630278399771,152,11476,61,65
2018-04-13,fine_ex_psu,Fine | Ex PSU,Sector_Fine,True,0.1956538743447193,0.3646224841289687,0.1689686097842494,0.2497374534162226,0.054083579071503324,152,11476,61,65
2018-04-20,fine_ex_psu,Fine | Ex PSU,Sector_Fine,True,0.19690999470788262,0.3593818969428001,0.16247190223491748,0.2488933724468743,0.05198337773899167,152,11476,61,65
2018-04-27,fine_ex_psu,Fine | Ex PSU,Sector_Fine,True,0.19496694883705992,0.3517881248326639,0.156821175995604,0.2541443789313537,0.0591774300942938,152,11476,61,65
2018-05-04,fine_ex_psu,Fine | Ex PSU,Sector_Fine,True,0.2011903745666234,0.34984329076236703,0.14865291619574364,0.25464282195003757,0.053452447383414176,152,11476,61,65
2018-05-11,fine_ex_psu,Fine | Ex PSU,Sector_Fine,True,0.19972866449587307,0.33997952968564077,0.1402508651897677,0.24816173168192213,0.04843306718604906,152,11476,61,65
2018-05-18,fine_ex_psu,Fine | Ex PSU,Sector_Fine,True,0.20089780108256383,0.338358179387568,0.13746037830500418,0.2619595553448312,0.06106175426226734,152,11476,61,65
2018-05-25,fine_ex_psu,Fine | Ex PSU,Sector_Fine,True,0.20319996750180275,0.33671614747041867,0.13351617996861592,0.2677757204850712,0.06457575298326845,152,11476,61,65
2018-06-01,fine_ex_psu,Fine | Ex PSU,Sector_Fine,True,0.19918569454490878,0.3410153549946362,0.14182966044972742,0.2758885445327751,0.07670284998786633,152,11476,61,65
2018-06-08,fine_ex_psu,Fine | Ex PSU,Sector_Fine,True,0.2001587637032447,0.34477793018693914,0.14461916648369444,0.27693119452623327,0.07677243082298857,152,11476,61,65
2018-06-15,fine_ex_psu,Fine | Ex PSU,Sector_Fine,True,0.19878908305200235,0.3430865168489826,0.14429743379698026,0.27107622222201916,0.0722871391700168,152,11476,61,65
2018-06-22,fine_ex_psu,Fine | Ex PSU,Sector_Fine,True,0.19782015184169865,0.344727379425961,0.14690722758426233,0.2712581429916908,0.07343799114999217,152,11476,61,65
2018-06-29,fine_ex_psu,Fine | Ex PSU,Sector_Fine,True,0.20071849262811317,0.37039061708477383,0.16967212445666066,0.25512778206114506,0.05440928943303189,138,9453,54,52
2018-07-06,fine_ex_psu,Fine | Ex PSU,Sector_Fine,True,0.19739665357357533,0.37105197378800314,0.1736553202144278,0.2573959712178453,0.05999931764426997,138,9453,54,52
2018-07-13,fine_ex_psu,Fine | Ex PSU,Sector_Fine,True,0.19435437991294346,0.363214588994387,0.16886020908144356,0.252781837032833,0.05842745711988956,138,9453,54,52
2018-07-20,fine_ex_psu,Fine | Ex PSU,Sector_Fine,True,0.19407645136340806,0.35447328275067913,0.16039683138727107,0.24344954433948593,0.049373092976077865,138,9453,54,52
2018-07-27,fine_ex_psu,Fine | Ex PSU,Sector_Fine,True,0.20436171680516851,0.36258728531705625,0.15822556851188774,0.25332815006175535,0.04896643325658684,138,9453,54,52
2018-08-03,fine_ex_psu,Fine | Ex PSU,Sector_Fine,True,0.20590488931867867,0.3572131174749376,0.15130822815625894,0.24886910724831107,0.0429642179296324,138,9453,54,52
2018-08-10,fine_ex_psu,Fine | Ex PSU,Sector_Fine,True,0.18334120775040658,0.34405460931672344,0.16071340156631686,0.23105774815548286,0.04771654040507628,138,9453,54,52
2018-08-17,fine_ex_psu,Fine | Ex PSU,Sector_Fine,True,0.17646981350424715,0.34274716400162714,0.16627735049738,0.22393523967095064,0.04746542616670349,138,9453,54,52
2018-08-24,fine_ex_psu,Fine | Ex PSU,Sector_Fine,True,0.17495551788616984,0.34266784332390166,0.16771232543773182,0.2223090215256295,0.04735350363945967,138,9453,54,52
2018-08-31,fine_ex_psu,Fine | Ex PSU,Sector_Fine,True,0.17033145194787264,0.34759834114837646,0.17726688920050382,0.22624271832968776,0.05591126638181512,138,9453,54,52
2018-09-07,fine_ex_psu,Fine | Ex PSU,Sector_Fine,True,0.17197649258990527,0.34917033181390944,0.17719383922400417,0.22585312493267093,0.05387663234276566,138,9453,54,52
2018-09-14,fine_ex_psu,Fine | Ex PSU,Sector_Fine,True,0.17149988267291047,0.35277751051035355,0.18127762783744308,0.2229191150530563,0.05141923238014584,138,9453,54,52
2018-09-21,fine_ex_psu,Fine | Ex PSU,Sector_Fine,True,0.1865894940493667,0.360210257714029,0.17362076366466228,0.23309928481756442,0.04650979076819772,138,9453,54,52
2018-09-28,fine_ex_psu,Fine | Ex PSU,Sector_Fine,True,0.20139684266150268,0.38499596208213543,0.18359911942063276,0.24210019431399593,0.04070335165249325,132,8646,54,52
2018-10-05,fine_ex_psu,Fine | Ex PSU,Sector_Fine,True,0.21956506755162025,0.4048471130528992,0.18528204550127897,0.26249104452061295,0.042925976968992696,132,8646,54,52
2018-10-12,fine_ex_psu,Fine | Ex PSU,Sector_Fine,True,0.21393754777354895,0.41642950861642813,0.20249196084287918,0.24868649986278069,0.03474895208923173,132,8646,54,52
2018-10-19,fine_ex_psu,Fine | Ex PSU,Sector_Fine,True,0.21257458581890892,0.42649488823463166,0.21392030241572274,0.2516307918882959,0.03905620606938698,132,8646,54,52
2018-10-26,fine_ex_psu,Fine | Ex PSU,Sector_Fine,True,0.21522390666235974,0.43123590564092285,0.2160119989785631,0.2502503274385827,0.03502642077622298,132,8646,54,52
2018-11-02,fine_ex_psu,Fine | Ex PSU,Sector_Fine,True,0.24436075208248267,0.45422438049826513,0.20986362841578246,0.296514054995804,0.05215330291332135,132,8646,54,52
2018-11-09,fine_ex_psu,Fine | Ex PSU,Sector_Fine,True,0.2459445210793863,0.44891148346383936,0.20296696238445305,0.3083575827075643,0.062413061628178,132,8646,54,52
2018-11-16,fine_ex_psu,Fine | Ex PSU,Sector_Fine,True,0.24369061069456563,0.4499018377800408,0.20621122708547515,0.3028698728199971,0.05917926212543148,132,8646,54,52
2018-11-23,fine_ex_psu,Fine | Ex PSU,Sector_Fine,True,0.24214968222397557,0.45181681890460507,0.2096671366806295,0.29811474435811247,0.055965062134136906,132,8646,54,52
2018-11-30,fine_ex_psu,Fine | Ex PSU,Sector_Fine,True,0.24397215453705937,0.45429279952856727,0.2103206449915079,0.2918907510343004,0.047918596497241034,132,8646,54,52
2018-12-07,fine_ex_psu,Fine | Ex PSU,Sector_Fine,True,0.24399881796183454,0.4505827033673966,0.20658388540556205,0.2917371540185258,0.047738336056691255,132,8646,54,52
2018-12-14,fine_ex_psu,Fine | Ex PSU,Sector_Fine,True,0.24933660648364767,0.45340585676381245,0.2040692502801648,0.29598164488217943,0.04664503839853176,132,8646,54,52
2018-12-21,fine_ex_psu,Fine | Ex PSU,Sector_Fine,True,0.24218807492924252,0.4700523561321188,0.2278642812028763,0.2968122743833205,0.054624199454077954,135,9045,62,57
2018-12-28,fine_ex_psu,Fine | Ex PSU,Sector_Fine,True,0.24526015795994263,0.4668326131912986,0.22157245523135596,0.31680408166390067,0.07154392370395804,144,10296,65,62
2019-01-04,fine_ex_psu,Fine | Ex PSU,Sector_Fine,True,0.24383863173117085,0.469165594096609,0.22532696236543817,0.3132981459839585,0.06945951425278765,144,10296,65,62
2019-01-11,fine_ex_psu,Fine | Ex PSU,Sector_Fine,True,0.243585492523593,0.46738146400644753,0.22379597148285454,0.31023662985123274,0.06665113732763975,144,10296,65,62
2019-01-18,fine_ex_psu,Fine | Ex PSU,Sector_Fine,True,0.24380564980182812,0.4679021281264323,0.22409647832460416,0.3106853624367599,0.06687971263493181,144,10296,65,62
2019-01-25,fine_ex_psu,Fine | Ex PSU,Sector_Fine,True,0.2437626935051381,0.47015302002341003,0.22639032651827193,0.31504395065514595,0.07128125715000785,144,10296,65,62
2019-02-01,fine_ex_psu,Fine | Ex PSU,Sector_Fine,True,0.2293269302472165,0.4623377788703302,0.23301084862311366,0.2969564731084206,0.0676295428612041,144,10296,65,62
2019-02-08,fine_ex_psu,Fine | Ex PSU,Sector_Fine,True,0.22269336445434945,0.42906940912513714,0.20637604467078768,0.2971118070628,0.07441844260845054,144,10296,65,62
2019-02-15,fine_ex_psu,Fine | Ex PSU,Sector_Fine,True,0.2220681554576998,0.4287072902758017,0.20663913481810187,0.292315249142424,0.0702470936847242,144,10296,65,62
2019-02-22,fine_ex_psu,Fine | Ex PSU,Sector_Fine,True,0.22455984047622854,0.4304264131914047,0.20586657271517614,0.2944203485886952,0.06986050811246666,144,10296,65,62
2019-03-01,fine_ex_psu,Fine | Ex PSU,Sector_Fine,True,0.2264274517590902,0.42903522525735666,0.20260777349826645,0.29170490296553747,0.06527745120644726,144,10296,65,62
2019-03-08,fine_ex_psu,Fine | Ex PSU,Sector_Fine,True,0.2222100015118526,0.42977161383447215,0.20756161232261955,0.2902813994332105,0.06807139792135791,144,10296,65,62
2019-03-15,fine_ex_psu,Fine | Ex PSU,Sector_Fine,True,0.2254267961625225,0.43401966676027304,0.20859287059775053,0.2950172881105842,0.06959049194806169,144,10296,65,62
2019-03-22,fine_ex_psu,Fine | Ex PSU,Sector_Fine,True,0.2211714344605634,0.43426156172187874,0.21309012726131535,0.2918732761296609,0.07070184166909751,144,10296,65,62
2019-03-29,fine_ex_psu,Fine | Ex PSU,Sector_Fine,True,0.22703438887821153,0.45349426568833234,0.2264598768101208,0.3072621751325264,0.08022778625431487,148,10859,63,66
2019-04-05,fine_ex_psu,Fine | Ex PSU,Sector_Fine,True,0.2178477615486985,0.44116277241594587,0.22331501086724737,0.2919307668011619,0.07408300525246342,148,10859,63,66
2019-04-12,fine_ex_psu,Fine | Ex PSU,Sector_Fine,True,0.21679228949763468,0.43940212976208964,0.22260984026445496,0.28881731591757603,0.07202502641994135,148,10859,63,66
2019-04-19,fine_ex_psu,Fine | Ex PSU,Sector_Fine,True,0.21622616158738794,0.43758490306890385,0.2213587414815159,0.28938738236605654,0.0731612207786686,148,10859,63,66
2019-04-26,fine_ex_psu,Fine | Ex PSU,Sector_Fine,True,0.2169759276248884,0.4389847212412966,0.2220087936164082,0.2860434765445618,0.0690675489196734,148,10859,63,66
2019-05-03,fine_ex_psu,Fine | Ex PSU,Sector_Fine,True,0.21553001512467368,0.43840722231609736,0.22287720719142368,0.2867405487829545,0.07121053365828084,148,10859,63,66
2019-05-10,fine_ex_psu,Fine | Ex PSU,Sector_Fine,True,0.2237455170309416,0.4432558223947764,0.2195103053638348,0.29270505542684183,0.06895953839590024,148,10859,63,66
2019-05-17,fine_ex_psu,Fine | Ex PSU,Sector_Fine,True,0.22119231060525568,0.448586811818304,0.22739450121304833,0.28972746086826623,0.06853515026301055,148,10859,63,66
2019-05-24,fine_ex_psu,Fine | Ex PSU,Sector_Fine,True,0.23142773465737027,0.4630983291250104,0.23167059446764016,0.29532725324821324,0.06389951859084297,148,10859,63,66
2019-05-31,fine_ex_psu,Fine | Ex PSU,Sector_Fine,True,0.23110599416014027,0.4660139630537128,0.23490796889357252,0.2929538353825273,0.06184784122238701,148,10859,63,66
2019-06-07,fine_ex_psu,Fine | Ex PSU,Sector_Fine,True,0.23088652481346644,0.4676198486294696,0.23673332381600315,0.2918178723359366,0.06093134752247015,148,10859,63,66
2019-06-14,fine_ex_psu,Fine | Ex PSU,Sector_Fine,True,0.23217056539148864,0.4671243579451868,0.23495379255369817,0.291857983390072,0.059687417998583375,148,10859,63,66
2019-06-21,fine_ex_psu,Fine | Ex PSU,Sector_Fine,True,0.23148883792828753,0.46702084044589354,0.235532002517606,0.2923368153396957,0.060847977411408155,148,10863,63,66
2019-06-28,fine_ex_psu,Fine | Ex PSU,Sector_Fine,True,0.23207235314478092,0.46168430526035514,0.22961195211557422,0.29888574351131947,0.06681339036653855,148,10872,63,66
2019-07-05,fine_ex_psu,Fine | Ex PSU,Sector_Fine,True,0.23240721615891902,0.4623891696642144,0.22998195350529538,0.3029271331991643,0.0705199170402453,148,10872,63,66
2019-07-12,fine_ex_psu,Fine | Ex PSU,Sector_Fine,True,0.23299758443943439,0.4672664047869675,0.23426882034753313,0.30520132915310494,0.07220374471367055,148,10872,63,66
2019-07-19,fine_ex_psu,Fine | Ex PSU,Sector_Fine,True,0.23652446318785286,0.48048943413848105,0.2439649709506282,0.3157045682794911,0.07918010509163825,148,10872,63,66
2019-07-26,fine_ex_psu,Fine | Ex PSU,Sector_Fine,True,0.22383877709752178,0.4711408334468647,0.2473020563493429,0.29976143310739306,0.07592265600987128,148,10872,63,66
2019-08-02,fine_ex_psu,Fine | Ex PSU,Sector_Fine,True,0.2253756688522774,0.47224904808770096,0.24687337923542357,0.31403703532544675,0.08866136647316936,148,10872,63,66
2019-08-09,fine_ex_psu,Fine | Ex PSU,Sector_Fine,True,0.22548253579752667,0.4702444439236065,0.2447619081260798,0.3117204449191136,0.08623790912158694,148,10872,63,66
2019-08-16,fine_ex_psu,Fine | Ex PSU,Sector_Fine,True,0.22507049224028772,0.46732709525312877,0.24225660301284105,0.30743206596936834,0.08236157372908062,148,10872,63,66
2019-08-23,fine_ex_psu,Fine | Ex PSU,Sector_Fine,True,0.22535378843203335,0.46995561671660024,0.2446018282845669,0.3059856716737241,0.08063188324169074,148,10872,63,66
2019-08-30,fine_ex_psu,Fine | Ex PSU,Sector_Fine,True,0.22869510114292887,0.4632158326210529,0.23452073147812405,0.30381203705594856,0.07511693591301968,148,10872,63,66
2019-09-06,fine_ex_psu,Fine | Ex PSU,Sector_Fine,True,0.22985090654210608,0.46508076569635787,0.2352298591542518,0.3051963498175487,0.0753454432754426,148,10872,63,66
2019-09-13,fine_ex_psu,Fine | Ex PSU,Sector_Fine,True,0.23278530132177144,0.4702555255313349,0.23747022420956343,0.31021489312163025,0.07742959179985881,148,10872,63,66
2019-09-20,fine_ex_psu,Fine | Ex PSU,Sector_Fine,True,0.22350880165851306,0.45303282288518393,0.22952402122667087,0.3114950189943321,0.08798621733581902,150,11175,65,66
2019-09-27,fine_ex_psu,Fine | Ex PSU,Sector_Fine,True,0.20560432978618726,0.42865766017112344,0.2230533303849362,0.3070154063906333,0.10141107660444604,155,11935,66,69
2019-10-04,fine_ex_psu,Fine | Ex PSU,Sector_Fine,True,0.2022320803949895,0.42676358569982487,0.22453150530483537,0.2959282604383403,0.09369618004335081,155,11935,66,69
2019-10-11,fine_ex_psu,Fine | Ex PSU,Sector_Fine,True,0.20143535860932166,0.4136437301884164,0.21220837157909472,0.3002208829148286,0.09878552430550697,155,11935,66,69
2019-10-18,fine_ex_psu,Fine | Ex PSU,Sector_Fine,True,0.2149579405598664,0.4105015948910391,0.1955436543311727,0.30621690803734214,0.09125896747747575,155,11935,66,69
2019-10-25,fine_ex_psu,Fine | Ex PSU,Sector_Fine,True,0.20935269832774608,0.39117511334423677,0.18182241501649068,0.3102393823651581,0.100886684037412,155,11935,66,69
2019-11-01,fine_ex_psu,Fine | Ex PSU,Sector_Fine,True,0.18987087093146945,0.3753267654237411,0.18545589449227165,0.2691427120763061,0.07927184114483662,155,11935,66,69
2019-11-08,fine_ex_psu,Fine | Ex PSU,Sector_Fine,True,0.1873974236875892,0.37556743004398396,0.18817000635639478,0.26739412679275076,0.07999670310516158,155,11935,66,69
2019-11-15,fine_ex_psu,Fine | Ex PSU,Sector_Fine,True,0.18851298495686256,0.382094173072775,0.19358118811591243,0.26972580769582455,0.08121282273896199,155,11935,66,69
2019-11-22,fine_ex_psu,Fine | Ex PSU,Sector_Fine,True,0.18474343707635535,0.375232682447768,0.19048924537141262,0.27015498372451213,0.08541154664815678,155,11935,66,69
2019-11-29,fine_ex_psu,Fine | Ex PSU,Sector_Fine,True,0.18754856608749865,0.3927805120949255,0.20523194600742684,0.25661980912846083,0.06907124304096218,148,10878,55,67
2019-12-06,fine_ex_psu,Fine | Ex PSU,Sector_Fine,True,0.18843553499376436,0.3973618026910787,0.20892626769731432,0.25257346406071274,0.06413792906694837,148,10878,55,67
2019-12-13,fine_ex_psu,Fine | Ex PSU,Sector_Fine,True,0.182642089463289,0.39637436535223397,0.21373227588894497,0.24384585148673588,0.06120376202344688,148,10878,55,67
2019-12-20,fine_ex_psu,Fine | Ex PSU,Sector_Fine,True,0.18259185067208097,0.39655716651294254,0.21396531584086156,0.24154079122325334,0.05894894055117236,148,10878,55,67
2019-12-27,fine_ex_psu,Fine | Ex PSU,Sector_Fine,True,0.18266479289963447,0.39721705696564114,0.21455226406600666,0.2442882647535191,0.06162347185388464,147,10731,55,59
2020-01-03,fine_ex_psu,Fine | Ex PSU,Sector_Fine,True,0.18172376438772764,0.3916069643312054,0.20988319994347776,0.2409352858850081,0.059211521497280456,147,10731,55,59
2020-01-10,fine_ex_psu,Fine | Ex PSU,Sector_Fine,True,0.18093450649211953,0.39183691404324406,0.21090240755112452,0.23876117686672466,0.05782667037460512,147,10731,55,59
2020-01-17,fine_ex_psu,Fine | Ex PSU,Sector_Fine,True,0.18582416307972477,0.3903213892428188,0.20449722616309401,0.24208870610609368,0.05626454302636891,147,10731,55,59
2020-01-24,fine_ex_psu,Fine | Ex PSU,Sector_Fine,True,0.18175881427818327,0.3833322543799131,0.2015734401017298,0.23560463683847324,0.05384582256028997,147,10731,55,59
2020-01-31,fine_ex_psu,Fine | Ex PSU,Sector_Fine,True,0.1896250942734178,0.3790435346142757,0.1894184403408579,0.2556466955556987,0.06602160128228088,147,10731,55,59
2020-02-07,fine_ex_psu,Fine | Ex PSU,Sector_Fine,True,0.19181441869874216,0.38410760626547935,0.1922931875667372,0.26270881529425344,0.07089439659551128,147,10731,55,59
2020-02-14,fine_ex_psu,Fine | Ex PSU,Sector_Fine,True,0.18790973559801916,0.38082827920217655,0.1929185436041574,0.2624419656267696,0.07453223002875042,147,10731,55,59
2020-02-21,fine_ex_psu,Fine | Ex PSU,Sector_Fine,True,0.18559917052248182,0.3758800391545264,0.19028086863204458,0.2564318366918532,0.0708326661693714,147,10731,55,59
2020-02-28,fine_ex_psu,Fine | Ex PSU,Sector_Fine,True,0.2352973500963139,0.42420389503077344,0.18890654493445955,0.32524468907668325,0.08994733898036936,146,10585,55,59
2020-03-06,fine_ex_psu,Fine | Ex PSU,Sector_Fine,True,0.23160706731169306,0.4221893382058136,0.19058227089412055,0.3233028224413787,0.09169575512968564,146,10585,55,59
2020-03-13,fine_ex_psu,Fine | Ex PSU,Sector_Fine,True,0.3165747905208052,0.4796079419908695,0.16303315147006425,0.37217632749434343,0.0556015369735382,146,10585,55,59
2020-03-20,fine_ex_psu,Fine | Ex PSU,Sector_Fine,True,0.3722592313375102,0.5331123115665032,0.16085308022899297,0.4413540724261309,0.06909484108862068,146,10585,55,59
2020-03-27,fine_ex_psu,Fine | Ex PSU,Sector_Fine,True,0.365971315591886,0.5422175507777203,0.17624623518583427,0.4476044859639499,0.08163317037206391,141,9870,55,59
2020-04-03,fine_ex_psu,Fine | Ex PSU,Sector_Fine,True,0.35202453001878925,0.5321343835108125,0.1801098534920233,0.4613340573166393,0.10930952729785004,141,9870,55,59
2020-04-10,fine_ex_psu,Fine | Ex PSU,Sector_Fine,True,0.3983181897750537,0.5671459508433004,0.16882776106824676,0.4942004434569767,0.09588225368192305,141,9870,55,59
2020-04-17,fine_ex_psu,Fine | Ex PSU,Sector_Fine,True,0.3943098589722482,0.5580684552087068,0.16375859623645866,0.48848816946392104,0.09417831049167286,141,9870,55,59
2020-04-24,fine_ex_psu,Fine | Ex PSU,Sector_Fine,True,0.3879702039105858,0.5504166948096187,0.16244649089903296,0.4953438584067793,0.10737365449619352,141,9870,55,59
2020-05-01,fine_ex_psu,Fine | Ex PSU,Sector_Fine,True,0.3939985473082611,0.5698805639753426,0.17588201666708148,0.5073878755862274,0.11338932827796633,141,9870,55,59
2020-05-08,fine_ex_psu,Fine | Ex PSU,Sector_Fine,True,0.3966641007582076,0.5681100517861567,0.17144595102794907,0.5214883551293711,0.12482425437116346,141,9870,55,59
2020-05-15,fine_ex_psu,Fine | Ex PSU,Sector_Fine,True,0.3950634009710694,0.5684866255929629,0.17342322462189352,0.5200071165506144,0.12494371557954498,141,9870,55,59
2020-05-22,fine_ex_psu,Fine | Ex PSU,Sector_Fine,True,0.38112551264810274,0.5609376454664815,0.17981213281837877,0.51189181777053,0.13076630512242732,146,10585,55,59
2020-05-29,fine_ex_psu,Fine | Ex PSU,Sector_Fine,True,0.3987252205528961,0.5646013045242984,0.16587608397140224,0.5211141717945292,0.12238895124163313,153,11588,57,59
2020-06-05,fine_ex_psu,Fine | Ex PSU,Sector_Fine,True,0.40642126861226596,0.5699036215879663,0.1634823529757003,0.5485231718089147,0.14210190319664878,153,11588,57,59
2020-06-12,fine_ex_psu,Fine | Ex PSU,Sector_Fine,True,0.40268514338384087,0.5687906093001841,0.16610546591634323,0.5494718143449442,0.14678667096110332,153,11588,57,59
2020-06-19,fine_ex_psu,Fine | Ex PSU,Sector_Fine,True,0.39982731904712726,0.5654160107322397,0.16558869168511242,0.5459388003648803,0.14611148131775303,154,11736,57,59
2020-06-26,fine_ex_psu,Fine | Ex PSU,Sector_Fine,True,0.40074247721938616,0.5661677285483661,0.1654252513289799,0.5452699703478164,0.14452749312843027,156,12035,58,59
2020-07-03,fine_ex_psu,Fine | Ex PSU,Sector_Fine,True,0.40092042063422,0.5660949814118147,0.16517456077759468,0.5469133913653607,0.14599297073114065,156,12035,58,59
2020-07-10,fine_ex_psu,Fine | Ex PSU,Sector_Fine,True,0.3983749230426313,0.563216344203155,0.16484142116052375,0.5472091249143437,0.14883420187171242,156,12035,58,59
2020-07-17,fine_ex_psu,Fine | Ex PSU,Sector_Fine,True,0.3958301670331497,0.5587990577233599,0.1629688906902102,0.5450398732277049,0.14920970619455515,156,12035,58,59
2020-07-24,fine_ex_psu,Fine | Ex PSU,Sector_Fine,True,0.39493852399133017,0.5560013868320676,0.1610628628407374,0.5437216050551239,0.14878308106379373,156,12060,58,59
2020-07-31,fine_ex_psu,Fine | Ex PSU,Sector_Fine,True,0.3881309099037789,0.5613240553668218,0.17319314546304293,0.5212712266923735,0.13314031678859456,150,11175,60,52
2020-08-07,fine_ex_psu,Fine | Ex PSU,Sector_Fine,True,0.3893162741362794,0.563119847811304,0.17380357367502458,0.5253291983555975,0.13601292421931815,150,11175,60,52
2020-08-14,fine_ex_psu,Fine | Ex PSU,Sector_Fine,True,0.3861870541300925,0.561497992487724,0.1753109383576315,0.5232508961727341,0.1370638420426416,150,11175,60,52
2020-08-21,fine_ex_psu,Fine | Ex PSU,Sector_Fine,True,0.38645293481485715,0.56222095904762,0.1757680242327629,0.5262593214941558,0.13980638667929862,150,11175,60,52
2020-08-28,fine_ex_psu,Fine | Ex PSU,Sector_Fine,True,0.38509221625374734,0.5632587128836821,0.17816649662993478,0.5259758241144706,0.1408836078607233,151,11325,64,59
2020-09-04,fine_ex_psu,Fine | Ex PSU,Sector_Fine,True,0.3859953159298324,0.5619077000609394,0.175912384131107,0.525262949864381,0.13926763393454866,151,11325,64,59
2020-09-11,fine_ex_psu,Fine | Ex PSU,Sector_Fine,True,0.3851790801833731,0.5597096757131126,0.17453059552973949,0.5250724770825913,0.1398933968992182,151,11325,64,59
2020-09-18,fine_ex_psu,Fine | Ex PSU,Sector_Fine,True,0.38444192541732924,0.5581903630241958,0.17374843760686653,0.5271480776723424,0.14270615225501315,151,11325,64,59
2020-09-25,fine_ex_psu,Fine | Ex PSU,Sector_Fine,True,0.38622334738185243,0.5708619362467909,0.1846385888649385,0.5314665201375275,0.14524317275567505,147,10726,60,58
2020-10-02,fine_ex_psu,Fine | Ex PSU,Sector_Fine,True,0.3849242299150251,0.5689053876256203,0.18398115771059514,0.5330481920355121,0.148123962120487,147,10726,60,58
2020-10-09,fine_ex_psu,Fine | Ex PSU,Sector_Fine,True,0.3830545343680252,0.5689537874277458,0.1858992530597206,0.5274284493544821,0.14437391498645685,147,10726,60,58
2020-10-16,fine_ex_psu,Fine | Ex PSU,Sector_Fine,True,0.3788225624340334,0.566752905089052,0.18793034265501857,0.5259466817659216,0.14712411933188824,147,10727,60,58
2020-10-23,fine_ex_psu,Fine | Ex PSU,Sector_Fine,True,0.3792342424821814,0.5689206739095988,0.18968643142741737,0.5237796472950208,0.1445454048128394,147,10729,60,58
2020-10-30,fine_ex_psu,Fine | Ex PSU,Sector_Fine,True,0.3777029082879939,0.5669415094270384,0.18923860113904445,0.5242066277846903,0.14650371949669638,147,10729,60,58
2020-11-06,fine_ex_psu,Fine | Ex PSU,Sector_Fine,True,0.38158946132654553,0.5697388461784038,0.18814938485185823,0.5300728821549299,0.14848342082838434,147,10729,60,58
2020-11-13,fine_ex_psu,Fine | Ex PSU,Sector_Fine,True,0.3812133903396344,0.5678258155852469,0.1866124252456125,0.5295779890275903,0.14836459868795593,147,10729,60,58
2020-11-20,fine_ex_psu,Fine | Ex PSU,Sector_Fine,True,0.38222730494251783,0.568095089353728,0.18586778441121016,0.5288891979571997,0.14666189301468185,147,10729,60,58
2020-11-27,fine_ex_psu,Fine | Ex PSU,Sector_Fine,True,0.3801794700324824,0.567391448841086,0.18721197880860363,0.5216581457527986,0.14147867572031614,149,11023,60,59
2020-12-04,fine_ex_psu,Fine | Ex PSU,Sector_Fine,True,0.37991237695276486,0.5658826920070903,0.18597031505432543,0.5228321005743417,0.14291972362157684,149,11023,60,59
2020-12-11,fine_ex_psu,Fine | Ex PSU,Sector_Fine,True,0.37927418764798476,0.5658507240125076,0.18657653636452282,0.5237329272486536,0.14445873960066885,149,11023,60,59
2020-12-18,fine_ex_psu,Fine | Ex PSU,Sector_Fine,True,0.3781640505475246,0.5655518261281878,0.18738777558066316,0.5262152618637653,0.14805121131624072,149,11023,60,59
2020-12-25,fine_ex_psu,Fine | Ex PSU,Sector_Fine,True,0.37722480204572173,0.5640774821904333,0.18685268014471157,0.524583627698996,0.1473588256532743,149,11024,60,59
2021-01-01,fine_ex_psu,Fine | Ex PSU,Sector_Fine,True,0.37828523134597114,0.5650030884408739,0.18671785709490274,0.5264598943190356,0.14817466297306447,149,11024,60,59
2021-01-08,fine_ex_psu,Fine | Ex PSU,Sector_Fine,True,0.3812410845496997,0.569243415909902,0.18800233136020233,0.5284085367092866,0.14716745215958688,149,11024,60,59
2021-01-15,fine_ex_psu,Fine | Ex PSU,Sector_Fine,True,0.378053053187922,0.5678231876952864,0.1897701345073644,0.5204682204031922,0.1424151672152702,149,11024,60,59
2021-01-22,fine_ex_psu,Fine | Ex PSU,Sector_Fine,True,0.3647203222200141,0.5646843033966206,0.19996398117660646,0.4927693662031342,0.12804904398312011,151,11323,60,61
2021-01-29,fine_ex_psu,Fine | Ex PSU,Sector_Fine,True,0.36509986457625654,0.5504177779783346,0.18531791340207804,0.47347093993167966,0.10837107535542312,153,11618,62,67
2021-02-05,fine_ex_psu,Fine | Ex PSU,Sector_Fine,True,0.3708701513987687,0.5555917620277022,0.1847216106289335,0.4886050340198572,0.1177348826210885,153,11618,62,67
2021-02-12,fine_ex_psu,Fine | Ex PSU,Sector_Fine,True,0.36956415146966587,0.5558290007792395,0.1862648493095736,0.48835920979466046,0.1187950583249946,153,11618,62,67
2021-02-19,fine_ex_psu,Fine | Ex PSU,Sector_Fine,True,0.36806061542372265,0.5561719217173315,0.1881113062936089,0.4745368624002842,0.10647624697656155,153,11618,62,67
2021-02-26,fine_ex_psu,Fine | Ex PSU,Sector_Fine,True,0.3544895764401751,0.5441124641146263,0.18962288767445123,0.45978379225093524,0.10529421581076015,153,11618,62,67
2021-03-05,fine_ex_psu,Fine | Ex PSU,Sector_Fine,True,0.3576283283270906,0.5453656732843891,0.1877373449572985,0.46095086742479374,0.10332253909770311,153,11618,62,67
2021-03-12,fine_ex_psu,Fine | Ex PSU,Sector_Fine,True,0.32086746038351316,0.5163767309747703,0.19550927059125717,0.4550891896371154,0.13422172925360226,153,11618,62,67
2021-03-19,fine_ex_psu,Fine | Ex PSU,Sector_Fine,True,0.2637851475109635,0.4697189454670275,0.20593379795606404,0.39377407197458825,0.12998892446362476,156,12090,62,78
2021-03-26,fine_ex_psu,Fine | Ex PSU,Sector_Fine,True,0.2601495293493108,0.45423721921938176,0.19408768987007097,0.3881086233135229,0.12795909396421212,158,12403,63,78
2021-04-02,fine_ex_psu,Fine | Ex PSU,Sector_Fine,True,0.27382295511989985,0.4670362538119248,0.19321329869202497,0.37271768732233523,0.09889473220243539,154,11781,59,78
2021-04-09,fine_ex_psu,Fine | Ex PSU,Sector_Fine,True,0.2265255333815273,0.4261170536365342,0.19959152025500687,0.3519927159395459,0.1254671825580186,154,11781,59,78
2021-04-16,fine_ex_psu,Fine | Ex PSU,Sector_Fine,True,0.23427645507710526,0.4417322054700917,0.20745575039298642,0.369064177452855,0.13478772237574976,154,11781,59,78
2021-04-23,fine_ex_psu,Fine | Ex PSU,Sector_Fine,True,0.240234236928543,0.448225501051781,0.20799126412323798,0.35966359295956923,0.11942935603102622,154,11781,59,78
2021-04-30,fine_ex_psu,Fine | Ex PSU,Sector_Fine,True,0.2316080478039651,0.42387264718527035,0.19226459938130525,0.3488862321113875,0.11727818430742237,155,11935,61,78
2021-05-07,fine_ex_psu,Fine | Ex PSU,Sector_Fine,True,0.21216026656479753,0.4120434827840194,0.1998832162192219,0.3166191945374159,0.10445892797261835,155,11935,61,78
2021-05-14,fine_ex_psu,Fine | Ex PSU,Sector_Fine,True,0.2133539050360992,0.4166817693037781,0.2033278642676789,0.31975177827888746,0.10639787324278827,155,11935,61,78
2021-05-21,fine_ex_psu,Fine | Ex PSU,Sector_Fine,True,0.21737983412325604,0.41895009697173907,0.20157026284848303,0.3276341556241182,0.11025432150086215,155,11935,61,78
2021-05-28,fine_ex_psu,Fine | Ex PSU,Sector_Fine,True,0.21027850094828596,0.41777762403900903,0.20749912309072308,0.32388936116568556,0.1136108602173996,155,11935,61,78
2021-06-04,fine_ex_psu,Fine | Ex PSU,Sector_Fine,True,0.20011636337476443,0.4040468182135234,0.20393045483875896,0.29321625542946833,0.0930998920547039,155,11935,61,78
2021-06-11,fine_ex_psu,Fine | Ex PSU,Sector_Fine,True,0.2026215772778391,0.40620289384972713,0.20358131657188802,0.2843354800378462,0.08171390276000709,155,11935,61,78
2021-06-18,fine_ex_psu,Fine | Ex PSU,Sector_Fine,True,0.2073752406963354,0.4123260166173618,0.2049507759210264,0.2930307447732879,0.0856555040769525,155,11935,61,78
2021-06-25,fine_ex_psu,Fine | Ex PSU,Sector_Fine,True,0.20697447216501721,0.4162627530104596,0.2092882808454424,0.29259635329032163,0.08562188112530442,155,11935,61,78
2021-07-02,fine_ex_psu,Fine | Ex PSU,Sector_Fine,True,0.20708615572307537,0.4171595577133528,0.2100734019902774,0.2942637440549289,0.08717758833185352,155,11935,61,78
2021-07-09,fine_ex_psu,Fine | Ex PSU,Sector_Fine,True,0.20884840899177168,0.41821639902412655,0.20936799003235487,0.29546107923061016,0.08661267023883848,155,11935,61,78
2021-07-16,fine_ex_psu,Fine | Ex PSU,Sector_Fine,True,0.21101547400116574,0.4242428898690204,0.21322741586785468,0.2955376308621013,0.08452215686093553,155,11935,61,78
2021-07-23,fine_ex_psu,Fine | Ex PSU,Sector_Fine,True,0.2129733409635223,0.4295034876980754,0.2165301467345531,0.30069159764902,0.08771825668549768,155,11935,61,78
2021-07-30,fine_ex_psu,Fine | Ex PSU,Sector_Fine,True,0.2135320644478646,0.4163517288825568,0.20281966443469218,0.31226957112421133,0.09873750667634673,156,12090,64,81
2021-08-06,fine_ex_psu,Fine | Ex PSU,Sector_Fine,True,0.2125837343949746,0.4094794944929202,0.1968957600979456,0.3127426236991028,0.10015888930412817,156,12090,64,81
2021-08-13,fine_ex_psu,Fine | Ex PSU,Sector_Fine,True,0.21516822446051564,0.40729752110694084,0.1921292966464252,0.31250897245902454,0.09734074799850889,156,12090,64,81
2021-08-20,fine_ex_psu,Fine | Ex PSU,Sector_Fine,True,0.21208233606849244,0.40710293729998337,0.19502060123149093,0.309791356939479,0.09770902087098657,156,12090,64,81
2021-08-27,fine_ex_psu,Fine | Ex PSU,Sector_Fine,True,0.21419568264816705,0.40470505212103314,0.1905093694728661,0.3099447276411036,0.09574904499293654,156,12090,64,81
2021-09-03,fine_ex_psu,Fine | Ex PSU,Sector_Fine,True,0.21776136758237255,0.4084148926966728,0.19065352511430025,0.3170300934503749,0.09926872586800237,156,12090,64,81
2021-09-10,fine_ex_psu,Fine | Ex PSU,Sector_Fine,True,0.21819612310305198,0.4115206440650837,0.19332452096203173,0.31383875353585755,0.09564263043280558,156,12090,64,81
2021-09-17,fine_ex_psu,Fine | Ex PSU,Sector_Fine,True,0.21633159720690448,0.41505709203430974,0.19872549482740526,0.3098835083219212,0.0935519111150167,156,12090,64,81
2021-09-24,fine_ex_psu,Fine | Ex PSU,Sector_Fine,True,0.19764940430934477,0.3946339690894573,0.19698456478011253,0.26773762005052854,0.07008821574118376,158,12403,64,91
2021-10-01,fine_ex_psu,Fine | Ex PSU,Sector_Fine,True,0.189647372220113,0.4019741325430555,0.21232676032294248,0.2575742162874148,0.06792684406730179,162,13041,65,91
2021-10-08,fine_ex_psu,Fine | Ex PSU,Sector_Fine,True,0.19146911656049823,0.40623585825134956,0.21476674169085133,0.2695384702208098,0.07806935366031156,162,13041,65,91
2021-10-15,fine_ex_psu,Fine | Ex PSU,Sector_Fine,True,0.1878737305865982,0.4000761937395506,0.2122024631529524,0.26477915711925576,0.07690542653265756,162,13041,65,91
2021-10-22,fine_ex_psu,Fine | Ex PSU,Sector_Fine,True,0.20966913019533834,0.4128480476961558,0.20317891750081746,0.2905013619568613,0.08083223176152299,162,13041,65,91
2021-10-29,fine_ex_psu,Fine | Ex PSU,Sector_Fine,True,0.21425167331273431,0.4237828703249682,0.20953119701223388,0.29261255624546373,0.07836088293272941,156,12090,63,91
2021-11-05,fine_ex_psu,Fine | Ex PSU,Sector_Fine,True,0.2108960080495702,0.4200460931701105,0.20915008512054029,0.29086897223916197,0.07997296418959177,156,12090,63,91
2021-11-12,fine_ex_psu,Fine | Ex PSU,Sector_Fine,True,0.21032771079696289,0.42466308853552237,0.21433537773855948,0.288741686266403,0.07841397546944012,156,12090,63,91
2021-11-19,fine_ex_psu,Fine | Ex PSU,Sector_Fine,True,0.21464212967055143,0.43253012163122734,0.2178879919606759,0.2907971546451063,0.07615502497455487,156,12090,63,91
2021-11-26,fine_ex_psu,Fine | Ex PSU,Sector_Fine,True,0.22505879917932714,0.44979721216139246,0.22473841298206532,0.31135516361409304,0.0862963644347659,156,12090,63,91
2021-12-03,fine_ex_psu,Fine | Ex PSU,Sector_Fine,True,0.22302997835271243,0.45081455560280015,0.22778457725008772,0.3115000960000153,0.08847011764730289,156,12090,63,91
2021-12-10,fine_ex_psu,Fine | Ex PSU,Sector_Fine,True,0.224427153661296,0.45088533858379704,0.22645818492250103,0.312547318344265,0.08812016468296902,156,12090,63,91
2021-12-17,fine_ex_psu,Fine | Ex PSU,Sector_Fine,True,0.2372486758452251,0.4639094311858425,0.2266607553406174,0.32663059307201014,0.08938191722678504,156,12090,63,91
2021-12-24,fine_ex_psu,Fine | Ex PSU,Sector_Fine,True,0.2373000448545683,0.46410065409827267,0.22680060924370438,0.3277914007878582,0.09049135593328989,156,12090,63,91
2021-12-31,fine_ex_psu,Fine | Ex PSU,Sector_Fine,True,0.23840372217098793,0.4659470169688319,0.22754329479784396,0.32791012763833355,0.08950640546734562,156,12090,63,91
2022-01-07,fine_ex_psu,Fine | Ex PSU,Sector_Fine,True,0.22881311332038312,0.45852294933610965,0.22970983601572653,0.3214000796148344,0.09258696629445129,156,12090,63,91
2022-01-14,fine_ex_psu,Fine | Ex PSU,Sector_Fine,True,0.23021260076678038,0.45584350950517577,0.2256309087383954,0.3363482902476183,0.10613568948083793,156,12090,63,91
2022-01-21,fine_ex_psu,Fine | Ex PSU,Sector_Fine,True,0.24813690137732985,0.47562494482516476,0.2274880434478349,0.3444400120345305,0.09630311065720065,156,12090,63,91
2022-01-28,fine_ex_psu,Fine | Ex PSU,Sector_Fine,True,0.24202297695077143,0.47354605525229726,0.23152307830152583,0.33410006318098917,0.09207708623021774,157,12246,63,91
2022-02-04,fine_ex_psu,Fine | Ex PSU,Sector_Fine,True,0.22498025898503715,0.4511580924529086,0.22617783346787146,0.31019194550401885,0.0852116865189817,157,12246,63,91
2022-02-11,fine_ex_psu,Fine | Ex PSU,Sector_Fine,True,0.22859197099588957,0.4570962159358252,0.22850424493993565,0.31081903996623095,0.08222706897034138,157,12246,63,91
2022-02-18,fine_ex_psu,Fine | Ex PSU,Sector_Fine,True,0.23304421735963504,0.4549958934107083,0.22195167605107324,0.3200498424690566,0.08700562510942156,157,12246,63,91
2022-02-25,fine_ex_psu,Fine | Ex PSU,Sector_Fine,True,0.24343165073890918,0.4614079522674854,0.2179763015285762,0.3346812565924712,0.09124960585356204,157,12246,63,91
2022-03-04,fine_ex_psu,Fine | Ex PSU,Sector_Fine,True,0.24097916148624815,0.46902357432746067,0.22804441284121252,0.32871591064048755,0.0877367491542394,157,12246,63,91
2022-03-11,fine_ex_psu,Fine | Ex PSU,Sector_Fine,True,0.24444509916510943,0.46465358643539634,0.2202084872702869,0.33084965289297735,0.08640455372786793,157,12246,63,91
2022-03-18,fine_ex_psu,Fine | Ex PSU,Sector_Fine,True,0.24529114100771796,0.47127226667036026,0.2259811256626423,0.3281539736239603,0.08286283261624236,157,12246,63,91
2022-03-25,fine_ex_psu,Fine | Ex PSU,Sector_Fine,True,0.24452694452881812,0.47155328479936304,0.2270263402705449,0.32425523374083043,0.0797282892120123,157,12246,63,91
2022-04-01,fine_ex_psu,Fine | Ex PSU,Sector_Fine,True,0.2406696723555187,0.4700120510640352,0.2293423787085165,0.3301193418344115,0.0894496694788928,157,12246,63,91
2022-04-08,fine_ex_psu,Fine | Ex PSU,Sector_Fine,True,0.24574925561151628,0.4706039630242727,0.22485470741275643,0.3302141463748163,0.0844648907633,157,12246,63,91
2022-04-15,fine_ex_psu,Fine | Ex PSU,Sector_Fine,True,0.24504671100148917,0.4669427149865249,0.22189600398503573,0.3269182631940643,0.08187155219257514,157,12246,63,91
2022-04-22,fine_ex_psu,Fine | Ex PSU,Sector_Fine,True,0.24042599982894008,0.43900366269622115,0.19857766286728107,0.28694758985798174,0.04652159002904166,158,12403,66,102
2022-04-29,fine_ex_psu,Fine | Ex PSU,Sector_Fine,True,0.24299266314111306,0.44807669589028143,0.20508403274916837,0.2880796527647921,0.04508698962367902,160,12720,66,102
2022-05-06,fine_ex_psu,Fine | Ex PSU,Sector_Fine,True,0.26375970566726126,0.4573975054470967,0.19363779977983542,0.3040330729133173,0.04027336724605607,160,12720,66,102
2022-05-13,fine_ex_psu,Fine | Ex PSU,Sector_Fine,True,0.2764968126936348,0.4633055634968322,0.18680875080319742,0.32023477508653997,0.04373796239290517,160,12720,66,102
2022-05-20,fine_ex_psu,Fine | Ex PSU,Sector_Fine,True,0.2735862008274959,0.4601439694477436,0.1865577686202477,0.31822194932214654,0.04463574849465063,160,12720,66,102
2022-05-27,fine_ex_psu,Fine | Ex PSU,Sector_Fine,True,0.26965699176444213,0.4592950058276169,0.18963801406317476,0.3181764964386615,0.048519504674219394,160,12720,66,102
2022-06-03,fine_ex_psu,Fine | Ex PSU,Sector_Fine,True,0.26604733639406203,0.4537583552827209,0.18771101888865888,0.3168342457034954,0.05078690930943336,160,12720,66,102
2022-06-10,fine_ex_psu,Fine | Ex PSU,Sector_Fine,True,0.26455350686404633,0.4522658502035534,0.1877123433395071,0.3169211351965253,0.05236762833247899,160,12720,66,102
2022-06-17,fine_ex_psu,Fine | Ex PSU,Sector_Fine,True,0.28455964342465623,0.4714956281017256,0.18693598467706934,0.34451148025990735,0.05995183683525113,160,12720,66,102
2022-06-24,fine_ex_psu,Fine | Ex PSU,Sector_Fine,True,0.28728284591527276,0.4779326399214692,0.19064979400619647,0.34450869298379694,0.05722584706852418,160,12720,66,102
2022-07-01,fine_ex_psu,Fine | Ex PSU,Sector_Fine,True,0.28875703135892833,0.48099612850842316,0.19223909714949483,0.34566308304308757,0.05690605168415924,160,12720,66,102
2022-07-08,fine_ex_psu,Fine | Ex PSU,Sector_Fine,True,0.29725895599218427,0.4844643655569411,0.18720540956475684,0.3528417420094822,0.055582786017297936,160,12720,66,102
2022-07-15,fine_ex_psu,Fine | Ex PSU,Sector_Fine,True,0.2959463224602339,0.4867888957760495,0.1908425733158156,0.3495261445341445,0.0535798220739106,160,12720,66,102
2022-07-22,fine_ex_psu,Fine | Ex PSU,Sector_Fine,True,0.30158222074977886,0.49566402588492,0.19408180513514112,0.3571265191305657,0.05554429838078684,160,12720,66,102
2022-07-29,fine_ex_psu,Fine | Ex PSU,Sector_Fine,True,0.30411644248002334,0.49185522836090056,0.18773878588087722,0.35633144896590735,0.05221500648588401,160,12720,66,102
2022-08-05,fine_ex_psu,Fine | Ex PSU,Sector_Fine,True,0.3047091123988295,0.496281037965075,0.19157192556624553,0.35604931529188577,0.0513402028930563,160,12720,66,102
2022-08-12,fine_ex_psu,Fine | Ex PSU,Sector_Fine,True,0.30524834534459483,0.496054383698446,0.19080603835385118,0.35541032822059376,0.050161982875998934,160,12720,66,102
2022-08-19,fine_ex_psu,Fine | Ex PSU,Sector_Fine,True,0.30761855210834005,0.4943519440819314,0.18673339197359135,0.359752301925967,0.05213374981762697,160,12720,66,102
2022-08-26,fine_ex_psu,Fine | Ex PSU,Sector_Fine,True,0.30675475934215596,0.4937796521874505,0.18702489284529455,0.3587792258867404,0.052024466544584425,160,12720,66,102
2022-09-02,fine_ex_psu,Fine | Ex PSU,Sector_Fine,True,0.29650897504690304,0.49068969332639295,0.1941807182794899,0.3543456724000961,0.05783669735319308,160,12720,66,102
2022-09-09,fine_ex_psu,Fine | Ex PSU,Sector_Fine,True,0.2963504085632037,0.4891572832577123,0.19280687469450858,0.35377698251562667,0.057426573952422955,160,12720,66,102
2022-09-16,fine_ex_psu,Fine | Ex PSU,Sector_Fine,True,0.2991991736791949,0.48521383326923895,0.18601465959004404,0.358086603705635,0.05888743002644009,160,12720,66,102
2022-09-23,fine_ex_psu,Fine | Ex PSU,Sector_Fine,True,0.3027210255876548,0.4862339454612384,0.1835129198735836,0.36218734292855354,0.059466317340898744,160,12720,66,102
2022-09-30,fine_ex_psu,Fine | Ex PSU,Sector_Fine,True,0.30242159123953816,0.4936156812148068,0.19119408997526866,0.3712171101880948,0.06879551894855662,155,11935,70,110
2022-10-07,fine_ex_psu,Fine | Ex PSU,Sector_Fine,True,0.3027006704706871,0.49153192357456776,0.18883125310388066,0.3646440636400618,0.061943393169374694,155,11935,70,110
2022-10-14,fine_ex_psu,Fine | Ex PSU,Sector_Fine,True,0.3051443397262035,0.4989563743687499,0.19381203464254643,0.3787136705184644,0.07356933079226091,155,11935,70,110
2022-10-21,fine_ex_psu,Fine | Ex PSU,Sector_Fine,True,0.2992481807967447,0.4959287440845544,0.1966805632878097,0.3677351994615776,0.06848701866483292,155,11935,70,110
2022-10-28,fine_ex_psu,Fine | Ex PSU,Sector_Fine,True,0.3044368123622637,0.5118738483619037,0.20743703599964003,0.4085176266980125,0.10408081433574878,155,11935,70,110
2022-11-04,fine_ex_psu,Fine | Ex PSU,Sector_Fine,True,0.3025436150955431,0.5155119135762639,0.2129682984807208,0.4059530873846747,0.10340947228913161,155,11935,70,110
2022-11-11,fine_ex_psu,Fine | Ex PSU,Sector_Fine,True,0.3016583161556064,0.5190906537117603,0.21743233755615393,0.40095970259405395,0.09930138643844755,155,11935,70,110
2022-11-18,fine_ex_psu,Fine | Ex PSU,Sector_Fine,True,0.3017499324458663,0.5178529286789545,0.2161029962330882,0.4014364135983766,0.09968648115251033,155,11935,70,110
2022-11-25,fine_ex_psu,Fine | Ex PSU,Sector_Fine,True,0.29841510672631183,0.5039584112400673,0.20554330451375552,0.3955105659554837,0.09709545922917184,155,11935,70,110
2022-12-02,fine_ex_psu,Fine | Ex PSU,Sector_Fine,True,0.30315925009072614,0.5084312927216276,0.20527204263090143,0.40015651559544085,0.09699726550471471,155,11935,70,110
2022-12-09,fine_ex_psu,Fine | Ex PSU,Sector_Fine,True,0.3011347229768673,0.5125409756950741,0.2114062527182068,0.4000360145619433,0.09890129158507605,155,11935,70,110
2022-12-16,fine_ex_psu,Fine | Ex PSU,Sector_Fine,True,0.2950892223410328,0.5046582699373996,0.2095690475963668,0.3907709999889188,0.09568177764788599,155,11935,70,110
2022-12-23,fine_ex_psu,Fine | Ex PSU,Sector_Fine,True,0.3062158667997726,0.5118470125221282,0.20563114572235558,0.4152558819891196,0.10904001518934703,155,11935,70,110
2022-12-30,fine_ex_psu,Fine | Ex PSU,Sector_Fine,True,0.3042798177768314,0.5116851572252482,0.20740533944841683,0.4180119763891278,0.11373215861229641,155,11935,70,110
2023-01-06,fine_ex_psu,Fine | Ex PSU,Sector_Fine,True,0.3039466120226765,0.5126709972537329,0.2087243852310564,0.41582325743581044,0.11187664541313397,155,11935,70,110
2023-01-13,fine_ex_psu,Fine | Ex PSU,Sector_Fine,True,0.3032074634140883,0.5173726310468779,0.21416516763278964,0.4045675026781642,0.10136003926407594,155,11935,70,110
2023-01-20,fine_ex_psu,Fine | Ex PSU,Sector_Fine,True,0.29333772055814267,0.5102551663726939,0.2169174458145512,0.40774968989720245,0.11441196933905978,155,11935,70,110
2023-01-27,fine_ex_psu,Fine | Ex PSU,Sector_Fine,True,0.2886054102171471,0.5146466824199918,0.2260412722028447,0.4240383561711236,0.13543294595397654,155,11935,70,110
2023-02-03,fine_ex_psu,Fine | Ex PSU,Sector_Fine,True,0.27617921434975756,0.5107205646827518,0.23454135033299428,0.40429407135455314,0.12811485700479558,155,11935,70,110
2023-02-10,fine_ex_psu,Fine | Ex PSU,Sector_Fine,True,0.27228761552102293,0.5049633269800055,0.23267571145898253,0.3936321775044868,0.12134456198346388,156,12090,70,110
2023-02-17,fine_ex_psu,Fine | Ex PSU,Sector_Fine,True,0.27007357738057386,0.4993556013874976,0.22928202400692377,0.394389247369061,0.12431566998848714,156,12090,70,110
2023-02-24,fine_ex_psu,Fine | Ex PSU,Sector_Fine,True,0.2659559262826419,0.4970410670923941,0.23108514080975218,0.3918431720780136,0.1258872457953717,156,12090,70,110
2023-03-03,fine_ex_psu,Fine | Ex PSU,Sector_Fine,True,0.2640061160592334,0.48171714051939307,0.21771102446015966,0.4037314768094021,0.13972536075016867,156,12090,70,110
2023-03-10,fine_ex_psu,Fine | Ex PSU,Sector_Fine,True,0.2597552301768765,0.48714158199182,0.2273863518149435,0.39813843874890864,0.13838320857203212,156,12090,70,110
2023-03-17,fine_ex_psu,Fine | Ex PSU,Sector_Fine,True,0.25423330041085235,0.4779074508629964,0.22367415045214406,0.39021811241441373,0.13598481200356138,156,12090,70,110
2023-03-24,fine_ex_psu,Fine | Ex PSU,Sector_Fine,True,0.25801630800709996,0.47588881602570915,0.2178725080186092,0.3966418816380231,0.13862557363092315,156,12090,70,110
2023-03-31,fine_ex_psu,Fine | Ex PSU,Sector_Fine,True,0.25382585073167546,0.44881025897532,0.19498440824364455,0.3957357323364749,0.14190988160479945,160,12712,78,127
2023-04-07,fine_ex_psu,Fine | Ex PSU,Sector_Fine,True,0.25164407669562355,0.4493138192691236,0.19766974257350006,0.4006769369135364,0.14903286021791284,160,12712,78,127
2023-04-14,fine_ex_psu,Fine | Ex PSU,Sector_Fine,True,0.25157155873053444,0.45099829977283545,0.19942674104230101,0.3986301368182415,0.14705857808770706,160,12712,78,127
2023-04-21,fine_ex_psu,Fine | Ex PSU,Sector_Fine,True,0.2514529160215325,0.4489038021856531,0.1974508861641206,0.39768940821672144,0.14623649219518892,160,12712,78,127
2023-04-28,fine_ex_psu,Fine | Ex PSU,Sector_Fine,True,0.25677571301002916,0.45820772111274194,0.20143200810271278,0.40157764191691375,0.1448019289068846,160,12712,78,127
2023-05-05,fine_ex_psu,Fine | Ex PSU,Sector_Fine,True,0.23561448509589353,0.45238375773543227,0.21676927263953874,0.3974621799571841,0.16184769486129055,160,12712,78,127
2023-05-12,fine_ex_psu,Fine | Ex PSU,Sector_Fine,True,0.22189846530291638,0.44420926898385954,0.22231080368094316,0.3809348825625652,0.15903641725964882,160,12712,78,127
2023-05-19,fine_ex_psu,Fine | Ex PSU,Sector_Fine,True,0.21870311382957072,0.4405957722283959,0.2218926583988252,0.37917478301567953,0.1604716691861088,160,12712,78,127
2023-05-26,fine_ex_psu,Fine | Ex PSU,Sector_Fine,True,0.22776672133047912,0.44379601314823336,0.21602929181775424,0.38488130699134565,0.15711458566086653,160,12712,78,127
2023-06-02,fine_ex_psu,Fine | Ex PSU,Sector_Fine,True,0.23150369983210028,0.4503968055125688,0.2188931056804685,0.3884788520909795,0.1569751522588792,160,12712,78,127
2023-06-09,fine_ex_psu,Fine | Ex PSU,Sector_Fine,True,0.22735921535795933,0.4476153848577287,0.2202561694997694,0.3830165402398204,0.15565732488186107,160,12712,78,127
2023-06-16,fine_ex_psu,Fine | Ex PSU,Sector_Fine,True,0.19610378839566567,0.42762559860159344,0.23152181020592777,0.33531732661143,0.13921353821576432,160,12712,78,127
2023-06-23,fine_ex_psu,Fine | Ex PSU,Sector_Fine,True,0.1946358764892259,0.418842641827015,0.22420676533778913,0.3379614425167308,0.14332556602750493,160,12712,78,127
2023-06-30,fine_ex_psu,Fine | Ex PSU,Sector_Fine,True,0.20126271175401103,0.42329332364340855,0.22203061188939752,0.3451754603660808,0.1439127486120698,160,12712,78,127
2023-07-07,fine_ex_psu,Fine | Ex PSU,Sector_Fine,True,0.1878212007095556,0.41668579148607665,0.22886459077652105,0.3342965770887303,0.14647537637917468,160,12712,78,127
2023-07-14,fine_ex_psu,Fine | Ex PSU,Sector_Fine,True,0.18904963204547065,0.4163504490244462,0.22730081697897553,0.3351304828952364,0.14608085084976574,160,12712,78,127
2023-07-21,fine_ex_psu,Fine | Ex PSU,Sector_Fine,True,0.18007183115794312,0.401720473737912,0.22164864257996886,0.32067564451452546,0.14060381335658234,160,12712,78,127
2023-07-28,fine_ex_psu,Fine | Ex PSU,Sector_Fine,True,0.17975650589120107,0.4017287626022769,0.22197225671107584,0.3237200534735788,0.14396354758237773,160,12712,78,127
2023-08-04,fine_ex_psu,Fine | Ex PSU,Sector_Fine,True,0.17649686397019781,0.4002591436427599,0.22376227967256207,0.3222346291004499,0.1457377651302521,160,12712,78,127
2023-08-11,fine_ex_psu,Fine | Ex PSU,Sector_Fine,True,0.17641194928798065,0.40070610843447335,0.2242941591464927,0.3215539581103154,0.14514200882233474,160,12713,78,127
2023-08-18,fine_ex_psu,Fine | Ex PSU,Sector_Fine,True,0.17836523939413992,0.4026294422989999,0.22426420290485996,0.3206534135569732,0.14228817416283326,160,12713,78,127
2023-08-25,fine_ex_psu,Fine | Ex PSU,Sector_Fine,True,0.1785634298555315,0.4054977489792261,0.22693431912369458,0.321097529309071,0.14253409945353948,160,12713,78,127
2023-09-01,fine_ex_psu,Fine | Ex PSU,Sector_Fine,True,0.1809464158900218,0.4073871174379007,0.22644070154787888,0.3314834090876657,0.1505369931976439,160,12713,78,127
2023-09-08,fine_ex_psu,Fine | Ex PSU,Sector_Fine,True,0.18546614807532744,0.4083214474038104,0.22285529932848294,0.33829030123188947,0.15282415315656203,160,12713,78,127
2023-09-15,fine_ex_psu,Fine | Ex PSU,Sector_Fine,True,0.18146577861455046,0.40720920248698167,0.2257434238724312,0.3354117348050724,0.15394595619052195,160,12713,78,127
2023-09-22,fine_ex_psu,Fine | Ex PSU,Sector_Fine,True,0.18747971479448322,0.39576176689177406,0.20828205209729084,0.31649188885916696,0.12901217406468374,161,12880,81,134
2023-09-29,fine_ex_psu,Fine | Ex PSU,Sector_Fine,True,0.1857067719722885,0.40804929520012717,0.22234252322783868,0.3244416274704144,0.1387348554981259,161,12880,77,123
2023-10-06,fine_ex_psu,Fine | Ex PSU,Sector_Fine,True,0.1847765981672734,0.40736700435004436,0.22259040618277096,0.3207308201432165,0.13595422197594312,161,12880,77,123
2023-10-13,fine_ex_psu,Fine | Ex PSU,Sector_Fine,True,0.1784274311607145,0.4063264347054543,0.22789900354473983,0.3083403411297574,0.1299129099690429,161,12880,77,123
2023-10-20,fine_ex_psu,Fine | Ex PSU,Sector_Fine,True,0.1840357985318258,0.4061222356694569,0.22208643713763107,0.3171848971400391,0.1331490986082133,161,12880,77,123
2023-10-27,fine_ex_psu,Fine | Ex PSU,Sector_Fine,True,0.19434575333312704,0.41477459392497945,0.22042884059185242,0.3266322696298197,0.1322865162966927,161,12880,77,123
2023-11-03,fine_ex_psu,Fine | Ex PSU,Sector_Fine,True,0.193130120896933,0.4114312339016061,0.2183011130046731,0.3268278551477135,0.13369773425078052,161,12880,77,123
2023-11-10,fine_ex_psu,Fine | Ex PSU,Sector_Fine,True,0.1967614557126005,0.40996069164970034,0.21319923593709983,0.32899880641031415,0.13223735069771364,161,12880,77,123
2023-11-17,fine_ex_psu,Fine | Ex PSU,Sector_Fine,True,0.19858606030735038,0.4141366558584946,0.2155505955511442,0.3284810268621028,0.1298949665547524,161,12880,77,123
2023-11-24,fine_ex_psu,Fine | Ex PSU,Sector_Fine,True,0.197122253443305,0.41279285101651403,0.21567059757320903,0.3254872418131849,0.1283649883698799,161,12880,77,123
2023-12-01,fine_ex_psu,Fine | Ex PSU,Sector_Fine,True,0.19914375189091965,0.416040385495211,0.21689663360429134,0.32544811679799585,0.1263043649070762,161,12880,77,123
2023-12-08,fine_ex_psu,Fine | Ex PSU,Sector_Fine,True,0.19970910957708526,0.41195618225992936,0.2122470726828441,0.3298530811186206,0.13014397154153534,161,12880,77,123
2023-12-15,fine_ex_psu,Fine | Ex PSU,Sector_Fine,True,0.1961412360867497,0.4173753751347749,0.22123413904802522,0.3315966165170105,0.1354553804302608,161,12880,77,123
2023-12-22,fine_ex_psu,Fine | Ex PSU,Sector_Fine,True,0.17058289306035535,0.40554256997454863,0.23495967691419328,0.28854311927424314,0.1179602262138878,161,12880,77,123
2023-12-29,fine_ex_psu,Fine | Ex PSU,Sector_Fine,True,0.17282204559522835,0.4079469608533452,0.23512491525811685,0.2842263753262106,0.11140432973098224,161,12880,77,123
2024-01-05,fine_ex_psu,Fine | Ex PSU,Sector_Fine,True,0.17017184095815563,0.4030258009380827,0.23285395997992708,0.2809536750553845,0.11078183409722886,161,12880,77,123
2024-01-12,fine_ex_psu,Fine | Ex PSU,Sector_Fine,True,0.1692556483856189,0.4044655685989053,0.2352099202132864,0.28801380595468135,0.11875815756906244,161,12880,77,123
2024-01-19,fine_ex_psu,Fine | Ex PSU,Sector_Fine,True,0.16702320449568786,0.40016601776638316,0.2331428132706953,0.28576468658460413,0.11874148208891627,161,12880,77,123
2024-01-26,fine_ex_psu,Fine | Ex PSU,Sector_Fine,True,0.16451675458301518,0.3748416588659061,0.2103249042828909,0.2841975314377986,0.1196807768547834,161,12880,77,123
2024-02-02,fine_ex_psu,Fine | Ex PSU,Sector_Fine,True,0.17086289834487686,0.3702777527941061,0.1994148544492292,0.28183118712433974,0.11096828877946288,161,12880,77,123
2024-02-09,fine_ex_psu,Fine | Ex PSU,Sector_Fine,True,0.16878206286885897,0.36876607731417554,0.19998401444531658,0.29195108016341026,0.12316901729455129,161,12880,77,123
2024-02-16,fine_ex_psu,Fine | Ex PSU,Sector_Fine,True,0.1650925965428913,0.37329692831300526,0.20820433177011397,0.3172433359181374,0.15215073937524612,162,13041,77,131
2024-02-23,fine_ex_psu,Fine | Ex PSU,Sector_Fine,True,0.15453526358561429,0.36137954229630775,0.20684427871069347,0.29660615022721376,0.14207088664159948,162,13041,77,131
2024-03-01,fine_ex_psu,Fine | Ex PSU,Sector_Fine,True,0.15662116626454717,0.35775492822823407,0.2011337619636869,0.2894446016559992,0.13282343539145205,162,13041,77,131
2024-03-08,fine_ex_psu,Fine | Ex PSU,Sector_Fine,True,0.15304077591581583,0.3499819009682498,0.196941125052434,0.28506615203684493,0.1320253761210291,162,13041,77,131
2024-03-15,fine_ex_psu,Fine | Ex PSU,Sector_Fine,True,0.15925007340390857,0.3552755569561134,0.19602548355220484,0.30250241638375147,0.1432523429798429,162,13041,77,131
2024-03-22,fine_ex_psu,Fine | Ex PSU,Sector_Fine,True,0.15270233670935768,0.35696451034071797,0.2042621736313603,0.27349824892736263,0.12079591221800495,163,13203,77,143
2024-03-29,fine_ex_psu,Fine | Ex PSU,Sector_Fine,True,0.15646843162463778,0.3932002850562883,0.2367318534316505,0.28638671413167716,0.12991828250703938,154,11781,66,135
2024-04-05,fine_ex_psu,Fine | Ex PSU,Sector_Fine,True,0.15694575416516843,0.39248286354663275,0.23553710938146433,0.2856137384035035,0.1286679842383351,154,11781,66,135
2024-04-12,fine_ex_psu,Fine | Ex PSU,Sector_Fine,True,0.1567812254365729,0.3872275051473102,0.23044627971073728,0.285888284136071,0.12910705869949807,154,11781,66,135
2024-04-19,fine_ex_psu,Fine | Ex PSU,Sector_Fine,True,0.1666345772263414,0.3871435565315588,0.2205089793052174,0.29596256493547296,0.12932798770913156,155,11935,67,135
2024-04-26,fine_ex_psu,Fine | Ex PSU,Sector_Fine,True,0.1637352033153798,0.3703514870404665,0.2066162837250867,0.29404939259851237,0.13031418928313257,155,11935,67,135
2024-05-03,fine_ex_psu,Fine | Ex PSU,Sector_Fine,True,0.1630046777261023,0.3663086296129771,0.2033039518868748,0.2945436459029168,0.1315389681768145,155,11935,67,135
2024-05-10,fine_ex_psu,Fine | Ex PSU,Sector_Fine,True,0.1661419336521803,0.3716198628644636,0.20547792921228328,0.30203501654190007,0.13589308288971977,155,11935,67,135
2024-05-17,fine_ex_psu,Fine | Ex PSU,Sector_Fine,True,0.16839186706301942,0.3693122595130497,0.20092039245003027,0.3012356558088166,0.1328437887457972,155,11935,67,135
2024-05-24,fine_ex_psu,Fine | Ex PSU,Sector_Fine,True,0.16474723906297933,0.36644940237440904,0.2017021633114297,0.30247205193116694,0.1377248128681876,155,11935,67,135
2024-05-31,fine_ex_psu,Fine | Ex PSU,Sector_Fine,True,0.1712062009872538,0.37236963204872914,0.20116343106147533,0.31593588873389794,0.14472968774664413,155,11935,67,135
2024-06-07,fine_ex_psu,Fine | Ex PSU,Sector_Fine,True,0.18644385068452227,0.39074064905409245,0.20429679836957018,0.33229288520451833,0.14584903451999606,155,11935,67,135
2024-06-14,fine_ex_psu,Fine | Ex PSU,Sector_Fine,True,0.18237901796711642,0.3922045650267858,0.20982554705966938,0.3291937302672317,0.14681471230011528,155,11935,67,135
2024-06-21,fine_ex_psu,Fine | Ex PSU,Sector_Fine,True,0.17790117699142086,0.3904835285885968,0.21258235159717595,0.3251041529706015,0.14720297597918067,155,11935,67,135
2024-06-28,fine_ex_psu,Fine | Ex PSU,Sector_Fine,True,0.17113798166703195,0.38452482306379987,0.21338684139676792,0.31937465544464944,0.14823667377761748,155,11935,67,135
2024-07-05,fine_ex_psu,Fine | Ex PSU,Sector_Fine,True,0.17305884124674525,0.3923779455125308,0.21931910426578555,0.31796929503908733,0.14491045379234208,155,11935,67,135
2024-07-12,fine_ex_psu,Fine | Ex PSU,Sector_Fine,True,0.17214871290763595,0.38807431728729647,0.21592560437966052,0.31899513519974815,0.1468464222921122,155,11935,67,135
2024-07-19,fine_ex_psu,Fine | Ex PSU,Sector_Fine,True,0.17495518761515866,0.39309515231521824,0.21813996470005959,0.3210611409932917,0.14610595337813304,155,11935,67,135
2024-07-26,fine_ex_psu,Fine | Ex PSU,Sector_Fine,True,0.17954737227887424,0.396063296454529,0.21651592417565474,0.33162351109418303,0.1520761388153088,155,11935,67,135
2024-08-02,fine_ex_psu,Fine | Ex PSU,Sector_Fine,True,0.18023122704295735,0.396275178837876,0.21604395179491864,0.32643083750747737,0.14619961046452,155,11935,67,135
2024-08-09,fine_ex_psu,Fine | Ex PSU,Sector_Fine,True,0.183587309134383,0.4057971875968212,0.2222098784624382,0.33008993998353614,0.14650263084915313,155,11935,67,135
2024-08-16,fine_ex_psu,Fine | Ex PSU,Sector_Fine,True,0.17992592910419303,0.4079375672686331,0.2280116381644401,0.3283933353943171,0.14846740629012406,155,11935,67,135
2024-08-23,fine_ex_psu,Fine | Ex PSU,Sector_Fine,True,0.18162566547690412,0.40902364973111993,0.2273979842542158,0.3333401140566232,0.1517144485797191,155,11935,67,135
2024-08-30,fine_ex_psu,Fine | Ex PSU,Sector_Fine,True,0.1812068519119304,0.40622722978811093,0.22502037787618054,0.3319930448091692,0.1507861928972388,155,11935,67,135
2024-09-06,fine_ex_psu,Fine | Ex PSU,Sector_Fine,True,0.17770021829506863,0.40900960416785304,0.2313093858727844,0.33125493756527113,0.1535547192702025,155,11935,67,135
2024-09-13,fine_ex_psu,Fine | Ex PSU,Sector_Fine,True,0.179724589584142,0.41005844480675724,0.23033385522261524,0.3318464778712407,0.15212188828709872,155,11935,67,135
2024-09-20,fine_ex_psu,Fine | Ex PSU,Sector_Fine,True,0.16816691753539814,0.40639073913345924,0.2382238215980611,0.3249991889389824,0.15683227140358424,157,12246,67,135
2024-09-27,fine_ex_psu,Fine | Ex PSU,Sector_Fine,True,0.17234739573345986,0.3893269558436499,0.21697956011019004,0.3500469443738008,0.17769954864034093,162,13041,78,148
2024-10-04,fine_ex_psu,Fine | Ex PSU,Sector_Fine,True,0.19315570756706854,0.41287743105388564,0.2197217234868171,0.3711645550525837,0.17800884748551518,149,11026,67,143
2024-10-11,fine_ex_psu,Fine | Ex PSU,Sector_Fine,True,0.1912588372316978,0.41162926531886274,0.22037042808716495,0.3691507526779449,0.1778919154462471,149,11026,67,143
2024-10-18,fine_ex_psu,Fine | Ex PSU,Sector_Fine,True,0.19166070335355323,0.41065008145624066,0.21898937810268743,0.3718596606874233,0.1801989573338701,149,11026,67,143
2024-10-25,fine_ex_psu,Fine | Ex PSU,Sector_Fine,True,0.21203451921038224,0.41481912728074116,0.20278460807035892,0.382856113458911,0.17082159424852877,149,11026,67,143
2024-11-01,fine_ex_psu,Fine | Ex PSU,Sector_Fine,True,0.21004846669921698,0.4086902076467983,0.19864174094758133,0.3796277165643641,0.16957924986514714,149,11026,67,143
2024-11-08,fine_ex_psu,Fine | Ex PSU,Sector_Fine,True,0.2086829773576604,0.4054690047073974,0.196786027349737,0.3779302604651237,0.1692472831074633,149,11026,67,143
2024-11-15,fine_ex_psu,Fine | Ex PSU,Sector_Fine,True,0.22069604767990755,0.40909733935201864,0.1884012916721111,0.3836112007935166,0.16291515311360907,149,11026,67,143
2024-11-22,fine_ex_psu,Fine | Ex PSU,Sector_Fine,True,0.21627332609058542,0.4034971651561635,0.1872238390655781,0.3887739030613268,0.1725005769707414,149,11026,67,143
2024-11-29,fine_ex_psu,Fine | Ex PSU,Sector_Fine,True,0.21357066222589657,0.39346066103696375,0.17988999881106718,0.3897678990942829,0.17619723686838631,150,11175,67,143
2024-12-06,fine_ex_psu,Fine | Ex PSU,Sector_Fine,True,0.21537916383216557,0.39047173070786495,0.17509256687569938,0.37700930917623127,0.1616301453440657,150,11175,67,143
2024-12-13,fine_ex_psu,Fine | Ex PSU,Sector_Fine,True,0.21456847810754873,0.3835265887345462,0.16895811062699748,0.37700228034719235,0.16243380223964363,150,11175,67,143
2024-12-20,fine_ex_psu,Fine | Ex PSU,Sector_Fine,True,0.2334681084677221,0.40294465674128166,0.16947654827355957,0.40216908094120635,0.16870097247348426,150,11175,67,143
2024-12-27,fine_ex_psu,Fine | Ex PSU,Sector_Fine,True,0.22990198004303117,0.3987248111833169,0.1688228311402857,0.40178107544593317,0.171879095402902,150,11175,67,143
2025-01-03,fine_ex_psu,Fine | Ex PSU,Sector_Fine,True,0.23056624344151921,0.4039018912695849,0.1733356478280657,0.3981843263373772,0.167618082895858,150,11175,67,143
2025-01-10,fine_ex_psu,Fine | Ex PSU,Sector_Fine,True,0.24555341553715213,0.41454810634609573,0.1689946908089436,0.4044604763374368,0.1589070608002847,150,11175,67,143
2025-01-17,fine_ex_psu,Fine | Ex PSU,Sector_Fine,True,0.2437919556673883,0.4163434673833542,0.17255151171596592,0.40334338277614995,0.15955142710876166,150,11175,67,143
2025-01-24,fine_ex_psu,Fine | Ex PSU,Sector_Fine,True,0.2426963251208153,0.41592334683419374,0.17322702171337845,0.4008872679358557,0.15819094281504043,150,11175,67,143
2025-01-31,fine_ex_psu,Fine | Ex PSU,Sector_Fine,True,0.24043876159943026,0.41412916926950366,0.1736904076700734,0.40013325616187956,0.1596944945624493,150,11175,67,143
2025-02-07,fine_ex_psu,Fine | Ex PSU,Sector_Fine,True,0.2418592456024134,0.4179893266112515,0.1761300810088381,0.39735866547368764,0.15549941987127425,150,11175,67,143
2025-02-14,fine_ex_psu,Fine | Ex PSU,Sector_Fine,True,0.26725654310303715,0.42900065281255667,0.16174410970951952,0.4148688509507431,0.14761230784770596,150,11175,67,143
2025-02-21,fine_ex_psu,Fine | Ex PSU,Sector_Fine,True,0.2645572725026782,0.4289255372623159,0.16436826475963773,0.41218192454411073,0.14762465204143255,150,11175,67,143
2025-02-28,fine_ex_psu,Fine | Ex PSU,Sector_Fine,True,0.27837320453118347,0.4522708585166886,0.1738976539855051,0.42576179115952606,0.1473885866283426,150,11175,67,143
2025-03-07,fine_ex_psu,Fine | Ex PSU,Sector_Fine,True,0.2856814353308225,0.4571620337141697,0.17148059838334717,0.4377730402717402,0.15209160494091767,150,11175,67,143
2025-03-14,fine_ex_psu,Fine | Ex PSU,Sector_Fine,True,0.2834602477430983,0.4597822622754948,0.1763220145323965,0.4313738929791438,0.1479136452360455,150,11175,67,143
2025-03-21,fine_ex_psu,Fine | Ex PSU,Sector_Fine,True,0.30590107859743465,0.471309313043242,0.16540823444580732,0.45226122984476697,0.14636015124733232,150,11175,67,143
2025-03-28,fine_ex_psu,Fine | Ex PSU,Sector_Fine,True,0.28910121275835915,0.4561712539923278,0.16707004123396862,0.4507728944529559,0.16167168169459672,149,11026,66,130
2025-04-04,fine_ex_psu,Fine | Ex PSU,Sector_Fine,True,0.28722429845877695,0.46230997449661354,0.1750856760378366,0.4418253366698042,0.15460103821102728,152,11476,67,130
2025-04-11,fine_ex_psu,Fine | Ex PSU,Sector_Fine,True,0.28611832054932257,0.46362626291746967,0.1775079423681471,0.44200096734111927,0.1558826467917967,152,11476,67,130
2025-04-18,fine_ex_psu,Fine | Ex PSU,Sector_Fine,True,0.29605114709956054,0.4717722228823619,0.17572107578280138,0.44829192788325795,0.1522407807836974,152,11476,67,130
2025-04-25,fine_ex_psu,Fine | Ex PSU,Sector_Fine,True,0.2935117692264861,0.4822173738599875,0.1887056046335014,0.44747852350023554,0.15396675427374945,152,11476,67,130
2025-05-02,fine_ex_psu,Fine | Ex PSU,Sector_Fine,True,0.29392060144280735,0.48586605281456136,0.191945451371754,0.4459288376778742,0.15200823623506687,152,11476,67,130
2025-05-09,fine_ex_psu,Fine | Ex PSU,Sector_Fine,True,0.2950660851529266,0.48567870005042346,0.19061261489749687,0.4410086745857776,0.145942589432851,152,11476,67,130
2025-05-16,fine_ex_psu,Fine | Ex PSU,Sector_Fine,True,0.3112583628738033,0.5061169363663712,0.1948585734925679,0.4666792142924465,0.1554208514186432,152,11476,67,130
2025-05-23,fine_ex_psu,Fine | Ex PSU,Sector_Fine,True,0.305692563253309,0.502296993712588,0.19660443045927894,0.45240051511097423,0.14670795185766522,152,11476,67,130
2025-05-30,fine_ex_psu,Fine | Ex PSU,Sector_Fine,True,0.3042403192453899,0.5020968584958937,0.19785653925050378,0.44671835350426287,0.14247803425887295,152,11476,67,130
2025-06-06,fine_ex_psu,Fine | Ex PSU,Sector_Fine,True,0.2944464064042456,0.4948621473914118,0.20041574098716625,0.43390536638854177,0.1394589599842962,152,11476,67,130
2025-06-13,fine_ex_psu,Fine | Ex PSU,Sector_Fine,True,0.29636728037333676,0.4924949820860846,0.19612770171274785,0.4336786070367886,0.13731132666345186,152,11476,67,130
2025-06-20,fine_ex_psu,Fine | Ex PSU,Sector_Fine,True,0.2969333200992043,0.4926631475112924,0.1957298274120881,0.43197909658985106,0.13504577649064675,152,11476,67,130
2025-06-27,fine_ex_psu,Fine | Ex PSU,Sector_Fine,True,0.30137844472781866,0.5021166293241279,0.20073818459630927,0.43874165079342886,0.1373632060656102,152,11476,67,130
2025-07-04,fine_ex_psu,Fine | Ex PSU,Sector_Fine,True,0.29871939823829696,0.5013008612303134,0.2025814629920164,0.43787510369769056,0.1391557054593936,152,11476,67,130
2025-07-11,fine_ex_psu,Fine | Ex PSU,Sector_Fine,True,0.3004122959520904,0.5029066435371209,0.2024943475850305,0.43991009935065967,0.13949780339856926,152,11476,67,130
2025-07-18,fine_ex_psu,Fine | Ex PSU,Sector_Fine,True,0.2998838269048348,0.5023938546270242,0.20251002772218946,0.44070681659821587,0.14082298969338108,152,11476,67,130
2025-07-25,fine_ex_psu,Fine | Ex PSU,Sector_Fine,True,0.29854184062944283,0.5009776461468072,0.20243580551736434,0.4318576993631445,0.13331585873370166,152,11476,67,130
2025-08-01,fine_ex_psu,Fine | Ex PSU,Sector_Fine,True,0.3009196083443968,0.5019022971231853,0.20098268877878855,0.4375592007110455,0.1366395923666487,152,11476,67,130
2025-08-08,fine_ex_psu,Fine | Ex PSU,Sector_Fine,True,0.30170342033765274,0.4981798227508098,0.19647640241315706,0.43820640271225275,0.1365029823746,152,11476,67,130
2025-08-15,fine_ex_psu,Fine | Ex PSU,Sector_Fine,True,0.3034399404228912,0.4961109405424653,0.1926710001195741,0.43846172099010144,0.13502178056721026,152,11476,67,130
2025-08-22,fine_ex_psu,Fine | Ex PSU,Sector_Fine,True,0.30357630863813173,0.4973242757377866,0.19374796709965486,0.4353282704807833,0.1317519618426516,152,11476,67,130
2025-08-29,fine_ex_psu,Fine | Ex PSU,Sector_Fine,True,0.30622289732913544,0.49723403524040344,0.191011137911268,0.43497165355896,0.12874875622982457,152,11476,67,130
2025-09-05,fine_ex_psu,Fine | Ex PSU,Sector_Fine,True,0.3096863314827923,0.5020527676031409,0.1923664361203486,0.44189408208262504,0.13220775059983275,152,11476,67,130
2025-09-12,fine_ex_psu,Fine | Ex PSU,Sector_Fine,True,0.3088328944634021,0.5051534545453912,0.19632056008198906,0.4424406795501528,0.1336077850867507,152,11476,67,130
2025-09-19,fine_ex_psu,Fine | Ex PSU,Sector_Fine,True,0.3083205225407658,0.5077937317820762,0.1994732092413104,0.44650173855984293,0.13818121601907712,153,11628,67,130
2025-09-26,fine_ex_psu,Fine | Ex PSU,Sector_Fine,True,0.3178825875110536,0.5165469787852703,0.19866439127421676,0.4631942066120875,0.1453116191010339,162,13041,73,134
2025-10-03,fine_ex_psu,Fine | Ex PSU,Sector_Fine,True,0.32732584349256577,0.5245012819335069,0.1971754384409411,0.4689709621385764,0.14164511864601065,157,12246,69,126
2025-10-10,fine_ex_psu,Fine | Ex PSU,Sector_Fine,True,0.3288506141266506,0.5275929988722815,0.19874238474563088,0.4670950515672101,0.13824443744055948,157,12246,69,126
2025-10-17,fine_ex_psu,Fine | Ex PSU,Sector_Fine,True,0.3242877950203516,0.5294845447447466,0.205196749724395,0.420543296045801,0.09625550102544939,157,12246,69,126
2025-10-24,fine_ex_psu,Fine | Ex PSU,Sector_Fine,True,0.3128818553508132,0.5299788753793034,0.21709702002849024,0.41225086411663564,0.09936900876582244,157,12246,69,126
2025-10-31,fine_ex_psu,Fine | Ex PSU,Sector_Fine,True,0.3133487866600363,0.5286856155552838,0.21533682889524752,0.41255098756571656,0.09920220090568027,157,12246,69,126
2025-11-07,fine_ex_psu,Fine | Ex PSU,Sector_Fine,True,0.3142773340568013,0.5296684780721546,0.21539114401535325,0.41695796235924826,0.10268062830244695,157,12246,69,126
2025-11-14,fine_ex_psu,Fine | Ex PSU,Sector_Fine,True,0.3047381520620185,0.5213154665855857,0.2165773145235672,0.4126734115709878,0.10793525950896932,157,12246,69,126
2025-11-21,fine_ex_psu,Fine | Ex PSU,Sector_Fine,True,0.311500081090701,0.5236656205620467,0.2121655394713457,0.4047805074767314,0.0932804263860304,157,12246,69,126
2025-11-28,fine_ex_psu,Fine | Ex PSU,Sector_Fine,True,0.311982616923171,0.5307000754836139,0.2187174585604429,0.39628066982479215,0.08429805290162118,157,12246,69,126
2025-12-05,fine_ex_psu,Fine | Ex PSU,Sector_Fine,True,0.3094741756464021,0.5333032895990967,0.22382911395269456,0.39208704855015075,0.08261287290374864,157,12246,69,126
2025-12-12,fine_ex_psu,Fine | Ex PSU,Sector_Fine,True,0.309908873524429,0.5331365672212096,0.22322769369678064,0.3930634324357137,0.0831545589112847,157,12246,69,126
2025-12-19,fine_ex_psu,Fine | Ex PSU,Sector_Fine,True,0.297767921023177,0.5205841593948766,0.22281623837169956,0.37231997288429136,0.07455205186111435,157,12246,69,126
2025-12-26,fine_ex_psu,Fine | Ex PSU,Sector_Fine,True,0.29790665283676865,0.5204413333660985,0.2225346805293299,0.37159482866431587,0.07368817582754722,157,12246,69,126
