Date,spec,label,sector_col,exclude_psu,n_stocks,n_sectors,n_named_groups,n_non_independent_stocks,sector_r2,sector_resid_ss,group_r2,perm_mean_group_r2,perm95_group_r2,perm_pvalue,group_r2_gap_vs_null
2015-01-09,coarse_all,Coarse | With PSU,Sector_Coarse,False,172,31,8,55,0.3583636297920856,0.193337572372675,0.04649353222920024,0.04530603274850386,0.09218402447220186,0.3986013986013986,0.0011874994806963801
2015-01-16,coarse_all,Coarse | With PSU,Sector_Coarse,False,172,31,8,55,0.5186805047747336,0.19540272748054385,0.05133051676775112,0.04561383058635814,0.08615012903432137,0.34965034965034963,0.005716686181392983
2015-01-23,coarse_all,Coarse | With PSU,Sector_Coarse,False,172,31,8,55,0.19852363985102306,0.2775652117208374,0.08437628609613698,0.04498714362073749,0.0951781351511888,0.08591408591408592,0.03938914247539949
2015-01-30,coarse_all,Coarse | With PSU,Sector_Coarse,False,172,31,8,55,0.19183310084913396,0.4048214592130712,0.05698835145204651,0.04256889739903159,0.09724513609061879,0.21678321678321677,0.014419454053014924
2015-02-06,coarse_all,Coarse | With PSU,Sector_Coarse,False,172,31,8,55,0.3891009656478739,0.26991935916469595,0.028903295081965014,0.043531846457231446,0.08356471406796946,0.7112887112887113,-0.014628551375266433
2015-02-13,coarse_all,Coarse | With PSU,Sector_Coarse,False,172,31,8,55,0.2446969983428411,0.31285332538556254,0.04101596121235155,0.044600693714861805,0.09472655577633242,0.46153846153846156,-0.003584732502510256
2015-02-20,coarse_all,Coarse | With PSU,Sector_Coarse,False,172,31,8,55,0.2380865863495779,0.2659376301790468,0.036874199323476936,0.045333694945932264,0.1120740376910836,0.4975024975024975,-0.008459495622455328
2015-02-27,coarse_all,Coarse | With PSU,Sector_Coarse,False,172,31,8,55,0.2575681293270995,0.14859931968632,0.04590463878361755,0.045349017956254976,0.09315091849906759,0.4175824175824176,0.000555620827362574
2015-03-06,coarse_all,Coarse | With PSU,Sector_Coarse,False,172,31,8,55,0.2894743294570834,0.2660593423782888,0.027085884652667067,0.045669603065793055,0.08961943055239567,0.7932067932067932,-0.018583718413125987
2015-03-13,coarse_all,Coarse | With PSU,Sector_Coarse,False,172,31,8,55,0.42104130270171025,0.21864588670126428,0.06602220741942774,0.04410999703539463,0.08496417565135266,0.15384615384615385,0.021912210384033112
2015-03-20,coarse_all,Coarse | With PSU,Sector_Coarse,False,172,31,8,55,0.28631413417257856,0.18118303682845502,0.08297284478868924,0.04653864783437014,0.1007376422349968,0.11288711288711288,0.036434196954319105
2015-03-27,coarse_all,Coarse | With PSU,Sector_Coarse,False,172,31,8,55,0.2400103219825045,0.16537835846688276,0.04284386800041872,0.044784683834040405,0.09746389885523367,0.43356643356643354,-0.001940815833621684
2015-04-03,coarse_all,Coarse | With PSU,Sector_Coarse,False,172,31,8,55,0.14373833208632236,0.13311706187486994,0.022106046616130956,0.04590418666482799,0.08914228476338865,0.8561438561438561,-0.023798140048697035
2015-04-10,coarse_all,Coarse | With PSU,Sector_Coarse,False,172,31,8,55,0.2857671043992023,0.2705760558263692,0.04906661820970904,0.04206390253078618,0.09126520416555327,0.3036963036963037,0.007002715678922862
2015-04-17,coarse_all,Coarse | With PSU,Sector_Coarse,False,172,31,8,55,0.32375706085209455,0.17181126187338153,0.02211133615111638,0.0466873491730195,0.08980247635206089,0.8631368631368631,-0.02457601302190312
2015-04-24,coarse_all,Coarse | With PSU,Sector_Coarse,False,172,31,8,55,0.22622914284577011,0.18999477181915697,0.0985648788593373,0.04456723844726289,0.08089494667062634,0.016983016983016984,0.053997640412074416
2015-05-01,coarse_all,Coarse | With PSU,Sector_Coarse,False,172,31,8,55,0.2842728221310413,0.2369108806791451,0.013433720192573372,0.0444949728778853,0.09401913114620099,0.949050949050949,-0.03106125268531193
2015-05-08,coarse_all,Coarse | With PSU,Sector_Coarse,False,172,31,8,55,0.23369774639670726,0.24964805689359906,0.13444769262801043,0.04493706872008292,0.08976837149005903,0.004995004995004995,0.08951062390792751
2015-05-15,coarse_all,Coarse | With PSU,Sector_Coarse,False,172,31,8,55,0.23498355585595088,0.24352237460907938,0.04674285129224664,0.0452771888010418,0.09574139077621052,0.3916083916083916,0.0014656624912048402
2015-05-22,coarse_all,Coarse | With PSU,Sector_Coarse,False,172,31,8,55,0.24702303966857286,0.20845323585246833,0.046151814872009776,0.044132664424909214,0.08721239295070385,0.4115884115884116,0.0020191504471005622
2015-05-29,coarse_all,Coarse | With PSU,Sector_Coarse,False,163,31,8,53,0.2671550364277211,0.21567492089255277,0.12222118905943123,0.04759765050035669,0.09748565674637465,0.01998001998001998,0.07462353855907454
2015-06-05,coarse_all,Coarse | With PSU,Sector_Coarse,False,171,32,8,54,0.2166154940725179,0.4430319403296504,0.027255030585435804,0.04819020894241328,0.13837525596689343,0.6083916083916084,-0.020935178356977474
2015-06-12,coarse_all,Coarse | With PSU,Sector_Coarse,False,171,32,8,54,0.291581131660298,0.17967612382900872,0.05186713419414382,0.04427145371794614,0.08990000643744289,0.3066933066933067,0.007595680476197679
2015-06-19,coarse_all,Coarse | With PSU,Sector_Coarse,False,171,32,8,54,0.2776127616664129,0.1820538716926041,0.06871249858955238,0.04569393115138756,0.09268050138194316,0.15684315684315683,0.023018567438164814
2015-06-26,coarse_all,Coarse | With PSU,Sector_Coarse,False,171,32,8,54,0.3165302500393473,0.16606542896773843,0.057467178360295905,0.043419972677873925,0.09455175619454272,0.24575424575424576,0.01404720568242198
2015-07-03,coarse_all,Coarse | With PSU,Sector_Coarse,False,171,32,8,54,0.23685649811757037,0.16826851806148635,0.05746420311389171,0.046220276682609154,0.10326163262166282,0.26173826173826176,0.011243926431282553
2015-07-10,coarse_all,Coarse | With PSU,Sector_Coarse,False,171,32,8,54,0.3327934945966533,0.1638040754839138,0.03516993211215164,0.04390919152877281,0.0879565758432925,0.5804195804195804,-0.008739259416621167
2015-07-17,coarse_all,Coarse | With PSU,Sector_Coarse,False,171,32,8,54,0.2676437320757974,0.10733115875858694,0.06539755629240192,0.04519231253407044,0.09183585666733894,0.17782217782217782,0.02020524375833148
2015-07-24,coarse_all,Coarse | With PSU,Sector_Coarse,False,171,32,8,54,0.291918904864532,0.20300650017146865,0.034519096967374596,0.04480763249207607,0.09179216405559783,0.5984015984015985,-0.010288535524701471
2015-07-31,coarse_all,Coarse | With PSU,Sector_Coarse,False,171,32,8,54,0.23997037984662295,0.25479723943498434,0.04347601923738216,0.04445334415715499,0.0886746127297553,0.44655344655344653,-0.000977324919772829
2015-08-07,coarse_all,Coarse | With PSU,Sector_Coarse,False,171,32,8,54,0.13028124146056097,0.30079104914105265,0.024929565722634887,0.04572197875341071,0.09663855730376147,0.7842157842157842,-0.020792413030775826
2015-08-14,coarse_all,Coarse | With PSU,Sector_Coarse,False,171,32,8,54,0.5378241945665252,0.23267539850029118,0.07701854503247031,0.04608546165485048,0.092392747693246,0.12087912087912088,0.03093308337761983
2015-08-21,coarse_all,Coarse | With PSU,Sector_Coarse,False,171,32,8,54,0.30039875739197563,0.29198447590227194,0.03885504293994651,0.04381350578078945,0.10102330703656962,0.46353646353646355,-0.004958462840842941
2015-08-28,coarse_all,Coarse | With PSU,Sector_Coarse,False,171,32,8,54,0.2422837020330797,0.26731999443917154,0.015732405549945285,0.044444730526580704,0.08744014036590628,0.939060939060939,-0.02871232497663542
2015-09-04,coarse_all,Coarse | With PSU,Sector_Coarse,False,171,32,8,54,0.2173434725379595,0.23956794003184873,0.07513762645625635,0.04574051366555839,0.10206312704906313,0.11488511488511488,0.02939711279069796
2015-09-11,coarse_all,Coarse | With PSU,Sector_Coarse,False,171,32,8,54,0.31297550458830015,0.18226172133704413,0.056811426690308926,0.045508112898316785,0.09499177796816337,0.2817182817182817,0.011303313791992141
2015-09-18,coarse_all,Coarse | With PSU,Sector_Coarse,False,171,32,8,54,0.3179226826505598,0.17478478858550944,0.07937057499743025,0.044927999402221225,0.09766127787494855,0.0899100899100899,0.034442575595209024
2015-09-25,coarse_all,Coarse | With PSU,Sector_Coarse,False,171,32,8,54,0.31981987322656147,0.21906140616723313,0.03680938722880552,0.045978153943490314,0.10251167595023214,0.5604395604395604,-0.009168766714684792
2015-10-02,coarse_all,Coarse | With PSU,Sector_Coarse,False,171,32,8,54,0.3319211148160608,0.2008928641543078,0.027010938362998706,0.04466499514511415,0.08814629861536064,0.7812187812187812,-0.017654056782115443
2015-10-09,coarse_all,Coarse | With PSU,Sector_Coarse,False,171,32,8,54,0.37003961571817134,0.2617468572165132,0.0773646312940109,0.044770630067431,0.08865457153997298,0.09290709290709291,0.032594001226579905
2015-10-16,coarse_all,Coarse | With PSU,Sector_Coarse,False,171,32,8,54,0.27456079726752325,0.2552744134866116,0.034116144897886946,0.045677332706334596,0.128193632882725,0.46053946053946054,-0.01156118780844765
2015-10-23,coarse_all,Coarse | With PSU,Sector_Coarse,False,171,32,8,54,0.23869100295587742,0.12815733709465327,0.0750723199530023,0.045168124531401524,0.0886900814183403,0.10589410589410589,0.029904195421600777
2015-10-30,coarse_all,Coarse | With PSU,Sector_Coarse,False,162,31,8,50,0.25434454201919177,0.20645866676294444,0.10026177556150209,0.04812322742678345,0.10006537715424252,0.05094905094905095,0.05213854813471864
2015-11-06,coarse_all,Coarse | With PSU,Sector_Coarse,False,171,32,8,51,0.27551598202788063,0.21715979225459076,0.07832771863937937,0.04674645950363036,0.093188530756568,0.1068931068931069,0.03158125913574902
2015-11-13,coarse_all,Coarse | With PSU,Sector_Coarse,False,171,32,8,51,0.2201938961514579,0.1808964177818876,0.02975727924705998,0.04465041084074739,0.08806649960216348,0.7062937062937062,-0.014893131593687409
2015-11-20,coarse_all,Coarse | With PSU,Sector_Coarse,False,171,32,8,51,0.19773289331549382,0.226541165957298,0.022670995890744755,0.04584973729187075,0.10053995582751929,0.8111888111888111,-0.023178741401125996
2015-11-27,coarse_all,Coarse | With PSU,Sector_Coarse,False,171,32,8,51,0.29649542024569053,0.1138725209573388,0.06050900142261444,0.04513289394840616,0.0924975262380218,0.22977022977022976,0.015376107474208284
2015-12-04,coarse_all,Coarse | With PSU,Sector_Coarse,False,171,32,8,51,0.2686424468564822,0.15318687006619167,0.08012549229440365,0.04646512926560101,0.09404091564536296,0.0989010989010989,0.03366036302880264
2015-12-11,coarse_all,Coarse | With PSU,Sector_Coarse,False,171,32,8,51,0.3481081999006357,0.1650509481768383,0.060618809258746305,0.045554603967497324,0.09292325566430722,0.24375624375624375,0.01506420529124898
2015-12-18,coarse_all,Coarse | With PSU,Sector_Coarse,False,171,32,8,51,0.2192570607284089,0.09432105324596182,0.08050089379166571,0.046245863151604893,0.09591945552559217,0.1028971028971029,0.034255030640060816
2015-12-25,coarse_all,Coarse | With PSU,Sector_Coarse,False,171,32,8,51,0.4510784542652607,0.06935123474062893,0.02375211807372329,0.04498964012435203,0.08697231245675853,0.8271728271728271,-0.021237522050628743
2016-01-01,coarse_all,Coarse | With PSU,Sector_Coarse,False,171,32,8,54,0.35563221171118187,0.12275036629106509,0.06419951329426289,0.046022840211450464,0.10909851976603083,0.2077922077922078,0.018176673082812428
2016-01-08,coarse_all,Coarse | With PSU,Sector_Coarse,False,171,32,8,54,0.32652288145171526,0.1912198888979374,0.08399659245796633,0.04513278861784848,0.08546325522402629,0.055944055944055944,0.038863803840117846
2016-01-15,coarse_all,Coarse | With PSU,Sector_Coarse,False,171,32,8,54,0.3509986148827182,0.3380821335286903,0.03682078165478714,0.04360495117838901,0.08708800685930922,0.5584415584415584,-0.00678416952360187
2016-01-22,coarse_all,Coarse | With PSU,Sector_Coarse,False,171,32,8,54,0.17266028298039404,0.2799617989943613,0.040503094673666314,0.04505025497301831,0.0893056252064009,0.5134865134865135,-0.004547160299351996
2016-01-29,coarse_all,Coarse | With PSU,Sector_Coarse,False,171,32,8,54,0.21172544830362172,0.2643867643880217,0.0706163902799335,0.04540580418469743,0.10462819230736174,0.16583416583416583,0.025210586095236062
2016-02-05,coarse_all,Coarse | With PSU,Sector_Coarse,False,171,32,8,54,0.23224290765453004,0.3577759787064233,0.041188373339316506,0.04474301703638689,0.10067490615011661,0.45354645354645357,-0.0035546436970703837
2016-02-12,coarse_all,Coarse | With PSU,Sector_Coarse,False,171,32,8,54,0.30343430966452356,0.4807693598017819,0.06737492641452154,0.04551696262551344,0.09091988631043361,0.15184815184815184,0.021857963789008103
2016-02-19,coarse_all,Coarse | With PSU,Sector_Coarse,False,171,32,8,54,0.4020196070161345,0.2701659849638398,0.09049462747376408,0.04514901137662402,0.08924282609660565,0.05094905094905095,0.04534561609714006
2016-02-26,coarse_all,Coarse | With PSU,Sector_Coarse,False,171,32,8,54,0.22212420568320212,0.12907253944477642,0.03846072052826312,0.044979967295101515,0.08680279833312635,0.5664335664335665,-0.006519246766838398
2016-03-04,coarse_all,Coarse | With PSU,Sector_Coarse,False,171,32,8,54,0.4147298274353628,0.340603804826762,0.07238673306758592,0.04485875493143958,0.09156645051508702,0.12687312687312688,0.02752797813614634
2016-03-11,coarse_all,Coarse | With PSU,Sector_Coarse,False,171,32,8,54,0.36693388105420455,0.11759184341954562,0.08010266330688921,0.04497643178617577,0.09596409177247434,0.1048951048951049,0.035126231520713445
2016-03-18,coarse_all,Coarse | With PSU,Sector_Coarse,False,171,32,8,54,0.2888293635210635,0.20331017813664173,0.05248207533307743,0.04479006679770343,0.09156148445878466,0.2977022977022977,0.007692008535374002
2016-03-25,coarse_all,Coarse | With PSU,Sector_Coarse,False,171,32,8,54,0.3533972294759895,0.12209779228882767,0.03535275483938117,0.04603599988299877,0.09981440685830494,0.5814185814185814,-0.010683245043617604
2016-04-01,coarse_all,Coarse | With PSU,Sector_Coarse,False,171,32,8,54,0.3211279702721692,0.13996532827665498,0.0609627546244375,0.045828029238673976,0.09048577346788002,0.21478521478521478,0.015134725385763527
2016-04-08,coarse_all,Coarse | With PSU,Sector_Coarse,False,171,32,8,54,0.22229103900947467,0.21753499904666423,0.06649488205598812,0.04514704905779086,0.09318797458328984,0.17382617382617382,0.021347832998197265
2016-04-15,coarse_all,Coarse | With PSU,Sector_Coarse,False,171,32,8,54,0.31249755102807997,0.08611638772997317,0.11686103752561323,0.044933998100620515,0.08417577440866642,0.011988011988011988,0.07192703942499272
2016-04-22,coarse_all,Coarse | With PSU,Sector_Coarse,False,171,32,8,54,0.24492512995260018,0.18351959048376487,0.05946716362991824,0.044739534235831886,0.08699240044307924,0.2217782217782218,0.014727629394086353
2016-04-29,coarse_all,Coarse | With PSU,Sector_Coarse,False,162,24,8,59,0.10983770287049377,1.6306950694706583,0.15909618608435847,0.04800480989065574,0.16906473735112176,0.058941058941058944,0.11109137619370273
2016-05-06,coarse_all,Coarse | With PSU,Sector_Coarse,False,181,31,8,65,0.3039011416802381,0.19948950986906,0.14199348590064717,0.04198061644454427,0.08507402911975495,0.001998001998001998,0.10001286945610291
2016-05-13,coarse_all,Coarse | With PSU,Sector_Coarse,False,181,31,8,65,0.4013433754869732,0.12064254329178896,0.03681906124289415,0.043416387192100406,0.08428728642149345,0.5564435564435565,-0.006597325949206256
2016-05-20,coarse_all,Coarse | With PSU,Sector_Coarse,False,181,31,8,65,0.14645929143716196,0.15125730682259014,0.022233661756955313,0.042923324253394,0.09036067100665024,0.8011988011988012,-0.020689662496438686
2016-05-27,coarse_all,Coarse | With PSU,Sector_Coarse,False,181,31,8,65,0.21435331164619265,0.257956279120335,0.050365944005042886,0.04372054276741818,0.09108558675022091,0.3226773226773227,0.006645401237624707
2016-06-03,coarse_all,Coarse | With PSU,Sector_Coarse,False,181,31,8,65,0.18495364609055875,0.22849382137995627,0.009703900396314392,0.04224147071905551,0.08603434749286595,0.977022977022977,-0.03253757032274112
2016-06-10,coarse_all,Coarse | With PSU,Sector_Coarse,False,181,31,8,65,0.33821893961212435,0.18647465640666172,0.034956766945450704,0.04150174721136069,0.08257650644379998,0.5464535464535465,-0.006544980265909987
2016-06-17,coarse_all,Coarse | With PSU,Sector_Coarse,False,181,31,8,65,0.1706125229826324,0.193111810061721,0.07406839657270754,0.04266120820031146,0.08918941556780212,0.11988011988011989,0.03140718837239608
2016-06-24,coarse_all,Coarse | With PSU,Sector_Coarse,False,181,31,8,65,0.19187917171313196,0.17045788677966275,0.05403251554374506,0.042921573940209456,0.09368962583855224,0.25874125874125875,0.011110941603535603
2016-07-01,coarse_all,Coarse | With PSU,Sector_Coarse,False,181,31,8,65,0.28095535163839136,0.1521397584026591,0.05297315861381273,0.042388046684003096,0.08543252656679994,0.26373626373626374,0.010585111929809633
2016-07-08,coarse_all,Coarse | With PSU,Sector_Coarse,False,181,31,8,65,0.18798993437444822,0.15849714599626025,0.06419371864659655,0.041905303002884524,0.08538240163994153,0.14885114885114886,0.022288415643712027
2016-07-15,coarse_all,Coarse | With PSU,Sector_Coarse,False,181,31,8,65,0.4080762258418448,0.17659241045809643,0.10486556997179922,0.04214881901582978,0.08717666609084768,0.013986013986013986,0.06271675095596943
2016-07-22,coarse_all,Coarse | With PSU,Sector_Coarse,False,181,31,8,65,0.2540002574834779,0.16882871370169786,0.047352250241636196,0.042507945447702866,0.084048545625889,0.36163836163836166,0.0048443047939333295
2016-07-29,coarse_all,Coarse | With PSU,Sector_Coarse,False,181,31,8,65,0.16373991259264808,0.287633597599003,0.02532808258318074,0.04287771007183197,0.09684822746576234,0.7282717282717283,-0.01754962748865123
2016-08-05,coarse_all,Coarse | With PSU,Sector_Coarse,False,181,31,8,65,0.22738173370557702,0.24791707462784462,0.05150193618321148,0.04200877934295715,0.09532486208711077,0.25674325674325676,0.009493156840254327
2016-08-12,coarse_all,Coarse | With PSU,Sector_Coarse,False,181,31,8,65,0.3061413296665737,0.24615979703198732,0.04498578738048547,0.04338258616767623,0.09982607389249447,0.3626373626373626,0.001603201212809241
2016-08-19,coarse_all,Coarse | With PSU,Sector_Coarse,False,181,31,8,65,0.18899647219494564,0.2554155439471792,0.02788641513605135,0.041730547133974685,0.11530038541495588,0.6073926073926074,-0.013844131997923337
2016-08-26,coarse_all,Coarse | With PSU,Sector_Coarse,False,181,31,8,65,0.18768372224333074,0.1525867413454413,0.059025305398023024,0.041844054975230194,0.08207257279749093,0.18181818181818182,0.01718125042279283
2016-09-02,coarse_all,Coarse | With PSU,Sector_Coarse,False,181,31,8,65,0.40356390676242937,0.12852139101077786,0.036804036646326935,0.042151642066995995,0.0855825723199466,0.5074925074925075,-0.00534760542066906
2016-09-09,coarse_all,Coarse | With PSU,Sector_Coarse,False,181,31,8,65,0.20695177717604818,0.17524074190049915,0.03995848713111893,0.04188858586756665,0.08153956976125766,0.4865134865134865,-0.0019300987364477204
2016-09-16,coarse_all,Coarse | With PSU,Sector_Coarse,False,181,31,8,65,0.48995019103427795,0.12346051899173777,0.04047593960798644,0.04250823795513678,0.086377122523649,0.4515484515484515,-0.002032298347150338
2016-09-23,coarse_all,Coarse | With PSU,Sector_Coarse,False,181,31,8,65,0.18200568802405648,0.15577383990595678,0.026531292657193818,0.042146329409496204,0.08569689176704559,0.7292707292707292,-0.015615036752302386
2016-09-30,coarse_all,Coarse | With PSU,Sector_Coarse,False,175,27,8,62,0.3204322996269272,0.2004569574568858,0.11416385876058223,0.04408119998523475,0.09008633510721882,0.011988011988011988,0.07008265877534747
2016-10-07,coarse_all,Coarse | With PSU,Sector_Coarse,False,182,27,8,64,0.3290309474562929,0.14504188448239658,0.024558572787128887,0.04199467464573843,0.08480466457707742,0.7672327672327672,-0.017436101858609544
2016-10-14,coarse_all,Coarse | With PSU,Sector_Coarse,False,182,27,8,64,0.25981983222105576,0.08884767524777958,0.043232699780824384,0.04217122477906562,0.08815035813783384,0.3906093906093906,0.001061475001758766
2016-10-21,coarse_all,Coarse | With PSU,Sector_Coarse,False,182,27,8,64,0.23466351682914188,0.15210166962006338,0.08900882279132044,0.040695375472022545,0.08300353268676637,0.03696303696303696,0.048313447319297896
2016-10-28,coarse_all,Coarse | With PSU,Sector_Coarse,False,182,27,8,64,0.16030119735617843,0.24771591857751807,0.053455604001190704,0.041790381649762384,0.07888659617571045,0.2597402597402597,0.01166522235142832
2016-11-04,coarse_all,Coarse | With PSU,Sector_Coarse,False,182,27,8,64,0.2870745870047615,0.17796781643088505,0.0780291380109242,0.041927676156187074,0.08415360838303133,0.06893106893106893,0.03610146185473713
2016-11-11,coarse_all,Coarse | With PSU,Sector_Coarse,False,182,27,8,64,0.3007901519057047,0.48430104608470226,0.16045151038090497,0.04374581230692615,0.08963533100823054,0.005994005994005994,0.11670569807397882
2016-11-18,coarse_all,Coarse | With PSU,Sector_Coarse,False,182,27,8,64,0.3266505866482169,0.265770270721782,0.11497845725234325,0.04246870367364814,0.08044804611621943,0.005994005994005994,0.0725097535786951
2016-11-25,coarse_all,Coarse | With PSU,Sector_Coarse,False,182,27,8,64,0.2983507376872122,0.2577292295033619,0.05851944417732711,0.04234857123111777,0.08374193841499451,0.1958041958041958,0.016170872946209336
2016-12-02,coarse_all,Coarse | With PSU,Sector_Coarse,False,182,27,8,64,0.18329636790186254,0.18891603484317807,0.13473067270925712,0.04270708040930876,0.08497798977041156,0.006993006993006993,0.09202359229994836
2016-12-09,coarse_all,Coarse | With PSU,Sector_Coarse,False,182,27,8,64,0.3096926154668824,0.17392378095329925,0.04493419289588537,0.04226651547537528,0.08495646652730285,0.38461538461538464,0.0026676774205100923
2016-12-16,coarse_all,Coarse | With PSU,Sector_Coarse,False,182,27,8,64,0.3176975168170151,0.1543925679908246,0.04762377147414712,0.04375912484751539,0.08320604896415233,0.3626373626373626,0.003864646626631732
2016-12-23,coarse_all,Coarse | With PSU,Sector_Coarse,False,182,27,8,64,0.18071384184281247,0.21686726456280492,0.018152727692502577,0.04191799383263468,0.11298110970192213,0.7992007992007992,-0.0237652661401321
2016-12-30,coarse_all,Coarse | With PSU,Sector_Coarse,False,181,26,8,64,0.22470042601223528,0.12612119048271697,0.06035662533772644,0.04297541315795733,0.0884202301885671,0.1938061938061938,0.01738121217976911
2017-01-06,coarse_all,Coarse | With PSU,Sector_Coarse,False,182,26,8,64,0.2850414993099937,0.1417510885418865,0.018270270740229442,0.042165869997985536,0.08579474172750616,0.9070929070929071,-0.023895599257756094
2017-01-13,coarse_all,Coarse | With PSU,Sector_Coarse,False,182,26,8,64,0.34381162701276,0.12609642808770571,0.046314752814993296,0.04294597550869641,0.08700806278767637,0.3676323676323676,0.003368777306296887
2017-01-20,coarse_all,Coarse | With PSU,Sector_Coarse,False,182,26,8,64,0.1323927991072431,0.15310003131672698,0.07482575036954713,0.04418144427492923,0.09223412998998033,0.1088911088911089,0.030644306094617893
2017-01-27,coarse_all,Coarse | With PSU,Sector_Coarse,False,182,26,8,64,0.311965745856159,0.14492236852862356,0.11707477757681103,0.041990732351059205,0.08209497760236259,0.004995004995004995,0.07508404522575182
2017-02-03,coarse_all,Coarse | With PSU,Sector_Coarse,False,182,26,8,64,0.22371018485403504,0.4088446565795953,0.041088493710770356,0.04248065778598837,0.09699689231183051,0.4125874125874126,-0.0013921640752180137
2017-02-10,coarse_all,Coarse | With PSU,Sector_Coarse,False,182,26,8,64,0.2972667683805912,0.1733631443636043,0.0501003252466525,0.042548865510429565,0.08519490806930745,0.3116883116883117,0.007551459736222933
2017-02-17,coarse_all,Coarse | With PSU,Sector_Coarse,False,182,26,8,64,0.19353377703775632,0.21123645930253554,0.09121036197304588,0.041258698520608636,0.09168851892237012,0.05194805194805195,0.04995166345243725
2017-02-24,coarse_all,Coarse | With PSU,Sector_Coarse,False,182,26,8,64,0.20923474795976305,0.18015048724242572,0.11277520219730866,0.04193800352924862,0.09415185738830668,0.02197802197802198,0.07083719866806004
2017-03-03,coarse_all,Coarse | With PSU,Sector_Coarse,False,182,26,8,64,0.2659183722701265,0.1418412220364912,0.03919351784303919,0.04171763570305587,0.08520745589407162,0.4515484515484515,-0.002524117860016682
2017-03-10,coarse_all,Coarse | With PSU,Sector_Coarse,False,182,26,8,64,0.2962320203424552,0.11163859431442641,0.14315648094248234,0.04279617352292889,0.08479086782324705,0.000999000999000999,0.10036030741955346
2017-03-17,coarse_all,Coarse | With PSU,Sector_Coarse,False,182,26,8,64,0.2199792249826802,0.11948115446069313,0.07341788670750003,0.042272394524843424,0.08512966578383165,0.1068931068931069,0.03114549218265661
2017-03-24,coarse_all,Coarse | With PSU,Sector_Coarse,False,182,26,8,64,0.15440250080368645,0.1796284248904712,0.02636057403700435,0.04322655889908526,0.09633253234340812,0.6703296703296703,-0.016865984862080914
2017-03-31,coarse_all,Coarse | With PSU,Sector_Coarse,False,174,22,8,59,0.05966247553833692,1.1525084477093188,0.01419168211766879,0.04542407182397302,0.26900652148854615,0.35564435564435565,-0.03123238970630423
2017-04-07,coarse_all,Coarse | With PSU,Sector_Coarse,False,182,22,8,59,0.14345095019538556,0.1793404744612752,0.04785170441442621,0.04194818946009103,0.08252745036508922,0.3166833166833167,0.005903514954335179
2017-04-14,coarse_all,Coarse | With PSU,Sector_Coarse,False,182,22,8,59,0.2673963722155164,0.20559099500657974,0.21820753076721094,0.04352222873607489,0.11213231441582883,0.006993006993006993,0.17468530203113605
2017-04-21,coarse_all,Coarse | With PSU,Sector_Coarse,False,182,22,8,59,0.29091516501512404,0.2086777138827865,0.1144118943137032,0.04323770607129423,0.11049454691668827,0.04495504495504495,0.07117418824240898
2017-04-28,coarse_all,Coarse | With PSU,Sector_Coarse,False,182,22,8,59,0.21546984491131282,0.3026401504061335,0.13012017559311315,0.043019102602363204,0.11565783710569791,0.03496503496503497,0.08710107299074994
2017-05-05,coarse_all,Coarse | With PSU,Sector_Coarse,False,182,22,8,59,0.30728925853603806,0.18559166369985286,0.05678822356525422,0.04218786587758689,0.08345586117231549,0.2217782217782218,0.014600357687667327
2017-05-12,coarse_all,Coarse | With PSU,Sector_Coarse,False,182,22,8,59,0.20008116138534782,0.18036976633376017,0.03622909181264522,0.042085039085320235,0.08841216178689534,0.5424575424575424,-0.005855947272675015
2017-05-19,coarse_all,Coarse | With PSU,Sector_Coarse,False,182,22,8,59,0.12975641722289,0.16634844761965206,0.07870505130010119,0.04212625946541426,0.0892275843565519,0.07692307692307693,0.03657879183468693
2017-05-26,coarse_all,Coarse | With PSU,Sector_Coarse,False,181,22,8,58,0.3453386241553078,0.3187918290974128,0.1170982975986889,0.043982906880801115,0.09259343457235562,0.014985014985014986,0.07311539071788778
2017-06-02,coarse_all,Coarse | With PSU,Sector_Coarse,False,183,22,8,58,0.1738440521045893,0.3421604129684166,0.12123264668514784,0.04199974885117594,0.09874667530116212,0.024975024975024976,0.0792328978339719
2017-06-09,coarse_all,Coarse | With PSU,Sector_Coarse,False,183,22,8,58,0.18978462313126343,0.2286700453796723,0.06754046260903883,0.044160681082801724,0.09349877719465455,0.15684315684315683,0.023379781526237105
2017-06-16,coarse_all,Coarse | With PSU,Sector_Coarse,False,183,22,8,58,0.12559257105071375,0.14524334328247737,0.04902366708683617,0.04158542564205553,0.08444123982110922,0.2997002997002997,0.007438241444780641
2017-06-23,coarse_all,Coarse | With PSU,Sector_Coarse,False,183,22,8,58,0.1606719723831146,0.15764034279977424,0.11432112015926595,0.041722725303393264,0.08516008760229593,0.007992007992007992,0.07259839485587269
2017-06-30,coarse_all,Coarse | With PSU,Sector_Coarse,False,183,22,8,58,0.24602497977946824,0.11173835910108457,0.09636390503531103,0.04152107726767417,0.08461087329775718,0.03696303696303696,0.05484282776763686
2017-07-07,coarse_all,Coarse | With PSU,Sector_Coarse,False,183,22,8,58,0.13167452734926233,0.1796151434094248,0.07778924230764096,0.041643867801117715,0.08584521723721367,0.07592407592407592,0.03614537450652325
2017-07-14,coarse_all,Coarse | With PSU,Sector_Coarse,False,183,22,8,58,0.0923829624055521,0.17039726763165777,0.05829011591883159,0.04118633070761861,0.08491166193618235,0.19480519480519481,0.01710378521121298
2017-07-21,coarse_all,Coarse | With PSU,Sector_Coarse,False,183,22,8,58,0.09030320405550696,0.17633120554976273,0.08566813156551877,0.042828453047933424,0.08954045551859008,0.06493506493506493,0.04283967851758534
2017-07-28,coarse_all,Coarse | With PSU,Sector_Coarse,False,183,22,8,58,0.11596184026327361,0.213192495125061,0.0835016101753077,0.04168903448786294,0.08737243195295459,0.06293706293706294,0.041812575687444765
2017-08-04,coarse_all,Coarse | With PSU,Sector_Coarse,False,183,22,8,58,0.21296131787994066,0.26184866716974686,0.04241103607179788,0.042314716070617146,0.08495952527276453,0.41858141858141856,9.632000118073303e-05
2017-08-11,coarse_all,Coarse | With PSU,Sector_Coarse,False,183,22,8,58,0.22312634435877765,0.3660543593196145,0.09563451869565283,0.04154249402151757,0.08819383244634903,0.04095904095904096,0.05409202467413526
2017-08-18,coarse_all,Coarse | With PSU,Sector_Coarse,False,183,22,8,58,0.19855654913749354,0.2331843167530157,0.021929318147192636,0.04191429333883552,0.0929464913331997,0.7842157842157842,-0.019984975191642884
2017-08-25,coarse_all,Coarse | With PSU,Sector_Coarse,False,183,22,8,58,0.24607198096153127,0.11127604139792655,0.027966967504226573,0.04168565947261697,0.0886229816929319,0.6753246753246753,-0.0137186919683904
2017-09-01,coarse_all,Coarse | With PSU,Sector_Coarse,False,183,22,8,58,0.1738446562192315,0.20568576852681586,0.14709423724473522,0.043107016198570255,0.12019523282516284,0.025974025974025976,0.10398722104616497
2017-09-08,coarse_all,Coarse | With PSU,Sector_Coarse,False,183,22,8,58,0.251413193039279,0.15578724574516006,0.09027755913866979,0.04155764835691784,0.08251998307076766,0.029970029970029972,0.04871991078175195
2017-09-15,coarse_all,Coarse | With PSU,Sector_Coarse,False,183,22,8,58,0.14356717799287122,0.2637272166129215,0.03619060453451817,0.04243418847655932,0.09051851248901552,0.5134865134865135,-0.00624358394204115
2017-09-22,coarse_all,Coarse | With PSU,Sector_Coarse,False,183,22,8,58,0.3019657277728466,0.15090146848213218,0.01997026071199508,0.04237462253607501,0.0893083972559036,0.8391608391608392,-0.02240436182407993
2017-09-29,coarse_all,Coarse | With PSU,Sector_Coarse,False,179,22,8,58,0.09219427099420097,1.0583912525100119,0.006854605238884277,0.048629153285642504,0.24641469582594433,0.8321678321678322,-0.04177454804675823
2017-10-06,coarse_all,Coarse | With PSU,Sector_Coarse,False,183,22,8,58,0.1753853963157016,0.18918615506148206,0.03670952078244577,0.04056016734476268,0.08854520654347427,0.45254745254745254,-0.0038506465623169076
2017-10-13,coarse_all,Coarse | With PSU,Sector_Coarse,False,183,22,8,58,0.1399093488720886,0.1383635055559461,0.04185275536214319,0.04254203847699207,0.08731354569808562,0.4275724275724276,-0.0006892831148488793
2017-10-20,coarse_all,Coarse | With PSU,Sector_Coarse,False,183,22,8,58,0.17452893782277767,0.13986218930282407,0.04042877765669961,0.041421975232710476,0.08807928498385133,0.42857142857142855,-0.0009931975760108652
2017-10-27,coarse_all,Coarse | With PSU,Sector_Coarse,False,183,22,8,58,0.11084422191122012,0.931464824351931,0.16344186987071624,0.041880695416828845,0.09585868390789183,0.005994005994005994,0.1215611744538874
2017-11-03,coarse_all,Coarse | With PSU,Sector_Coarse,False,183,22,8,58,0.1552671907113573,0.2666644225264598,0.030172487122445316,0.04222621321416315,0.08411756701635968,0.6673326673326674,-0.012053726091717835
2017-11-10,coarse_all,Coarse | With PSU,Sector_Coarse,False,183,22,8,58,0.21461083800309544,0.35269955711263645,0.04607247538519431,0.04195864955002607,0.09189113026037836,0.34665334665334663,0.004113825835168242
2017-11-17,coarse_all,Coarse | With PSU,Sector_Coarse,False,183,22,8,58,0.23638829395990935,0.20110528002723188,0.05212157261725397,0.041457120313600666,0.08306642557996424,0.2647352647352647,0.010664452303653302
2017-11-24,coarse_all,Coarse | With PSU,Sector_Coarse,False,183,22,8,58,0.23603478468018035,0.17139922601204383,0.028305296539806457,0.04076425189200353,0.10286852897741412,0.5604395604395604,-0.01245895535219707
2017-12-01,coarse_all,Coarse | With PSU,Sector_Coarse,False,183,22,8,58,0.20825470893380438,0.16245116766586865,0.0400759377735746,0.041384886578397756,0.08625156963155861,0.44155844155844154,-0.0013089488048231568
2017-12-08,coarse_all,Coarse | With PSU,Sector_Coarse,False,183,22,8,58,0.10866180025780503,0.15886502624664703,0.02703744739383461,0.043002860653899376,0.09408633022903651,0.6873126873126874,-0.015965413260064766
2017-12-15,coarse_all,Coarse | With PSU,Sector_Coarse,False,183,22,8,58,0.09445543337304985,0.12475280580610473,0.05457278264827694,0.04186589515972834,0.0849744489921045,0.23176823176823177,0.012706887488548597
2017-12-22,coarse_all,Coarse | With PSU,Sector_Coarse,False,183,22,8,58,0.2271991432556031,0.23122564565258769,0.09887089315570592,0.0409894500534925,0.09884169184386835,0.04995004995004995,0.05788144310221342
2017-12-29,coarse_all,Coarse | With PSU,Sector_Coarse,False,182,22,8,58,0.24863176310464197,0.5988515745043144,0.23900148268343782,0.040727897514142235,0.19585532947638784,0.01898101898101898,0.19827358516929558
2018-01-05,coarse_all,Coarse | With PSU,Sector_Coarse,False,183,22,8,59,0.35188678842548293,0.14435464729891523,0.11113389496650554,0.041342581627011925,0.07938365570136077,0.005994005994005994,0.06979131333949362
2018-01-12,coarse_all,Coarse | With PSU,Sector_Coarse,False,183,22,8,59,0.2341815766949703,0.1802602800649143,0.06468030643993891,0.043028965283744586,0.0907178863194895,0.17282717282717283,0.021651341156194326
2018-01-19,coarse_all,Coarse | With PSU,Sector_Coarse,False,183,22,8,59,0.2872524831736545,0.2327088954584859,0.013315035460514175,0.042094917796036156,0.08078851395815308,0.9560439560439561,-0.02877988233552198
2018-01-26,coarse_all,Coarse | With PSU,Sector_Coarse,False,183,22,8,59,0.31982979175584325,0.142140162117816,0.02861807309161253,0.04316833965452333,0.0884826621238114,0.6863136863136863,-0.0145502665629108
2018-02-02,coarse_all,Coarse | With PSU,Sector_Coarse,False,183,22,8,59,0.06926445216634947,0.8662211680891929,0.022487392495483736,0.04304212156666732,0.13867529490192462,0.5864135864135864,-0.020554729071183584
2018-02-09,coarse_all,Coarse | With PSU,Sector_Coarse,False,183,22,8,59,0.2155656444383237,0.30194205148348685,0.017073360261018886,0.04205589457451726,0.09183307583338028,0.8821178821178821,-0.02498253431349837
2018-02-16,coarse_all,Coarse | With PSU,Sector_Coarse,False,183,22,8,59,0.08516811987147666,0.2207703765126152,0.04652073898890317,0.04380109464087227,0.10893522971321452,0.32667332667332666,0.002719644348030896
2018-02-23,coarse_all,Coarse | With PSU,Sector_Coarse,False,183,22,8,59,0.09936021346670632,0.2350834476155071,0.030788542288901894,0.04132787547898057,0.1070378071477397,0.5204795204795205,-0.010539333190078676
2018-03-02,coarse_all,Coarse | With PSU,Sector_Coarse,False,183,22,8,59,0.24056928721100712,0.1551787404291129,0.05515617107557373,0.042571360001294536,0.0949289181083354,0.22377622377622378,0.012584811074279195
2018-03-09,coarse_all,Coarse | With PSU,Sector_Coarse,False,183,22,8,59,0.2556951170764461,0.34611877196013263,0.1471832109171626,0.04275651451033687,0.10359607102725919,0.011988011988011988,0.10442669640682573
2018-03-16,coarse_all,Coarse | With PSU,Sector_Coarse,False,183,22,8,59,0.13285130809249235,0.25880814565914134,0.05097029775545627,0.04226923241036641,0.09082165655100824,0.26373626373626374,0.00870106534508986
2018-03-23,coarse_all,Coarse | With PSU,Sector_Coarse,False,183,22,8,59,0.1284234976827452,0.22472351974893753,0.051883937753009805,0.041778469427191336,0.08304660634752378,0.2827172827172827,0.010105468325818469
2018-03-30,coarse_all,Coarse | With PSU,Sector_Coarse,False,183,22,8,59,0.215108513296965,0.17817085655385487,0.04044634288331353,0.04175263955425912,0.08259798698053067,0.4385614385614386,-0.0013062966709455892
2018-04-06,coarse_all,Coarse | With PSU,Sector_Coarse,False,183,22,8,59,0.18447996548664647,0.3034060003721762,0.059272027848377366,0.0415140633105932,0.08625121682442735,0.16483516483516483,0.017757964537784166
2018-04-13,coarse_all,Coarse | With PSU,Sector_Coarse,False,183,22,8,59,0.17684366526196382,0.22189084351935368,0.043242370276463604,0.04113551112763967,0.11496397304879578,0.3046953046953047,0.002106859148823935
2018-04-20,coarse_all,Coarse | With PSU,Sector_Coarse,False,183,22,8,59,0.251463989002788,0.18963737360972505,0.0933664056301092,0.04143082744212499,0.08075186403239144,0.022977022977022976,0.05193557818798421
2018-04-27,coarse_all,Coarse | With PSU,Sector_Coarse,False,183,22,8,59,0.12753862914465897,0.5602624158286293,0.04481695506063398,0.04237833353494527,0.14887711959854952,0.25074925074925075,0.0024386215256887098
2018-05-04,coarse_all,Coarse | With PSU,Sector_Coarse,False,183,22,8,59,0.1832015759411726,0.17648555131806964,0.018966203736203,0.04166336931906052,0.09025101447516296,0.8611388611388612,-0.02269716558285752
2018-05-11,coarse_all,Coarse | With PSU,Sector_Coarse,False,183,22,8,59,0.16666862567894447,0.3044435047886659,0.014116790012286174,0.04094794822669925,0.0903894357590506,0.9040959040959041,-0.02683115821441307
2018-05-18,coarse_all,Coarse | With PSU,Sector_Coarse,False,183,22,8,59,0.08209983290428591,0.5301977784724735,0.09328286792380765,0.04284531354723207,0.09540904994761928,0.059940059940059943,0.05043755437657558
2018-05-25,coarse_all,Coarse | With PSU,Sector_Coarse,False,183,22,8,59,0.18058879729118282,0.30476927420942435,0.06177478780574885,0.04250187599011439,0.09626044575841634,0.16983016983016982,0.01927291181563446
2018-06-01,coarse_all,Coarse | With PSU,Sector_Coarse,False,183,22,8,59,0.12733418968130938,0.3321743268596057,0.029393724514375594,0.042927324041311145,0.0890025854168535,0.6623376623376623,-0.013533599526935551
2018-06-08,coarse_all,Coarse | With PSU,Sector_Coarse,False,183,22,8,59,0.17608000291425396,0.18771512670725882,0.013868794825588232,0.04277566307638708,0.08976662315225052,0.9470529470529471,-0.02890686825079885
2018-06-15,coarse_all,Coarse | With PSU,Sector_Coarse,False,183,22,8,59,0.4159709887638816,0.16389044055993773,0.05217642128479418,0.043655471806259595,0.08617337378829598,0.3016983016983017,0.008520949478534587
2018-06-22,coarse_all,Coarse | With PSU,Sector_Coarse,False,183,22,8,59,0.14519468028084848,0.18801064700857265,0.02938976742555533,0.04229421394452835,0.10670830317825376,0.5604395604395604,-0.012904446518973017
2018-06-29,coarse_all,Coarse | With PSU,Sector_Coarse,False,173,22,8,58,0.2627656112492318,0.5826154720903438,0.15824566854684682,0.046277282801930636,0.14655865800358367,0.04095904095904096,0.11196838574491619
2018-07-06,coarse_all,Coarse | With PSU,Sector_Coarse,False,183,22,8,60,0.2133259607419129,0.22591422519808024,0.047135436239829964,0.04246903968365688,0.10458179064243751,0.2967032967032967,0.004666396556173083
2018-07-13,coarse_all,Coarse | With PSU,Sector_Coarse,False,183,22,8,60,0.16164436080508393,0.23028068499192655,0.19924639523899162,0.04169975688196878,0.08566247436803315,0.000999000999000999,0.15754663835702284
2018-07-20,coarse_all,Coarse | With PSU,Sector_Coarse,False,183,22,8,60,0.14187459342568776,0.4923766392741742,0.05872770934905001,0.042209861622838026,0.11019892430855019,0.18681318681318682,0.01651784772621198
2018-07-27,coarse_all,Coarse | With PSU,Sector_Coarse,False,183,22,8,60,0.2525303580494519,0.36543965031403924,0.06267831432154561,0.0425650737500834,0.08364346422570804,0.15984015984015984,0.02011324057146221
2018-08-03,coarse_all,Coarse | With PSU,Sector_Coarse,False,183,22,8,60,0.12110251512240033,0.2902228564103867,0.10801004144700238,0.040286722619720154,0.08129522401447647,0.016983016983016984,0.06772331882728222
2018-08-10,coarse_all,Coarse | With PSU,Sector_Coarse,False,183,22,8,60,0.13670078649778572,0.23812114841050536,0.05361979717924817,0.04277423765231344,0.0867003763606531,0.2707292707292707,0.01084555952693473
2018-08-17,coarse_all,Coarse | With PSU,Sector_Coarse,False,183,22,8,60,0.23453552561482904,0.2948535912415822,0.009912021420690253,0.04304556325401795,0.12454693435694422,0.9440559440559441,-0.033133541833327694
2018-08-24,coarse_all,Coarse | With PSU,Sector_Coarse,False,183,22,8,60,0.1514473608343656,0.1969693749567109,0.029744905913819116,0.04141306565893474,0.07933262432497559,0.6773226773226774,-0.011668159745115623
2018-08-31,coarse_all,Coarse | With PSU,Sector_Coarse,False,183,22,8,60,0.25939117678128054,0.23301021834880015,0.07269217608910311,0.04085041700321719,0.08566812047132932,0.1018981018981019,0.03184175908588592
2018-09-07,coarse_all,Coarse | With PSU,Sector_Coarse,False,183,22,8,60,0.2506094269752749,0.2656850075756757,0.026354496728520957,0.04207191096140147,0.09523376796155217,0.6813186813186813,-0.015717414232880512
2018-09-14,coarse_all,Coarse | With PSU,Sector_Coarse,False,183,22,8,60,0.11156065218627642,0.12384689656984299,0.013030869026288073,0.04264558398073948,0.08322806683004672,0.958041958041958,-0.029614714954451404
2018-09-21,coarse_all,Coarse | With PSU,Sector_Coarse,False,183,22,8,60,0.3515250988199906,0.3933474938127579,0.04067050567795903,0.04308715354289281,0.09532849838752203,0.43956043956043955,-0.0024166478649337783
2018-09-28,coarse_all,Coarse | With PSU,Sector_Coarse,False,176,22,8,60,0.31163409511395224,0.45916175200821224,0.033386286700517916,0.044176809423406536,0.09372298073729093,0.6083916083916084,-0.01079052272288862
2018-10-05,coarse_all,Coarse | With PSU,Sector_Coarse,False,184,22,8,62,0.30225733543074884,0.5134619990737779,0.022434601214887006,0.04176715715166657,0.09283012598127405,0.7562437562437563,-0.01933255593677956
2018-10-12,coarse_all,Coarse | With PSU,Sector_Coarse,False,184,22,8,62,0.2511985561281401,0.6525926167961609,0.0954833550990223,0.04184010655830168,0.09736504164664786,0.055944055944055944,0.05364324854072062
2018-10-19,coarse_all,Coarse | With PSU,Sector_Coarse,False,184,22,8,62,0.16772538055142416,0.456993304110707,0.023927679326587285,0.04222015410945161,0.10302951814996136,0.7002997002997003,-0.018292474782864325
2018-10-26,coarse_all,Coarse | With PSU,Sector_Coarse,False,184,22,8,62,0.16176475068529894,0.349757510012141,0.044718125985331814,0.04161824716618263,0.09312377653839178,0.3596403596403596,0.0030998788191491863
2018-11-02,coarse_all,Coarse | With PSU,Sector_Coarse,False,184,22,8,62,0.14287152912984813,0.8193816907729911,0.06211120682747361,0.04203225317189059,0.1167173140749196,0.17682317682317683,0.020078953655583022
2018-11-09,coarse_all,Coarse | With PSU,Sector_Coarse,False,184,22,8,62,0.13518596233630964,0.19981456809261705,0.012388883252184757,0.043094033533842405,0.10076815897335707,0.9310689310689311,-0.03070515028165765
2018-11-16,coarse_all,Coarse | With PSU,Sector_Coarse,False,184,22,8,62,0.17094882569799752,0.4248746324574286,0.030045569060687796,0.04154931656167146,0.08769037851919882,0.6243756243756243,-0.011503747500983666
2018-11-23,coarse_all,Coarse | With PSU,Sector_Coarse,False,184,22,8,62,0.274202195532546,0.10789470834144407,0.03997869558752181,0.03991597625036167,0.07950788808703382,0.42857142857142855,6.271933716014283e-05
2018-11-30,coarse_all,Coarse | With PSU,Sector_Coarse,False,184,22,8,62,0.18255506790512177,0.4711519948486317,0.13903893645691773,0.041736150879336645,0.08863389076425808,0.004995004995004995,0.09730278557758108
2018-12-07,coarse_all,Coarse | With PSU,Sector_Coarse,False,184,22,8,62,0.19187479321780387,0.323303639042581,0.04756914606658258,0.043591911788249414,0.10054478483176277,0.32667332667332666,0.003977234278333165
2018-12-14,coarse_all,Coarse | With PSU,Sector_Coarse,False,184,22,8,62,0.15966170628181842,0.27479961184868307,0.026508705929317738,0.04123093690539454,0.09995855132211863,0.6193806193806194,-0.014722230976076802
2018-12-21,coarse_all,Coarse | With PSU,Sector_Coarse,False,184,22,8,62,0.13135493028385092,0.22667090651146266,0.08196488615094755,0.041639417818877346,0.0882167036671454,0.06293706293706294,0.0403254683320702
2018-12-28,coarse_all,Coarse | With PSU,Sector_Coarse,False,184,22,8,62,0.14075501599580498,0.15038875619394815,0.03842634056008802,0.041564418985785154,0.08719643872343205,0.4805194805194805,-0.003138078425697133
2019-01-04,coarse_all,Coarse | With PSU,Sector_Coarse,False,184,22,8,62,0.23340885375106257,0.1681009116775232,0.04965289895856368,0.04232922068433706,0.0891973270631269,0.3246753246753247,0.007323678274226621
2019-01-11,coarse_all,Coarse | With PSU,Sector_Coarse,False,184,22,8,62,0.1767672583337142,0.13924464426969246,0.010998633407744611,0.04268472594511864,0.09872009959513184,0.9630369630369631,-0.03168609253737403
2019-01-18,coarse_all,Coarse | With PSU,Sector_Coarse,False,184,22,8,62,0.35680689563515766,0.19279768104308254,0.03478084343293937,0.040378807134543095,0.09762946820727328,0.4305694305694306,-0.005597963701603724
2019-01-25,coarse_all,Coarse | With PSU,Sector_Coarse,False,184,22,8,62,0.46471287135948003,0.32705954799167936,0.04044154701852113,0.04168068655379005,0.09346165461947413,0.4015984015984016,-0.0012391395352689197
2019-02-01,coarse_all,Coarse | With PSU,Sector_Coarse,False,184,22,8,62,0.24440220661004408,0.3628208930670449,0.08025637610202954,0.042271036364559575,0.09037541856203138,0.07192807192807193,0.03798533973746997
2019-02-08,coarse_all,Coarse | With PSU,Sector_Coarse,False,184,22,8,62,0.7479004501464623,0.5123562533686502,0.1639617959696078,0.040942364040255814,0.09849553284897224,0.008991008991008992,0.123019431929352
2019-02-15,coarse_all,Coarse | With PSU,Sector_Coarse,False,184,22,8,62,0.19010343788981543,0.4235610550375327,0.06594500173590569,0.04256306773640797,0.1009283382499307,0.16883116883116883,0.023381933999497714
2019-02-22,coarse_all,Coarse | With PSU,Sector_Coarse,False,184,22,8,62,0.36089998794895417,0.17731098508843568,0.04820106555933286,0.04189693513294802,0.08090234754592589,0.3306693306693307,0.006304130426384842
2019-03-01,coarse_all,Coarse | With PSU,Sector_Coarse,False,184,22,8,62,0.15765242389342327,0.21091211254596054,0.053439659909868896,0.0425754927923394,0.08865302657839153,0.26573426573426573,0.010864167117529494
2019-03-08,coarse_all,Coarse | With PSU,Sector_Coarse,False,184,22,8,62,0.23646350568098262,0.27822521390322985,0.014911171044060692,0.04309958301602652,0.1012454887016991,0.9000999000999002,-0.028188411971965824
2019-03-15,coarse_all,Coarse | With PSU,Sector_Coarse,False,184,22,8,62,0.24744533033223182,0.22456240211622946,0.027876855911325216,0.041437414420443616,0.08836202158642648,0.6503496503496503,-0.0135605585091184
2019-03-22,coarse_all,Coarse | With PSU,Sector_Coarse,False,184,22,8,62,0.22027293449205554,0.1868852266947718,0.026411800103205464,0.041579055043150404,0.09885747660331545,0.6623376623376623,-0.01516725493994494
2019-03-29,coarse_all,Coarse | With PSU,Sector_Coarse,False,182,22,8,61,0.07761786423192552,1.0270769211509134,0.020032589023895722,0.043434990976287904,0.15836148252791868,0.4925074925074925,-0.023402401952392182
2019-04-05,coarse_all,Coarse | With PSU,Sector_Coarse,False,187,22,8,62,0.26881022321959935,0.2374352149757188,0.03906431617123156,0.042842762832290986,0.08635208734713008,0.48151848151848153,-0.0037784466610594272
2019-04-12,coarse_all,Coarse | With PSU,Sector_Coarse,False,187,22,8,62,0.17902405475552308,0.15213814671834824,0.018926299824666048,0.0401159337048708,0.08267513916243524,0.8491508491508492,-0.021189633880204752
2019-04-19,coarse_all,Coarse | With PSU,Sector_Coarse,False,187,22,8,62,0.3251036719646928,0.12294422904014608,0.1290772540066445,0.04249898802432699,0.10438065126993012,0.025974025974025976,0.08657826598231749
2019-04-26,coarse_all,Coarse | With PSU,Sector_Coarse,False,187,22,8,62,0.2788705034782656,0.19172662130924045,0.03928294118700548,0.04128846380914287,0.07910212961048518,0.4875124875124875,-0.002005522622137386
2019-05-03,coarse_all,Coarse | With PSU,Sector_Coarse,False,187,22,8,62,0.13282236320516527,0.25801291693972467,0.03741219185132768,0.040742992169473455,0.10499810253996623,0.3756243756243756,-0.0033308003181457754
2019-05-10,coarse_all,Coarse | With PSU,Sector_Coarse,False,187,22,8,62,0.21294908327488604,0.1882414763444552,0.06518665534232408,0.04139549578480325,0.09524806358875168,0.14685314685314685,0.023791159557520834
2019-05-17,coarse_all,Coarse | With PSU,Sector_Coarse,False,187,22,8,62,0.21208643142911843,0.36269917609207347,0.12137558597613539,0.04066090177886168,0.08773118801997283,0.012987012987012988,0.0807146841972737
2019-05-24,coarse_all,Coarse | With PSU,Sector_Coarse,False,187,22,8,62,0.43536637466467465,0.31176991523737385,0.06552048178218997,0.04178628219995569,0.08246588192501063,0.12887112887112886,0.02373419958223428
2019-05-31,coarse_all,Coarse | With PSU,Sector_Coarse,False,187,22,8,62,0.25686217744587747,0.2138142355614493,0.037247479305382226,0.04165809499067019,0.08733650155488233,0.48451548451548454,-0.004410615685287965
2019-06-07,coarse_all,Coarse | With PSU,Sector_Coarse,False,187,22,8,62,0.4333665499946654,0.23554979011452615,0.07111858572401472,0.04114868027941307,0.08759907332919491,0.1068931068931069,0.029969905444601652
2019-06-14,coarse_all,Coarse | With PSU,Sector_Coarse,False,187,22,8,62,0.2876428366814553,0.2228715510799909,0.1077629988427685,0.042100955969121875,0.10824868165302898,0.052947052947052944,0.06566204287364663
2019-06-21,coarse_all,Coarse | With PSU,Sector_Coarse,False,187,22,8,62,0.09381625110240877,0.21028680668316857,0.05936038420970124,0.04108343876643339,0.08574338900326639,0.1928071928071928,0.01827694544326785
2019-06-28,coarse_all,Coarse | With PSU,Sector_Coarse,False,187,22,8,62,0.30493482541492856,0.22921280424438134,0.03069289858436442,0.04087068499019199,0.08811290607198816,0.6193806193806194,-0.010177786405827567
2019-07-05,coarse_all,Coarse | With PSU,Sector_Coarse,False,187,22,8,62,0.2645019108356066,0.2730474030356611,0.11079672932720341,0.04201222030964613,0.10995979931741644,0.04895104895104895,0.06878450901755728
2019-07-12,coarse_all,Coarse | With PSU,Sector_Coarse,False,187,22,8,62,0.17635730050931608,0.2167670732539391,0.07812996041860572,0.04100793487191369,0.08322975894107484,0.059940059940059943,0.03712202554669203
2019-07-19,coarse_all,Coarse | With PSU,Sector_Coarse,False,187,22,8,62,0.2455769080651774,0.3242653724647664,0.0242990576862278,0.04173958009613874,0.10418436523957443,0.6773226773226774,-0.017440522409910942
2019-07-26,coarse_all,Coarse | With PSU,Sector_Coarse,False,187,22,8,62,0.21815261825368315,0.3444166528420238,0.0504983243605226,0.04097187123380834,0.08728328024208594,0.2647352647352647,0.009526453126714261
2019-08-02,coarse_all,Coarse | With PSU,Sector_Coarse,False,187,22,8,62,0.30321741880414166,0.3764047025880093,0.09633260824177871,0.04313533068294881,0.09719005554250844,0.053946053946053944,0.0531972775588299
2019-08-09,coarse_all,Coarse | With PSU,Sector_Coarse,False,187,22,8,62,0.1941647129898767,0.3978825945843396,0.04226956161244469,0.0401359669989275,0.07899388540571758,0.3856143856143856,0.002133594613517191
2019-08-16,coarse_all,Coarse | With PSU,Sector_Coarse,False,187,22,8,62,0.18927113254104555,0.21404151879895972,0.05465651910986847,0.041102972521543074,0.08836626335993472,0.2127872127872128,0.013553546588325395
2019-08-23,coarse_all,Coarse | With PSU,Sector_Coarse,False,187,22,8,62,0.33031040860791616,0.47874755271892694,0.07858506076018654,0.04107615415723559,0.0936992194319166,0.08791208791208792,0.03750890660295095
2019-08-30,coarse_all,Coarse | With PSU,Sector_Coarse,False,187,22,8,62,0.1457835499493112,0.29318309917104507,0.03023719125435108,0.04217156484353519,0.09349456195652342,0.6323676323676324,-0.01193437358918411
2019-09-06,coarse_all,Coarse | With PSU,Sector_Coarse,False,187,22,8,62,0.20459831543302054,0.22649492214281192,0.023756129214408173,0.0419853338661578,0.08855431840056488,0.7442557442557443,-0.018229204651749625
2019-09-13,coarse_all,Coarse | With PSU,Sector_Coarse,False,187,22,8,62,0.23861491362406695,0.2081518142127176,0.03210722875095319,0.041454370451172624,0.0808132243174607,0.6133866133866134,-0.009347141700219434
2019-09-20,coarse_all,Coarse | With PSU,Sector_Coarse,False,187,22,8,62,0.3510194925188205,0.39115792833760027,0.03861274784690104,0.04122120545326986,0.09262065339673115,0.42157842157842157,-0.0026084576063688247
2019-09-27,coarse_all,Coarse | With PSU,Sector_Coarse,False,187,22,8,62,0.19339517642739745,0.5024277501748906,0.0886736873920338,0.041171168695288404,0.08103939247804495,0.028971028971028972,0.04750251869674539
2019-10-04,coarse_all,Coarse | With PSU,Sector_Coarse,False,187,22,8,62,0.302237820920215,0.4648866720556927,0.06755775189973544,0.03868398176391372,0.0928102279574193,0.11388611388611389,0.028873770135821715
2019-10-11,coarse_all,Coarse | With PSU,Sector_Coarse,False,187,22,8,62,0.22287974404172273,0.40926553241870656,0.08394984339921308,0.042235718305131384,0.09789848100795462,0.08091908091908091,0.04171412509408169
2019-10-18,coarse_all,Coarse | With PSU,Sector_Coarse,False,187,22,8,62,0.11998666009656611,0.5959642682600451,0.12201792578149133,0.041216454941165576,0.10455664261379512,0.03196803196803197,0.08080147084032575
2019-10-25,coarse_all,Coarse | With PSU,Sector_Coarse,False,187,22,8,62,0.5588708011882462,0.4597454136449274,0.08057100549478342,0.04141732774525712,0.09734884353010384,0.08791208791208792,0.03915367774952631
2019-11-01,coarse_all,Coarse | With PSU,Sector_Coarse,False,187,22,8,62,0.3419191532952486,0.4179765895443068,0.04990951784985647,0.04198925277543772,0.08487047810659643,0.30569430569430567,0.007920265074418752
2019-11-08,coarse_all,Coarse | With PSU,Sector_Coarse,False,187,22,8,62,0.33070773838202994,0.5301181813129685,0.12827684054512456,0.04089651753262706,0.08472187406120141,0.006993006993006993,0.0873803230124975
2019-11-15,coarse_all,Coarse | With PSU,Sector_Coarse,False,187,22,8,62,0.25141445948384733,0.3100907096362644,0.07920095500335139,0.04192974851801204,0.0942997829998032,0.0959040959040959,0.03727120648533935
2019-11-22,coarse_all,Coarse | With PSU,Sector_Coarse,False,187,22,8,62,0.34040253084430827,0.5694507330722922,0.18804946895726646,0.04177880492790473,0.11063954983459504,0.011988011988011988,0.14627066402936173
2019-11-29,coarse_all,Coarse | With PSU,Sector_Coarse,False,185,20,7,59,0.0648104166429706,1.896948846487297,0.011291330538883674,0.03783408649957085,0.12873357261763185,0.6723276723276723,-0.026542755960687177
2019-12-06,coarse_all,Coarse | With PSU,Sector_Coarse,False,189,20,8,60,0.19493750538593213,0.26250413230044506,0.03988454179154313,0.041105629824868276,0.08484908135404817,0.43156843156843155,-0.0012210880333251434
2019-12-13,coarse_all,Coarse | With PSU,Sector_Coarse,False,189,20,8,60,0.15898103118279605,0.19791811569513929,0.017321123220401996,0.041727687155361536,0.09862794033112685,0.8291708291708292,-0.02440656393495954
2019-12-20,coarse_all,Coarse | With PSU,Sector_Coarse,False,189,20,8,60,0.12610685338354244,0.15775288869200582,0.033639663807726976,0.041567717198540154,0.08499316761022448,0.5804195804195804,-0.007928053390813178
2019-12-27,coarse_all,Coarse | With PSU,Sector_Coarse,False,189,20,8,59,0.17766013870957065,0.09447603624239112,0.08813153719041115,0.04030078365050756,0.08233914699665293,0.04295704295704296,0.0478307535399036
2020-01-03,coarse_all,Coarse | With PSU,Sector_Coarse,False,191,20,8,59,0.2053494361388939,0.15552030945141282,0.043307898158702625,0.03997688372978634,0.0838146621550308,0.35564435564435565,0.0033310144289162846
2020-01-10,coarse_all,Coarse | With PSU,Sector_Coarse,False,191,20,8,59,0.19123859854627234,0.15968207834275164,0.014168335300687646,0.04059352166739439,0.08293934844606622,0.942057942057942,-0.026425186366706745
2020-01-17,coarse_all,Coarse | With PSU,Sector_Coarse,False,191,20,8,59,0.16128311958177732,0.3318155463660362,0.050142254110721346,0.039881968230379886,0.08968000548205042,0.24475524475524477,0.01026028588034146
2020-01-24,coarse_all,Coarse | With PSU,Sector_Coarse,False,191,20,8,59,0.1693938026569446,0.33169519090807076,0.033335370762110364,0.03911048828415696,0.09194162433064956,0.4775224775224775,-0.005775117522046597
2020-01-31,coarse_all,Coarse | With PSU,Sector_Coarse,False,190,20,7,58,0.25359551014019077,0.31195979982462285,0.10479125512026631,0.034234022967739565,0.06845941744505213,0.001998001998001998,0.07055723215252674
2020-02-07,coarse_all,Coarse | With PSU,Sector_Coarse,False,191,20,8,59,0.10817693515960602,0.4428148568215162,0.04080616489833772,0.04048034407675493,0.08479898926859786,0.4115884115884116,0.00032582082158279235
2020-02-14,coarse_all,Coarse | With PSU,Sector_Coarse,False,191,20,8,59,0.21848107160309993,0.4363180726975303,0.08809087666267551,0.03964373533366674,0.09163441929214186,0.060939060939060936,0.04844714132900877
2020-02-21,coarse_all,Coarse | With PSU,Sector_Coarse,False,191,20,8,59,0.08949722836152996,0.3430328922761354,0.08114227039008116,0.04169320294878423,0.1010020489270624,0.0979020979020979,0.039449067441296934
2020-02-28,coarse_all,Coarse | With PSU,Sector_Coarse,False,190,20,8,59,0.1793771358078643,0.634790515888122,0.04215555287217945,0.0419049709133474,0.10046734187234217,0.2937062937062937,0.00025058195883205514
2020-03-06,coarse_all,Coarse | With PSU,Sector_Coarse,False,191,20,8,60,0.1994220285285112,0.9005975045611828,0.02034238019061977,0.037936924606542494,0.12507324061348346,0.5004995004995005,-0.017594544415922724
2020-03-13,coarse_all,Coarse | With PSU,Sector_Coarse,False,191,20,8,60,0.12731446344049124,1.8840919497193174,0.03525195187295676,0.04048357779293508,0.1105299799730289,0.4145854145854146,-0.005231625919978319
2020-03-20,coarse_all,Coarse | With PSU,Sector_Coarse,False,191,20,8,60,0.17653164368582686,2.9672125484543757,0.06925932090156958,0.04088571657599105,0.09609990897450607,0.10789210789210789,0.028373604325578533
2020-03-27,coarse_all,Coarse | With PSU,Sector_Coarse,False,186,20,8,59,0.12322230572384552,2.907849287198974,0.028645786905342734,0.04122521768546177,0.12158107088216276,0.44155844155844154,-0.012579430780119038
2020-04-03,coarse_all,Coarse | With PSU,Sector_Coarse,False,190,20,8,62,0.2809862456912946,1.2847061572001581,0.07235419740276051,0.04008299587269098,0.08700907301509034,0.08891108891108891,0.032271201530069536
2020-04-10,coarse_all,Coarse | With PSU,Sector_Coarse,False,190,20,8,62,0.2202429877611478,0.7831482429550065,0.029547391890367546,0.04045493258357201,0.0915398219465748,0.6033966033966034,-0.010907540693204463
2020-04-17,coarse_all,Coarse | With PSU,Sector_Coarse,False,190,20,8,62,0.08845984835328802,0.9121270671654262,0.04799507373301708,0.04079697516037075,0.08401061478354298,0.2957042957042957,0.007198098572646326
2020-04-24,coarse_all,Coarse | With PSU,Sector_Coarse,False,190,20,8,62,0.2931472102855338,0.8120961262050463,0.14644599277901058,0.04021031663416713,0.08534140202777046,0.000999000999000999,0.10623567614484344
2020-05-01,coarse_all,Coarse | With PSU,Sector_Coarse,False,190,20,8,62,0.369707371644555,0.5670888130625297,0.04081696102354099,0.0393979632599958,0.07844888710972957,0.4085914085914086,0.0014189977635451906
2020-05-08,coarse_all,Coarse | With PSU,Sector_Coarse,False,190,20,8,62,0.2734986387937437,0.4437567149101871,0.175281292218565,0.04184895943001517,0.0853656061324138,0.000999000999000999,0.13343233278854982
2020-05-15,coarse_all,Coarse | With PSU,Sector_Coarse,False,190,20,8,62,0.20363172017513498,0.4373074481500822,0.04071061325594582,0.04048616902040673,0.0832452656991798,0.4095904095904096,0.00022444423553909243
2020-05-22,coarse_all,Coarse | With PSU,Sector_Coarse,False,190,20,8,62,0.4490064067666222,0.43448531208715824,0.056930213998878036,0.03972292383624089,0.08206803145554953,0.18981018981018982,0.017207290162637147
2020-05-29,coarse_all,Coarse | With PSU,Sector_Coarse,False,190,20,8,60,0.24322725483734542,0.7609401363573625,0.025371346698225286,0.0394991040532669,0.09468630360095852,0.6193806193806194,-0.014127757355041612
2020-06-05,coarse_all,Coarse | With PSU,Sector_Coarse,False,190,20,8,60,0.19877047721349494,0.8774641167540207,0.10337602065944772,0.0411589367573296,0.08463012141742152,0.01998001998001998,0.062217083902118116
2020-06-12,coarse_all,Coarse | With PSU,Sector_Coarse,False,190,20,8,60,0.19222630462581058,0.5179590860071104,0.030371023697337626,0.03920652429144983,0.08506194994876437,0.5624375624375625,-0.008835500594112203
2020-06-19,coarse_all,Coarse | With PSU,Sector_Coarse,False,190,20,8,60,0.14781145308903876,0.4833487025844355,0.03230408932001348,0.04119305910035925,0.10241128942552277,0.5044955044955045,-0.00888896978034577
2020-06-26,coarse_all,Coarse | With PSU,Sector_Coarse,False,190,20,8,60,0.05239171959479316,0.5626405261262345,0.030946394133942314,0.03996103054242286,0.08690883371628078,0.5814185814185814,-0.009014636408480544
2020-07-03,coarse_all,Coarse | With PSU,Sector_Coarse,False,190,20,8,60,0.12422704064806889,0.299519104226352,0.04189225523875825,0.04133016638809538,0.10426276595714902,0.35264735264735264,0.0005620888506628757
2020-07-10,coarse_all,Coarse | With PSU,Sector_Coarse,False,190,20,8,60,0.1529877849065583,0.48863445285461443,0.05597101583379095,0.042403815329695616,0.11299860763643972,0.21478521478521478,0.013567200504095336
2020-07-17,coarse_all,Coarse | With PSU,Sector_Coarse,False,190,20,8,60,0.2295112946076715,0.3581953418580618,0.025342263843653335,0.041322490640009577,0.09060330691906647,0.7072927072927073,-0.01598022679635624
2020-07-24,coarse_all,Coarse | With PSU,Sector_Coarse,False,190,20,8,60,0.15935395314392242,0.34751465574250173,0.07154716169422605,0.04283652028708816,0.09836124797696529,0.11788211788211789,0.028710641407137888
2020-07-31,coarse_all,Coarse | With PSU,Sector_Coarse,False,184,19,8,57,0.34246466996324554,0.7649258596690762,0.0619519953570805,0.04045214635757813,0.11523768244690785,0.16783216783216784,0.02149984899950237
2020-08-07,coarse_all,Coarse | With PSU,Sector_Coarse,False,189,19,8,59,0.21713975252772932,0.2683138077528602,0.06679019467857218,0.04147001848806746,0.08697221003837802,0.13186813186813187,0.025320176190504723
2020-08-14,coarse_all,Coarse | With PSU,Sector_Coarse,False,189,19,8,59,0.1546635714899376,0.46031157915695065,0.02392076958223756,0.03977169371487044,0.09382153404180403,0.6633366633366633,-0.015850924132632876
2020-08-21,coarse_all,Coarse | With PSU,Sector_Coarse,False,189,19,8,59,0.3507385014745633,0.22144745105794056,0.047078518408667634,0.040216362718146256,0.08254411608165736,0.3106893106893107,0.006862155690521378
2020-08-28,coarse_all,Coarse | With PSU,Sector_Coarse,False,189,19,8,59,0.3763913149065947,0.2837536541544555,0.04757288369182748,0.04119086208804047,0.08796147791048184,0.3016983016983017,0.006382021603787008
2020-09-04,coarse_all,Coarse | With PSU,Sector_Coarse,False,189,19,8,59,0.2657487764096622,0.28307146552735807,0.09368967548719268,0.04125025616576515,0.0903482836352898,0.04595404595404595,0.052439419321427524
2020-09-11,coarse_all,Coarse | With PSU,Sector_Coarse,False,189,19,8,59,0.14765789264205553,0.19764269944559165,0.09144532604554224,0.04060949420641548,0.08416820903449304,0.03896103896103896,0.050835831839126766
2020-09-18,coarse_all,Coarse | With PSU,Sector_Coarse,False,189,19,8,59,0.3697269355942506,0.3240468693175727,0.031518144028706355,0.040994020066644626,0.0815233191554316,0.6273726273726273,-0.009475876037938272
2020-09-25,coarse_all,Coarse | With PSU,Sector_Coarse,False,188,19,8,60,0.09746979164820802,3.615151107265504,0.30904839611947155,0.0405711672674442,0.1350641880050009,0.01098901098901099,0.26847722885202735
2020-10-02,coarse_all,Coarse | With PSU,Sector_Coarse,False,190,19,8,60,0.2457256584988432,0.17612848494262967,0.18554424135578565,0.04083823007668114,0.07753904921558388,0.000999000999000999,0.1447060112791045
2020-10-09,coarse_all,Coarse | With PSU,Sector_Coarse,False,190,19,8,60,0.27158874748894846,0.26795077184174954,0.04619956841781599,0.03983687258416974,0.07535664289090117,0.33166833166833165,0.006362695833646244
2020-10-16,coarse_all,Coarse | With PSU,Sector_Coarse,False,190,19,8,60,0.2923610117458697,0.17935836174486164,0.05210243300999055,0.040246110332006764,0.08155691516816502,0.22877122877122877,0.011856322677983783
2020-10-23,coarse_all,Coarse | With PSU,Sector_Coarse,False,190,19,8,60,0.21678365922410792,0.3014280094665992,0.06810488967003872,0.040281669974645135,0.08698472367326324,0.10589410589410589,0.027823219695393586
2020-10-30,coarse_all,Coarse | With PSU,Sector_Coarse,False,189,19,8,60,0.14083850183968716,0.2729611714465242,0.17113728635231384,0.041335099032594025,0.0884855758978554,0.001998001998001998,0.12980218731971982
2020-11-06,coarse_all,Coarse | With PSU,Sector_Coarse,False,190,19,8,60,0.27432333365722206,0.2715027703635066,0.01810117973318353,0.04058962096984665,0.08264651715768699,0.8841158841158842,-0.022488441236663118
2020-11-13,coarse_all,Coarse | With PSU,Sector_Coarse,False,190,19,8,60,0.22145939636182455,0.352775854298375,0.061046508271379904,0.040840654700592824,0.08208846689381631,0.16583416583416583,0.02020585357078708
2020-11-20,coarse_all,Coarse | With PSU,Sector_Coarse,False,190,19,8,60,0.18723077430652801,0.3341441632192407,0.23673034990651548,0.04029634260514411,0.09174278227289208,0.011988011988011988,0.19643400730137137
2020-11-27,coarse_all,Coarse | With PSU,Sector_Coarse,False,190,19,8,60,0.17305424417016546,0.34900529038265593,0.027078839062378127,0.04128900781398519,0.08272157316861631,0.7302697302697303,-0.01421016875160706
2020-12-04,coarse_all,Coarse | With PSU,Sector_Coarse,False,190,19,8,60,0.19807493443862978,0.34090189236503937,0.056546184488572945,0.04017858003753289,0.07846748807157312,0.18681318681318682,0.016367604451040053
2020-12-11,coarse_all,Coarse | With PSU,Sector_Coarse,False,190,19,8,60,0.2179012085197637,0.22588660958455542,0.06113877191620277,0.03987372707316625,0.08651826860048037,0.14085914085914086,0.02126504484303652
2020-12-18,coarse_all,Coarse | With PSU,Sector_Coarse,False,190,19,8,60,0.2665323468518952,0.17299561324047702,0.025175353515772523,0.040893166762441764,0.09202181955554119,0.7272727272727273,-0.01571781324666924
2020-12-25,coarse_all,Coarse | With PSU,Sector_Coarse,False,190,19,8,60,0.2781807667784766,0.14967074911901113,0.09369325382291217,0.0418818825517691,0.08954189576867636,0.04795204795204795,0.051811371271143075
2021-01-01,coarse_all,Coarse | With PSU,Sector_Coarse,False,190,19,8,60,0.17385743916973728,0.14727739140339863,0.06392948157774313,0.04080029864265336,0.08457513176851625,0.14585414585414586,0.023129182935089768
2021-01-08,coarse_all,Coarse | With PSU,Sector_Coarse,False,190,19,8,60,0.17858111906772467,0.32660107680416695,0.0782717273069295,0.04008415486440245,0.08588600949118053,0.07692307692307693,0.038187572442527046
2021-01-15,coarse_all,Coarse | With PSU,Sector_Coarse,False,190,19,8,60,0.1413953422443135,0.3917660265466224,0.0894606798103667,0.04136787654981374,0.08542814010570468,0.04095904095904096,0.048092803260552965
2021-01-22,coarse_all,Coarse | With PSU,Sector_Coarse,False,190,19,8,60,0.3183581171628962,0.34929720940382025,0.16254288193609637,0.04139452457816067,0.08963211888116404,0.003996003996003996,0.1211483573579357
2021-01-29,coarse_all,Coarse | With PSU,Sector_Coarse,False,188,19,8,59,0.13709783104580953,0.269003261449105,0.043428136996142855,0.04065004502446951,0.08370921360586862,0.36363636363636365,0.0027780919716733424
2021-02-05,coarse_all,Coarse | With PSU,Sector_Coarse,False,190,19,8,60,0.3391382430310441,0.47872455251483936,0.06111321789128844,0.04109384354108805,0.08114065900240879,0.15384615384615385,0.020019374350200396
2021-02-12,coarse_all,Coarse | With PSU,Sector_Coarse,False,190,19,8,60,0.1653954008210925,0.38806798885651334,0.09611634346678934,0.0406032371030177,0.09075718894796478,0.04095904095904096,0.05551310636377164
2021-02-19,coarse_all,Coarse | With PSU,Sector_Coarse,False,190,19,8,60,0.2316457746722791,0.6048985468792012,0.09772329027137827,0.03917168665522503,0.09164387735758275,0.04195804195804196,0.05855160361615324
2021-02-26,coarse_all,Coarse | With PSU,Sector_Coarse,False,190,19,8,60,0.25751859852022085,0.33153478349097953,0.11552912374160006,0.04100822264569302,0.08573973187025984,0.01898101898101898,0.07452090109590703
2021-03-05,coarse_all,Coarse | With PSU,Sector_Coarse,False,190,19,8,60,0.24030560733511874,0.2682501547565623,0.1544087281163982,0.04071915374365393,0.09345874873078845,0.006993006993006993,0.11368957437274427
2021-03-12,coarse_all,Coarse | With PSU,Sector_Coarse,False,190,19,8,60,0.15242690046930174,0.11409266287062059,0.035601688987129954,0.04160350803774973,0.08118464588005798,0.5454545454545454,-0.006001819050619778
2021-03-19,coarse_all,Coarse | With PSU,Sector_Coarse,False,190,19,8,60,0.16954009269579218,0.2585109854866649,0.027745017002672342,0.04124863766107334,0.08499256157789636,0.6673326673326674,-0.013503620658400998
2021-03-26,coarse_all,Coarse | With PSU,Sector_Coarse,False,190,19,8,60,0.2325333143503321,0.26817948093186916,0.16628270588915856,0.0412826698317824,0.10274686011315148,0.015984015984015984,0.12500003605737614
2021-04-02,coarse_all,Coarse | With PSU,Sector_Coarse,False,185,19,7,57,0.14045303003493337,2.164777036125406,0.05520868649093564,0.038973012710412605,0.16186095212862875,0.18581418581418582,0.016235673780523034
2021-04-09,coarse_all,Coarse | With PSU,Sector_Coarse,False,190,19,7,58,0.3686600244095316,0.2810196276863898,0.0336437626674213,0.03594961016914288,0.0747592189776108,0.46553446553446554,-0.0023058475017215807
2021-04-16,coarse_all,Coarse | With PSU,Sector_Coarse,False,190,19,7,58,0.27946444849830365,0.19308357373448537,0.03801269767991695,0.03593696445120227,0.07152733636137747,0.3936063936063936,0.0020757332287146754
2021-04-23,coarse_all,Coarse | With PSU,Sector_Coarse,False,190,19,7,58,0.24535898856885974,0.1791445538035861,0.05780152068875096,0.03615617826540836,0.0765468661308795,0.13686313686313686,0.021645342423342602
2021-04-30,coarse_all,Coarse | With PSU,Sector_Coarse,False,190,19,7,58,0.21664082229608517,0.30600853435931336,0.12034753984989137,0.034508974653192685,0.07340726964771016,0.005994005994005994,0.08583856519669869
2021-05-07,coarse_all,Coarse | With PSU,Sector_Coarse,False,190,19,7,58,0.2883012089867063,0.3179126553973772,0.059261035459039636,0.03513769489971061,0.07513762895698484,0.10789210789210789,0.024123340559329028
2021-05-14,coarse_all,Coarse | With PSU,Sector_Coarse,False,190,19,7,58,0.2804698634260461,0.2674221706132372,0.12480629070409184,0.035233444860364914,0.07630338603167414,0.007992007992007992,0.08957284584372693
2021-05-21,coarse_all,Coarse | With PSU,Sector_Coarse,False,190,19,7,58,0.271718525890853,0.23258136453801725,0.12097076704556829,0.03626260145247689,0.07363791593460928,0.002997002997002997,0.08470816559309141
2021-05-28,coarse_all,Coarse | With PSU,Sector_Coarse,False,190,19,7,58,0.23975060322042974,0.1656429537918691,0.020198042427102283,0.034891491506033344,0.07044134362749328,0.7432567432567433,-0.01469344907893106
2021-06-04,coarse_all,Coarse | With PSU,Sector_Coarse,False,190,19,7,58,0.16845018892884212,0.29952696846746724,0.12972965257100097,0.03660744195835999,0.0866367755257915,0.016983016983016984,0.09312221061264098
2021-06-11,coarse_all,Coarse | With PSU,Sector_Coarse,False,190,19,7,58,0.24297983921922472,0.17723175877833325,0.08112208939310676,0.03734528590444129,0.07724038766144248,0.04395604395604396,0.04377680348866547
2021-06-18,coarse_all,Coarse | With PSU,Sector_Coarse,False,190,19,7,58,0.2569627568226115,0.25819981579113005,0.22354833035616928,0.03494895659173389,0.08071396234059725,0.004995004995004995,0.1885993737644354
2021-06-25,coarse_all,Coarse | With PSU,Sector_Coarse,False,190,19,7,58,0.13767265185709143,0.1711149782753108,0.050961101932741254,0.035159969560352236,0.07913728587064484,0.1938061938061938,0.015801132372389018
2021-07-02,coarse_all,Coarse | With PSU,Sector_Coarse,False,190,19,7,58,0.23501216571495254,0.2582712046029579,0.1961029580181568,0.034834009561075324,0.08744220825927716,0.002997002997002997,0.16126894845708148
2021-07-09,coarse_all,Coarse | With PSU,Sector_Coarse,False,190,19,7,58,0.18318263274501956,0.15961837518367145,0.05891848414255052,0.03526515114015712,0.08050551570490311,0.13086913086913088,0.023653333002393404
2021-07-16,coarse_all,Coarse | With PSU,Sector_Coarse,False,190,19,7,58,0.28822412496574923,0.16089381687571336,0.08944835694471265,0.0348778778937215,0.0775134087602933,0.03196803196803197,0.05457047905099115
2021-07-23,coarse_all,Coarse | With PSU,Sector_Coarse,False,190,19,7,58,0.22173917321474346,0.18576713208439843,0.0623351669212221,0.036756316491043634,0.08206639834174918,0.13486513486513488,0.02557885043017847
2021-07-30,coarse_all,Coarse | With PSU,Sector_Coarse,False,189,19,7,58,0.19314050406573047,0.2956366067525633,0.02966472904533839,0.03631217062873409,0.07572861816364532,0.5654345654345654,-0.0066474415833957
2021-08-06,coarse_all,Coarse | With PSU,Sector_Coarse,False,190,19,7,58,0.12908205230574255,0.23609529045420918,0.03819376506536076,0.03543042861644426,0.07132260811433265,0.37962037962037964,0.0027633364489165063
2021-08-13,coarse_all,Coarse | With PSU,Sector_Coarse,False,190,19,7,58,0.15435510423216692,0.28245285279268284,0.06310284090712,0.03438345190626374,0.0786016650949807,0.0959040959040959,0.028719389000856257
2021-08-20,coarse_all,Coarse | With PSU,Sector_Coarse,False,190,19,7,58,0.41751421563457114,0.2621283786111974,0.14384391246016495,0.03434667838962784,0.06951579786918004,0.002997002997002997,0.1094972340705371
2021-08-27,coarse_all,Coarse | With PSU,Sector_Coarse,False,190,19,7,58,0.13175399748618088,0.2257511110031057,0.12319762204459943,0.035718592616164786,0.08333172360324247,0.01898101898101898,0.08747902942843463
2021-09-03,coarse_all,Coarse | With PSU,Sector_Coarse,False,190,19,7,58,0.19303230291743778,0.2535204138442477,0.021955431098057174,0.0364694674510008,0.08155351554339531,0.7082917082917083,-0.014514036352943623
2021-09-10,coarse_all,Coarse | With PSU,Sector_Coarse,False,190,19,7,58,0.23846307585110516,0.1375280332964735,0.027678663737200175,0.03615184380397662,0.07723207287006563,0.5964035964035964,-0.008473180066776442
2021-09-17,coarse_all,Coarse | With PSU,Sector_Coarse,False,190,19,7,58,0.3606066137780106,0.3189449710481946,0.04313873071870186,0.03527214963537274,0.08103317808717524,0.27372627372627373,0.007866581083329119
2021-09-24,coarse_all,Coarse | With PSU,Sector_Coarse,False,190,19,7,58,0.4787891342903021,0.29139102826651186,0.08506014197648526,0.03633669668936522,0.077485795544598,0.025974025974025976,0.04872344528712004
2021-10-01,coarse_all,Coarse | With PSU,Sector_Coarse,False,190,19,7,58,0.3065521919029349,0.296392332920565,0.16538583539069562,0.03572853634712257,0.07456773202356563,0.000999000999000999,0.12965729904357304
2021-10-08,coarse_all,Coarse | With PSU,Sector_Coarse,False,190,19,7,58,0.2751836896044748,0.2638621923537448,0.05781090430616897,0.03510504354224381,0.0750968010438529,0.12987012987012986,0.02270586076392516
2021-10-15,coarse_all,Coarse | With PSU,Sector_Coarse,False,190,19,7,58,0.25996299542940093,0.302397893084239,0.08637767883422483,0.03490906084282219,0.0802228832634934,0.04195804195804196,0.051468617991402635
2021-10-22,coarse_all,Coarse | With PSU,Sector_Coarse,False,190,19,7,58,0.41301009505483754,0.2818315414939039,0.0038628515262175435,0.03390938659381285,0.07069656594857977,0.994005994005994,-0.03004653506759531
2021-10-29,coarse_all,Coarse | With PSU,Sector_Coarse,False,188,19,7,62,0.11496396095036976,3.584432159388438,0.05789164503048102,0.03329249389552242,0.09819811226593095,0.16783216783216784,0.0245991511349586
2021-11-05,coarse_all,Coarse | With PSU,Sector_Coarse,False,191,19,7,63,0.2935219622089964,0.13437727208631778,0.052328509272260404,0.03627323725715552,0.07430597078241181,0.17582417582417584,0.016055272015104885
2021-11-12,coarse_all,Coarse | With PSU,Sector_Coarse,False,191,19,7,63,0.14284407735948046,0.2496155540594202,0.12349558112243156,0.03478009919080918,0.07628681257768778,0.000999000999000999,0.08871548193162238
2021-11-19,coarse_all,Coarse | With PSU,Sector_Coarse,False,191,19,7,63,0.3555512135871822,0.19584295181396097,0.02564492138835529,0.03508340924554088,0.07382545600475977,0.6193806193806194,-0.009438487857185592
2021-11-26,coarse_all,Coarse | With PSU,Sector_Coarse,False,191,19,7,63,0.4740314361140946,0.2361698368807882,0.07662211648018821,0.03478905346045863,0.07049680904504324,0.03696303696303696,0.04183306301972958
2021-12-03,coarse_all,Coarse | With PSU,Sector_Coarse,False,191,19,7,63,0.221258089535748,0.18977657487809446,0.09664729670695889,0.03360969593568981,0.07707619408381966,0.02097902097902098,0.06303760077126908
2021-12-10,coarse_all,Coarse | With PSU,Sector_Coarse,False,191,19,7,63,0.25596734224567175,0.17144295182233177,0.03892464508820302,0.03601701306272904,0.07997151690050151,0.3646353646353646,0.0029076320254739843
2021-12-17,coarse_all,Coarse | With PSU,Sector_Coarse,False,191,19,7,63,0.388276413961955,0.15636506312921367,0.03060399142762873,0.03489270178275623,0.07128621076391685,0.5374625374625375,-0.0042887103551275015
2021-12-24,coarse_all,Coarse | With PSU,Sector_Coarse,False,191,19,7,63,0.2765521069572987,0.11540845578136308,0.03510484861157393,0.03574732294498423,0.0685440182430483,0.44455544455544455,-0.0006424743334102964
2021-12-31,coarse_all,Coarse | With PSU,Sector_Coarse,False,191,19,7,63,0.16304988666861064,0.19659706833544982,0.03202286225792649,0.03590984090019523,0.1259214462150816,0.2907092907092907,-0.0038869786422687375
2022-01-07,coarse_all,Coarse | With PSU,Sector_Coarse,False,191,19,7,63,0.35544296392803754,0.17741133021549893,0.03205036541550382,0.03490308013939359,0.07035370517545853,0.4835164835164835,-0.002852714723889767
2022-01-14,coarse_all,Coarse | With PSU,Sector_Coarse,False,191,19,7,63,0.22455511475534318,0.23297827187645065,0.13026320741075662,0.03434171569790437,0.07486175716150208,0.004995004995004995,0.09592149171285225
2022-01-21,coarse_all,Coarse | With PSU,Sector_Coarse,False,191,19,7,63,0.20033953171021535,0.2554696233503905,0.04342799056507202,0.03508776256646874,0.07560705205127749,0.2807192807192807,0.008340227998603275
2022-01-28,coarse_all,Coarse | With PSU,Sector_Coarse,False,191,19,7,63,0.2599861382703955,0.3451602181493969,0.08008707868118636,0.03620389250708847,0.0727943340823826,0.03496503496503497,0.04388318617409789
2022-02-04,coarse_all,Coarse | With PSU,Sector_Coarse,False,191,19,7,63,0.180079960474827,0.20357510706304371,0.0474400813016387,0.03536273786771644,0.0731641085464695,0.20679320679320679,0.012077343433922264
2022-02-11,coarse_all,Coarse | With PSU,Sector_Coarse,False,191,19,7,63,0.12571653817750605,0.21606437758387967,0.020282481378454068,0.034604669097600314,0.0748829388923808,0.7312687312687313,-0.014322187719146246
2022-02-18,coarse_all,Coarse | With PSU,Sector_Coarse,False,191,19,7,63,0.14706292486886008,0.20811478473516998,0.06148332480743381,0.03441465273594791,0.07605892029900012,0.1008991008991009,0.027068672071485902
2022-02-25,coarse_all,Coarse | With PSU,Sector_Coarse,False,191,19,7,63,0.2509893093134804,0.21755473455781105,0.024439403908384477,0.03527845576286684,0.06905283945987391,0.6873126873126874,-0.010839051854482362
2022-03-04,coarse_all,Coarse | With PSU,Sector_Coarse,False,191,19,7,63,0.43621743042539574,0.33096274759997524,0.04051187257298251,0.03638163103219713,0.07992485873925471,0.34465534465534464,0.0041302415407853815
2022-03-11,coarse_all,Coarse | With PSU,Sector_Coarse,False,191,19,7,63,0.1261137589942225,0.20765769508127885,0.01758034655155238,0.03393259910322789,0.06905530610604378,0.8121878121878122,-0.016352252551675512
2022-03-18,coarse_all,Coarse | With PSU,Sector_Coarse,False,191,19,7,63,0.3399282834099935,0.18312349018442003,0.08485450205136402,0.03520290890500746,0.0751410556923808,0.03296703296703297,0.04965159314635656
2022-03-25,coarse_all,Coarse | With PSU,Sector_Coarse,False,191,19,7,63,0.30051525297758486,0.2535756218676696,0.05426665908920438,0.0344274673678579,0.07488816733758745,0.14085914085914086,0.01983919172134648
2022-04-01,coarse_all,Coarse | With PSU,Sector_Coarse,False,191,19,7,63,0.2466602635038505,0.17157084271209444,0.07532376388285293,0.03518073085788182,0.07322942962103668,0.04595404595404595,0.04014303302497111
2022-04-08,coarse_all,Coarse | With PSU,Sector_Coarse,False,191,19,7,63,0.27726266787160914,0.20532888850041509,0.05303723686844396,0.03478697782373592,0.0766837607098313,0.15884115884115885,0.018250259044708034
2022-04-15,coarse_all,Coarse | With PSU,Sector_Coarse,False,191,19,7,63,0.23025680668558157,0.14125005527593315,0.1915294048609473,0.035523029069897974,0.08800795423200705,0.01098901098901099,0.1560063757910493
2022-04-22,coarse_all,Coarse | With PSU,Sector_Coarse,False,191,19,7,63,0.2986772063463804,0.16248468924638138,0.06235272994839351,0.034698093701993296,0.07314685746476869,0.08691308691308691,0.027654636246400216
2022-04-29,coarse_all,Coarse | With PSU,Sector_Coarse,False,191,19,7,63,0.28025405427330796,0.16346573005132176,0.10358440734851772,0.03603997115120633,0.07333780554342492,0.003996003996003996,0.06754443619731139
2022-05-06,coarse_all,Coarse | With PSU,Sector_Coarse,False,191,19,7,63,0.2551555177498436,0.22257394257250382,0.06139590134209376,0.03530815775647447,0.07512396851949547,0.1008991008991009,0.026087743585619286
2022-05-13,coarse_all,Coarse | With PSU,Sector_Coarse,False,191,19,7,63,0.3424561313656679,0.3420257483191856,0.035457948900899844,0.035536135754533536,0.07316686145610991,0.4205794205794206,-7.818685363369243e-05
2022-05-20,coarse_all,Coarse | With PSU,Sector_Coarse,False,191,19,7,63,0.2164199083608478,0.2865040457600703,0.021126187741443075,0.035188173390867564,0.07291311849335513,0.7522477522477522,-0.014061985649424489
2022-05-27,coarse_all,Coarse | With PSU,Sector_Coarse,False,191,19,7,63,0.3401574584635294,0.2946667983414609,0.015408903251178276,0.036124484844124394,0.07597192443050561,0.8561438561438561,-0.02071558159294612
2022-06-03,coarse_all,Coarse | With PSU,Sector_Coarse,False,191,19,7,63,0.22514647684304434,0.2210051674673103,0.08542743858937397,0.03502282072931132,0.07184853158866111,0.02197802197802198,0.05040461786006265
2022-06-10,coarse_all,Coarse | With PSU,Sector_Coarse,False,191,19,7,63,0.12641599162536488,0.1965391408957846,0.02601073313359389,0.035535698904833476,0.07797265672466427,0.5754245754245755,-0.009524965771239586
2022-06-17,coarse_all,Coarse | With PSU,Sector_Coarse,False,191,19,7,63,0.21410811241822392,0.2809870063595712,0.05270175081997859,0.03418810106107864,0.07403266914876361,0.15184815184815184,0.01851364975889995
2022-06-24,coarse_all,Coarse | With PSU,Sector_Coarse,False,191,19,7,63,0.3107366449242497,0.205618108082065,0.06877880975090399,0.03519720975756411,0.0733605085326621,0.07292707292707293,0.03358159999333988
2022-07-01,coarse_all,Coarse | With PSU,Sector_Coarse,False,191,19,7,63,0.12782156424997904,0.1577944703773747,0.03840395671367551,0.03432394529903943,0.07324119153209076,0.3436563436563437,0.004080011414636084
2022-07-08,coarse_all,Coarse | With PSU,Sector_Coarse,False,191,19,7,63,0.21889716703329465,0.1986840171708767,0.017777657351723878,0.03492779037079559,0.07122099934773958,0.8251748251748252,-0.01715013301907171
2022-07-15,coarse_all,Coarse | With PSU,Sector_Coarse,False,191,19,7,63,0.24523455298539143,0.17069962814643994,0.06186211333719908,0.03510013964845339,0.07316427566985767,0.1038961038961039,0.026761973688745687
2022-07-22,coarse_all,Coarse | With PSU,Sector_Coarse,False,191,19,7,63,0.358992115244406,0.17972034734838305,0.033894819415149144,0.03449102978309883,0.0699856492562973,0.4405594405594406,-0.0005962103679496844
2022-07-29,coarse_all,Coarse | With PSU,Sector_Coarse,False,191,19,7,63,0.19405961390361826,0.2531125028200335,0.10071247811284183,0.03512911072341644,0.0754960313484694,0.012987012987012988,0.06558336738942538
2022-08-05,coarse_all,Coarse | With PSU,Sector_Coarse,False,191,19,7,63,0.10787983866489037,0.2726917261595232,0.01756228768670004,0.03524212197339627,0.07748754331533649,0.8011988011988012,-0.017679834286696228
2022-08-12,coarse_all,Coarse | With PSU,Sector_Coarse,False,190,19,7,62,0.1982337782606286,0.2487139423620871,0.03387952696375087,0.0356210545323288,0.07586255806359717,0.41858141858141856,-0.0017415275685779275
2022-08-19,coarse_all,Coarse | With PSU,Sector_Coarse,False,192,21,7,63,0.11742069994824189,0.16601155468791018,0.09858915980188308,0.03418552768241145,0.07475416114711829,0.015984015984015984,0.06440363211947164
2022-08-26,coarse_all,Coarse | With PSU,Sector_Coarse,False,192,21,7,63,0.301016973959214,0.16674315168366668,0.07990100436404304,0.035532242901492796,0.08331833123468341,0.055944055944055944,0.04436876146255025
2022-09-02,coarse_all,Coarse | With PSU,Sector_Coarse,False,192,21,7,63,0.267189480002917,0.15283926374343676,0.09127072624454646,0.03507556347367634,0.07020291370062716,0.00999000999000999,0.056195162770870125
2022-09-09,coarse_all,Coarse | With PSU,Sector_Coarse,False,192,21,7,63,0.2011921565154321,0.17833816215780313,0.01913185534072672,0.03488271490656593,0.07503077249742156,0.7612387612387612,-0.015750859565839208
2022-09-16,coarse_all,Coarse | With PSU,Sector_Coarse,False,192,21,7,63,0.2769408184835511,0.17442657859173916,0.03756403318558481,0.03524657734733063,0.07200845507501878,0.38461538461538464,0.0023174558382541774
2022-09-23,coarse_all,Coarse | With PSU,Sector_Coarse,False,192,21,7,63,0.33448426889462146,0.15773934282847293,0.062373678289204836,0.03360690535500254,0.0778891268682875,0.0989010989010989,0.028766772934202295
2022-09-30,coarse_all,Coarse | With PSU,Sector_Coarse,False,187,21,7,65,0.2846133831523082,0.14378953494538527,0.07375893673627258,0.035951729652066944,0.07653266386203053,0.060939060939060936,0.03780720708420564
2022-10-07,coarse_all,Coarse | With PSU,Sector_Coarse,False,195,27,7,67,0.2715240607525319,0.15731819156595295,0.0444395967407972,0.03429523196161091,0.07048953326649093,0.25774225774225773,0.010144364779186288
2022-10-14,coarse_all,Coarse | With PSU,Sector_Coarse,False,195,27,7,67,0.28609787446074475,0.12586800338873017,0.04500932661920122,0.03367833448561476,0.06852081509895959,0.22477522477522477,0.01133099213358646
2022-10-21,coarse_all,Coarse | With PSU,Sector_Coarse,False,195,27,7,67,0.48866170330840475,0.23563019253583842,0.08740526533055194,0.033399420562749915,0.07558111542094474,0.026973026973026972,0.05400584476780203
2022-10-28,coarse_all,Coarse | With PSU,Sector_Coarse,False,195,27,7,67,0.24753787975776198,0.17863921585002598,0.06761851003718972,0.0344941143785246,0.0764668955719797,0.07592407592407592,0.033124395658665116
2022-11-04,coarse_all,Coarse | With PSU,Sector_Coarse,False,195,27,7,67,0.24609421653527574,0.1897539015118751,0.04687693364369983,0.03448316212537703,0.07537624267417657,0.2037962037962038,0.0123937715183228
2022-11-11,coarse_all,Coarse | With PSU,Sector_Coarse,False,195,27,7,67,0.2531204536142846,0.2378879260268707,0.05842067390498219,0.034894092529866375,0.07463863326910732,0.13386613386613386,0.023526581375115818
2022-11-18,coarse_all,Coarse | With PSU,Sector_Coarse,False,195,27,7,67,0.23491878936610167,0.16665757186842578,0.07919348972712478,0.03467220516743544,0.07718381925510305,0.04595404595404595,0.044521284559689345
2022-11-25,coarse_all,Coarse | With PSU,Sector_Coarse,False,195,27,7,67,0.18898691676985668,0.1690247726133991,0.13603496847273136,0.034251602385772385,0.08293178137105209,0.002997002997002997,0.10178336608695898
2022-12-02,coarse_all,Coarse | With PSU,Sector_Coarse,False,195,27,7,67,0.1719048019736903,0.14275733851510428,0.05524377509150342,0.03410637311411186,0.07313521623284,0.12487512487512488,0.021137401977391557
2022-12-09,coarse_all,Coarse | With PSU,Sector_Coarse,False,195,27,7,67,0.3166979769893826,0.15476813807391337,0.030058227808536103,0.034455964629883026,0.07617864658342281,0.47652347652347654,-0.004397736821346924
2022-12-16,coarse_all,Coarse | With PSU,Sector_Coarse,False,195,27,7,67,0.3417949322266389,0.09226416967871238,0.013324258816032332,0.03343709939981165,0.06894155998340053,0.8941058941058941,-0.020112840583779316
2022-12-23,coarse_all,Coarse | With PSU,Sector_Coarse,False,195,27,7,67,0.4292024543209052,0.23802355954419854,0.0863056765144693,0.0337644767017115,0.07200188783252998,0.026973026973026972,0.052541199812757795
2022-12-30,coarse_all,Coarse | With PSU,Sector_Coarse,False,195,27,7,67,0.46917977906099373,0.19981606692600246,0.07114834506568811,0.034451393112299514,0.07250121591814403,0.057942057942057944,0.036696951953388596
2023-01-06,coarse_all,Coarse | With PSU,Sector_Coarse,False,195,27,7,67,0.20904348854956578,0.1540073928839479,0.10466577299949452,0.034233033604354604,0.07524358066125182,0.011988011988011988,0.07043273939513991
2023-01-13,coarse_all,Coarse | With PSU,Sector_Coarse,False,195,27,7,67,0.21636631241371695,0.14178372364447522,0.02959178971794215,0.03418008491629696,0.07090820226386692,0.5094905094905094,-0.004588295198354811
2023-01-20,coarse_all,Coarse | With PSU,Sector_Coarse,False,195,27,7,67,0.1844711554353473,0.11878448742267012,0.0443662664064184,0.0343010991284256,0.07325801886235812,0.24575424575424576,0.010065167277992802
2023-01-27,coarse_all,Coarse | With PSU,Sector_Coarse,False,195,27,7,67,0.31171956609628104,0.5066721470331735,0.3655486245934063,0.03504772841779965,0.08388787427253683,0.000999000999000999,0.3305008961756067
2023-02-03,coarse_all,Coarse | With PSU,Sector_Coarse,False,195,27,7,67,0.2263445072813548,1.0950230395143534,0.3611323691984212,0.03375395215894439,0.08696563988752122,0.000999000999000999,0.3273784170394768
2023-02-10,coarse_all,Coarse | With PSU,Sector_Coarse,False,195,27,7,67,0.20268616663194516,0.38217464104292187,0.0371428043867254,0.03408250138714593,0.07934778854146153,0.3306693306693307,0.0030603029995794756
2023-02-17,coarse_all,Coarse | With PSU,Sector_Coarse,False,195,27,7,67,0.1546737694107816,0.2835339727266469,0.17338504171615168,0.0339269655915043,0.08019010879237318,0.004995004995004995,0.1394580761246474
2023-02-24,coarse_all,Coarse | With PSU,Sector_Coarse,False,195,27,7,67,0.2792657441523563,0.2687977200310681,0.2578697231576816,0.03574954993107619,0.09149003552542813,0.003996003996003996,0.2221201732266054
2023-03-03,coarse_all,Coarse | With PSU,Sector_Coarse,False,195,27,7,67,0.2837355550930236,0.305026802936062,0.2774126473598001,0.034042869021473646,0.08198898358817847,0.002997002997002997,0.24336977833832646
2023-03-10,coarse_all,Coarse | With PSU,Sector_Coarse,False,195,27,7,67,0.3760030812905609,0.13851649466854815,0.1262041770410619,0.033302633168451265,0.07671263217942148,0.006993006993006993,0.09290154387261064
2023-03-17,coarse_all,Coarse | With PSU,Sector_Coarse,False,195,27,7,67,0.3187483671595658,0.1847413668739477,0.02424464889758676,0.034293017473090825,0.07342653387632357,0.6323676323676324,-0.010048368575504067
2023-03-24,coarse_all,Coarse | With PSU,Sector_Coarse,False,195,27,7,67,0.20606150303258586,0.19008938962452257,0.0807254048815836,0.03328529182210913,0.07616447079173762,0.04495504495504495,0.047440113059474466
2023-03-31,coarse_all,Coarse | With PSU,Sector_Coarse,False,193,26,7,69,0.17705126800981408,2.8440619349027263,0.022309714907052452,0.03379453612157528,0.12524908692793718,0.3936063936063936,-0.011484821214522826
2023-04-07,coarse_all,Coarse | With PSU,Sector_Coarse,False,196,28,7,69,0.334152782646032,0.09250400906995448,0.025527289933417668,0.033310409618791136,0.07142150886544414,0.6113886113886113,-0.007783119685373468
2023-04-14,coarse_all,Coarse | With PSU,Sector_Coarse,False,196,28,7,69,0.23637179198677072,0.1271415593313455,0.030049039504536322,0.03411303167093703,0.07593367473894916,0.46253746253746253,-0.004063992166400708
2023-04-21,coarse_all,Coarse | With PSU,Sector_Coarse,False,196,28,7,69,0.36021108930655565,0.12441870041706563,0.015897556269341667,0.03247409846976606,0.06328516375370423,0.8241758241758241,-0.016576542200424392
2023-04-28,coarse_all,Coarse | With PSU,Sector_Coarse,False,196,28,7,69,0.20831354980120098,0.19191643518086487,0.049561618789475355,0.03254197923423516,0.06897016640574652,0.16183816183816183,0.017019639555240197
2023-05-05,coarse_all,Coarse | With PSU,Sector_Coarse,False,196,28,7,69,0.1886679386352481,0.13992824126698994,0.017746813614577733,0.03543115308352657,0.07795449908875247,0.8001998001998002,-0.017684339468948835
2023-05-12,coarse_all,Coarse | With PSU,Sector_Coarse,False,196,28,7,69,0.16900946213599233,0.23945990399852957,0.09044717055610293,0.03459465383286873,0.07407044518973256,0.029970029970029972,0.055852516723234207
2023-05-19,coarse_all,Coarse | With PSU,Sector_Coarse,False,196,28,7,69,0.13552311462618383,0.18976558302017188,0.037654803349267574,0.03614738180572456,0.08709819180439662,0.32367632367632365,0.001507421543543011
2023-05-26,coarse_all,Coarse | With PSU,Sector_Coarse,False,196,28,7,69,0.17665249862158583,0.2531891349504682,0.1514515929138174,0.03512450197922651,0.07790702764635868,0.00999000999000999,0.1163270909345909
2023-06-02,coarse_all,Coarse | With PSU,Sector_Coarse,False,196,28,7,69,0.2440435523485215,0.14339083557348054,0.051590097231323594,0.03389361375796757,0.07716146942474471,0.17282717282717283,0.017696483473356027
2023-06-09,coarse_all,Coarse | With PSU,Sector_Coarse,False,196,28,7,69,0.4431796523953635,0.13602709396800813,0.0360222821047873,0.03279838159184773,0.07228936093713932,0.33666333666333664,0.0032239005129395676
2023-06-16,coarse_all,Coarse | With PSU,Sector_Coarse,False,196,28,7,69,0.30099907974880347,0.12922631641296392,0.016138049296992682,0.0336078327080182,0.07175080492357828,0.8361638361638362,-0.017469783411025515
2023-06-23,coarse_all,Coarse | With PSU,Sector_Coarse,False,196,28,7,69,0.17713972835339098,0.16552521189265432,0.07033109079846862,0.03337598700539064,0.07243085802910608,0.056943056943056944,0.03695510379307798
2023-06-30,coarse_all,Coarse | With PSU,Sector_Coarse,False,196,28,7,69,0.31240084818998026,0.08903901470055449,0.07495494531504558,0.033791641948795685,0.07061698164296684,0.03896103896103896,0.0411633033662499
2023-07-07,coarse_all,Coarse | With PSU,Sector_Coarse,False,196,28,7,69,0.2919698370426401,0.18876973492362611,0.07369705063564229,0.033801698025324386,0.06747800249319415,0.03396603396603397,0.0398953526103179
2023-07-14,coarse_all,Coarse | With PSU,Sector_Coarse,False,196,28,7,69,0.29204361967577896,0.13570775960111373,0.03400543296295857,0.03545237976364339,0.07228860598833876,0.43156843156843155,-0.0014469468006848216
2023-07-21,coarse_all,Coarse | With PSU,Sector_Coarse,False,196,28,7,69,0.23116592893570553,0.16103355313677065,0.04198518513199766,0.033847724376233075,0.07514530852520519,0.25074925074925075,0.008137460755764582
2023-07-28,coarse_all,Coarse | With PSU,Sector_Coarse,False,196,28,7,69,0.2999256621482339,0.2272554182174979,0.045766012553202694,0.03546550943446205,0.07631639742101137,0.23976023976023977,0.010300503118740645
2023-08-04,coarse_all,Coarse | With PSU,Sector_Coarse,False,196,28,7,69,0.1919012599256784,0.32135559875074415,0.03895708843894267,0.03558366971772957,0.08270614425470654,0.3076923076923077,0.003373418721213099
2023-08-11,coarse_all,Coarse | With PSU,Sector_Coarse,False,196,28,7,69,0.1737077912583468,0.25066211783603276,0.04534917596796794,0.03472980010002618,0.07999104419191176,0.22677322677322678,0.01061937586794176
2023-08-18,coarse_all,Coarse | With PSU,Sector_Coarse,False,196,28,7,69,0.2115550842926026,0.11873730977041248,0.08566156810463774,0.03442641235900207,0.0741088279319733,0.023976023976023976,0.05123515574563567
2023-08-25,coarse_all,Coarse | With PSU,Sector_Coarse,False,197,28,7,70,0.3092197213390363,0.11879783671673229,0.05608936228299219,0.03375311282609059,0.06961707613779167,0.13286713286713286,0.022336249456901602
2023-09-01,coarse_all,Coarse | With PSU,Sector_Coarse,False,197,28,7,70,0.2659791991193172,0.24701389866286383,0.05758981896674315,0.034449247647967716,0.07778838357208599,0.12287712287712288,0.023140571318775435
2023-09-08,coarse_all,Coarse | With PSU,Sector_Coarse,False,197,28,7,70,0.13219298121816914,0.2522739749524803,0.0879822564796286,0.03443931569337681,0.08894891767306358,0.053946053946053944,0.05354294078625178
2023-09-15,coarse_all,Coarse | With PSU,Sector_Coarse,False,197,28,7,70,0.3254952207211147,0.1461296004071384,0.022327496466305705,0.033571155451172535,0.0736016336740181,0.6533466533466533,-0.01124365898486683
2023-09-22,coarse_all,Coarse | With PSU,Sector_Coarse,False,197,28,7,70,0.22882603969399173,0.12685720621070565,0.08821088523974753,0.032868678042214085,0.07223674237361256,0.02197802197802198,0.055342207197533445
2023-09-29,coarse_all,Coarse | With PSU,Sector_Coarse,False,195,28,7,70,0.9570999559487261,0.1470632141993884,0.058148690402655655,0.03271419754494309,0.07611512139192766,0.1038961038961039,0.025434492857712564
2023-10-06,coarse_all,Coarse | With PSU,Sector_Coarse,False,202,31,7,74,0.23627102963274327,0.1511774311425566,0.018370471083732912,0.0326271114563862,0.08514462124350514,0.6613386613386614,-0.014256640372653288
2023-10-13,coarse_all,Coarse | With PSU,Sector_Coarse,False,202,31,7,74,0.3049466504200371,0.10705763522575724,0.03715731585403136,0.03248166419002363,0.06610749500947356,0.32867132867132864,0.004675651664007734
2023-10-20,coarse_all,Coarse | With PSU,Sector_Coarse,False,202,31,7,74,0.22118473008193962,0.19074718962394982,0.038126540520187976,0.03266635765498897,0.07228526204390044,0.3016983016983017,0.005460182865199004
2023-10-27,coarse_all,Coarse | With PSU,Sector_Coarse,False,203,31,7,74,0.24261077350807037,0.10655686517801238,0.01939214818589047,0.033233863451265035,0.0692492509823435,0.7552447552447552,-0.013841715265374564
2023-11-03,coarse_all,Coarse | With PSU,Sector_Coarse,False,203,31,7,74,0.3541123825340253,0.20710837368806256,0.07522176834230672,0.03319603045725655,0.07355693185537777,0.04495504495504495,0.042025737885050166
2023-11-10,coarse_all,Coarse | With PSU,Sector_Coarse,False,203,31,7,74,0.2823494198706523,0.17135600846245927,0.027448479159587418,0.03278031023727075,0.06822871389222236,0.5514485514485514,-0.005331831077683334
2023-11-17,coarse_all,Coarse | With PSU,Sector_Coarse,False,203,31,7,74,0.2672350892235916,0.11294309017934236,0.08269739878933398,0.032140362923713424,0.06438236326488776,0.022977022977022976,0.050557035865620555
2023-11-24,coarse_all,Coarse | With PSU,Sector_Coarse,False,203,31,7,74,0.29678672592070954,0.11073121727711112,0.01361141179255276,0.0333744479618961,0.06912539953762499,0.8911088911088911,-0.01976303616934334
2023-12-01,coarse_all,Coarse | With PSU,Sector_Coarse,False,203,31,7,74,0.17944380076144462,0.23933632888496875,0.08568881895547624,0.03265753689095886,0.071078543759208,0.022977022977022976,0.05303128206451738
2023-12-08,coarse_all,Coarse | With PSU,Sector_Coarse,False,203,31,7,74,0.36631059770452434,0.4993246862828405,0.35497629887278703,0.03223232394736006,0.08664211944936594,0.004995004995004995,0.32274397492542695
2023-12-15,coarse_all,Coarse | With PSU,Sector_Coarse,False,203,31,7,74,0.33253902155736803,0.2063136652898597,0.057302234185879625,0.03321827868595775,0.07072495341293547,0.10989010989010989,0.024083955499921872
2023-12-22,coarse_all,Coarse | With PSU,Sector_Coarse,False,203,31,7,74,0.28895755872223805,0.23944521549538395,0.046685173912603836,0.03180080975874098,0.06975966235638532,0.16283716283716285,0.014884364153862857
2023-12-29,coarse_all,Coarse | With PSU,Sector_Coarse,False,203,31,7,74,0.3247987717297782,0.13343186004795088,0.0734412039942594,0.033444989395837905,0.07239933807424624,0.04695304695304695,0.03999621459842149
2024-01-05,coarse_all,Coarse | With PSU,Sector_Coarse,False,203,31,7,74,0.2863996061882216,0.21653786951165993,0.08963647073828382,0.03274301768380253,0.0662545962222348,0.012987012987012988,0.05689345305448129
2024-01-12,coarse_all,Coarse | With PSU,Sector_Coarse,False,203,31,7,74,0.26477451314574085,0.27687931210070194,0.02743784145018907,0.03286014176471682,0.0824733288875947,0.44255744255744256,-0.005422300314527749
2024-01-19,coarse_all,Coarse | With PSU,Sector_Coarse,False,203,31,7,74,0.3627902571079612,0.3453168144810297,0.11990360393914447,0.03171367675648039,0.08155795804372253,0.017982017982017984,0.08818992718266408
2024-01-26,coarse_all,Coarse | With PSU,Sector_Coarse,False,203,31,7,74,0.37457247591361054,0.24505974847731946,0.05112514985595187,0.032840694353967206,0.07076707934729172,0.16883116883116883,0.01828445550198466
2024-02-02,coarse_all,Coarse | With PSU,Sector_Coarse,False,203,31,7,74,0.34013454719424097,0.3297817155960341,0.08983863410124032,0.0334293398491019,0.07372588713092611,0.01998001998001998,0.05640929425213842
2024-02-09,coarse_all,Coarse | With PSU,Sector_Coarse,False,203,31,7,74,0.20459504774021564,0.49877774203107667,0.023183219673959195,0.03203326510299298,0.06629067150435221,0.6273726273726273,-0.008850045429033785
2024-02-16,coarse_all,Coarse | With PSU,Sector_Coarse,False,203,31,7,74,0.18373785153597755,0.28916362942557716,0.040968435505351106,0.033286627330931406,0.06979332541550821,0.27172827172827174,0.007681808174419699
2024-02-23,coarse_all,Coarse | With PSU,Sector_Coarse,False,203,31,7,74,0.28854273344112136,0.13993751256062226,0.025979070075421776,0.032784796202917466,0.06709776254172913,0.5754245754245755,-0.006805726127495689
2024-03-01,coarse_all,Coarse | With PSU,Sector_Coarse,False,203,31,7,74,0.31234227707897666,0.16441760619272788,0.05713006734449716,0.03271119407551447,0.07588335245734554,0.11588411588411589,0.02441887326898269
2024-03-08,coarse_all,Coarse | With PSU,Sector_Coarse,False,203,31,7,74,0.2518698175402403,0.21386972024595943,0.1618642123740543,0.03287608534377908,0.08138590618389234,0.006993006993006993,0.1289881270302752
2024-03-15,coarse_all,Coarse | With PSU,Sector_Coarse,False,203,31,7,74,0.29855472011076534,0.28502236352786653,0.14843092675410227,0.033861956611323206,0.06691860039054502,0.001998001998001998,0.11456897014277906
2024-03-22,coarse_all,Coarse | With PSU,Sector_Coarse,False,203,31,7,74,0.37360150429918093,0.16947723233113243,0.08024533292407031,0.031983755075108165,0.06587830682810496,0.01898101898101898,0.048261577848962144
2024-03-29,coarse_all,Coarse | With PSU,Sector_Coarse,False,194,30,7,74,0.10442546909965789,4.429373292922401,0.00289160624866647,0.03435267712358809,0.11867163016227629,0.942057942057942,-0.03146107087492162
2024-04-05,coarse_all,Coarse | With PSU,Sector_Coarse,False,202,33,7,79,0.25257901066106914,0.32504360406265953,0.04717923585965667,0.03323643936850311,0.07199518061601502,0.1838161838161838,0.013942796491153563
2024-04-12,coarse_all,Coarse | With PSU,Sector_Coarse,False,202,33,7,79,0.2878265585600027,0.1716204598852945,0.06864358038777238,0.03274398229242947,0.0662937199951682,0.03796203796203796,0.03589959809534291
2024-04-19,coarse_all,Coarse | With PSU,Sector_Coarse,False,202,33,7,79,0.26261215989739994,0.14763455815657917,0.020104081453137704,0.032732330041721366,0.07155436575750704,0.7222777222777222,-0.012628248588583663
2024-04-26,coarse_all,Coarse | With PSU,Sector_Coarse,False,202,33,7,79,0.18597769582483503,0.3162875210627502,0.1426680075524196,0.03189187390349741,0.06812897821916523,0.000999000999000999,0.11077613364892219
2024-05-03,coarse_all,Coarse | With PSU,Sector_Coarse,False,202,33,7,79,0.2165066574680995,0.25530014917351607,0.04461133559398224,0.03319288042224328,0.07506177957589864,0.22577422577422576,0.011418455171738957
2024-05-10,coarse_all,Coarse | With PSU,Sector_Coarse,False,202,33,7,79,0.2953306181225456,0.29296898947925865,0.047252688476613916,0.03202835180129057,0.06344213011276745,0.17482517482517482,0.015224336675323344
2024-05-17,coarse_all,Coarse | With PSU,Sector_Coarse,False,202,33,7,79,0.4519513582615462,0.22203827017000755,0.07751862067001518,0.033655258062956536,0.07378894490899277,0.03896103896103896,0.04386336260705864
2024-05-24,coarse_all,Coarse | With PSU,Sector_Coarse,False,202,33,7,79,0.2832168339969129,0.2891285088843074,0.10297073427883185,0.03360167544734642,0.07598818410957635,0.00999000999000999,0.06936905883148543
2024-05-31,coarse_all,Coarse | With PSU,Sector_Coarse,False,202,33,7,79,0.18881843602285453,0.17222557138747877,0.06586243801851048,0.033979056259178735,0.07154323331935261,0.07292707292707293,0.031883381759331746
2024-06-07,coarse_all,Coarse | With PSU,Sector_Coarse,False,203,33,7,79,0.41988198290242973,0.24335701287392664,0.17359142096233035,0.033079858743418795,0.06665767806513374,0.000999000999000999,0.14051156221891156
2024-06-14,coarse_all,Coarse | With PSU,Sector_Coarse,False,203,33,7,79,0.24063474492291503,0.34921444890012565,0.034969238825925404,0.0323018447705812,0.08215318850002047,0.30569430569430567,0.002667394055344205
2024-06-21,coarse_all,Coarse | With PSU,Sector_Coarse,False,203,33,7,79,0.6023563910463433,0.13243304979620882,0.06048544341769492,0.0329058513222112,0.07028950116591702,0.08391608391608392,0.027579592095483718
2024-06-28,coarse_all,Coarse | With PSU,Sector_Coarse,False,203,33,7,79,0.3407895130824653,0.17789687581312735,0.04434780937925087,0.03277188538788051,0.06989461524501789,0.2217782217782218,0.011575923991370356
2024-07-05,coarse_all,Coarse | With PSU,Sector_Coarse,False,203,33,7,79,0.24410344328186329,0.258024424084763,0.04265359210366486,0.033467995892836624,0.08320859018631058,0.23976023976023977,0.009185596210828234
2024-07-12,coarse_all,Coarse | With PSU,Sector_Coarse,False,203,33,7,79,0.3683069551950269,0.25661828121197516,0.07362903510801626,0.03273767837624153,0.07203020565006295,0.04595404595404595,0.04089135673177473
2024-07-19,coarse_all,Coarse | With PSU,Sector_Coarse,False,203,33,7,79,0.4102528726673169,0.14308629093244216,0.06056634823985248,0.03284449377869481,0.06381666623309577,0.06493506493506493,0.027721854461157665
2024-07-26,coarse_all,Coarse | With PSU,Sector_Coarse,False,203,33,7,79,0.34703985713090557,0.22720993314734003,0.06105619945852472,0.0316487751669803,0.06637875077342646,0.07792207792207792,0.029407424291544415
2024-08-02,coarse_all,Coarse | With PSU,Sector_Coarse,False,203,33,7,79,0.3443606676707234,0.22291020161453884,0.0062276422231040225,0.03321284368358033,0.06851262369588643,0.987012987012987,-0.026985201460476307
2024-08-09,coarse_all,Coarse | With PSU,Sector_Coarse,False,203,33,7,79,0.3318949227410898,0.18680272933045505,0.014618338447779728,0.03263009468689768,0.0712622762956432,0.8351648351648352,-0.018011756239117955
2024-08-16,coarse_all,Coarse | With PSU,Sector_Coarse,False,203,33,7,79,0.37758497840939653,0.153315825335545,0.01664299543951801,0.03268659358801033,0.07016285603804927,0.7942057942057942,-0.01604359814849232
2024-08-23,coarse_all,Coarse | With PSU,Sector_Coarse,False,203,33,7,79,0.30144593536862996,0.1429981409076614,0.04282549406116815,0.033329739166831455,0.06616604903180533,0.2547452547452547,0.009495754894336697
2024-08-30,coarse_all,Coarse | With PSU,Sector_Coarse,False,203,33,7,79,0.31594940679049843,0.14824047548285957,0.12868339869629902,0.0323035907306188,0.06659247706599206,0.000999000999000999,0.09637980796568021
2024-09-06,coarse_all,Coarse | With PSU,Sector_Coarse,False,203,33,7,79,0.22620193805410316,0.25153186329789995,0.07829852521123892,0.03317067400907585,0.07219921983951642,0.03996003996003996,0.045127851202163075
2024-09-13,coarse_all,Coarse | With PSU,Sector_Coarse,False,203,33,7,79,0.36508604388295984,0.15086290086818444,0.08069870145150354,0.03320243005677399,0.06862563422723608,0.024975024975024976,0.04749627139472955
2024-09-20,coarse_all,Coarse | With PSU,Sector_Coarse,False,203,33,7,79,0.43176593702376287,0.19526805984594237,0.09572457899929822,0.03244524921672049,0.07309893899634289,0.013986013986013986,0.06327932978257772
2024-09-27,coarse_all,Coarse | With PSU,Sector_Coarse,False,203,33,7,79,0.3035260010891775,0.18328108730899925,0.06828540605795523,0.03241144164049682,0.0640815059045767,0.03396603396603397,0.03587396441745841
2024-10-04,coarse_all,Coarse | With PSU,Sector_Coarse,False,197,32,7,80,0.06654983369824985,11.010619324133739,0.0074174746810682255,0.03319995275520318,0.08926663596627954,0.8691308691308691,-0.025782478074134956
2024-10-11,coarse_all,Coarse | With PSU,Sector_Coarse,False,203,34,7,82,0.3359645467340189,0.17849159332470482,0.012945950876837843,0.03395108272581143,0.0733190473079284,0.9010989010989011,-0.02100513184897359
2024-10-18,coarse_all,Coarse | With PSU,Sector_Coarse,False,203,34,7,82,0.1674102631572434,0.22744937484680644,0.09222141132769303,0.031941031694114094,0.06542209242447677,0.014985014985014986,0.060280379633578934
2024-10-25,coarse_all,Coarse | With PSU,Sector_Coarse,False,203,34,7,82,0.2872643932284993,0.4076359998202129,0.05009493957895345,0.032723775167919314,0.0693464848314699,0.16483516483516483,0.01737116441103414
2024-11-01,coarse_all,Coarse | With PSU,Sector_Coarse,False,203,34,7,82,0.31924488685339947,0.3116559193928937,0.07152541770524713,0.031139823565454437,0.0629496826538626,0.028971028971028972,0.040385594139792695
2024-11-08,coarse_all,Coarse | With PSU,Sector_Coarse,False,203,34,7,82,0.2708991303599595,0.21609973344539277,0.023731114755569792,0.03185126214070824,0.0637185149498045,0.6283716283716284,-0.00812014738513845
2024-11-15,coarse_all,Coarse | With PSU,Sector_Coarse,False,203,34,7,82,0.3724543588015712,0.12128330721364362,0.04687032028106548,0.03256853706321001,0.07172986461586137,0.17882117882117882,0.014301783217855475
2024-11-22,coarse_all,Coarse | With PSU,Sector_Coarse,False,203,34,7,82,0.25491819432125107,0.4917291120925541,0.33862385174370685,0.032968897288796525,0.07935312223522961,0.000999000999000999,0.3056549544549103
2024-11-29,coarse_all,Coarse | With PSU,Sector_Coarse,False,203,34,7,82,0.2339554901889943,0.3904150836084589,0.27523908985283213,0.03275472471864691,0.0746460007191799,0.000999000999000999,0.24248436513418523
2024-12-06,coarse_all,Coarse | With PSU,Sector_Coarse,False,203,34,7,82,0.21450306738028113,0.1773094540757444,0.09917538229769893,0.03223772494470531,0.07150588473550644,0.01098901098901099,0.06693765735299362
2024-12-13,coarse_all,Coarse | With PSU,Sector_Coarse,False,203,34,7,82,0.2726725689464149,0.11108988777298989,0.061203128756725754,0.03320021340923983,0.06983232585431923,0.08891108891108891,0.028002915347485925
2024-12-20,coarse_all,Coarse | With PSU,Sector_Coarse,False,203,34,7,82,0.36208727282651954,0.16396392252295924,0.035966404309304534,0.03209739418514161,0.0646842232598999,0.34565434565434566,0.003869010124162922
2024-12-27,coarse_all,Coarse | With PSU,Sector_Coarse,False,203,34,7,82,0.2725894003041881,0.0784850719549407,0.08568271502351538,0.032137014110586774,0.06692386229500524,0.01098901098901099,0.0535457009129286
2025-01-03,coarse_all,Coarse | With PSU,Sector_Coarse,False,203,34,7,82,0.29435753924438746,0.23093594644574467,0.029807697232369913,0.032184310269378485,0.065510399554721,0.47052947052947053,-0.002376613037008573
2025-01-10,coarse_all,Coarse | With PSU,Sector_Coarse,False,203,34,7,82,0.3335494121321627,0.3298496109597404,0.05874826248692428,0.0326355107251288,0.06501565128818174,0.08591408591408592,0.026112751761795484
2025-01-17,coarse_all,Coarse | With PSU,Sector_Coarse,False,203,34,7,82,0.5398381580547486,0.20971335782602013,0.06925743663103393,0.031961124922626004,0.06333845950280793,0.028971028971028972,0.03729631170840792
2025-01-24,coarse_all,Coarse | With PSU,Sector_Coarse,False,203,34,7,82,0.4096738793276776,0.19383531183484154,0.08932251512418977,0.03236427570464271,0.0665806700152171,0.007992007992007992,0.056958239419547065
2025-01-31,coarse_all,Coarse | With PSU,Sector_Coarse,False,203,34,7,82,0.4169771640208214,0.2243540650888045,0.06489940795430996,0.032161074482216626,0.06898968378538343,0.061938061938061936,0.03273833347209333
2025-02-07,coarse_all,Coarse | With PSU,Sector_Coarse,False,203,34,7,82,0.36482359369794637,0.2776390096363639,0.08512557711414576,0.03274019061290322,0.07133638344965525,0.023976023976023976,0.05238538650124254
2025-02-14,coarse_all,Coarse | With PSU,Sector_Coarse,False,203,34,7,82,0.1932543221453189,0.34975945436997535,0.05377210072561547,0.031826573884090485,0.07764961830639436,0.12187812187812187,0.02194552684152498
2025-02-21,coarse_all,Coarse | With PSU,Sector_Coarse,False,203,34,7,82,0.2521152667489396,0.30865827648000144,0.04284553887656263,0.03478224487449424,0.10389585855140755,0.22477522477522477,0.008063294002068393
2025-02-28,coarse_all,Coarse | With PSU,Sector_Coarse,False,203,34,7,82,0.27388239962521443,0.20239618693553527,0.06264857207084257,0.03233838572191138,0.06611842146020015,0.06493506493506493,0.030310186348931185
2025-03-07,coarse_all,Coarse | With PSU,Sector_Coarse,False,203,34,7,82,0.37886395462017775,0.19025036176712784,0.07701341257862976,0.033238692934903044,0.06847174609300456,0.026973026973026972,0.043774719643726714
2025-03-14,coarse_all,Coarse | With PSU,Sector_Coarse,False,203,34,7,82,0.24107044191084326,0.20959097989883496,0.01581978932500428,0.032430885794559286,0.10132909139023098,0.7012987012987013,-0.016611096469555005
2025-03-21,coarse_all,Coarse | With PSU,Sector_Coarse,False,203,34,7,82,0.3249825251936248,0.1581354226961188,0.051111196389963184,0.03225809184547905,0.06620493252269838,0.13586413586413587,0.018853104544484134
2025-03-28,coarse_all,Coarse | With PSU,Sector_Coarse,False,194,31,7,78,0.04941637905248175,2.761602682029615,0.006646319522016187,0.032404563478015506,0.1325501388918736,0.7382617382617382,-0.02575824395599932
2025-04-04,coarse_all,Coarse | With PSU,Sector_Coarse,False,203,33,7,79,0.36243699694030174,0.2596787360041399,0.02368252728506169,0.03431406367925253,0.07516222759536542,0.6553446553446554,-0.010631536394190837
2025-04-11,coarse_all,Coarse | With PSU,Sector_Coarse,False,203,33,7,79,0.32914199138912414,0.16535479983073884,0.06280800003859058,0.032991627686432566,0.07249031781723692,0.08491508491508491,0.029816372352158012
2025-04-18,coarse_all,Coarse | With PSU,Sector_Coarse,False,203,33,7,79,0.3526883522761053,0.0984621953733297,0.027142022436739535,0.03345373884633604,0.06900227767865122,0.5674325674325674,-0.0063117164095965045
2025-04-25,coarse_all,Coarse | With PSU,Sector_Coarse,False,203,33,7,79,0.37175374542391093,0.16667299663199409,0.04345110045421368,0.03279293475570225,0.06942879525062066,0.21678321678321677,0.010658165698511433
2025-05-02,coarse_all,Coarse | With PSU,Sector_Coarse,False,203,33,7,79,0.2600566328774945,0.18342399140396,0.04722578583290716,0.03277007718306454,0.06519864645055222,0.18681318681318682,0.014455708649842622
2025-05-09,coarse_all,Coarse | With PSU,Sector_Coarse,False,203,33,7,79,0.27828742902345993,0.1962434915612362,0.04795712099114679,0.03301280935098987,0.06780274924829954,0.17682317682317683,0.014944311640156915
2025-05-16,coarse_all,Coarse | With PSU,Sector_Coarse,False,203,33,7,79,0.4794873857698905,0.2389870062783898,0.04809086276747682,0.032622986708175206,0.06771276028433812,0.18581418581418582,0.015467876059301618
2025-05-23,coarse_all,Coarse | With PSU,Sector_Coarse,False,203,33,7,79,0.1788965247580584,1.2185393794666204,0.17954106335692774,0.031839838157218095,0.1476205276462327,0.014985014985014986,0.14770122519970963
2025-05-30,coarse_all,Coarse | With PSU,Sector_Coarse,False,203,33,7,79,0.3306836501843444,0.12402406504665807,0.05867891590440325,0.03268661481571811,0.06879284552943216,0.0959040959040959,0.025992301088685145
2025-06-06,coarse_all,Coarse | With PSU,Sector_Coarse,False,203,33,7,79,0.21128222490674364,0.2179258599388726,0.014334515618311493,0.032144223638750545,0.07017532786478078,0.8481518481518482,-0.017809708020439054
2025-06-13,coarse_all,Coarse | With PSU,Sector_Coarse,False,203,33,7,79,0.38833362430141616,0.1120859380997821,0.02995943920074184,0.03268372208998402,0.0733371662041349,0.45854145854145856,-0.002724282889242178
2025-06-20,coarse_all,Coarse | With PSU,Sector_Coarse,False,203,33,7,79,0.3255032375556939,0.12248682353201362,0.09836969569371481,0.03277577171122545,0.06975391566456031,0.008991008991008992,0.06559392398248937
2025-06-27,coarse_all,Coarse | With PSU,Sector_Coarse,False,203,33,7,79,0.47561976458333644,0.12176906508053197,0.0699284094846945,0.03265297471310297,0.07159475867905092,0.054945054945054944,0.03727543477159154
2025-07-04,coarse_all,Coarse | With PSU,Sector_Coarse,False,203,33,7,79,0.27380625978744644,0.1419872660157378,0.036481604067114995,0.03305847037795875,0.0711053425428082,0.35264735264735264,0.0034231336891562478
2025-07-11,coarse_all,Coarse | With PSU,Sector_Coarse,False,203,33,7,79,0.2180257294384459,0.1601132732026187,0.0080674612727321,0.03251437985849176,0.07689208291754326,0.961038961038961,-0.02444691858575966
2025-07-18,coarse_all,Coarse | With PSU,Sector_Coarse,False,203,33,7,79,0.33653307748112715,0.11103981711663449,0.03179821531105325,0.03262012171184554,0.06544151738110239,0.45054945054945056,-0.0008219064007922924
2025-07-25,coarse_all,Coarse | With PSU,Sector_Coarse,False,203,33,7,79,0.25251703201753783,0.12179410139211946,0.021196047923073006,0.03277322930872989,0.06778809811338916,0.7182817182817183,-0.011577181385656884
2025-08-01,coarse_all,Coarse | With PSU,Sector_Coarse,False,203,33,7,79,0.31208881627769114,0.1545913408508017,0.054119258602215774,0.031983724570209274,0.06659035092131135,0.11488511488511488,0.0221355340320065
2025-08-08,coarse_all,Coarse | With PSU,Sector_Coarse,False,203,33,7,79,0.25543828063924123,0.13104866256865272,0.055153042990965045,0.0330724275253922,0.06833891712948648,0.11688311688311688,0.022080615465572842
2025-08-15,coarse_all,Coarse | With PSU,Sector_Coarse,False,203,33,7,79,0.3108072421217283,0.09462498855758379,0.012633435281747728,0.03322534562150699,0.07094380792779735,0.8851148851148851,-0.02059191033975926
2025-08-22,coarse_all,Coarse | With PSU,Sector_Coarse,False,203,33,7,79,0.3575629518434327,0.13999370004409117,0.07194419798535459,0.032381712535711156,0.0669027574013115,0.03396603396603397,0.039562485449643435
2025-08-29,coarse_all,Coarse | With PSU,Sector_Coarse,False,203,33,7,79,0.402531781468637,0.09083209652647686,0.0210870858752455,0.032375816890461956,0.06685701439576022,0.7042957042957043,-0.011288731015216456
2025-09-05,coarse_all,Coarse | With PSU,Sector_Coarse,False,203,33,7,79,0.4027424821564951,0.10355119393569266,0.04086164632294924,0.03264049404339219,0.06473463376405417,0.26373626373626374,0.008221152279557047
2025-09-12,coarse_all,Coarse | With PSU,Sector_Coarse,False,203,33,7,79,0.39663351528353663,0.10668397156053966,0.055320070425735716,0.032664237865685564,0.06596554916880451,0.11588411588411589,0.022655832560050153
2025-09-19,coarse_all,Coarse | With PSU,Sector_Coarse,False,203,33,7,79,0.3355071154663676,0.08429533525410923,0.14397265969814318,0.03301191181825094,0.06489189269637377,0.000999000999000999,0.11096074787989224
2025-09-26,coarse_all,Coarse | With PSU,Sector_Coarse,False,203,33,7,79,0.40720275860168875,0.11991328681442918,0.03497968159420219,0.031454833534716745,0.0635761948419384,0.3436563436563437,0.0035248480594854484
2025-10-03,coarse_all,Coarse | With PSU,Sector_Coarse,False,197,32,7,74,0.3616396657930213,0.6068429622713303,0.023054904521607675,0.033867542489211144,0.10957652778416718,0.4885114885114885,-0.01081263796760347
2025-10-10,coarse_all,Coarse | With PSU,Sector_Coarse,False,204,33,7,74,0.3074467766623993,0.11542606945109912,0.02094280878251024,0.03206220878814426,0.06337178596528187,0.7122877122877123,-0.011119400005634019
2025-10-17,coarse_all,Coarse | With PSU,Sector_Coarse,False,204,33,7,74,0.4581907693600109,0.40103830104583965,0.07146355288754082,0.031137371325150483,0.12506191004209918,0.1008991008991009,0.04032618156239033
2025-10-24,coarse_all,Coarse | With PSU,Sector_Coarse,False,204,33,7,74,0.24527665589589498,0.09877329268617631,0.023909558569486324,0.03339734725782256,0.06780500844024856,0.6503496503496503,-0.00948778868833624
2025-10-31,coarse_all,Coarse | With PSU,Sector_Coarse,False,204,33,7,74,0.17684650797046997,0.18902762272582838,0.06381982076541128,0.033094926080246154,0.06878625954998732,0.06993006993006994,0.03072489468516512
2025-11-07,coarse_all,Coarse | With PSU,Sector_Coarse,False,204,33,7,74,0.2618980878422551,0.17219022639223475,0.023424854484785443,0.03296220245673777,0.07208322898607401,0.6403596403596403,-0.009537347971952326
2025-11-14,coarse_all,Coarse | With PSU,Sector_Coarse,False,204,33,7,74,0.2114801899428057,0.15780321087661997,0.04341188884647178,0.03149514854989218,0.0649596501546123,0.21078921078921078,0.011916740296579596
2025-11-21,coarse_all,Coarse | With PSU,Sector_Coarse,False,204,33,7,74,0.23870065627875203,0.11494323978987188,0.05179714608816283,0.032135667383179085,0.0683737604681145,0.13786213786213786,0.019661478704983748
2025-11-28,coarse_all,Coarse | With PSU,Sector_Coarse,False,204,33,7,74,0.23341574340423543,0.10151078939886485,0.07947457368687706,0.03381877916009156,0.06891821411611868,0.03296703296703297,0.045655794526785504
2025-12-05,coarse_all,Coarse | With PSU,Sector_Coarse,False,204,33,7,74,0.35931010681865105,0.11449757519342652,0.029139250337107174,0.033340335103478815,0.07276208446852173,0.4875124875124875,-0.0042010847663716405
2025-12-12,coarse_all,Coarse | With PSU,Sector_Coarse,False,204,33,7,74,0.2516837354891489,0.10144241453759685,0.03452906626725866,0.032555840040292126,0.06955157392873529,0.37362637362637363,0.0019732262269665304
2025-12-19,coarse_all,Coarse | With PSU,Sector_Coarse,False,204,33,7,74,0.13652059902604696,0.09956779585661986,0.046069621183044356,0.03268328495941256,0.06962498421520859,0.20279720279720279,0.013386336223631792
2025-12-26,coarse_all,Coarse | With PSU,Sector_Coarse,False,204,33,7,74,0.3535282740035156,0.14290809096875406,0.0793587711900734,0.03172359873053268,0.08039222287667562,0.054945054945054944,0.047635172459540714
2015-01-09,coarse_ex_psu,Coarse | Ex PSU,Sector_Coarse,True,143,31,7,26,0.3595772303535849,0.1528569372826008,0.038554951154648125,0.048661715206258324,0.09708826491379395,0.5854145854145855,-0.0101067640516102
2015-01-16,coarse_ex_psu,Coarse | Ex PSU,Sector_Coarse,True,143,31,7,26,0.5114125523923936,0.17280735359144217,0.049366513189898285,0.04941436679362932,0.10336555401416368,0.42157842157842157,-4.7853603731037864e-05
2015-01-23,coarse_ex_psu,Coarse | Ex PSU,Sector_Coarse,True,143,31,7,26,0.20885099835171161,0.2571912518388292,0.0897911180572565,0.04796896489082333,0.11216286505328182,0.0999000999000999,0.04182215316643317
2015-01-30,coarse_ex_psu,Coarse | Ex PSU,Sector_Coarse,True,143,31,7,26,0.17218354997783192,0.27271427578540686,0.03806707039727699,0.04580441578548629,0.12483027534544433,0.4515484515484515,-0.007737345388209298
2015-02-06,coarse_ex_psu,Coarse | Ex PSU,Sector_Coarse,True,143,31,7,26,0.47062469502888626,0.19368572819444574,0.038259580910307685,0.04867746040616088,0.09658326908587125,0.6013986013986014,-0.010417879495853197
2015-02-13,coarse_ex_psu,Coarse | Ex PSU,Sector_Coarse,True,143,31,7,26,0.260128846266949,0.2622879999956568,0.02466490850249166,0.048955746301081196,0.10599320164273641,0.8081918081918081,-0.024290837798589537
2015-02-20,coarse_ex_psu,Coarse | Ex PSU,Sector_Coarse,True,143,31,7,26,0.2650378928236462,0.22355506798635222,0.03878501468604882,0.04789918251058417,0.1234530510479963,0.45754245754245754,-0.009114167824535349
2015-02-27,coarse_ex_psu,Coarse | Ex PSU,Sector_Coarse,True,143,31,7,26,0.2800952572588916,0.12809340314417653,0.040229017609409654,0.047926283711901926,0.10343598343437388,0.5174825174825175,-0.007697266102492273
2015-03-06,coarse_ex_psu,Coarse | Ex PSU,Sector_Coarse,True,143,31,7,26,0.3092652540013061,0.21148778566508977,0.021734842539725092,0.04788737400207008,0.09736621384028238,0.8361638361638362,-0.026152531462344985
2015-03-13,coarse_ex_psu,Coarse | Ex PSU,Sector_Coarse,True,143,31,7,26,0.510525387432555,0.1602513011200286,0.028777965999186046,0.04875343831908886,0.09730051821804174,0.7662337662337663,-0.019975472319902817
2015-03-20,coarse_ex_psu,Coarse | Ex PSU,Sector_Coarse,True,143,31,7,26,0.3141993643663036,0.16267679595960516,0.08603992593152629,0.0487055017948067,0.10983981949040454,0.11988011988011989,0.03733442413671959
2015-03-27,coarse_ex_psu,Coarse | Ex PSU,Sector_Coarse,True,143,31,7,26,0.2233941150981954,0.15022247467097455,0.03608253869918304,0.04942889642714925,0.1147631242211256,0.5894105894105894,-0.013346357727966211
2015-04-03,coarse_ex_psu,Coarse | Ex PSU,Sector_Coarse,True,143,31,7,26,0.20419287422741628,0.10405973291418952,0.023229436103714227,0.04808026790055848,0.09893638306867654,0.8211788211788211,-0.02485083179684425
2015-04-10,coarse_ex_psu,Coarse | Ex PSU,Sector_Coarse,True,143,31,7,26,0.3103801776668177,0.2512387432649489,0.04784028912667825,0.04762525732836413,0.11075826466118868,0.3726273726273726,0.00021503179831412061
2015-04-17,coarse_ex_psu,Coarse | Ex PSU,Sector_Coarse,True,143,31,7,26,0.3539322046717519,0.11863557703555515,0.01596571743418378,0.04757113448891165,0.09639977109399533,0.9500499500499501,-0.03160541705472787
2015-04-24,coarse_ex_psu,Coarse | Ex PSU,Sector_Coarse,True,143,31,7,26,0.3041893499499869,0.1544947167458718,0.09557270775047752,0.04636876609474579,0.08997007064700845,0.04195804195804196,0.04920394165573173
2015-05-01,coarse_ex_psu,Coarse | Ex PSU,Sector_Coarse,True,143,31,7,26,0.3087345249049843,0.2091415906009177,0.014790492922803291,0.04736120178440178,0.11342019989726292,0.922077922077922,-0.03257070886159849
2015-05-08,coarse_ex_psu,Coarse | Ex PSU,Sector_Coarse,True,143,31,7,26,0.18802462581240253,0.19590328970218016,0.1430778532893057,0.04613833632086039,0.09821156051891049,0.00999000999000999,0.0969395169684453
2015-05-15,coarse_ex_psu,Coarse | Ex PSU,Sector_Coarse,True,143,31,7,26,0.2380969842470465,0.1914180460245808,0.05189462310868395,0.04936613131633162,0.10497753049705816,0.3806193806193806,0.0025284917923523303
2015-05-22,coarse_ex_psu,Coarse | Ex PSU,Sector_Coarse,True,143,31,7,26,0.2743705639773577,0.18704413316822832,0.03917535836069428,0.04822506235655152,0.10253784279049977,0.5714285714285714,-0.009049703995857236
2015-05-29,coarse_ex_psu,Coarse | Ex PSU,Sector_Coarse,True,135,31,7,25,0.3433138032852441,0.15737719765727154,0.1097549248539298,0.05250346396448386,0.11899640079924721,0.06993006993006994,0.057251460889445945
2015-06-05,coarse_ex_psu,Coarse | Ex PSU,Sector_Coarse,True,143,32,7,26,0.2187805553114991,0.394130416628778,0.031163969060496455,0.046188155114902645,0.13483360806471492,0.4955044955044955,-0.01502418605440619
2015-06-12,coarse_ex_psu,Coarse | Ex PSU,Sector_Coarse,True,143,32,7,26,0.3055047331974372,0.16059900059262713,0.041349482115322515,0.04628860888058903,0.09921254743490064,0.4775224775224775,-0.004939126765266512
2015-06-19,coarse_ex_psu,Coarse | Ex PSU,Sector_Coarse,True,143,32,7,26,0.29101222122799997,0.15740594985406753,0.07675211160194849,0.04868056109969358,0.10127865711148806,0.14085914085914086,0.028071550502254912
2015-06-26,coarse_ex_psu,Coarse | Ex PSU,Sector_Coarse,True,143,32,7,26,0.3564653322729606,0.14548552088497724,0.06283991320673002,0.0479925805329827,0.10300625181209012,0.2547452547452547,0.01484733267374732
2015-07-03,coarse_ex_psu,Coarse | Ex PSU,Sector_Coarse,True,143,32,7,26,0.27688535391208,0.14117694989276844,0.06864652447164195,0.04741920695788083,0.11007658192738057,0.2077922077922078,0.02122731751376112
2015-07-10,coarse_ex_psu,Coarse | Ex PSU,Sector_Coarse,True,143,32,7,26,0.37824737951959997,0.13304107781492305,0.044711404034182015,0.04848648143857909,0.1011772960271954,0.47352647352647353,-0.003775077404397073
2015-07-17,coarse_ex_psu,Coarse | Ex PSU,Sector_Coarse,True,143,32,7,26,0.2829749420965486,0.09201385897942735,0.08959297220094439,0.04844475762789236,0.10051430592711677,0.08091908091908091,0.04114821457305203
2015-07-24,coarse_ex_psu,Coarse | Ex PSU,Sector_Coarse,True,143,32,7,26,0.29449442884105514,0.17327156855923864,0.030326284796004594,0.04742107521652192,0.09956390454241479,0.6793206793206793,-0.017094790420517324
2015-07-31,coarse_ex_psu,Coarse | Ex PSU,Sector_Coarse,True,143,32,7,26,0.26160119016053296,0.1895625521400658,0.07034452796586352,0.04900560690249494,0.10064735304663447,0.18581418581418582,0.021338921063368578
2015-08-07,coarse_ex_psu,Coarse | Ex PSU,Sector_Coarse,True,143,32,7,26,0.20807504926582687,0.22204634069230914,0.0334652292793568,0.046289223002233856,0.1059092072272885,0.5784215784215784,-0.012823993722877056
2015-08-14,coarse_ex_psu,Coarse | Ex PSU,Sector_Coarse,True,143,32,7,26,0.555344145392451,0.1950821253603996,0.0959203518368426,0.048434171518827354,0.10391175277542838,0.06493506493506493,0.04748618031801524
2015-08-21,coarse_ex_psu,Coarse | Ex PSU,Sector_Coarse,True,143,32,7,26,0.3367796026635279,0.25032624491692057,0.04126855049694377,0.050060851086538634,0.12041669597442764,0.4865134865134865,-0.008792300589594862
2015-08-28,coarse_ex_psu,Coarse | Ex PSU,Sector_Coarse,True,143,32,7,26,0.24914506104500111,0.18794199376910853,0.013893878446738676,0.05045453427576857,0.11450941246315074,0.954045954045954,-0.0365606558290299
2015-09-04,coarse_ex_psu,Coarse | Ex PSU,Sector_Coarse,True,143,32,7,26,0.23807647796147025,0.1914774645160889,0.061926583251173874,0.048192123054603575,0.1097224908338202,0.25374625374625376,0.013734460196570299
2015-09-11,coarse_ex_psu,Coarse | Ex PSU,Sector_Coarse,True,143,32,7,26,0.35854197967693324,0.15271337788922895,0.04385976293535548,0.04862967564769186,0.10584640394033713,0.47152847152847155,-0.0047699127123363855
2015-09-18,coarse_ex_psu,Coarse | Ex PSU,Sector_Coarse,True,143,32,7,26,0.29361224755410864,0.153188577578925,0.05914495835012167,0.04891728906100775,0.1019505709694486,0.2977022977022977,0.010227669289113922
2015-09-25,coarse_ex_psu,Coarse | Ex PSU,Sector_Coarse,True,143,32,7,26,0.32670260053857125,0.1612825026096813,0.041738480799619074,0.04727807072755817,0.10314480972981832,0.4965034965034965,-0.005539589927939098
2015-10-02,coarse_ex_psu,Coarse | Ex PSU,Sector_Coarse,True,143,32,7,26,0.3695400046723326,0.16761142347193203,0.016255401260264854,0.04859937476232243,0.0971950411045324,0.9460539460539461,-0.032343973502057574
2015-10-09,coarse_ex_psu,Coarse | Ex PSU,Sector_Coarse,True,143,32,7,26,0.4549529986277592,0.20591933994800893,0.07602311544934046,0.04790709740777158,0.10417171312990567,0.15584415584415584,0.028116018041568873
2015-10-16,coarse_ex_psu,Coarse | Ex PSU,Sector_Coarse,True,143,32,7,26,0.3369125134066062,0.21168528371833387,0.03326496086465497,0.04952919071681987,0.14516955094479778,0.5054945054945055,-0.0162642298521649
2015-10-23,coarse_ex_psu,Coarse | Ex PSU,Sector_Coarse,True,143,32,7,26,0.2959433485427341,0.10292775447872873,0.0723956505715953,0.0486712312641899,0.10382266107788417,0.16083916083916083,0.023724419307405403
2015-10-30,coarse_ex_psu,Coarse | Ex PSU,Sector_Coarse,True,137,31,7,25,0.3040703050463138,0.17124830808695907,0.09690225572815954,0.0488645860566659,0.10693494481271693,0.07692307692307693,0.04803766967149364
2015-11-06,coarse_ex_psu,Coarse | Ex PSU,Sector_Coarse,True,146,32,7,26,0.3117200449045585,0.1610494690583278,0.03399342486637319,0.04631352404354776,0.09399402616131854,0.6383616383616384,-0.012320099177174568
2015-11-13,coarse_ex_psu,Coarse | Ex PSU,Sector_Coarse,True,146,32,7,26,0.25699894135355517,0.15272219377592874,0.025218196303965143,0.0468321878782028,0.0948094952883331,0.7952047952047953,-0.021613991574237656
2015-11-20,coarse_ex_psu,Coarse | Ex PSU,Sector_Coarse,True,146,32,7,26,0.20556120501131092,0.17204845562026558,0.021994694052744547,0.047433565203024976,0.111429625088363,0.8021978021978022,-0.02543887115028043
2015-11-27,coarse_ex_psu,Coarse | Ex PSU,Sector_Coarse,True,146,32,7,26,0.3239288453986535,0.10288040798916855,0.07089942466916212,0.04684800424810903,0.09874900399203569,0.17182817182817184,0.024051420421053085
2015-12-04,coarse_ex_psu,Coarse | Ex PSU,Sector_Coarse,True,146,32,7,26,0.3039765798179892,0.1223950710377967,0.07485420312635903,0.046260072239836234,0.09489933693684319,0.12787212787212787,0.028594130886522795
2015-12-11,coarse_ex_psu,Coarse | Ex PSU,Sector_Coarse,True,146,32,7,26,0.41363375342544173,0.13016618784045192,0.05560541003800469,0.04679334975846035,0.09589817951379047,0.3176823176823177,0.008812060279544343
2015-12-18,coarse_ex_psu,Coarse | Ex PSU,Sector_Coarse,True,146,32,7,26,0.23854171654582357,0.08118405378688057,0.07207900128759535,0.0456033602455507,0.09757927189572664,0.16083916083916083,0.026475641042044654
2015-12-25,coarse_ex_psu,Coarse | Ex PSU,Sector_Coarse,True,146,32,7,26,0.5115676225136798,0.055914360738956115,0.02152691191549769,0.04701092902911376,0.09656198331029225,0.8591408591408591,-0.02548401711361607
2016-01-01,coarse_ex_psu,Coarse | Ex PSU,Sector_Coarse,True,144,32,7,27,0.3873781228895624,0.1016589861391865,0.07771132690836939,0.047780474463148134,0.12689593684250258,0.16683316683316685,0.029930852445221257
2016-01-08,coarse_ex_psu,Coarse | Ex PSU,Sector_Coarse,True,144,32,7,27,0.3428347913754045,0.14121311782141932,0.06837468823511894,0.04849761087539436,0.09416570713488061,0.2017982017982018,0.019877077359724583
2016-01-15,coarse_ex_psu,Coarse | Ex PSU,Sector_Coarse,True,144,32,7,27,0.4391375913984761,0.2246109548762389,0.022574535220085373,0.04797890637640081,0.09732961656109448,0.8311688311688312,-0.025404371156315435
2016-01-22,coarse_ex_psu,Coarse | Ex PSU,Sector_Coarse,True,144,32,7,27,0.2150611534283008,0.20873379878743703,0.0527243930045787,0.04660235762626886,0.09832831309942487,0.32967032967032966,0.00612203537830984
2016-01-29,coarse_ex_psu,Coarse | Ex PSU,Sector_Coarse,True,144,32,7,27,0.2345091915287253,0.21186298840073092,0.08273952564010457,0.047149292817672786,0.12304447848079114,0.15284715284715283,0.03559023282243179
2016-02-05,coarse_ex_psu,Coarse | Ex PSU,Sector_Coarse,True,144,32,7,27,0.2389317191145679,0.31911288002853255,0.046897870499308235,0.047914224354345065,0.11582811705408817,0.40559440559440557,-0.0010163538550368306
2016-02-12,coarse_ex_psu,Coarse | Ex PSU,Sector_Coarse,True,144,32,7,27,0.34931256976319547,0.36925974945070195,0.07078134818480102,0.04764797363130948,0.10380774582746732,0.17682317682317683,0.023133374553491536
2016-02-19,coarse_ex_psu,Coarse | Ex PSU,Sector_Coarse,True,144,32,7,27,0.46388725866087244,0.2023079957056506,0.10540911870280682,0.04934686379675172,0.09993709180465446,0.03796203796203796,0.056062254906055105
2016-02-26,coarse_ex_psu,Coarse | Ex PSU,Sector_Coarse,True,144,32,7,27,0.23969478042821446,0.10366812965909991,0.053624891307560575,0.04736823014820801,0.09710723904308201,0.3336663336663337,0.0062566611593525626
2016-03-04,coarse_ex_psu,Coarse | Ex PSU,Sector_Coarse,True,144,32,7,27,0.45050991913064875,0.2648066969753046,0.09467837899299637,0.048611596497250206,0.10625632087336606,0.08591408591408592,0.04606678249574617
2016-03-11,coarse_ex_psu,Coarse | Ex PSU,Sector_Coarse,True,144,32,7,27,0.37969522226834007,0.09919315707542764,0.06524634567156347,0.04805174033270438,0.10480912690166289,0.22677322677322678,0.01719460533885909
2016-03-18,coarse_ex_psu,Coarse | Ex PSU,Sector_Coarse,True,144,32,7,27,0.2959527026109703,0.18409294499489903,0.046100193609590404,0.04730829882941155,0.1017063261188786,0.42357642357642356,-0.0012081052198211484
2016-03-25,coarse_ex_psu,Coarse | Ex PSU,Sector_Coarse,True,144,32,7,27,0.37514956019472745,0.10784614818548735,0.0243254670487773,0.04871707494890883,0.10631295308471879,0.8041958041958042,-0.02439160790013153
2016-04-01,coarse_ex_psu,Coarse | Ex PSU,Sector_Coarse,True,144,32,7,27,0.34336560555472617,0.11557762347275315,0.08753486392932619,0.04862539693907695,0.098394992908595,0.0919080919080919,0.03890946699024924
2016-04-08,coarse_ex_psu,Coarse | Ex PSU,Sector_Coarse,True,144,32,7,27,0.24385076814169382,0.17015370720159628,0.04063063039881537,0.04884744480035101,0.09782192623834263,0.5414585414585414,-0.008216814401535641
2016-04-15,coarse_ex_psu,Coarse | Ex PSU,Sector_Coarse,True,144,32,7,27,0.38007205960415746,0.06747088482764343,0.13121722607079783,0.04854474136021329,0.0976681418827756,0.011988011988011988,0.08267248471058454
2016-04-22,coarse_ex_psu,Coarse | Ex PSU,Sector_Coarse,True,144,32,7,27,0.2938686961950938,0.15149477704905062,0.04860751426631349,0.04905506321313557,0.10378380015539354,0.4325674325674326,-0.0004475489468220781
2016-04-29,coarse_ex_psu,Coarse | Ex PSU,Sector_Coarse,True,131,23,7,28,0.20607741597325235,1.181741866356816,0.18310737977454647,0.052545631067399394,0.17148856682062524,0.04395604395604396,0.13056174870714707
2016-05-06,coarse_ex_psu,Coarse | Ex PSU,Sector_Coarse,True,146,29,7,30,0.3729776921608339,0.1399801642051045,0.12680653653939308,0.04731579490919874,0.09561603703258263,0.008991008991008992,0.07949074163019434
2016-05-13,coarse_ex_psu,Coarse | Ex PSU,Sector_Coarse,True,146,29,7,30,0.41906805685994386,0.09982878499935599,0.037633114262868125,0.046870779020615844,0.0917699518497141,0.5774225774225774,-0.009237664757747718
2016-05-20,coarse_ex_psu,Coarse | Ex PSU,Sector_Coarse,True,146,29,7,30,0.24615754671372747,0.09813869690025517,0.02664586603095477,0.04542969462544677,0.10309519099135926,0.7392607392607392,-0.018783828594492
2016-05-27,coarse_ex_psu,Coarse | Ex PSU,Sector_Coarse,True,146,29,7,30,0.26586589321612,0.1903675927246246,0.05901373378020608,0.048618742897840364,0.1022837212609701,0.3076923076923077,0.010394990882365715
2016-06-03,coarse_ex_psu,Coarse | Ex PSU,Sector_Coarse,True,146,29,7,30,0.1982663415429501,0.1887641839869677,0.011067287784976614,0.04603004482481425,0.0988754695007695,0.968031968031968,-0.03496275703983764
2016-06-10,coarse_ex_psu,Coarse | Ex PSU,Sector_Coarse,True,146,29,7,30,0.40269609548124086,0.11973667081327657,0.036108118934977354,0.04675674167968174,0.10940144381017765,0.5384615384615384,-0.010648622744704385
2016-06-17,coarse_ex_psu,Coarse | Ex PSU,Sector_Coarse,True,146,29,7,30,0.17073254098263957,0.10884298426731467,0.0900546953247658,0.04592315586142616,0.1016825668059153,0.07792207792207792,0.04413153946333964
2016-06-24,coarse_ex_psu,Coarse | Ex PSU,Sector_Coarse,True,146,29,7,30,0.18038488565663058,0.14098876559743162,0.041865020464216474,0.04590504589594618,0.10164523869918964,0.46153846153846156,-0.004040025431729703
2016-07-01,coarse_ex_psu,Coarse | Ex PSU,Sector_Coarse,True,146,29,7,30,0.3669753725319934,0.10837822765784316,0.07804987089815005,0.047817987423036924,0.09562838967525489,0.11988011988011989,0.030231883475113124
2016-07-08,coarse_ex_psu,Coarse | Ex PSU,Sector_Coarse,True,146,29,7,30,0.2265478055203316,0.09620487607170762,0.055531144715608424,0.04680885311630978,0.09423785916692115,0.3096903096903097,0.008722291599298646
2016-07-15,coarse_ex_psu,Coarse | Ex PSU,Sector_Coarse,True,146,29,7,30,0.43551145577879724,0.12269787489517983,0.1128536607277602,0.04620281708701714,0.09514999321445865,0.016983016983016984,0.06665084364074306
2016-07-22,coarse_ex_psu,Coarse | Ex PSU,Sector_Coarse,True,146,29,7,30,0.1994926145595931,0.09766570793161451,0.03793901845502209,0.0471782766205406,0.10095712727599317,0.5624375624375625,-0.009239258165518516
2016-07-29,coarse_ex_psu,Coarse | Ex PSU,Sector_Coarse,True,146,29,7,30,0.1928183430423095,0.2533582990855842,0.023749115854904714,0.04790898735280321,0.1167800753593928,0.7562437562437563,-0.024159871497898496
2016-08-05,coarse_ex_psu,Coarse | Ex PSU,Sector_Coarse,True,146,29,7,30,0.27561293939291454,0.17215359313255618,0.06309802873971958,0.04633683078014019,0.09208942052385242,0.24175824175824176,0.016761197959579387
2016-08-12,coarse_ex_psu,Coarse | Ex PSU,Sector_Coarse,True,146,29,7,30,0.34355983352834985,0.20855274714639574,0.03900267339888432,0.04761185965194278,0.11658171981856606,0.4785214785214785,-0.008609186253058454
2016-08-19,coarse_ex_psu,Coarse | Ex PSU,Sector_Coarse,True,146,29,7,30,0.1818711524177653,0.2112913461302553,0.015351758958783376,0.04788613711454236,0.13967404858342405,0.8421578421578422,-0.03253437815575898
2016-08-26,coarse_ex_psu,Coarse | Ex PSU,Sector_Coarse,True,146,29,7,30,0.24239268381650203,0.11631912119662172,0.05630861606707702,0.04683093788765282,0.0950397623617408,0.3026973026973027,0.009477678179424201
2016-09-02,coarse_ex_psu,Coarse | Ex PSU,Sector_Coarse,True,146,29,7,30,0.4193533622981982,0.11522923562657365,0.04714855254018547,0.048447678435572204,0.1005033532897684,0.43456543456543456,-0.0012991258953867352
2016-09-09,coarse_ex_psu,Coarse | Ex PSU,Sector_Coarse,True,146,29,7,30,0.22556620273576278,0.12209537567065132,0.02962192122656383,0.0463525261387327,0.0956792111030914,0.7102897102897103,-0.016730604912168868
2016-09-16,coarse_ex_psu,Coarse | Ex PSU,Sector_Coarse,True,146,29,7,30,0.37989147653620337,0.10199636189723614,0.04694723047057489,0.046776355065632054,0.09279266703931685,0.4325674325674326,0.0001708754049428371
2016-09-23,coarse_ex_psu,Coarse | Ex PSU,Sector_Coarse,True,146,29,7,30,0.20244882035916856,0.13648607991316655,0.02531432160855203,0.045177921086144476,0.09545967440205852,0.7762237762237763,-0.019863599477592447
2016-09-30,coarse_ex_psu,Coarse | Ex PSU,Sector_Coarse,True,143,26,7,30,0.347213243745663,0.17596820327798895,0.1145287951067882,0.047720223353055376,0.10611958138325765,0.03496503496503497,0.06680857175373284
2016-10-07,coarse_ex_psu,Coarse | Ex PSU,Sector_Coarse,True,150,26,7,32,0.3599151390590869,0.11034993004624526,0.016655334884689794,0.04536157781485862,0.0871280070281024,0.926073926073926,-0.028706242930168824
2016-10-14,coarse_ex_psu,Coarse | Ex PSU,Sector_Coarse,True,150,26,7,32,0.24707729177060345,0.06654087691284588,0.05287703806483918,0.0450946944692023,0.09682741892957494,0.3106893106893107,0.007782343595636877
2016-10-21,coarse_ex_psu,Coarse | Ex PSU,Sector_Coarse,True,150,26,7,32,0.2586314897085913,0.11994989312921059,0.09757431086687908,0.045322073661762545,0.09346724691866576,0.04195804195804196,0.052252237205116535
2016-10-28,coarse_ex_psu,Coarse | Ex PSU,Sector_Coarse,True,150,26,7,32,0.17441376443802825,0.21873288086448145,0.0441526868357228,0.045253561104321535,0.09099479354198604,0.44255744255744256,-0.0011008742685987352
2016-11-04,coarse_ex_psu,Coarse | Ex PSU,Sector_Coarse,True,150,26,7,32,0.2773179561186172,0.1528622125575349,0.07499707136035934,0.04541128486382608,0.09075627495255838,0.11988011988011989,0.029585786496533255
2016-11-11,coarse_ex_psu,Coarse | Ex PSU,Sector_Coarse,True,150,26,7,32,0.40333927792759827,0.27097314931490074,0.05080689855098954,0.044501630285412944,0.09253437602647457,0.3146853146853147,0.006305268265576598
2016-11-18,coarse_ex_psu,Coarse | Ex PSU,Sector_Coarse,True,150,26,7,32,0.3582361449609799,0.1771455324213328,0.09034030218609759,0.046823214674463355,0.09250183364122766,0.060939060939060936,0.04351708751163424
2016-11-25,coarse_ex_psu,Coarse | Ex PSU,Sector_Coarse,True,150,26,7,32,0.3055426777032225,0.20387904447889854,0.06261835637526406,0.04483459782659634,0.09287294291215692,0.2007992007992008,0.01778375854866772
2016-12-02,coarse_ex_psu,Coarse | Ex PSU,Sector_Coarse,True,150,26,7,32,0.2323411111649527,0.14163944090387506,0.15220138707921776,0.04608026938621499,0.09551962463896926,0.005994005994005994,0.10612111769300278
2016-12-09,coarse_ex_psu,Coarse | Ex PSU,Sector_Coarse,True,150,26,7,32,0.33565155317783923,0.13553211856935804,0.04357452906024146,0.04558397047929045,0.0902497613277506,0.45354645354645357,-0.0020094414190489907
2016-12-16,coarse_ex_psu,Coarse | Ex PSU,Sector_Coarse,True,150,26,7,32,0.3517202439054936,0.13150429625846108,0.022561267761234502,0.046532084494750894,0.09465433595065507,0.8401598401598401,-0.023970816733516392
2016-12-23,coarse_ex_psu,Coarse | Ex PSU,Sector_Coarse,True,150,26,7,32,0.18242471112157377,0.18281317020345,0.014496856206545578,0.0469471557404717,0.1427814817746332,0.8621378621378621,-0.03245029953392613
2016-12-30,coarse_ex_psu,Coarse | Ex PSU,Sector_Coarse,True,149,25,7,32,0.30654979585268627,0.08310430103979152,0.06952965846804662,0.04468822869813629,0.09338604069825822,0.15484515484515485,0.024841429769910335
2017-01-06,coarse_ex_psu,Coarse | Ex PSU,Sector_Coarse,True,150,25,7,32,0.32659557187147414,0.11825956627812739,0.01962257777341797,0.045330583622312424,0.08650282427560327,0.8821178821178821,-0.025708005848894454
2017-01-13,coarse_ex_psu,Coarse | Ex PSU,Sector_Coarse,True,150,25,7,32,0.28854959772899624,0.10177833887631771,0.03877332574944282,0.04604464197190354,0.09759946297120543,0.5294705294705294,-0.007271316222460723
2017-01-20,coarse_ex_psu,Coarse | Ex PSU,Sector_Coarse,True,150,25,7,32,0.13798698356996864,0.1360233071183294,0.07723377067533892,0.0451226195571653,0.09734955478508134,0.13186813186813187,0.032111151118173614
2017-01-27,coarse_ex_psu,Coarse | Ex PSU,Sector_Coarse,True,150,25,7,32,0.33249024241145997,0.113846326098173,0.10869993859032775,0.04596636650027725,0.09543983574572258,0.025974025974025976,0.06273357209005051
2017-02-03,coarse_ex_psu,Coarse | Ex PSU,Sector_Coarse,True,150,25,7,32,0.2244726143812148,0.34106507608765035,0.052936498526318404,0.043656614342602554,0.11087111871396471,0.2787212787212787,0.00927988418371585
2017-02-10,coarse_ex_psu,Coarse | Ex PSU,Sector_Coarse,True,150,25,7,32,0.282079007052613,0.12987662798078736,0.039906491764127916,0.04561433921914792,0.09542385504214432,0.5244755244755245,-0.005707847455020003
2017-02-17,coarse_ex_psu,Coarse | Ex PSU,Sector_Coarse,True,150,25,7,32,0.2531602200780886,0.15078101092133556,0.0276873172795196,0.04707693912778862,0.12485531739293391,0.6543456543456544,-0.019389621848269017
2017-02-24,coarse_ex_psu,Coarse | Ex PSU,Sector_Coarse,True,150,25,7,32,0.2254125524378603,0.15951169355584283,0.12213106873447456,0.04483169095240641,0.09964872593134992,0.017982017982017984,0.07729937778206815
2017-03-03,coarse_ex_psu,Coarse | Ex PSU,Sector_Coarse,True,150,25,7,32,0.32238618252270657,0.0840940210012879,0.04780770317433601,0.04656466600339904,0.09173355613374909,0.4145854145854146,0.0012430371709369684
2017-03-10,coarse_ex_psu,Coarse | Ex PSU,Sector_Coarse,True,150,25,7,32,0.29263969156263925,0.0950956185153012,0.1711126140279269,0.04573137410971195,0.08954117738778307,0.000999000999000999,0.12538123991821495
2017-03-17,coarse_ex_psu,Coarse | Ex PSU,Sector_Coarse,True,150,25,7,32,0.2435883543283257,0.09337956172833542,0.062260062877253795,0.047236478816810895,0.10178264304087567,0.24775224775224775,0.0150235840604429
2017-03-24,coarse_ex_psu,Coarse | Ex PSU,Sector_Coarse,True,150,25,7,32,0.18433771114129216,0.1563646150828399,0.029163417379165738,0.04643677971496864,0.11517248370741458,0.6053946053946054,-0.0172733623358029
2017-03-31,coarse_ex_psu,Coarse | Ex PSU,Sector_Coarse,True,144,22,7,29,0.05574754840916629,1.1350195915190362,0.01245823882640248,0.05042701295301373,0.27159015307611595,0.29270729270729273,-0.03796877412661125
2017-04-07,coarse_ex_psu,Coarse | Ex PSU,Sector_Coarse,True,152,22,7,29,0.15458205545895298,0.14616576622060373,0.07020872982819991,0.04446801416114173,0.09685771038614288,0.14885114885114886,0.025740715667058177
2017-04-14,coarse_ex_psu,Coarse | Ex PSU,Sector_Coarse,True,152,22,7,29,0.31284496701023357,0.15403548461893157,0.20216379147700683,0.04618864535947253,0.1254614364157804,0.012987012987012988,0.1559751461175343
2017-04-21,coarse_ex_psu,Coarse | Ex PSU,Sector_Coarse,True,152,22,7,29,0.30280269777375923,0.181235655715487,0.10203739093732114,0.04505913084464761,0.11249737538178715,0.07392607392607392,0.05697826009267353
2017-04-28,coarse_ex_psu,Coarse | Ex PSU,Sector_Coarse,True,152,22,7,29,0.2409831726306949,0.20732279353161115,0.13093818727855377,0.04205935083242609,0.12776633350819241,0.04595404595404595,0.08887883644612768
2017-05-05,coarse_ex_psu,Coarse | Ex PSU,Sector_Coarse,True,152,22,7,29,0.32124634590570855,0.15537848149073136,0.03632941260265273,0.04469736765029022,0.09009718675471214,0.5564435564435565,-0.008367955047637488
2017-05-12,coarse_ex_psu,Coarse | Ex PSU,Sector_Coarse,True,152,22,7,29,0.208143268036161,0.15680064199764887,0.02872609093502082,0.045225558552458536,0.09667438808436854,0.6973026973026973,-0.016499467617437716
2017-05-19,coarse_ex_psu,Coarse | Ex PSU,Sector_Coarse,True,152,22,7,29,0.14643825656546483,0.14811912860092974,0.08809851112012221,0.04513938434001827,0.09816411949652527,0.07992007992007992,0.04295912678010394
2017-05-26,coarse_ex_psu,Coarse | Ex PSU,Sector_Coarse,True,151,22,7,28,0.43341629522613123,0.23232443725743435,0.13299581364336022,0.04432260755716045,0.08815569448533707,0.007992007992007992,0.08867320608619977
2017-06-02,coarse_ex_psu,Coarse | Ex PSU,Sector_Coarse,True,153,22,7,28,0.18227002496861033,0.280394965521472,0.1133315636312283,0.04395552056988499,0.10392209003068327,0.03896103896103896,0.06937604306134332
2017-06-09,coarse_ex_psu,Coarse | Ex PSU,Sector_Coarse,True,153,22,7,28,0.22389488690115222,0.19548520281915052,0.06915207700525326,0.04574881123378165,0.09830324476361638,0.16583416583416583,0.023403265771471615
2017-06-16,coarse_ex_psu,Coarse | Ex PSU,Sector_Coarse,True,153,22,7,28,0.1698156591118628,0.12619974339395995,0.028071371568007937,0.04561885255342412,0.10013522298382337,0.6983016983016983,-0.017547480985416183
2017-06-23,coarse_ex_psu,Coarse | Ex PSU,Sector_Coarse,True,153,22,7,28,0.18667889049433228,0.11666856175637871,0.10057077742426272,0.04761364573703837,0.1025614380747554,0.056943056943056944,0.05295713168722435
2017-06-30,coarse_ex_psu,Coarse | Ex PSU,Sector_Coarse,True,153,22,7,28,0.2859081080779601,0.0880267822538474,0.06675581890478026,0.04565482424846316,0.09496026519727695,0.17782217782217782,0.021100994656317096
2017-07-07,coarse_ex_psu,Coarse | Ex PSU,Sector_Coarse,True,153,22,7,28,0.12498574725557621,0.1636978256246734,0.07052347178861423,0.0439287380875191,0.0942358394283433,0.14385614385614387,0.026594733701095136
2017-07-14,coarse_ex_psu,Coarse | Ex PSU,Sector_Coarse,True,153,22,7,28,0.12289227767960975,0.12875988702449614,0.07047911067006296,0.044625315249434576,0.10223548419807887,0.15484515484515485,0.025853795420628385
2017-07-21,coarse_ex_psu,Coarse | Ex PSU,Sector_Coarse,True,153,22,7,28,0.13763898146242848,0.14035651855752748,0.0974000720458712,0.04477828613261289,0.10065858586337748,0.059940059940059943,0.05262178591325831
2017-07-28,coarse_ex_psu,Coarse | Ex PSU,Sector_Coarse,True,153,22,7,28,0.16839095157463912,0.18055380895589018,0.05195804343403121,0.04357500633899964,0.09523935002239275,0.3006993006993007,0.008383037095031569
2017-08-04,coarse_ex_psu,Coarse | Ex PSU,Sector_Coarse,True,153,22,7,28,0.2261456534055426,0.19855869065016674,0.05005240380219372,0.04521457294877288,0.09108475104269573,0.35364635364635366,0.004837830853420842
2017-08-11,coarse_ex_psu,Coarse | Ex PSU,Sector_Coarse,True,153,22,7,28,0.24091717582099925,0.31519327854436757,0.08607866996113332,0.04471096163689595,0.10300995626782476,0.0999000999000999,0.04136770832423737
2017-08-18,coarse_ex_psu,Coarse | Ex PSU,Sector_Coarse,True,153,22,7,28,0.20964347916385973,0.2119317044234759,0.023769591151456493,0.04505178396309946,0.10763681480205856,0.7462537462537463,-0.021282192811642967
2017-08-25,coarse_ex_psu,Coarse | Ex PSU,Sector_Coarse,True,153,22,7,28,0.29995222411996925,0.09390834409546725,0.031211649523240088,0.045246612393334135,0.10067862793706087,0.6083916083916084,-0.014034962870094047
2017-09-01,coarse_ex_psu,Coarse | Ex PSU,Sector_Coarse,True,153,22,7,28,0.3090651114674068,0.11553784106998627,0.2034780320612485,0.04454314866632095,0.10197419404228598,0.005994005994005994,0.15893488339492756
2017-09-08,coarse_ex_psu,Coarse | Ex PSU,Sector_Coarse,True,153,22,7,28,0.34473563279164077,0.11009215445827765,0.07763128824698823,0.045875237926875076,0.08971545608859977,0.10589410589410589,0.03175605032011315
2017-09-15,coarse_ex_psu,Coarse | Ex PSU,Sector_Coarse,True,153,22,7,28,0.16730057441933144,0.22689550980959838,0.03578433216123663,0.045641060288011424,0.11565538185381373,0.5194805194805194,-0.009856728126774794
2017-09-22,coarse_ex_psu,Coarse | Ex PSU,Sector_Coarse,True,153,22,7,28,0.272675797725237,0.13663238865747568,0.02221920281045312,0.04479464252919496,0.100006553315492,0.8091908091908092,-0.02257543971874184
2017-09-29,coarse_ex_psu,Coarse | Ex PSU,Sector_Coarse,True,149,22,7,28,0.08975753864565195,1.0133954901393438,0.0046842408833836675,0.05222035515287436,0.2711062860240867,0.8501498501498501,-0.0475361142694907
2017-10-06,coarse_ex_psu,Coarse | Ex PSU,Sector_Coarse,True,153,22,7,28,0.20475040130719324,0.17052948999529002,0.047291182216416545,0.047673838322881024,0.11860711715779142,0.3546453546453546,-0.0003826561064644782
2017-10-13,coarse_ex_psu,Coarse | Ex PSU,Sector_Coarse,True,153,22,7,28,0.17833699773790412,0.10766833016344221,0.0386234469539788,0.04309060258103461,0.08861515304835996,0.4985014985014985,-0.0044671556270558105
2017-10-20,coarse_ex_psu,Coarse | Ex PSU,Sector_Coarse,True,153,22,7,28,0.1825533575281788,0.12091840315972979,0.041951241098281807,0.043326086149362536,0.09284606439414894,0.4045954045954046,-0.0013748450510807295
2017-10-27,coarse_ex_psu,Coarse | Ex PSU,Sector_Coarse,True,153,22,7,28,0.25944642445764377,0.2620434520084823,0.026322803752870036,0.04455185550334557,0.09782949991943268,0.7182817182817183,-0.018229051750475532
2017-11-03,coarse_ex_psu,Coarse | Ex PSU,Sector_Coarse,True,153,22,7,28,0.17039794597820346,0.227446042205676,0.03443638715256376,0.04491338221022393,0.09227331404771617,0.5994005994005994,-0.010476995057660171
2017-11-10,coarse_ex_psu,Coarse | Ex PSU,Sector_Coarse,True,153,22,7,28,0.26078742259278576,0.27794635407662893,0.04817225392691473,0.04523835532565337,0.10302010772661943,0.35764235764235763,0.0029338986012613574
2017-11-17,coarse_ex_psu,Coarse | Ex PSU,Sector_Coarse,True,153,22,7,28,0.22202587955261777,0.18152761221261815,0.05532240106206429,0.045681231734693954,0.09217847370190953,0.3066933066933067,0.009641169327370337
2017-11-24,coarse_ex_psu,Coarse | Ex PSU,Sector_Coarse,True,153,22,7,28,0.23668380559641566,0.1568366423302569,0.03251567684484748,0.045670752290923475,0.1232811576705737,0.5014985014985015,-0.013155075446075998
2017-12-01,coarse_ex_psu,Coarse | Ex PSU,Sector_Coarse,True,153,22,7,28,0.2050048958823294,0.13595961426219258,0.03543477143785892,0.046210079101918516,0.09756097734563972,0.5824175824175825,-0.010775307664059597
2017-12-08,coarse_ex_psu,Coarse | Ex PSU,Sector_Coarse,True,153,22,7,28,0.10130005617300786,0.1481538195514342,0.024935983416085897,0.04454942775190956,0.09330385499919257,0.7662337662337663,-0.01961344433582366
2017-12-15,coarse_ex_psu,Coarse | Ex PSU,Sector_Coarse,True,153,22,7,28,0.1008718918702951,0.10683702198212253,0.035664960263062914,0.04482598616978547,0.09400350778767697,0.5684315684315684,-0.009161025906722554
2017-12-22,coarse_ex_psu,Coarse | Ex PSU,Sector_Coarse,True,153,22,7,28,0.24318867590059434,0.20546371694870583,0.10975663550003288,0.043490851099232106,0.11331231823347923,0.052947052947052944,0.06626578440080078
2017-12-29,coarse_ex_psu,Coarse | Ex PSU,Sector_Coarse,True,152,22,7,28,0.2386085809006091,0.569733310581182,0.2444872547702843,0.04681889045286346,0.2232486990216291,0.022977022977022976,0.19766836431742085
2018-01-05,coarse_ex_psu,Coarse | Ex PSU,Sector_Coarse,True,152,22,7,28,0.3419950454330716,0.11991370750316198,0.11632207837683793,0.044992522680144136,0.08828157745113913,0.007992007992007992,0.0713295556966938
2018-01-12,coarse_ex_psu,Coarse | Ex PSU,Sector_Coarse,True,152,22,7,28,0.28402874099806186,0.14547174078813813,0.06292404847830366,0.04446817945677474,0.10164219910531261,0.1938061938061938,0.018455869021528917
2018-01-19,coarse_ex_psu,Coarse | Ex PSU,Sector_Coarse,True,152,22,7,28,0.2784853140619865,0.2080268060266341,0.0146886448323738,0.04372187841513178,0.09252418908063824,0.9300699300699301,-0.02903323358275798
2018-01-26,coarse_ex_psu,Coarse | Ex PSU,Sector_Coarse,True,152,22,7,28,0.3854972484521719,0.10966515619853452,0.0425495443546198,0.04516350626788657,0.09572155845134295,0.45554445554445555,-0.0026139619132667727
2018-02-02,coarse_ex_psu,Coarse | Ex PSU,Sector_Coarse,True,152,22,7,28,0.07526836385455393,0.7951100306757806,0.01603940146254295,0.04179790050154454,0.14563099625381817,0.7042957042957043,-0.02575849903900159
2018-02-09,coarse_ex_psu,Coarse | Ex PSU,Sector_Coarse,True,152,22,7,28,0.2106853889359971,0.27536034119178354,0.01639822589491985,0.04607454153250633,0.10375049293077845,0.9090909090909091,-0.02967631563758648
2018-02-16,coarse_ex_psu,Coarse | Ex PSU,Sector_Coarse,True,152,22,7,28,0.10679461328530304,0.14533136489551302,0.03005530822097634,0.044619591062533985,0.10640129875097279,0.5794205794205795,-0.014564282841557644
2018-02-23,coarse_ex_psu,Coarse | Ex PSU,Sector_Coarse,True,152,22,7,28,0.10980242761076464,0.2006084254171041,0.021794783284084653,0.043528219596317266,0.12049786421964645,0.6883116883116883,-0.021733436312232613
2018-03-02,coarse_ex_psu,Coarse | Ex PSU,Sector_Coarse,True,152,22,7,28,0.2879352861077703,0.10240645933850663,0.015044283219475634,0.044284549432407866,0.11560746385318718,0.8751248751248751,-0.029240266212932232
2018-03-09,coarse_ex_psu,Coarse | Ex PSU,Sector_Coarse,True,152,22,7,28,0.3376815449211379,0.22424192743812632,0.18529349411609003,0.047165554475061086,0.1131727060355707,0.015984015984015984,0.13812793964102893
2018-03-16,coarse_ex_psu,Coarse | Ex PSU,Sector_Coarse,True,152,22,7,28,0.13462949361460808,0.19560629113340403,0.03361097423749473,0.04445409048021404,0.10704029768729044,0.5544455544455544,-0.01084311624271931
2018-03-23,coarse_ex_psu,Coarse | Ex PSU,Sector_Coarse,True,152,22,7,28,0.20317833175545774,0.15162203229126067,0.03792965757459833,0.045942985294748225,0.09948051065063805,0.5324675324675324,-0.008013327720149892
2018-03-30,coarse_ex_psu,Coarse | Ex PSU,Sector_Coarse,True,152,22,7,28,0.21196233289135025,0.15259631913238286,0.04757082044067957,0.0448449253173647,0.10232863268050045,0.34665334665334663,0.002725895123314871
2018-04-06,coarse_ex_psu,Coarse | Ex PSU,Sector_Coarse,True,152,22,7,28,0.20168445287328585,0.26997978431303826,0.05266064674675158,0.04692729330183426,0.1113362257057598,0.2977022977022977,0.005733353444917322
2018-04-13,coarse_ex_psu,Coarse | Ex PSU,Sector_Coarse,True,152,22,7,28,0.16566474921311447,0.19655173653093047,0.043245941602900115,0.04574343516462396,0.14383180061559572,0.3356643356643357,-0.0024974935617238445
2018-04-20,coarse_ex_psu,Coarse | Ex PSU,Sector_Coarse,True,152,22,7,28,0.22855576341856376,0.12287913304488465,0.08394580402767145,0.045013245441832224,0.09305287375892551,0.07592407592407592,0.03893255858583922
2018-04-27,coarse_ex_psu,Coarse | Ex PSU,Sector_Coarse,True,152,22,7,28,0.14201115481677262,0.5359833357487854,0.04083881429774717,0.04539887790566065,0.16854551061916478,0.2947052947052947,-0.00456006360791348
2018-05-04,coarse_ex_psu,Coarse | Ex PSU,Sector_Coarse,True,152,22,7,28,0.21435262258667753,0.16000444204724779,0.021476390806967217,0.044314719380261776,0.09749244646796036,0.8161838161838162,-0.02283832857329456
2018-05-11,coarse_ex_psu,Coarse | Ex PSU,Sector_Coarse,True,152,22,7,28,0.16185307197457344,0.27305469346754313,0.019679296787970417,0.04523787082270287,0.10712408517096789,0.8141858141858141,-0.025558574034732454
2018-05-18,coarse_ex_psu,Coarse | Ex PSU,Sector_Coarse,True,152,22,7,28,0.08779804592579521,0.47109279295598455,0.08045735920261209,0.04592771290730863,0.10690812647524513,0.12787212787212787,0.03452964629530346
2018-05-25,coarse_ex_psu,Coarse | Ex PSU,Sector_Coarse,True,152,22,7,28,0.1578513512355949,0.23991585880744018,0.04970485922438199,0.04494207880765264,0.11665626126573571,0.2917082917082917,0.004762780416729347
2018-06-01,coarse_ex_psu,Coarse | Ex PSU,Sector_Coarse,True,152,22,7,28,0.125141998942371,0.2684823818480661,0.03233839072244727,0.04536364327356918,0.10498197369836842,0.6113886113886113,-0.013025252551121913
2018-06-08,coarse_ex_psu,Coarse | Ex PSU,Sector_Coarse,True,152,22,7,28,0.2080588848561571,0.13351745821982774,0.014628460219854098,0.04662830856712014,0.10476161261844598,0.9170829170829171,-0.03199984834726605
2018-06-15,coarse_ex_psu,Coarse | Ex PSU,Sector_Coarse,True,152,22,7,28,0.41935965661320496,0.1376906119605753,0.05047637793097454,0.045212411304952314,0.10125099559115208,0.33766233766233766,0.005263966626022229
2018-06-22,coarse_ex_psu,Coarse | Ex PSU,Sector_Coarse,True,152,22,7,28,0.18211226436032502,0.1535361010920357,0.020525994230760285,0.04645047091911517,0.13672291585264754,0.7382617382617382,-0.025924476688354882
2018-06-29,coarse_ex_psu,Coarse | Ex PSU,Sector_Coarse,True,142,22,7,27,0.2677230995573524,0.5227013748640024,0.17258332554684155,0.05030542538988946,0.1669729591334462,0.04695304695304695,0.12227790015695209
2018-07-06,coarse_ex_psu,Coarse | Ex PSU,Sector_Coarse,True,151,22,7,28,0.22090437837088284,0.19688362836389672,0.05167536253114815,0.04520782766474092,0.12566149518290293,0.27172827172827174,0.006467534866407228
2018-07-13,coarse_ex_psu,Coarse | Ex PSU,Sector_Coarse,True,151,22,7,28,0.20362821861953484,0.1794768738350927,0.14272071161640093,0.04499107816869984,0.09381687498248815,0.015984015984015984,0.09772963344770108
2018-07-20,coarse_ex_psu,Coarse | Ex PSU,Sector_Coarse,True,151,22,7,28,0.1718174097249514,0.44969048046611904,0.05739681991507368,0.047793885598580256,0.13751741254827016,0.23776223776223776,0.009602934316493422
2018-07-27,coarse_ex_psu,Coarse | Ex PSU,Sector_Coarse,True,151,22,7,28,0.26599200051075844,0.2728191758896982,0.0686547401575191,0.045767806353527306,0.09539145360926113,0.16683316683316685,0.022886933803991795
2018-08-03,coarse_ex_psu,Coarse | Ex PSU,Sector_Coarse,True,151,22,7,28,0.13601618465890541,0.24294196258808248,0.10474372954086542,0.04574450403823423,0.10523807538852258,0.052947052947052944,0.05899922550263119
2018-08-10,coarse_ex_psu,Coarse | Ex PSU,Sector_Coarse,True,151,22,7,28,0.14585741065665625,0.20967375381996184,0.050664951032809234,0.044583041038546975,0.09202167979618883,0.33266733266733267,0.006081909994262259
2018-08-17,coarse_ex_psu,Coarse | Ex PSU,Sector_Coarse,True,151,22,7,28,0.22140966999349787,0.271196740653987,0.006660754269311469,0.04505955664004122,0.14712678905885687,0.9760239760239761,-0.038398802370729755
2018-08-24,coarse_ex_psu,Coarse | Ex PSU,Sector_Coarse,True,151,22,7,28,0.15056334820204764,0.16793284227239796,0.04065203610109885,0.04531937419976493,0.08837816981680298,0.5284715284715285,-0.004667338098666082
2018-08-31,coarse_ex_psu,Coarse | Ex PSU,Sector_Coarse,True,151,22,7,28,0.31560078226008603,0.1894919326263999,0.07313357478623035,0.046845673185157116,0.11017790338993969,0.17082917082917082,0.026287901601073235
2018-09-07,coarse_ex_psu,Coarse | Ex PSU,Sector_Coarse,True,151,22,7,28,0.2999104712433114,0.19871361520798925,0.026752185560858194,0.04503090024692931,0.10889173633653249,0.6743256743256744,-0.018278714686071115
2018-09-14,coarse_ex_psu,Coarse | Ex PSU,Sector_Coarse,True,151,22,7,28,0.16213281092974563,0.09616640004438767,0.016052470636092237,0.04522285353187162,0.0934260515793952,0.9240759240759241,-0.02917038289577938
2018-09-21,coarse_ex_psu,Coarse | Ex PSU,Sector_Coarse,True,151,22,7,28,0.35131101710257184,0.2871171566462336,0.03613976405470816,0.04541411747187203,0.1139461628000163,0.4675324675324675,-0.009274353417163872
2018-09-28,coarse_ex_psu,Coarse | Ex PSU,Sector_Coarse,True,144,22,7,28,0.2846559735191979,0.3876855618017372,0.03414067365814411,0.0465257911199835,0.10241468685248124,0.6053946053946054,-0.012385117461839387
2018-10-05,coarse_ex_psu,Coarse | Ex PSU,Sector_Coarse,True,151,22,7,29,0.1759378716033524,0.26829007953723355,0.06867168981830207,0.04573876193928391,0.10302798994375803,0.1838161838161838,0.022932927879018163
2018-10-12,coarse_ex_psu,Coarse | Ex PSU,Sector_Coarse,True,151,22,7,29,0.317025402697084,0.4944338432855805,0.08663120427867158,0.04551859117470743,0.10423845509935104,0.1038961038961039,0.04111261310396414
2018-10-19,coarse_ex_psu,Coarse | Ex PSU,Sector_Coarse,True,151,22,7,29,0.2397180649423295,0.3908557688580617,0.010845695582525,0.04619237844364534,0.1213225254790386,0.9340659340659341,-0.035346682861120346
2018-10-26,coarse_ex_psu,Coarse | Ex PSU,Sector_Coarse,True,151,22,7,29,0.16927306872753412,0.31403619708582275,0.047030371155647246,0.04543924780904694,0.10899433745423151,0.37162837162837165,0.0015911233466003039
2018-11-02,coarse_ex_psu,Coarse | Ex PSU,Sector_Coarse,True,151,22,7,29,0.15940915180941317,0.7270103791700131,0.05078152906227986,0.04745509759162714,0.14248444307853184,0.2997002997002997,0.003326431470652723
2018-11-09,coarse_ex_psu,Coarse | Ex PSU,Sector_Coarse,True,151,22,7,29,0.15100231480222814,0.14383387265395442,0.018013589956917066,0.04357675440227234,0.11272108216503932,0.8071928071928072,-0.025563164445355276
2018-11-16,coarse_ex_psu,Coarse | Ex PSU,Sector_Coarse,True,151,22,7,29,0.19288021607224082,0.36404282768186236,0.02313345867148802,0.044904845755931976,0.09956214982740565,0.7632367632367633,-0.021771387084443955
2018-11-23,coarse_ex_psu,Coarse | Ex PSU,Sector_Coarse,True,151,22,7,29,0.2691161395355849,0.09595417622023172,0.03784601970478646,0.04601938103848854,0.09373660766117234,0.5464535464535465,-0.008173361333702077
2018-11-30,coarse_ex_psu,Coarse | Ex PSU,Sector_Coarse,True,151,22,7,29,0.2160146967789528,0.3328206284216065,0.08037084597837477,0.04386455643968045,0.09727624635933368,0.0919080919080919,0.036506289538694316
2018-12-07,coarse_ex_psu,Coarse | Ex PSU,Sector_Coarse,True,151,22,7,29,0.2029601358848251,0.2967155959133969,0.0547555051060676,0.04636916123785417,0.11476875487634029,0.2867132867132867,0.00838634386821343
2018-12-14,coarse_ex_psu,Coarse | Ex PSU,Sector_Coarse,True,151,22,7,29,0.17702557521066642,0.2373961269880927,0.022204251436698186,0.045375069361386515,0.11435559468497782,0.7382617382617382,-0.02317081792468833
2018-12-21,coarse_ex_psu,Coarse | Ex PSU,Sector_Coarse,True,151,22,7,29,0.19036440776451125,0.13551221143304704,0.02433280404997803,0.04480441184953271,0.0941919858220374,0.7742257742257742,-0.02047160779955468
2018-12-28,coarse_ex_psu,Coarse | Ex PSU,Sector_Coarse,True,151,22,7,29,0.15783572424441183,0.11678336597000014,0.044642326634720585,0.04470407514026033,0.10496528255601219,0.3956043956043956,-6.174850553974237e-05
2019-01-04,coarse_ex_psu,Coarse | Ex PSU,Sector_Coarse,True,151,22,7,29,0.2166576233975961,0.1479434526655249,0.03169691180837218,0.04578125723579183,0.10288938726622174,0.6593406593406593,-0.014084345427419646
2019-01-11,coarse_ex_psu,Coarse | Ex PSU,Sector_Coarse,True,151,22,7,29,0.17064979992478735,0.1219814772686367,0.010121491350885532,0.046729392739346495,0.1170550012860803,0.967032967032967,-0.03660790138846096
2019-01-18,coarse_ex_psu,Coarse | Ex PSU,Sector_Coarse,True,151,22,7,29,0.38189990300556487,0.1688419036349571,0.021804385831727332,0.044470945862503684,0.11921535938982572,0.6673326673326674,-0.022666560030776352
2019-01-25,coarse_ex_psu,Coarse | Ex PSU,Sector_Coarse,True,151,22,7,29,0.4880866250721574,0.2899700712578651,0.03787571122697552,0.046148069281229186,0.10191475585607337,0.5214785214785215,-0.008272358054253665
2019-02-01,coarse_ex_psu,Coarse | Ex PSU,Sector_Coarse,True,151,22,7,29,0.2792054978076276,0.325415275503537,0.061852027833105706,0.04606676204163568,0.09962774044964635,0.22877122877122877,0.015785265791470028
2019-02-08,coarse_ex_psu,Coarse | Ex PSU,Sector_Coarse,True,151,22,7,29,0.7632331751160369,0.47282757796630626,0.16795204777481956,0.04312076883506049,0.11634791328898561,0.014985014985014986,0.12483127893975907
2019-02-15,coarse_ex_psu,Coarse | Ex PSU,Sector_Coarse,True,151,22,7,29,0.23711465712592905,0.3454017392091242,0.06144585942923242,0.044924685994720555,0.12233668909558874,0.20679320679320679,0.016521173434511864
2019-02-22,coarse_ex_psu,Coarse | Ex PSU,Sector_Coarse,True,151,22,7,29,0.4577681567206324,0.12199359295789541,0.03676550562715314,0.0438838298172372,0.08698412398009335,0.5654345654345654,-0.007118324190084062
2019-03-01,coarse_ex_psu,Coarse | Ex PSU,Sector_Coarse,True,151,22,7,29,0.19955574224619854,0.17101712854869244,0.050246548352729896,0.04656993371400066,0.09531093967463274,0.37962037962037964,0.003676614638729238
2019-03-08,coarse_ex_psu,Coarse | Ex PSU,Sector_Coarse,True,151,22,7,29,0.25717717314279365,0.23630565910601853,0.01638397875579602,0.044072500526006836,0.10511932858810354,0.8521478521478522,-0.027688521770210816
2019-03-15,coarse_ex_psu,Coarse | Ex PSU,Sector_Coarse,True,151,22,7,29,0.23689923438390803,0.19111459432099814,0.029141020804080257,0.0462149129602239,0.10827289752436164,0.6523476523476524,-0.01707389215614364
2019-03-22,coarse_ex_psu,Coarse | Ex PSU,Sector_Coarse,True,151,22,7,29,0.27916713709117913,0.1534779153193953,0.022477600474045574,0.0428699379147302,0.09550532565038097,0.7382617382617382,-0.020392337440684624
2019-03-29,coarse_ex_psu,Coarse | Ex PSU,Sector_Coarse,True,150,22,7,29,0.06881861043569537,0.9961855121759143,0.01900301695122096,0.04063376929785105,0.1537701283653088,0.4515484515484515,-0.02163075234663009
2019-04-05,coarse_ex_psu,Coarse | Ex PSU,Sector_Coarse,True,155,22,7,30,0.2742053773688661,0.189154767026625,0.03969026569328202,0.044511897102929,0.09402502493397512,0.4995004995004995,-0.004821631409646983
2019-04-12,coarse_ex_psu,Coarse | Ex PSU,Sector_Coarse,True,155,22,7,30,0.19380907200502284,0.13814500076122943,0.01809325362788754,0.045203212472255755,0.09991087502292696,0.8831168831168831,-0.027109958844368214
2019-04-19,coarse_ex_psu,Coarse | Ex PSU,Sector_Coarse,True,155,22,7,30,0.33416484381195677,0.11014944080639982,0.14310058991295802,0.0412715429277645,0.10848305026487158,0.024975024975024976,0.10182904698519352
2019-04-26,coarse_ex_psu,Coarse | Ex PSU,Sector_Coarse,True,155,22,7,30,0.2862535447776966,0.17116779185643818,0.04128867765007388,0.044452587704045365,0.08853559915694777,0.4755244755244755,-0.003163910053971486
2019-05-03,coarse_ex_psu,Coarse | Ex PSU,Sector_Coarse,True,155,22,7,30,0.11745199157776132,0.24687492608314554,0.029605802687920915,0.04226577385858488,0.12084610945456782,0.5274725274725275,-0.012659971170663968
2019-05-10,coarse_ex_psu,Coarse | Ex PSU,Sector_Coarse,True,155,22,7,30,0.23685804495747698,0.16717080305514442,0.0626033402819813,0.0435818394342914,0.10442802054117781,0.1958041958041958,0.019021500847689908
2019-05-17,coarse_ex_psu,Coarse | Ex PSU,Sector_Coarse,True,155,22,7,30,0.23424569608618862,0.31095030093829934,0.13024084693130994,0.04396603455741058,0.10214470105049203,0.02097902097902098,0.08627481237389936
2019-05-24,coarse_ex_psu,Coarse | Ex PSU,Sector_Coarse,True,155,22,7,30,0.44883677388814514,0.24478753807383508,0.06366297751171417,0.043901294817920926,0.09349273623784883,0.1918081918081918,0.01976168269379324
2019-05-31,coarse_ex_psu,Coarse | Ex PSU,Sector_Coarse,True,155,22,7,30,0.2877878025285526,0.17105355502278638,0.049272217364226364,0.04395502066377446,0.10058089983852113,0.32967032967032966,0.005317196700451901
2019-06-07,coarse_ex_psu,Coarse | Ex PSU,Sector_Coarse,True,155,22,7,30,0.492585410005702,0.18670101508171813,0.0846222291943141,0.042867055914361955,0.09455653506335662,0.07392607392607392,0.041755173279952144
2019-06-14,coarse_ex_psu,Coarse | Ex PSU,Sector_Coarse,True,155,22,7,30,0.29492095278200126,0.20751655406796243,0.11246499781005144,0.045259938926000366,0.13130540707788102,0.07392607392607392,0.06720505888405107
2019-06-21,coarse_ex_psu,Coarse | Ex PSU,Sector_Coarse,True,155,22,7,30,0.14112065742500168,0.1765742516030013,0.03895621653340095,0.04268527215968668,0.09048309142035109,0.4825174825174825,-0.0037290556262857266
2019-06-28,coarse_ex_psu,Coarse | Ex PSU,Sector_Coarse,True,155,22,7,30,0.341610061357556,0.2040125692991286,0.02252196011746349,0.0430870201444772,0.0953275933117142,0.7932067932067932,-0.020565060027013707
2019-07-05,coarse_ex_psu,Coarse | Ex PSU,Sector_Coarse,True,155,22,7,30,0.32431111146935276,0.22701986739070534,0.12099721345623438,0.04420137095009839,0.11929981379044576,0.04995004995004995,0.07679584250613598
2019-07-12,coarse_ex_psu,Coarse | Ex PSU,Sector_Coarse,True,155,22,7,30,0.19413142959009777,0.17690827063930775,0.050247440139356746,0.04447294550098734,0.10075380089547191,0.3226773226773227,0.005774494638369404
2019-07-19,coarse_ex_psu,Coarse | Ex PSU,Sector_Coarse,True,155,22,7,30,0.26758001048985935,0.28330691687933995,0.026589255853196787,0.04404650632985969,0.11679218285942672,0.6183816183816184,-0.0174572504766629
2019-07-26,coarse_ex_psu,Coarse | Ex PSU,Sector_Coarse,True,155,22,7,30,0.21049526466906276,0.3116303997332728,0.03642644559286233,0.044156356981704434,0.09682980001966363,0.5404595404595405,-0.007729911388842103
2019-08-02,coarse_ex_psu,Coarse | Ex PSU,Sector_Coarse,True,155,22,7,30,0.3336055073963645,0.3197705489074711,0.08464550828544544,0.04365798717540414,0.10219371259264061,0.1028971028971029,0.0409875211100413
2019-08-09,coarse_ex_psu,Coarse | Ex PSU,Sector_Coarse,True,155,22,7,30,0.24612361554903517,0.3040139469882491,0.03741602452843031,0.044689512147483824,0.09024076765349931,0.5474525474525475,-0.007273487619053512
2019-08-16,coarse_ex_psu,Coarse | Ex PSU,Sector_Coarse,True,155,22,7,30,0.21730830715823846,0.17086649352662278,0.047229771061396905,0.04554640915956769,0.10446122952557135,0.37662337662337664,0.0016833619018292167
2019-08-23,coarse_ex_psu,Coarse | Ex PSU,Sector_Coarse,True,155,22,7,30,0.3249494466454629,0.41251665790637193,0.08448293358006292,0.043923314918981264,0.10928078719347106,0.0939060939060939,0.04055961866108166
2019-08-30,coarse_ex_psu,Coarse | Ex PSU,Sector_Coarse,True,155,22,7,30,0.18388892749302155,0.21332717097675763,0.011931419084926995,0.0447936639676565,0.09764832922691868,0.952047952047952,-0.032862244882729506
2019-09-06,coarse_ex_psu,Coarse | Ex PSU,Sector_Coarse,True,155,22,7,30,0.23044559235017337,0.13942994979217496,0.02166735014968178,0.04372155341492208,0.09453353688125755,0.8261738261738262,-0.0220542032652403
2019-09-13,coarse_ex_psu,Coarse | Ex PSU,Sector_Coarse,True,155,22,7,30,0.31024377683158255,0.16742683649546136,0.026449317769040862,0.04458013483411051,0.09281095443012423,0.7472527472527473,-0.018130817065069648
2019-09-20,coarse_ex_psu,Coarse | Ex PSU,Sector_Coarse,True,155,22,7,30,0.3811636653167426,0.3297989589374823,0.037038940699149335,0.04295928441694009,0.10331348443480931,0.46653346653346656,-0.005920343717790752
2019-09-27,coarse_ex_psu,Coarse | Ex PSU,Sector_Coarse,True,155,22,7,30,0.2113600889864643,0.40161038287525375,0.09531567956675913,0.04335107582968057,0.0922711498887175,0.04395604395604396,0.051964603737078556
2019-10-04,coarse_ex_psu,Coarse | Ex PSU,Sector_Coarse,True,155,22,7,30,0.30335175224725075,0.3990927665372045,0.05723709371194738,0.045291045089796,0.1297167359529949,0.23176823176823177,0.01194604862215138
2019-10-11,coarse_ex_psu,Coarse | Ex PSU,Sector_Coarse,True,155,22,7,30,0.23733489247177286,0.36971294150231815,0.07223985974428208,0.04368827460611,0.12282341136206101,0.16483516483516483,0.028551585138172082
2019-10-18,coarse_ex_psu,Coarse | Ex PSU,Sector_Coarse,True,155,22,7,30,0.1696834944543134,0.3431343129640828,0.10253861930812977,0.04353659731402912,0.12079172791791244,0.08391608391608392,0.05900202199410065
2019-10-25,coarse_ex_psu,Coarse | Ex PSU,Sector_Coarse,True,155,22,7,30,0.5776154308366828,0.4235451864535913,0.0867580231879995,0.043360687660282254,0.10668600346742808,0.0939060939060939,0.04339733552771724
2019-11-01,coarse_ex_psu,Coarse | Ex PSU,Sector_Coarse,True,155,22,7,30,0.3413439026900408,0.3682510139602728,0.04664767353539521,0.0449677808725879,0.1027153141243919,0.38461538461538464,0.0016798926628073113
2019-11-08,coarse_ex_psu,Coarse | Ex PSU,Sector_Coarse,True,155,22,7,30,0.4150282061833005,0.39927803437059217,0.0718588887041729,0.043616035521166246,0.09330317067594025,0.14485514485514486,0.02824285318300665
2019-11-15,coarse_ex_psu,Coarse | Ex PSU,Sector_Coarse,True,155,22,7,30,0.26916161476749234,0.2694329575676659,0.07963594280819056,0.04288206568631994,0.09909418966856275,0.10589410589410589,0.036753877121870615
2019-11-22,coarse_ex_psu,Coarse | Ex PSU,Sector_Coarse,True,155,22,7,30,0.3501466549153087,0.5361734770969642,0.19633009710922428,0.04329112643833292,0.1373041472878939,0.02097902097902098,0.15303897067089137
2019-11-29,coarse_ex_psu,Coarse | Ex PSU,Sector_Coarse,True,153,20,6,27,0.06762628019253647,1.8505016678180706,0.010423388213434241,0.040841555788776816,0.1491992286385215,0.6153846153846154,-0.030418167575342575
2019-12-06,coarse_ex_psu,Coarse | Ex PSU,Sector_Coarse,True,157,20,7,28,0.2176503937469857,0.1851217398109225,0.015034911864294542,0.04323575127939576,0.09233222826209674,0.922077922077922,-0.028200839415101216
2019-12-13,coarse_ex_psu,Coarse | Ex PSU,Sector_Coarse,True,157,20,7,28,0.18105500157525345,0.16228860732750439,0.011474432280488573,0.04385767355465549,0.11443314080155052,0.922077922077922,-0.03238324127416692
2019-12-20,coarse_ex_psu,Coarse | Ex PSU,Sector_Coarse,True,157,20,7,28,0.15788322212520445,0.12855683534239615,0.01706908254410925,0.043263611258073056,0.08943114540943815,0.8851148851148851,-0.026194528713963806
2019-12-27,coarse_ex_psu,Coarse | Ex PSU,Sector_Coarse,True,157,20,7,27,0.188388846714157,0.0768387598741579,0.09299700584094185,0.04509910922050853,0.09869534221695697,0.06393606393606394,0.04789789662043332
2020-01-03,coarse_ex_psu,Coarse | Ex PSU,Sector_Coarse,True,159,20,7,27,0.24149371670217012,0.12345256189634192,0.054900626422051325,0.04319127383623574,0.09152735567405892,0.2677322677322677,0.011709352585815583
2020-01-10,coarse_ex_psu,Coarse | Ex PSU,Sector_Coarse,True,159,20,7,27,0.2026383591728641,0.13421652387892716,0.01524063495010226,0.042412532036881535,0.08710576300640127,0.916083916083916,-0.027171897086779275
2020-01-17,coarse_ex_psu,Coarse | Ex PSU,Sector_Coarse,True,159,20,7,27,0.20788976141705795,0.28211682376913677,0.05980640602293497,0.04338105628557781,0.11221526047384639,0.21178821178821178,0.01642534973735716
2020-01-24,coarse_ex_psu,Coarse | Ex PSU,Sector_Coarse,True,159,20,7,27,0.1876229353892105,0.27745336876252824,0.040474088449823004,0.04224769197223014,0.10217386894156466,0.3856143856143856,-0.001773603522407137
2020-01-31,coarse_ex_psu,Coarse | Ex PSU,Sector_Coarse,True,158,20,6,26,0.26986350671078885,0.26317942410088513,0.12557128615741703,0.03843206098122219,0.08306857564016719,0.006993006993006993,0.08713922517619484
2020-02-07,coarse_ex_psu,Coarse | Ex PSU,Sector_Coarse,True,159,20,7,27,0.13891850435417752,0.35678338307652824,0.02811253373640329,0.04212088945384383,0.08804270798834807,0.6723276723276723,-0.014008355717440541
2020-02-14,coarse_ex_psu,Coarse | Ex PSU,Sector_Coarse,True,159,20,7,27,0.24446486616054952,0.34453905982199845,0.06792295006466784,0.043544913531206195,0.11434200789586339,0.15484515484515485,0.02437803653346164
2020-02-21,coarse_ex_psu,Coarse | Ex PSU,Sector_Coarse,True,159,20,7,27,0.10088026731511401,0.29425444843330667,0.07461343526131152,0.04432325695989572,0.11487595131782592,0.16083916083916083,0.030290178301415803
2020-02-28,coarse_ex_psu,Coarse | Ex PSU,Sector_Coarse,True,158,20,7,27,0.18146810070660924,0.5294474280159072,0.024142004599379718,0.04402765129942313,0.12876436494864216,0.5904095904095904,-0.019885646700043415
2020-03-06,coarse_ex_psu,Coarse | Ex PSU,Sector_Coarse,True,159,20,7,28,0.20603594039272854,0.8331578380298837,0.016003530363224057,0.04098271924912379,0.14592557042020138,0.6173826173826173,-0.024979188885899735
2020-03-13,coarse_ex_psu,Coarse | Ex PSU,Sector_Coarse,True,159,20,7,28,0.1492110047385573,1.6996457564856255,0.040187237371355045,0.04094308976112997,0.11520726750141831,0.3596403596403596,-0.000755852389774922
2020-03-20,coarse_ex_psu,Coarse | Ex PSU,Sector_Coarse,True,159,20,7,28,0.23715414871028506,2.4349949025522735,0.02105759227159014,0.0406798897437923,0.10265193716732507,0.7052947052947053,-0.019622297472202163
2020-03-27,coarse_ex_psu,Coarse | Ex PSU,Sector_Coarse,True,155,20,7,28,0.1276328409708689,2.7236460847448334,0.025672086855693728,0.04651652070935849,0.139298535246971,0.47152847152847155,-0.02084443385366476
2020-04-03,coarse_ex_psu,Coarse | Ex PSU,Sector_Coarse,True,158,20,7,30,0.3019723196754157,1.0804255935987008,0.04078229149524914,0.043267169123460916,0.09209048605355794,0.44655344655344653,-0.0024848776282117777
2020-04-10,coarse_ex_psu,Coarse | Ex PSU,Sector_Coarse,True,158,20,7,30,0.2827110576895382,0.6441306338074276,0.007791189443183664,0.04418021314972798,0.09726055971074993,0.986013986013986,-0.036389023706544316
2020-04-17,coarse_ex_psu,Coarse | Ex PSU,Sector_Coarse,True,158,20,7,30,0.11339886789259535,0.8202104782053874,0.04437076638102061,0.042228956020845004,0.09196304077776998,0.3826173826173826,0.0021418103601756056
2020-04-24,coarse_ex_psu,Coarse | Ex PSU,Sector_Coarse,True,158,20,7,30,0.3332804726741354,0.7136621501769346,0.13182349676523863,0.043529121235010494,0.09522700760168842,0.006993006993006993,0.08829437553022815
2020-05-01,coarse_ex_psu,Coarse | Ex PSU,Sector_Coarse,True,158,20,7,30,0.4275588178979599,0.45484665228906684,0.014722651803147737,0.042886852385358464,0.09749840287327476,0.9100899100899101,-0.028164200582210724
2020-05-08,coarse_ex_psu,Coarse | Ex PSU,Sector_Coarse,True,158,20,7,30,0.2705454410885505,0.37315111410215507,0.1658206432838021,0.04474005600389829,0.09926427145059474,0.001998001998001998,0.12108058727990381
2020-05-15,coarse_ex_psu,Coarse | Ex PSU,Sector_Coarse,True,158,20,7,30,0.22973425192652086,0.35452229019228304,0.03776510892681218,0.042972666922595625,0.09120847745028834,0.4885114885114885,-0.005207557995783443
2020-05-22,coarse_ex_psu,Coarse | Ex PSU,Sector_Coarse,True,158,20,7,30,0.4178922303109003,0.4005278966672518,0.04570450060663759,0.043628636760185684,0.0918770756051949,0.3906093906093906,0.002075863846451906
2020-05-29,coarse_ex_psu,Coarse | Ex PSU,Sector_Coarse,True,158,20,7,28,0.2682302610913597,0.6954086659333186,0.016625485295728666,0.042797744431890765,0.10306749484833606,0.8301698301698301,-0.0261722591361621
2020-06-05,coarse_ex_psu,Coarse | Ex PSU,Sector_Coarse,True,158,20,7,28,0.22333042824753546,0.6678208573754509,0.14203266186994562,0.042100478031175455,0.09098725564912546,0.011988011988011988,0.09993218383877017
2020-06-12,coarse_ex_psu,Coarse | Ex PSU,Sector_Coarse,True,158,20,7,28,0.23305892143693563,0.447505994333997,0.03266046673907368,0.043931972636842426,0.10784572056713665,0.5614385614385614,-0.011271505897768742
2020-06-19,coarse_ex_psu,Coarse | Ex PSU,Sector_Coarse,True,158,20,7,28,0.1524793729587236,0.3967149868549074,0.047623574860123336,0.04384397172642019,0.10665898163018067,0.33966033966033965,0.003779603133703145
2020-06-26,coarse_ex_psu,Coarse | Ex PSU,Sector_Coarse,True,158,20,7,28,0.07045407616350385,0.44825474305575086,0.0364465559074815,0.04268617951994037,0.0987545768677583,0.4925074925074925,-0.006239623612458875
2020-07-03,coarse_ex_psu,Coarse | Ex PSU,Sector_Coarse,True,158,20,7,28,0.1397501262800911,0.22083671216989365,0.05376931398346362,0.04516110319625808,0.11664905769346468,0.22777222777222778,0.008608210787205542
2020-07-10,coarse_ex_psu,Coarse | Ex PSU,Sector_Coarse,True,158,20,7,28,0.1525653871818985,0.422512361725622,0.06496503073403313,0.04333868784521985,0.10771629566961914,0.16883116883116883,0.02162634288881328
2020-07-17,coarse_ex_psu,Coarse | Ex PSU,Sector_Coarse,True,158,20,7,28,0.24546216330286197,0.293796178885098,0.03097596801545917,0.04501703949382309,0.09944630291909483,0.6223776223776224,-0.014041071478363917
2020-07-24,coarse_ex_psu,Coarse | Ex PSU,Sector_Coarse,True,158,20,7,28,0.1997769106013989,0.29625220870748853,0.07409562572042416,0.043200672523129896,0.0981842149302352,0.1068931068931069,0.030894953197294267
2020-07-31,coarse_ex_psu,Coarse | Ex PSU,Sector_Coarse,True,155,19,7,28,0.3600213233952173,0.6987609369669845,0.039748105958082085,0.041103596978703624,0.1196601422931092,0.3386613386613387,-0.0013554910206215395
2020-08-07,coarse_ex_psu,Coarse | Ex PSU,Sector_Coarse,True,159,19,7,29,0.2251629360159687,0.2394245712128289,0.05374967736671462,0.043155081422641815,0.08898916327740838,0.26973026973026976,0.010594595944072804
2020-08-14,coarse_ex_psu,Coarse | Ex PSU,Sector_Coarse,True,159,19,7,29,0.18462637613006883,0.3753414626732823,0.033334348388399826,0.042722739276159986,0.10505523399182838,0.5224775224775224,-0.00938839088776016
2020-08-21,coarse_ex_psu,Coarse | Ex PSU,Sector_Coarse,True,159,19,7,29,0.35982053774607525,0.1764286711389934,0.04132888576965945,0.04330494005439215,0.09303876991897253,0.44155844155844154,-0.0019760542847327006
2020-08-28,coarse_ex_psu,Coarse | Ex PSU,Sector_Coarse,True,159,19,7,29,0.39512679345411605,0.23815555814191028,0.04712515320200052,0.043338374518832705,0.10267645138603519,0.32967032967032966,0.0037867786831678185
2020-09-04,coarse_ex_psu,Coarse | Ex PSU,Sector_Coarse,True,159,19,7,29,0.2633947160093819,0.24563265239267676,0.07990052052783832,0.042932529432689756,0.1027565262972941,0.0989010989010989,0.03696799109514856
2020-09-11,coarse_ex_psu,Coarse | Ex PSU,Sector_Coarse,True,159,19,7,29,0.15421023039344062,0.16839826752982354,0.06422690004684564,0.04343661850412341,0.0925764474005448,0.16583416583416583,0.02079028154272223
2020-09-18,coarse_ex_psu,Coarse | Ex PSU,Sector_Coarse,True,159,19,7,29,0.35600440637918673,0.2817981435817225,0.023664408111015712,0.04313590494661848,0.08681146700403486,0.7912087912087912,-0.01947149683560277
2020-09-25,coarse_ex_psu,Coarse | Ex PSU,Sector_Coarse,True,159,19,7,31,0.14664070603617452,3.3621164013200446,0.28047651058325984,0.042696751322192514,0.14964136007855344,0.015984015984015984,0.2377797592610673
2020-10-02,coarse_ex_psu,Coarse | Ex PSU,Sector_Coarse,True,161,19,7,31,0.3113815108848417,0.13552846816691128,0.11076235722095239,0.04332885616946827,0.08794992322622651,0.029970029970029972,0.06743350105148412
2020-10-09,coarse_ex_psu,Coarse | Ex PSU,Sector_Coarse,True,161,19,7,31,0.2828951330628239,0.24707285096318896,0.05553788141539738,0.04150783433564806,0.08409700068182456,0.21478521478521478,0.014030047079749322
2020-10-16,coarse_ex_psu,Coarse | Ex PSU,Sector_Coarse,True,161,19,7,31,0.3059460385003231,0.15364307376071842,0.033340365712565295,0.04235188536230974,0.08801744558274859,0.5974025974025974,-0.009011519649744441
2020-10-23,coarse_ex_psu,Coarse | Ex PSU,Sector_Coarse,True,161,19,7,31,0.214988039770581,0.2810925316231366,0.06339598632554629,0.042812331191322855,0.09427013103519857,0.1848151848151848,0.02058365513422343
2020-10-30,coarse_ex_psu,Coarse | Ex PSU,Sector_Coarse,True,160,19,7,31,0.1404330991103956,0.2516664097350826,0.19020395419796493,0.04267284549021449,0.09832489443624695,0.003996003996003996,0.14753110870775044
2020-11-06,coarse_ex_psu,Coarse | Ex PSU,Sector_Coarse,True,161,19,7,31,0.28111989807132953,0.2335952491788494,0.014238113638156556,0.041663289141021284,0.08909803667987817,0.9230769230769231,-0.02742517550286473
2020-11-13,coarse_ex_psu,Coarse | Ex PSU,Sector_Coarse,True,161,19,7,31,0.24633821280210189,0.3148464959374907,0.05808326422720993,0.04281639321270667,0.08823440973315119,0.23576423576423577,0.015266871014503254
2020-11-20,coarse_ex_psu,Coarse | Ex PSU,Sector_Coarse,True,161,19,7,31,0.24591357195989927,0.2887520280686374,0.2308594941376616,0.044684714927347116,0.1065088689377036,0.02197802197802198,0.1861747792103145
2020-11-27,coarse_ex_psu,Coarse | Ex PSU,Sector_Coarse,True,161,19,7,31,0.1503064436485071,0.29141375732815744,0.03372840726187056,0.042402886023975454,0.08756351865079265,0.5764235764235764,-0.008674478762104892
2020-12-04,coarse_ex_psu,Coarse | Ex PSU,Sector_Coarse,True,161,19,7,31,0.2282927028835161,0.2552585021741306,0.024210363626283753,0.042971235893618856,0.09620850918682784,0.7422577422577422,-0.018760872267335103
2020-12-11,coarse_ex_psu,Coarse | Ex PSU,Sector_Coarse,True,161,19,7,31,0.22707940847931107,0.1690017180445716,0.023360013110485484,0.04190454552115642,0.10221434102686776,0.6773226773226774,-0.018544532410670934
2020-12-18,coarse_ex_psu,Coarse | Ex PSU,Sector_Coarse,True,161,19,7,31,0.29676756505251256,0.14237447483629478,0.023556217666905622,0.04294165928179113,0.09765233214609385,0.7692307692307693,-0.01938544161488551
2020-12-25,coarse_ex_psu,Coarse | Ex PSU,Sector_Coarse,True,161,19,7,31,0.3191607780071072,0.10916252613623804,0.04225767148577057,0.04262728732355779,0.09253217616749056,0.4005994005994006,-0.0003696158377872183
2021-01-01,coarse_ex_psu,Coarse | Ex PSU,Sector_Coarse,True,161,19,7,31,0.18797524867019666,0.0793566118558729,0.0657451044376212,0.04287843040749659,0.08810397878815333,0.15484515484515485,0.022866674030124615
2021-01-08,coarse_ex_psu,Coarse | Ex PSU,Sector_Coarse,True,161,19,7,31,0.26513964104948773,0.2760872341798337,0.08241709277355276,0.04303054065437097,0.08910324573005349,0.07392607392607392,0.03938655211918179
2021-01-15,coarse_ex_psu,Coarse | Ex PSU,Sector_Coarse,True,161,19,7,31,0.1615448219501624,0.3341340852192789,0.08472144045431972,0.044119563173532765,0.09454588103246313,0.06893106893106893,0.04060187728078695
2021-01-22,coarse_ex_psu,Coarse | Ex PSU,Sector_Coarse,True,161,19,7,31,0.3151326751435589,0.299050089287702,0.1253676575046337,0.04200331424306323,0.09214025166268769,0.017982017982017984,0.08336434326157047
2021-01-29,coarse_ex_psu,Coarse | Ex PSU,Sector_Coarse,True,159,19,7,30,0.1419094486142014,0.24029329955559675,0.034834144404466215,0.043526480683815594,0.0946734394132164,0.5644355644355644,-0.008692336279349379
2021-02-05,coarse_ex_psu,Coarse | Ex PSU,Sector_Coarse,True,161,19,7,31,0.37029337504691007,0.3436632200812869,0.04654303828957158,0.04193036549017775,0.08101816997122799,0.36163836163836166,0.004612672799393827
2021-02-12,coarse_ex_psu,Coarse | Ex PSU,Sector_Coarse,True,161,19,7,31,0.20393717066793482,0.2904833893137335,0.07621808041932204,0.04406030522822931,0.09853564944269039,0.11188811188811189,0.03215777519109273
2021-02-19,coarse_ex_psu,Coarse | Ex PSU,Sector_Coarse,True,161,19,7,31,0.2282789722436328,0.3043232862986563,0.0894935583727946,0.04210883122093774,0.10695861829639557,0.06793206793206794,0.04738472715185686
2021-02-26,coarse_ex_psu,Coarse | Ex PSU,Sector_Coarse,True,161,19,7,31,0.19003908432091854,0.24809033896948002,0.17175843619081116,0.04324821294063866,0.10099520220660167,0.015984015984015984,0.1285102232501725
2021-03-05,coarse_ex_psu,Coarse | Ex PSU,Sector_Coarse,True,161,19,7,31,0.32747706675008936,0.19687304872579492,0.10954968884494438,0.041802911094047074,0.09172542136598176,0.028971028971028972,0.06774677775089731
2021-03-12,coarse_ex_psu,Coarse | Ex PSU,Sector_Coarse,True,161,19,7,31,0.21539257497517605,0.0876289630797464,0.05278865029071544,0.04334752825082508,0.09436455555296011,0.27672327672327673,0.009441122039890358
2021-03-19,coarse_ex_psu,Coarse | Ex PSU,Sector_Coarse,True,161,19,7,31,0.16345160381496315,0.21437618248982193,0.028544145795583196,0.04262076620177224,0.09083234675015663,0.6703296703296703,-0.014076620406189046
2021-03-26,coarse_ex_psu,Coarse | Ex PSU,Sector_Coarse,True,161,19,7,31,0.28034749579888973,0.21426541866133275,0.135305619995086,0.04196919010952216,0.105323852346507,0.030969030969030968,0.09333642988556384
2021-04-02,coarse_ex_psu,Coarse | Ex PSU,Sector_Coarse,True,159,19,6,31,0.15451337468726367,2.107438172952339,0.052502329632598634,0.03358426373649827,0.15400773253731787,0.1888111888111888,0.018918065896100365
2021-04-09,coarse_ex_psu,Coarse | Ex PSU,Sector_Coarse,True,163,19,6,31,0.39936553983598,0.21626060892646518,0.027944595620840035,0.03654949585667222,0.07587577782497142,0.6033966033966034,-0.008604900235832186
2021-04-16,coarse_ex_psu,Coarse | Ex PSU,Sector_Coarse,True,163,19,6,31,0.2689961079958726,0.16709510970662267,0.031096751360590442,0.036008289641950714,0.07485271024060046,0.5234765234765235,-0.004911538281360272
2021-04-23,coarse_ex_psu,Coarse | Ex PSU,Sector_Coarse,True,163,19,6,31,0.28754156999504943,0.14889130200569323,0.060389321047301256,0.034810270091053044,0.07425957424420943,0.11788211788211789,0.02557905095624821
2021-04-30,coarse_ex_psu,Coarse | Ex PSU,Sector_Coarse,True,163,19,6,31,0.16252345128765766,0.2538431120323388,0.11615586806430338,0.03581438314939819,0.07725233594540752,0.00999000999000999,0.08034148491490518
2021-05-07,coarse_ex_psu,Coarse | Ex PSU,Sector_Coarse,True,163,19,6,31,0.27557770721799635,0.24649175004902932,0.05365014666462226,0.03585758518552958,0.07999654945757598,0.1938061938061938,0.01779256147909268
2021-05-14,coarse_ex_psu,Coarse | Ex PSU,Sector_Coarse,True,163,19,6,31,0.33416927672134733,0.18344141965607996,0.05123628310381525,0.0359245479360444,0.08053621578828211,0.1968031968031968,0.015311735167770846
2021-05-21,coarse_ex_psu,Coarse | Ex PSU,Sector_Coarse,True,163,19,6,31,0.2949298740030617,0.1903490123452813,0.11738445606843799,0.03567101216580878,0.07621931778044634,0.003996003996003996,0.08171344390262922
2021-05-28,coarse_ex_psu,Coarse | Ex PSU,Sector_Coarse,True,163,19,6,31,0.2617079954948671,0.12117272866738843,0.01733229878658517,0.03680781520771785,0.08581936133457405,0.7952047952047953,-0.01947551642113268
2021-06-04,coarse_ex_psu,Coarse | Ex PSU,Sector_Coarse,True,163,19,6,31,0.15771991269806018,0.27338034533961436,0.12480758663390987,0.036596524413941484,0.09449726297278753,0.02097902097902098,0.08821106221996838
2021-06-11,coarse_ex_psu,Coarse | Ex PSU,Sector_Coarse,True,163,19,6,31,0.26177407524186713,0.13704544616235906,0.1046534368665564,0.03487307629489763,0.081573672911166,0.014985014985014986,0.06978036057165876
2021-06-18,coarse_ex_psu,Coarse | Ex PSU,Sector_Coarse,True,163,19,6,31,0.30962399383965256,0.18700815109269717,0.24337098964481266,0.03551459590794265,0.09025642843566668,0.008991008991008992,0.20785639373687
2021-06-25,coarse_ex_psu,Coarse | Ex PSU,Sector_Coarse,True,163,19,6,31,0.1590359897656246,0.13117812753380753,0.04061461863647467,0.03663628830036089,0.08740594433978977,0.3356643356643357,0.003978330336113778
2021-07-02,coarse_ex_psu,Coarse | Ex PSU,Sector_Coarse,True,163,19,6,31,0.2522830416882751,0.23961929810439822,0.19623252876421773,0.03570816007935844,0.09429168088682904,0.01098901098901099,0.1605243686848593
2021-07-09,coarse_ex_psu,Coarse | Ex PSU,Sector_Coarse,True,163,19,6,31,0.23796252340663393,0.1289875770693233,0.046829493932211225,0.03495663723669095,0.07531070933436917,0.22877122877122877,0.011872856695520274
2021-07-16,coarse_ex_psu,Coarse | Ex PSU,Sector_Coarse,True,163,19,6,31,0.29700503874322326,0.1302023812001759,0.09394271949955152,0.036699631820852036,0.08328728396823583,0.03496503496503497,0.057243087678699484
2021-07-23,coarse_ex_psu,Coarse | Ex PSU,Sector_Coarse,True,163,19,6,31,0.24311190904134472,0.16730726160447457,0.06076450400596906,0.0365685208621593,0.08581196180926784,0.14585414585414586,0.02419598314380976
2021-07-30,coarse_ex_psu,Coarse | Ex PSU,Sector_Coarse,True,162,19,6,31,0.18754833139271865,0.26978238113189273,0.04051484411267097,0.03590426276325918,0.0807757350935256,0.32367632367632365,0.004610581349411794
2021-08-06,coarse_ex_psu,Coarse | Ex PSU,Sector_Coarse,True,163,19,6,31,0.12628767849176525,0.2125745200707736,0.05331563170977911,0.036552702616826686,0.08260813122013902,0.2047952047952048,0.016762929092952426
2021-08-13,coarse_ex_psu,Coarse | Ex PSU,Sector_Coarse,True,163,19,6,31,0.18239109738136394,0.2559156905198834,0.05998997585231057,0.03618661435878522,0.08930521959865707,0.14985014985014986,0.023803361493525348
2021-08-20,coarse_ex_psu,Coarse | Ex PSU,Sector_Coarse,True,163,19,6,31,0.4030710554689467,0.23353558237870883,0.13060745276809788,0.034572340724727736,0.07450448638783186,0.000999000999000999,0.09603511204337015
2021-08-27,coarse_ex_psu,Coarse | Ex PSU,Sector_Coarse,True,163,19,6,31,0.20054498434091717,0.16726463653826212,0.10917342687160737,0.03643375693443883,0.08646001975505298,0.02097902097902098,0.07273966993716854
2021-09-03,coarse_ex_psu,Coarse | Ex PSU,Sector_Coarse,True,163,19,6,31,0.21264924331172874,0.2082500138480654,0.01709782606813646,0.03710271034109229,0.0834532293743218,0.8051948051948052,-0.020004884272955832
2021-09-10,coarse_ex_psu,Coarse | Ex PSU,Sector_Coarse,True,163,19,6,31,0.29067037737612256,0.10489649823615316,0.033649645095565645,0.03589146753041027,0.07921187836445015,0.4515484515484515,-0.002241822434844623
2021-09-17,coarse_ex_psu,Coarse | Ex PSU,Sector_Coarse,True,163,19,6,31,0.38875467180109824,0.2742334817261477,0.030116421439636564,0.0338220525442655,0.07812447947029304,0.45354645354645357,-0.003705631104628935
2021-09-24,coarse_ex_psu,Coarse | Ex PSU,Sector_Coarse,True,163,19,6,31,0.5072381636154041,0.24611722972513275,0.08025427280148162,0.0357564392054076,0.08217598438399219,0.056943056943056944,0.04449783359607402
2021-10-01,coarse_ex_psu,Coarse | Ex PSU,Sector_Coarse,True,163,19,6,31,0.308233740348304,0.19636911704647683,0.0780021478430531,0.036250171200105215,0.08252635902284715,0.060939060939060936,0.04175197664294788
2021-10-08,coarse_ex_psu,Coarse | Ex PSU,Sector_Coarse,True,163,19,6,31,0.33727313121435976,0.187018104430127,0.0840120022497261,0.035148794279090644,0.07740590566506729,0.03396603396603397,0.04886320797063546
2021-10-15,coarse_ex_psu,Coarse | Ex PSU,Sector_Coarse,True,163,19,6,31,0.3110738873402886,0.23509137705250088,0.08825323064865229,0.03587949231546454,0.08365896135873235,0.04295704295704296,0.052373738333187744
2021-10-22,coarse_ex_psu,Coarse | Ex PSU,Sector_Coarse,True,163,19,6,31,0.4370415742153866,0.2238877977677493,0.004051317287218455,0.035864727467890156,0.0813147552469385,0.996003996003996,-0.0318134101806717
2021-10-29,coarse_ex_psu,Coarse | Ex PSU,Sector_Coarse,True,158,19,6,32,0.20167803592576894,1.5708424113989048,0.0683645887205151,0.036540148230662546,0.16320305885690461,0.15984015984015984,0.03182444048985255
2021-11-05,coarse_ex_psu,Coarse | Ex PSU,Sector_Coarse,True,160,19,6,32,0.31747766775024633,0.11545532203578769,0.05756310880318436,0.036246004519174466,0.0815074883583368,0.15184815184815184,0.021317104284009895
2021-11-12,coarse_ex_psu,Coarse | Ex PSU,Sector_Coarse,True,160,19,6,32,0.15128248350342277,0.209590072273941,0.09994999892853863,0.036898613484068324,0.08392665819751102,0.022977022977022976,0.06305138544447031
2021-11-19,coarse_ex_psu,Coarse | Ex PSU,Sector_Coarse,True,160,19,6,32,0.3442810498187082,0.173234638906341,0.029599493202687798,0.03582401287022225,0.08128664987952,0.5064935064935064,-0.006224519667534453
2021-11-26,coarse_ex_psu,Coarse | Ex PSU,Sector_Coarse,True,160,19,6,32,0.4940543139737438,0.20853226012861456,0.08327112040255893,0.03657860072943734,0.07845876042157762,0.04195804195804196,0.046692519673121595
2021-12-03,coarse_ex_psu,Coarse | Ex PSU,Sector_Coarse,True,160,19,6,32,0.252282245440113,0.1644606067924692,0.10782888151921943,0.03587685934435741,0.0880621855750089,0.025974025974025976,0.07195202217486202
2021-12-10,coarse_ex_psu,Coarse | Ex PSU,Sector_Coarse,True,160,19,6,32,0.26092024724431695,0.13681257164280794,0.043664232245733736,0.038105210154208535,0.08886464778646533,0.3226773226773227,0.005559022091525201
2021-12-17,coarse_ex_psu,Coarse | Ex PSU,Sector_Coarse,True,160,19,6,32,0.39699875871861934,0.12999552292765887,0.03788081609167961,0.03693822180438536,0.0766245750307363,0.4165834165834166,0.0009425942872942558
2021-12-24,coarse_ex_psu,Coarse | Ex PSU,Sector_Coarse,True,160,19,6,32,0.2905770390878575,0.09783012492498998,0.046653384029492775,0.03684378549051768,0.073903252319081,0.2827172827172827,0.009809598538975096
2021-12-31,coarse_ex_psu,Coarse | Ex PSU,Sector_Coarse,True,160,19,6,32,0.17530067316538156,0.17550900926464882,0.03286229627657359,0.03724561493540007,0.1498244840624738,0.24075924075924077,-0.004383318658826484
2022-01-07,coarse_ex_psu,Coarse | Ex PSU,Sector_Coarse,True,160,19,6,32,0.3313672485774626,0.1516605703206572,0.022637272018184645,0.03791876374057851,0.08772017970232183,0.7382617382617382,-0.015281491722393865
2022-01-14,coarse_ex_psu,Coarse | Ex PSU,Sector_Coarse,True,160,19,6,32,0.2126718123319975,0.21696260574464848,0.13242363942042717,0.038272533157990424,0.09003444617772983,0.008991008991008992,0.09415110626243675
2022-01-21,coarse_ex_psu,Coarse | Ex PSU,Sector_Coarse,True,160,19,6,32,0.18593532753617714,0.23505871864313296,0.03950191357454318,0.035298668788037314,0.08533628618302569,0.3106893106893107,0.004203244786505862
2022-01-28,coarse_ex_psu,Coarse | Ex PSU,Sector_Coarse,True,160,19,6,32,0.21481454254821997,0.2807234825738041,0.022588456356318412,0.03679498292188929,0.07804274900189738,0.7182817182817183,-0.014206526565570879
2022-02-04,coarse_ex_psu,Coarse | Ex PSU,Sector_Coarse,True,160,19,6,32,0.13554000283842793,0.1594319315402306,0.06641528555018568,0.036396997567653785,0.07466965013775702,0.08791208791208792,0.030018287982531894
2022-02-11,coarse_ex_psu,Coarse | Ex PSU,Sector_Coarse,True,160,19,6,32,0.17938715645453052,0.16470126581319194,0.04222289256795674,0.0369127676553387,0.0859030586522743,0.3116883116883117,0.005310124912618043
2022-02-18,coarse_ex_psu,Coarse | Ex PSU,Sector_Coarse,True,160,19,6,32,0.13778851670409964,0.1823392308724066,0.06883713081940629,0.03769054689213982,0.09373391885475912,0.11788211788211789,0.03114658392726647
2022-02-25,coarse_ex_psu,Coarse | Ex PSU,Sector_Coarse,True,160,19,6,32,0.27507806744106,0.1737548915029147,0.019204048759240998,0.03585392031172682,0.07945600596765551,0.7722277722277723,-0.016649871552485825
2022-03-04,coarse_ex_psu,Coarse | Ex PSU,Sector_Coarse,True,160,19,6,32,0.414699492522559,0.24948854486850064,0.030370777709551676,0.03625609789959446,0.08250702931922979,0.5024975024975025,-0.0058853201900427865
2022-03-11,coarse_ex_psu,Coarse | Ex PSU,Sector_Coarse,True,160,19,6,32,0.13652139980653255,0.18100449371273497,0.02330604435613147,0.03521846106893364,0.07825220785752274,0.6683316683316683,-0.011912416712802174
2022-03-18,coarse_ex_psu,Coarse | Ex PSU,Sector_Coarse,True,160,19,6,32,0.29481397530503006,0.15378575240146883,0.04329816147068607,0.036862855593510324,0.08084239725508283,0.2957042957042957,0.006435305877175744
2022-03-25,coarse_ex_psu,Coarse | Ex PSU,Sector_Coarse,True,160,19,6,32,0.29740035843085333,0.22293852697711664,0.04520840747455488,0.03689874572645997,0.08188464023513875,0.28771228771228774,0.008309661748094908
2022-04-01,coarse_ex_psu,Coarse | Ex PSU,Sector_Coarse,True,160,19,6,32,0.2836990616638242,0.1355025449362523,0.09262363603549394,0.036060722684511014,0.07887368008013632,0.023976023976023976,0.05656291335098292
2022-04-08,coarse_ex_psu,Coarse | Ex PSU,Sector_Coarse,True,160,19,6,32,0.30583259339929236,0.17875920743770454,0.045005817950869685,0.03696300406628717,0.08193477452551756,0.26873126873126874,0.008042813884582514
2022-04-15,coarse_ex_psu,Coarse | Ex PSU,Sector_Coarse,True,160,19,6,32,0.237048361610957,0.12572983622269787,0.19855192213814682,0.03591029233351764,0.09453189038894377,0.005994005994005994,0.16264162980462918
2022-04-22,coarse_ex_psu,Coarse | Ex PSU,Sector_Coarse,True,160,19,6,32,0.32967166787610613,0.13183283351356162,0.07881330865442854,0.035759524397665186,0.08608760041712336,0.060939060939060936,0.04305378425676335
2022-04-29,coarse_ex_psu,Coarse | Ex PSU,Sector_Coarse,True,160,19,6,32,0.23504276029523408,0.13442812945752608,0.08063289137166353,0.037931234448283495,0.07769091004933999,0.04695304695304695,0.04270165692338004
2022-05-06,coarse_ex_psu,Coarse | Ex PSU,Sector_Coarse,True,160,19,6,32,0.16033966622456985,0.19149719357619738,0.04320570445424493,0.03675978215718832,0.07750987329256269,0.3066933066933067,0.006445922297056608
2022-05-13,coarse_ex_psu,Coarse | Ex PSU,Sector_Coarse,True,160,19,6,32,0.3967835648181206,0.26125718105339496,0.02781742916797407,0.035537083956910936,0.07405178507655664,0.5784215784215784,-0.007719654788936867
2022-05-20,coarse_ex_psu,Coarse | Ex PSU,Sector_Coarse,True,160,19,6,32,0.23660691401731704,0.21157437407856,0.018601087460038312,0.036896051380848706,0.08243591373301751,0.7812187812187812,-0.018294963920810394
2022-05-27,coarse_ex_psu,Coarse | Ex PSU,Sector_Coarse,True,160,19,6,32,0.25658398341566746,0.241731934351672,0.014256682197083365,0.03491947671147123,0.0796863727641265,0.8351648351648352,-0.020662794514387864
2022-06-03,coarse_ex_psu,Coarse | Ex PSU,Sector_Coarse,True,160,19,6,32,0.2510832009172125,0.176387346587573,0.07939384302147989,0.0372959088372172,0.08433854684296369,0.06693306693306693,0.04209793418426269
2022-06-10,coarse_ex_psu,Coarse | Ex PSU,Sector_Coarse,True,160,19,6,32,0.16271866064719454,0.12396791743344637,0.024669452224533688,0.03806565857905038,0.08591552249887643,0.6703296703296703,-0.013396206354516691
2022-06-17,coarse_ex_psu,Coarse | Ex PSU,Sector_Coarse,True,160,19,6,32,0.17316630561553992,0.23756949050874154,0.0443655516116507,0.035755294476448665,0.09329431180557803,0.24175824175824176,0.008610257135202033
2022-06-24,coarse_ex_psu,Coarse | Ex PSU,Sector_Coarse,True,160,19,6,32,0.29345859808242114,0.16477920871899732,0.08391826861409818,0.035985492948352064,0.07593154025706013,0.03496503496503497,0.047932775665746115
2022-07-01,coarse_ex_psu,Coarse | Ex PSU,Sector_Coarse,True,160,19,6,32,0.13643375226200605,0.12056156604020139,0.04397003975829708,0.03716804149759132,0.07948899952767279,0.3106893106893107,0.006801998260705759
2022-07-08,coarse_ex_psu,Coarse | Ex PSU,Sector_Coarse,True,160,19,6,32,0.2649114579163483,0.13097435177253175,0.0415193052776597,0.035434371663113126,0.07237934589632608,0.32867132867132864,0.006084933614546574
2022-07-15,coarse_ex_psu,Coarse | Ex PSU,Sector_Coarse,True,160,19,6,32,0.3184423639970547,0.1281436969421599,0.03313598292734836,0.03657891377477877,0.07730660908669644,0.47352647352647353,-0.0034429308474304074
2022-07-22,coarse_ex_psu,Coarse | Ex PSU,Sector_Coarse,True,160,19,6,32,0.36073545303529597,0.15421000118299436,0.039000850552619426,0.03557170923398347,0.07767507091065223,0.35864135864135865,0.0034291413186359546
2022-07-29,coarse_ex_psu,Coarse | Ex PSU,Sector_Coarse,True,160,19,6,32,0.17620585677981848,0.23174216083852325,0.10321237404892282,0.03670718745590385,0.08469355098156901,0.017982017982017984,0.06650518659301896
2022-08-05,coarse_ex_psu,Coarse | Ex PSU,Sector_Coarse,True,160,19,6,32,0.1433590205107359,0.23336933835909168,0.009180541177783505,0.035255116296151835,0.07606396052335783,0.9460539460539461,-0.02607457511836833
2022-08-12,coarse_ex_psu,Coarse | Ex PSU,Sector_Coarse,True,160,19,6,32,0.24732568525595577,0.20333020729024542,0.047034175095182415,0.03649438112955957,0.0851013743754733,0.25274725274725274,0.010539793965622844
2022-08-19,coarse_ex_psu,Coarse | Ex PSU,Sector_Coarse,True,161,20,6,32,0.1271069826674075,0.14487113746159974,0.11458355504263905,0.035695218640636614,0.08292673575777033,0.00999000999000999,0.07888833640200243
2022-08-26,coarse_ex_psu,Coarse | Ex PSU,Sector_Coarse,True,161,20,6,32,0.2810218506270139,0.13566132040506246,0.070982227375622,0.03756792127963669,0.09749773082605309,0.12387612387612387,0.03341430609598531
2022-09-02,coarse_ex_psu,Coarse | Ex PSU,Sector_Coarse,True,161,20,6,32,0.26044628723089447,0.13542856996325897,0.08187924302632271,0.03621806128828146,0.07502949524661105,0.03496503496503497,0.045661181738041255
2022-09-09,coarse_ex_psu,Coarse | Ex PSU,Sector_Coarse,True,161,20,6,32,0.20232092405677948,0.152397477006399,0.012270973937921181,0.03652738646328307,0.08234605255173502,0.9070929070929071,-0.024256412525361884
2022-09-16,coarse_ex_psu,Coarse | Ex PSU,Sector_Coarse,True,161,20,6,32,0.3149232706968025,0.1458202876744823,0.051197589141362854,0.03552621455079587,0.07738063791665711,0.21078921078921078,0.015671374590566986
2022-09-23,coarse_ex_psu,Coarse | Ex PSU,Sector_Coarse,True,161,20,6,32,0.31959481900216635,0.13745706427994536,0.05348537259220119,0.034971772034767694,0.0838029028980118,0.1848151848151848,0.018513600557433493
2022-09-30,coarse_ex_psu,Coarse | Ex PSU,Sector_Coarse,True,156,20,6,34,0.334433143469141,0.11417352494657236,0.06451254493563051,0.03660858624417309,0.0791713792327595,0.1038961038961039,0.02790395869145742
2022-10-07,coarse_ex_psu,Coarse | Ex PSU,Sector_Coarse,True,164,27,6,36,0.30662190524249733,0.13221117284020575,0.04833057969513524,0.03588033443708453,0.07905087986747857,0.24675324675324675,0.012450245258050711
2022-10-14,coarse_ex_psu,Coarse | Ex PSU,Sector_Coarse,True,164,27,6,36,0.34804266362168657,0.10600476686235186,0.04430078219047818,0.03502232354339034,0.0743626478546266,0.26873126873126874,0.009278458647087838
2022-10-21,coarse_ex_psu,Coarse | Ex PSU,Sector_Coarse,True,164,27,6,36,0.5411546997785033,0.15836037735268277,0.03810884221592936,0.03570522766496214,0.08212173926977824,0.3646353646353646,0.0024036145509672216
2022-10-28,coarse_ex_psu,Coarse | Ex PSU,Sector_Coarse,True,164,27,6,36,0.2988232050269568,0.11740129226759831,0.014433282912792595,0.034396299003415405,0.08277404569382049,0.8361638361638362,-0.019963016090622808
2022-11-04,coarse_ex_psu,Coarse | Ex PSU,Sector_Coarse,True,164,27,6,36,0.29110611921560836,0.15531943429593,0.05115843947011459,0.036654178531983786,0.08599210956756116,0.1998001998001998,0.014504260938130807
2022-11-11,coarse_ex_psu,Coarse | Ex PSU,Sector_Coarse,True,164,27,6,36,0.2673319563053336,0.16475063095978082,0.035461164757739805,0.03509217958526981,0.08103931556080854,0.4085914085914086,0.0003689851724699919
2022-11-18,coarse_ex_psu,Coarse | Ex PSU,Sector_Coarse,True,164,27,6,36,0.38361675178406485,0.09092671774272594,0.049335087919947694,0.03548261749523486,0.0715835934597999,0.2007992007992008,0.013852470424712833
2022-11-25,coarse_ex_psu,Coarse | Ex PSU,Sector_Coarse,True,164,27,6,36,0.19941520027412352,0.09362352689591266,0.1289593401889858,0.034137046707714246,0.07963340362686461,0.013986013986013986,0.09482229348127155
2022-12-02,coarse_ex_psu,Coarse | Ex PSU,Sector_Coarse,True,164,27,6,36,0.22859130453090304,0.1152004264830196,0.07170627827602569,0.035592361414300666,0.07769497967999149,0.06993006993006994,0.03611391686172502
2022-12-09,coarse_ex_psu,Coarse | Ex PSU,Sector_Coarse,True,164,27,6,36,0.414300332401601,0.104189393880949,0.03608685038773607,0.0341716370172573,0.07590416029789991,0.37362637362637363,0.0019152133704787716
2022-12-16,coarse_ex_psu,Coarse | Ex PSU,Sector_Coarse,True,164,27,6,36,0.35977136485844563,0.0639300861270384,0.010906613668985049,0.03472175504612903,0.08048054648098196,0.9270729270729271,-0.02381514137714398
2022-12-23,coarse_ex_psu,Coarse | Ex PSU,Sector_Coarse,True,164,27,6,36,0.5236632485550737,0.1602046347527523,0.10135472534019628,0.035211869202176414,0.07451139103203316,0.01898101898101898,0.06614285613801987
2022-12-30,coarse_ex_psu,Coarse | Ex PSU,Sector_Coarse,True,164,27,6,36,0.5575196131767831,0.12732819154889097,0.052342661768240456,0.03525440880285574,0.07627622579529364,0.16683316683316685,0.017088252965384715
2023-01-06,coarse_ex_psu,Coarse | Ex PSU,Sector_Coarse,True,164,27,6,36,0.273320652371827,0.10660560346021847,0.10969135070937891,0.03561823041906357,0.08062359423028288,0.016983016983016984,0.07407312029031535
2023-01-13,coarse_ex_psu,Coarse | Ex PSU,Sector_Coarse,True,164,27,6,36,0.21456292263290744,0.11804269073513987,0.03343487509920773,0.03518915538122144,0.0763063548616952,0.4435564435564436,-0.0017542802820137149
2023-01-20,coarse_ex_psu,Coarse | Ex PSU,Sector_Coarse,True,164,27,6,36,0.1627493979306437,0.09904261381349684,0.0390583855579807,0.03462601764358051,0.07692518113500048,0.3436563436563437,0.004432367914400187
2023-01-27,coarse_ex_psu,Coarse | Ex PSU,Sector_Coarse,True,164,27,6,36,0.3564020967126351,0.43286264357853066,0.3537544036121975,0.03547142270893796,0.08988503795124965,0.000999000999000999,0.31828298090325957
2023-02-03,coarse_ex_psu,Coarse | Ex PSU,Sector_Coarse,True,164,27,6,36,0.2607559927545008,0.9972724472627931,0.333906292234245,0.033187880373961434,0.08556973281400004,0.000999000999000999,0.3007184118602836
2023-02-10,coarse_ex_psu,Coarse | Ex PSU,Sector_Coarse,True,164,27,6,36,0.22792843388614437,0.35876593648000143,0.03413754661564688,0.03544039307716908,0.08252242182899626,0.4095904095904096,-0.0013028464615221988
2023-02-17,coarse_ex_psu,Coarse | Ex PSU,Sector_Coarse,True,164,27,6,36,0.19055251776095394,0.22453785729130238,0.1698456283642159,0.03533042809208001,0.08866356511281527,0.006993006993006993,0.1345152002721359
2023-02-24,coarse_ex_psu,Coarse | Ex PSU,Sector_Coarse,True,164,27,6,36,0.35744520167773175,0.21316619441659132,0.26868439227398594,0.036211970103603414,0.09382893592555303,0.001998001998001998,0.23247242217038253
2023-03-03,coarse_ex_psu,Coarse | Ex PSU,Sector_Coarse,True,164,27,6,36,0.3413157572381176,0.23562146346572493,0.2687023740617594,0.03761864425720243,0.10945846955029656,0.008991008991008992,0.23108372980455696
2023-03-10,coarse_ex_psu,Coarse | Ex PSU,Sector_Coarse,True,164,27,6,36,0.41964206176862995,0.11051023355600126,0.13893442566884312,0.03731952063342223,0.08888600131693915,0.011988011988011988,0.1016149050354209
2023-03-17,coarse_ex_psu,Coarse | Ex PSU,Sector_Coarse,True,164,27,6,36,0.32484368682379494,0.16134955913781687,0.020726395043317587,0.03461671643113282,0.07641611724361527,0.6803196803196803,-0.013890321387815235
2023-03-24,coarse_ex_psu,Coarse | Ex PSU,Sector_Coarse,True,164,27,6,36,0.20251660282103245,0.1702286369755569,0.058038211966861396,0.03702832499893734,0.09561050374065518,0.15984015984015984,0.02100988696792406
2023-03-31,coarse_ex_psu,Coarse | Ex PSU,Sector_Coarse,True,161,26,6,37,0.15123743987217264,2.337076595691604,0.026096370517012486,0.03464892680529212,0.15102480113838299,0.2677322677322677,-0.008552556288279636
2023-04-07,coarse_ex_psu,Coarse | Ex PSU,Sector_Coarse,True,164,28,6,37,0.35978520364694555,0.08030984895888821,0.017172050340927312,0.035237360882511864,0.07435049472077285,0.8151848151848152,-0.018065310541584553
2023-04-14,coarse_ex_psu,Coarse | Ex PSU,Sector_Coarse,True,164,28,6,37,0.2617557561701337,0.111302460128705,0.03857070270733378,0.03441226563093797,0.08096398203591985,0.3116883116883117,0.004158437076395807
2023-04-21,coarse_ex_psu,Coarse | Ex PSU,Sector_Coarse,True,164,28,6,37,0.39178207812774846,0.1077092060565012,0.018381419118192327,0.03569645203179173,0.07710625262660915,0.7842157842157842,-0.017315032913599405
2023-04-28,coarse_ex_psu,Coarse | Ex PSU,Sector_Coarse,True,164,28,6,37,0.19385515353884408,0.16479965349409612,0.04022100867667742,0.034793893817047145,0.08314824815697003,0.3036963036963037,0.0054271148596302735
2023-05-05,coarse_ex_psu,Coarse | Ex PSU,Sector_Coarse,True,164,28,6,37,0.2066261128241379,0.12399811697019461,0.017081943195815866,0.035698743273147655,0.08534786384276376,0.7732267732267732,-0.01861680007733179
2023-05-12,coarse_ex_psu,Coarse | Ex PSU,Sector_Coarse,True,164,28,6,37,0.22336963396164522,0.1695873192717633,0.0714155860276208,0.034624151103750125,0.08026213143623913,0.07892107892107893,0.03679143492387067
2023-05-19,coarse_ex_psu,Coarse | Ex PSU,Sector_Coarse,True,164,28,6,37,0.18383514938740486,0.16943857413252003,0.040473570749356716,0.034976376517899116,0.09326857858556682,0.2757242757242757,0.0054971942314576
2023-05-26,coarse_ex_psu,Coarse | Ex PSU,Sector_Coarse,True,164,28,6,37,0.19802847898260856,0.22071948807231895,0.12130515531390043,0.03516306909054519,0.08683018563688469,0.024975024975024976,0.08614208622335524
2023-06-02,coarse_ex_psu,Coarse | Ex PSU,Sector_Coarse,True,164,28,6,37,0.20555818462584818,0.11834940295169895,0.05552667090390799,0.03477594023586971,0.0831329393858031,0.16083916083916083,0.02075073066803828
2023-06-09,coarse_ex_psu,Coarse | Ex PSU,Sector_Coarse,True,164,28,6,37,0.46132113418027487,0.10786660717774117,0.040589035094787965,0.035644874788679885,0.08219968144961783,0.3116883116883117,0.004944160306108079
2023-06-16,coarse_ex_psu,Coarse | Ex PSU,Sector_Coarse,True,164,28,6,37,0.31402350023229153,0.118917622290822,0.012190942557126598,0.03571464784148903,0.07675794218719215,0.9140859140859141,-0.023523705284362435
2023-06-23,coarse_ex_psu,Coarse | Ex PSU,Sector_Coarse,True,164,28,6,37,0.17321714913900466,0.15214296111680176,0.0729116283406515,0.035370599334235364,0.08318245492602618,0.07592407592407592,0.037541029006416135
2023-06-30,coarse_ex_psu,Coarse | Ex PSU,Sector_Coarse,True,164,28,6,37,0.3172471137560504,0.08176819772472235,0.0736731731059493,0.03610758419963157,0.07949578249514562,0.06493506493506493,0.037565588906317726
2023-07-07,coarse_ex_psu,Coarse | Ex PSU,Sector_Coarse,True,164,28,6,37,0.32443840478670016,0.12451162630572696,0.0753503266722234,0.03432730067518472,0.07533884234063563,0.05094905094905095,0.04102302599703868
2023-07-14,coarse_ex_psu,Coarse | Ex PSU,Sector_Coarse,True,164,28,6,37,0.2918112652688162,0.11161655955876722,0.013412306841271317,0.03444398168559553,0.07703647946144972,0.8601398601398601,-0.021031674844324215
2023-07-21,coarse_ex_psu,Coarse | Ex PSU,Sector_Coarse,True,164,28,6,37,0.2515119575887509,0.13092849964068545,0.028432687124211233,0.03432001574583411,0.07611212930745857,0.5114885114885115,-0.005887328621622879
2023-07-28,coarse_ex_psu,Coarse | Ex PSU,Sector_Coarse,True,164,28,6,37,0.3660253687791727,0.1592703574311703,0.04541093677843561,0.03587239343494752,0.0799418140523042,0.26973026973026976,0.009538543343488089
2023-08-04,coarse_ex_psu,Coarse | Ex PSU,Sector_Coarse,True,164,28,6,37,0.26502557861880194,0.19552532027193803,0.04491406607119654,0.035085304068053234,0.08245990142198104,0.26073926073926074,0.009828762003143303
2023-08-11,coarse_ex_psu,Coarse | Ex PSU,Sector_Coarse,True,164,28,6,37,0.2046527879378991,0.20380079210205504,0.035839243740515024,0.03628124183867732,0.08906432078420584,0.3806193806193806,-0.00044199809816229674
2023-08-18,coarse_ex_psu,Coarse | Ex PSU,Sector_Coarse,True,164,28,6,37,0.2588597066457252,0.08232617824385305,0.09881141877717269,0.035471825095445886,0.0763535669240546,0.02097902097902098,0.0633395936817268
2023-08-25,coarse_ex_psu,Coarse | Ex PSU,Sector_Coarse,True,165,28,6,38,0.36447876844842086,0.09525162202873252,0.03989097020555898,0.03459023373684459,0.07400474782004161,0.3256743256743257,0.005300736468714387
2023-09-01,coarse_ex_psu,Coarse | Ex PSU,Sector_Coarse,True,165,28,6,38,0.3217774113937445,0.1346573602866154,0.04784192694252378,0.03555586334417989,0.08128136373923411,0.21978021978021978,0.012286063598343888
2023-09-08,coarse_ex_psu,Coarse | Ex PSU,Sector_Coarse,True,165,28,6,38,0.3353447965010423,0.08526636573513367,0.025474036698067436,0.0342785278480713,0.06990842894167251,0.6203796203796204,-0.008804491150003861
2023-09-15,coarse_ex_psu,Coarse | Ex PSU,Sector_Coarse,True,165,28,6,38,0.45025029122579685,0.06389199274389219,0.05093926270720197,0.03480426646444985,0.07400324378904868,0.1798201798201798,0.016134996242752123
2023-09-22,coarse_ex_psu,Coarse | Ex PSU,Sector_Coarse,True,165,28,6,38,0.27736072224560904,0.07346086893949771,0.04736116125884627,0.03608736516399355,0.07792641886335866,0.23976023976023977,0.011273796094852719
2023-09-29,coarse_ex_psu,Coarse | Ex PSU,Sector_Coarse,True,163,28,6,38,0.9643593583247146,0.12131454965343581,0.04563786510048769,0.03612509030798843,0.0867126733423113,0.24875124875124874,0.009512774792499255
2023-10-06,coarse_ex_psu,Coarse | Ex PSU,Sector_Coarse,True,166,30,6,38,0.24381174016218055,0.13433640416954734,0.01866155600920038,0.03439521080508061,0.09696459547817472,0.6283716283716284,-0.01573365479588023
2023-10-13,coarse_ex_psu,Coarse | Ex PSU,Sector_Coarse,True,166,30,6,38,0.3662763963731457,0.07898956128371884,0.03707797871721157,0.03504454305580439,0.07161432714215489,0.3916083916083916,0.002033435661407179
2023-10-20,coarse_ex_psu,Coarse | Ex PSU,Sector_Coarse,True,166,30,6,38,0.20964991637917973,0.12530988844283833,0.04918263759928675,0.034761585259292176,0.07736258475876798,0.22277722277722278,0.014421052339994578
2023-10-27,coarse_ex_psu,Coarse | Ex PSU,Sector_Coarse,True,167,30,6,38,0.286262884130272,0.08437431367663922,0.025393698468935064,0.03425658386465763,0.0768090021056736,0.5824175824175825,-0.008862885395722567
2023-11-03,coarse_ex_psu,Coarse | Ex PSU,Sector_Coarse,True,167,30,6,38,0.4758130522524183,0.13083251729458786,0.06804506906747586,0.034917198334141045,0.07650851408021274,0.08091908091908091,0.03312787073333481
2023-11-10,coarse_ex_psu,Coarse | Ex PSU,Sector_Coarse,True,167,30,6,38,0.3935808319676103,0.11595646141157256,0.020856203900375403,0.03371434182396615,0.07427060201855173,0.6993006993006993,-0.012858137923590744
2023-11-17,coarse_ex_psu,Coarse | Ex PSU,Sector_Coarse,True,167,30,6,38,0.32931825888217103,0.08184590610355297,0.04515487050402392,0.0351528021196198,0.07777096584589709,0.2547452547452547,0.010002068384404122
2023-11-24,coarse_ex_psu,Coarse | Ex PSU,Sector_Coarse,True,167,30,6,38,0.3236483459473197,0.08185997419330994,0.015021352031154792,0.034880073713927574,0.07467333578251453,0.8541458541458542,-0.019858721682772782
2023-12-01,coarse_ex_psu,Coarse | Ex PSU,Sector_Coarse,True,167,30,6,38,0.2711791300679832,0.1728435970006958,0.08572930194549926,0.03742039623095455,0.09103751931715133,0.057942057942057944,0.04830890571454471
2023-12-08,coarse_ex_psu,Coarse | Ex PSU,Sector_Coarse,True,167,30,6,38,0.4367924736537613,0.4117837566016555,0.3320713949504647,0.03501614446160285,0.10021371167070715,0.005994005994005994,0.2970552504888619
2023-12-15,coarse_ex_psu,Coarse | Ex PSU,Sector_Coarse,True,167,30,6,38,0.4458257263208737,0.12891869575990056,0.017192226780946084,0.03405785111390864,0.07762955978234855,0.7682317682317682,-0.016865624332962556
2023-12-22,coarse_ex_psu,Coarse | Ex PSU,Sector_Coarse,True,167,30,6,38,0.36076395693637986,0.1379721401795283,0.06005030920162249,0.03373071716910253,0.0724571831426441,0.1028971028971029,0.02631959203251996
2023-12-29,coarse_ex_psu,Coarse | Ex PSU,Sector_Coarse,True,167,30,6,38,0.43730534066601545,0.0806642644268322,0.07442513434666609,0.033941064576988596,0.07499115502191926,0.052947052947052944,0.04048406976967749
2024-01-05,coarse_ex_psu,Coarse | Ex PSU,Sector_Coarse,True,167,30,6,38,0.31218924912523593,0.1811049872547143,0.09627813551306813,0.03497566191726269,0.07369296260976094,0.012987012987012988,0.06130247359580544
2024-01-12,coarse_ex_psu,Coarse | Ex PSU,Sector_Coarse,True,167,30,6,38,0.3195805240876668,0.21689624519154546,0.03812579332261797,0.033789463898215584,0.08896055442824151,0.2817182817182817,0.004336329424402388
2024-01-19,coarse_ex_psu,Coarse | Ex PSU,Sector_Coarse,True,167,30,6,38,0.19077161290518685,0.16658682775432757,0.048113320158133896,0.03429958009906548,0.07295510218882538,0.21178821178821178,0.013813740059068415
2024-01-26,coarse_ex_psu,Coarse | Ex PSU,Sector_Coarse,True,167,30,6,38,0.40529309277468495,0.18493902890863853,0.03066439829288264,0.034166786122423375,0.07890851967061455,0.44155844155844154,-0.003502387829540734
2024-02-02,coarse_ex_psu,Coarse | Ex PSU,Sector_Coarse,True,167,30,6,38,0.3787264246991884,0.17803555797243542,0.016544280369807946,0.0339425571197263,0.07170712482631367,0.8061938061938062,-0.017398276749918357
2024-02-09,coarse_ex_psu,Coarse | Ex PSU,Sector_Coarse,True,167,30,6,38,0.2121826036273774,0.36341680954327393,0.021431245298999126,0.0339699813957826,0.07821371105012269,0.6463536463536463,-0.012538736096783472
2024-02-16,coarse_ex_psu,Coarse | Ex PSU,Sector_Coarse,True,167,30,6,38,0.19909842564403246,0.22941489133226164,0.0415108877414183,0.03458559589419822,0.07787147275530024,0.2957042957042957,0.006925291847220079
2024-02-23,coarse_ex_psu,Coarse | Ex PSU,Sector_Coarse,True,167,30,6,38,0.30990606296466827,0.10438053495959289,0.014917389324758952,0.03465696634298972,0.074967867127851,0.8461538461538461,-0.019739577018230765
2024-03-01,coarse_ex_psu,Coarse | Ex PSU,Sector_Coarse,True,167,30,6,38,0.31668312322843994,0.14424787629959826,0.05795538570268826,0.03358196592190167,0.08141788214126604,0.13886113886113885,0.02437341978078659
2024-03-08,coarse_ex_psu,Coarse | Ex PSU,Sector_Coarse,True,167,30,6,38,0.30381300008969114,0.16919635622180007,0.14835970762257444,0.03321541813189308,0.09343075034526256,0.012987012987012988,0.11514428949068137
2024-03-15,coarse_ex_psu,Coarse | Ex PSU,Sector_Coarse,True,167,30,6,38,0.34292230650024313,0.17869522540247226,0.05113419773246846,0.03472659946236054,0.07317412048019531,0.17682317682317683,0.016407598270107918
2024-03-22,coarse_ex_psu,Coarse | Ex PSU,Sector_Coarse,True,167,30,6,38,0.414545429977041,0.14105555921189455,0.09261589365845319,0.0355155369657346,0.07589278722019348,0.02097902097902098,0.05710035669271859
2024-03-29,coarse_ex_psu,Coarse | Ex PSU,Sector_Coarse,True,157,27,6,37,0.14013481497386782,4.230065482839864,0.0011730062224987517,0.035510226116085175,0.12130706736655106,0.9530469530469531,-0.03433721989358642
2024-04-05,coarse_ex_psu,Coarse | Ex PSU,Sector_Coarse,True,162,29,6,39,0.24011238090259013,0.22667512574536625,0.0580053940006394,0.03642829182808862,0.07736630712147377,0.14185814185814186,0.02157710217255078
2024-04-12,coarse_ex_psu,Coarse | Ex PSU,Sector_Coarse,True,162,29,6,39,0.22981337219179176,0.13237919636141593,0.07344582059200516,0.03525778390567373,0.07688786639357774,0.06293706293706294,0.03818803668633143
2024-04-19,coarse_ex_psu,Coarse | Ex PSU,Sector_Coarse,True,162,29,6,39,0.2834838041914425,0.12333356717794927,0.02215896556783308,0.037134195368544475,0.08197976304793321,0.7062937062937062,-0.014975229800711396
2024-04-26,coarse_ex_psu,Coarse | Ex PSU,Sector_Coarse,True,162,29,6,39,0.1681860120182913,0.2521756168709767,0.11821519798068497,0.03604953606906602,0.08050739048900502,0.004995004995004995,0.08216566191161895
2024-05-03,coarse_ex_psu,Coarse | Ex PSU,Sector_Coarse,True,162,29,6,39,0.2863307503493304,0.16163132313423845,0.036038436402431116,0.03633671276318786,0.0775134010792976,0.4035964035964036,-0.000298276360756744
2024-05-10,coarse_ex_psu,Coarse | Ex PSU,Sector_Coarse,True,162,29,6,39,0.3090847021614155,0.2272787303177955,0.014575992887978078,0.035427087859947894,0.07642769659929431,0.8731268731268731,-0.020851094971969818
2024-05-17,coarse_ex_psu,Coarse | Ex PSU,Sector_Coarse,True,162,29,6,39,0.41355924378624154,0.1414156970558263,0.09899339257950762,0.035173419840762804,0.0796007515582799,0.014985014985014986,0.06381997273874482
2024-05-24,coarse_ex_psu,Coarse | Ex PSU,Sector_Coarse,True,162,29,6,39,0.28150697302306993,0.14148555748369185,0.09768861315197601,0.03600054372369655,0.07676176065976036,0.011988011988011988,0.06168806942827946
2024-05-31,coarse_ex_psu,Coarse | Ex PSU,Sector_Coarse,True,162,29,6,39,0.22988791017276844,0.13981232614415423,0.0533882267596316,0.03457797273344631,0.07248699241029753,0.16083916083916083,0.01881025402618529
2024-06-07,coarse_ex_psu,Coarse | Ex PSU,Sector_Coarse,True,163,29,6,39,0.387046920531705,0.15164151449187782,0.11449335629500738,0.03579902443105991,0.07649873084597146,0.005994005994005994,0.07869433186394748
2024-06-14,coarse_ex_psu,Coarse | Ex PSU,Sector_Coarse,True,163,29,6,39,0.21225683535573103,0.2904451502107197,0.017348025082702938,0.03437500013925896,0.09876618157496228,0.6613386613386614,-0.017026975056556024
2024-06-21,coarse_ex_psu,Coarse | Ex PSU,Sector_Coarse,True,163,29,6,39,0.36184616271999226,0.10529010828453308,0.04852278266126953,0.0350520344337572,0.07630092373902722,0.22777222777222778,0.013470748227512333
2024-06-28,coarse_ex_psu,Coarse | Ex PSU,Sector_Coarse,True,163,29,6,39,0.2767911266957793,0.1452351993098279,0.05398870674916521,0.03568886382572303,0.08484040165161859,0.17182817182817184,0.01829984292344218
2024-07-05,coarse_ex_psu,Coarse | Ex PSU,Sector_Coarse,True,163,29,6,39,0.20296251007697075,0.15277058520869657,0.05225546569250267,0.035691073474683595,0.08014777206925247,0.19480519480519481,0.016564392217819073
2024-07-12,coarse_ex_psu,Coarse | Ex PSU,Sector_Coarse,True,163,29,6,39,0.4175773633320531,0.10384295340899222,0.023273027024348573,0.03646532584936203,0.07995897909798336,0.6713286713286714,-0.013192298825013458
2024-07-19,coarse_ex_psu,Coarse | Ex PSU,Sector_Coarse,True,163,29,6,39,0.3345690295762326,0.09889938941395066,0.04808674880542054,0.03566742712827977,0.07379037176530588,0.23276723276723277,0.012419321677140771
2024-07-26,coarse_ex_psu,Coarse | Ex PSU,Sector_Coarse,True,163,29,6,39,0.29215712158812857,0.1682210827000497,0.06760112834558688,0.0362139147683201,0.07765645083968917,0.08191808191808192,0.03138721357726677
2024-08-02,coarse_ex_psu,Coarse | Ex PSU,Sector_Coarse,True,163,29,6,39,0.377276400450128,0.18525531236290854,0.0041848401729633515,0.03634900237352888,0.07714452387151512,0.99000999000999,-0.032164162200565526
2024-08-09,coarse_ex_psu,Coarse | Ex PSU,Sector_Coarse,True,163,29,6,39,0.3312630636085264,0.14572152985732012,0.010194508592765154,0.035080636797212766,0.07657425595512808,0.9270729270729271,-0.024886128204447612
2024-08-16,coarse_ex_psu,Coarse | Ex PSU,Sector_Coarse,True,163,29,6,39,0.350850197363086,0.13129138661265918,0.008182449985138621,0.03527187906092978,0.08055802366559825,0.9470529470529471,-0.02708942907579116
2024-08-23,coarse_ex_psu,Coarse | Ex PSU,Sector_Coarse,True,163,29,6,39,0.31753948261246523,0.10442295765899197,0.059344790638726684,0.03484664088188561,0.07063441458289142,0.1068931068931069,0.024498149756841073
2024-08-30,coarse_ex_psu,Coarse | Ex PSU,Sector_Coarse,True,163,29,6,39,0.31012899542756733,0.11705763533274194,0.1435187531348871,0.03525295437527963,0.0765583036188911,0.000999000999000999,0.10826579875960747
2024-09-06,coarse_ex_psu,Coarse | Ex PSU,Sector_Coarse,True,163,29,6,39,0.2753614106141613,0.1626377713379989,0.04860478319539878,0.03649673689969722,0.08379569907516099,0.24575424575424576,0.012108046295701558
2024-09-13,coarse_ex_psu,Coarse | Ex PSU,Sector_Coarse,True,163,29,6,39,0.29999450277216255,0.11544801219996045,0.036307407591545326,0.03511700026848905,0.07143721703312986,0.41858141858141856,0.0011904073230562737
2024-09-20,coarse_ex_psu,Coarse | Ex PSU,Sector_Coarse,True,163,29,6,39,0.4857219253578706,0.15194510933899671,0.03985463582765307,0.034911591129884186,0.08546477449372707,0.2907092907092907,0.004943044697768885
2024-09-27,coarse_ex_psu,Coarse | Ex PSU,Sector_Coarse,True,163,29,6,39,0.275627753558252,0.13664728678752344,0.05973219207007393,0.036720497330695524,0.07671707528240686,0.14485514485514486,0.023011694739378405
2024-10-04,coarse_ex_psu,Coarse | Ex PSU,Sector_Coarse,True,155,28,6,38,0.11354873820067624,6.703828738237142,0.01690311980884584,0.03751617832071635,0.11737876090395906,0.5784215784215784,-0.020613058511870508
2024-10-11,coarse_ex_psu,Coarse | Ex PSU,Sector_Coarse,True,159,30,6,38,0.2831259068262718,0.15887006402414938,0.014692768375913665,0.03581609582334134,0.07838877433663176,0.8541458541458542,-0.021123327447427676
2024-10-18,coarse_ex_psu,Coarse | Ex PSU,Sector_Coarse,True,159,30,6,38,0.2438651695990286,0.16782885445966872,0.12526228672641856,0.03663490833421167,0.0768189360254303,0.002997002997002997,0.08862737839220688
2024-10-25,coarse_ex_psu,Coarse | Ex PSU,Sector_Coarse,True,159,30,6,38,0.25821425033568224,0.34623463716235153,0.0523617779843884,0.0365913185552507,0.0784199250282173,0.21678321678321677,0.015770459429137705
2024-11-01,coarse_ex_psu,Coarse | Ex PSU,Sector_Coarse,True,159,30,6,38,0.30704871343492457,0.19939183716217837,0.02819833034246068,0.037003451877103105,0.07861819697444421,0.5924075924075924,-0.008805121534642427
2024-11-08,coarse_ex_psu,Coarse | Ex PSU,Sector_Coarse,True,159,30,6,38,0.3002676328580729,0.17766312639122198,0.021530036444326325,0.035815989836723836,0.07685704841358308,0.7222777222777222,-0.01428595339239751
2024-11-15,coarse_ex_psu,Coarse | Ex PSU,Sector_Coarse,True,159,30,6,38,0.3815758916010493,0.09899909291488433,0.05071505674515486,0.03628457983114039,0.08309247577115324,0.21478521478521478,0.014430476914014473
2024-11-22,coarse_ex_psu,Coarse | Ex PSU,Sector_Coarse,True,159,30,6,38,0.3820787222604778,0.380911707748668,0.2680426917967742,0.03760726078497676,0.08451819004971214,0.000999000999000999,0.23043543101179745
2024-11-29,coarse_ex_psu,Coarse | Ex PSU,Sector_Coarse,True,159,30,6,38,0.2377528738221404,0.2628156754732393,0.2712245894373699,0.035903026312570654,0.08904726413793812,0.000999000999000999,0.23532156312479924
2024-12-06,coarse_ex_psu,Coarse | Ex PSU,Sector_Coarse,True,159,30,6,38,0.20804647308615043,0.15439106756523943,0.1130952020531656,0.037216364363220046,0.08953868888053793,0.013986013986013986,0.07587883768994555
2024-12-13,coarse_ex_psu,Coarse | Ex PSU,Sector_Coarse,True,159,30,6,38,0.2957860048183354,0.08727181232026507,0.05105999906082061,0.0381105287418009,0.0832902782098318,0.22577422577422576,0.012949470319019704
2024-12-20,coarse_ex_psu,Coarse | Ex PSU,Sector_Coarse,True,159,30,6,38,0.3619521631135889,0.14263550544535566,0.030447714443963055,0.036639301934006455,0.07781909198848914,0.5614385614385614,-0.0061915874900434
2024-12-27,coarse_ex_psu,Coarse | Ex PSU,Sector_Coarse,True,159,30,6,38,0.30872980251454496,0.0565660271980991,0.06253249491947178,0.03579281747520734,0.07405600464630496,0.0989010989010989,0.02673967744426444
2025-01-03,coarse_ex_psu,Coarse | Ex PSU,Sector_Coarse,True,159,30,6,38,0.3059215931420509,0.13906034700607875,0.03931691782888762,0.03631942436978679,0.07469054480814881,0.3756243756243756,0.0029974934591008306
2025-01-10,coarse_ex_psu,Coarse | Ex PSU,Sector_Coarse,True,159,30,6,38,0.3718936022870668,0.23746286182822554,0.03303381664955025,0.035782293730975634,0.07235651358678266,0.4885114885114885,-0.0027484770814253864
2025-01-17,coarse_ex_psu,Coarse | Ex PSU,Sector_Coarse,True,159,30,6,38,0.5498001422902417,0.14960871801436632,0.04523088127820723,0.03662565139734163,0.07770449820025088,0.28771228771228774,0.008605229880865602
2025-01-24,coarse_ex_psu,Coarse | Ex PSU,Sector_Coarse,True,159,30,6,38,0.4366892498186067,0.16474930531085927,0.0820743526018369,0.03646732820482712,0.07555878072117231,0.03296703296703297,0.04560702439700978
2025-01-31,coarse_ex_psu,Coarse | Ex PSU,Sector_Coarse,True,159,30,6,38,0.43833743419619986,0.17005180343227988,0.05284607097272244,0.03582738593327405,0.0819881691461589,0.1848151848151848,0.017018685039448388
2025-02-07,coarse_ex_psu,Coarse | Ex PSU,Sector_Coarse,True,159,30,6,38,0.3606660992492141,0.1934617402887644,0.012682914949855793,0.03636083337390213,0.07935172993978278,0.9080919080919081,-0.023677918424046332
2025-02-14,coarse_ex_psu,Coarse | Ex PSU,Sector_Coarse,True,159,30,6,38,0.20976890072727628,0.30466001213777055,0.045914488517382154,0.037532906555910205,0.1060430546598067,0.23276723276723277,0.00838158196147195
2025-02-21,coarse_ex_psu,Coarse | Ex PSU,Sector_Coarse,True,159,30,6,38,0.2373371865948033,0.2567743098471773,0.046512256080905305,0.037329094332016796,0.12014338499945268,0.22677322677322678,0.009183161748888509
2025-02-28,coarse_ex_psu,Coarse | Ex PSU,Sector_Coarse,True,159,30,6,38,0.37296727229065973,0.133059649363326,0.012218687343245558,0.035536748836133225,0.07875581197810007,0.9110889110889111,-0.02331806149288767
2025-03-07,coarse_ex_psu,Coarse | Ex PSU,Sector_Coarse,True,159,30,6,38,0.41505462563851403,0.12419749949810033,0.05397499775605563,0.03599091200000014,0.0760771853634816,0.18281718281718282,0.017984085756055493
2025-03-14,coarse_ex_psu,Coarse | Ex PSU,Sector_Coarse,True,159,30,6,38,0.23664555440805957,0.18546545767987066,0.011570788941043504,0.036629062742989264,0.1269969859548073,0.7972027972027972,-0.02505827380194576
2025-03-21,coarse_ex_psu,Coarse | Ex PSU,Sector_Coarse,True,159,30,6,38,0.3174535096338068,0.1203603971212231,0.04397386241542409,0.037150443398173846,0.07980665088729698,0.3046953046953047,0.006823419017250247
2025-03-28,coarse_ex_psu,Coarse | Ex PSU,Sector_Coarse,True,153,29,6,37,0.046750232063040076,1.9768328097648549,0.001892773767219908,0.03650205547207255,0.19317432117220226,0.9120879120879121,-0.03460928170485265
2025-04-04,coarse_ex_psu,Coarse | Ex PSU,Sector_Coarse,True,162,32,6,38,0.43458664373751843,0.18977725658454625,0.029294585076329798,0.0353561930896945,0.07635297033201678,0.5494505494505495,-0.006061608013364705
2025-04-11,coarse_ex_psu,Coarse | Ex PSU,Sector_Coarse,True,162,32,6,38,0.39509554490617704,0.12721157000895378,0.07973152519647606,0.035732449944980475,0.0846860867211859,0.06493506493506493,0.04399907525149558
2025-04-18,coarse_ex_psu,Coarse | Ex PSU,Sector_Coarse,True,162,32,6,38,0.4280543392892615,0.07139432601149291,0.030470426193427415,0.03613231135791703,0.07684656320433089,0.5304695304695305,-0.005661885164489615
2025-04-25,coarse_ex_psu,Coarse | Ex PSU,Sector_Coarse,True,162,32,6,38,0.41236114282069714,0.14253879029402355,0.032766175050729394,0.035776268897617244,0.07820734944878642,0.4875124875124875,-0.00301009384688785
2025-05-02,coarse_ex_psu,Coarse | Ex PSU,Sector_Coarse,True,162,32,6,38,0.2955317367635628,0.1408543298397416,0.05545086442408536,0.03664881194709578,0.07709226204438163,0.16583416583416583,0.01880205247698958
2025-05-09,coarse_ex_psu,Coarse | Ex PSU,Sector_Coarse,True,162,32,6,38,0.27446323986087573,0.1568176787875733,0.05100484983347359,0.03572954081073304,0.07754138204709256,0.21878121878121878,0.015275309022740546
2025-05-16,coarse_ex_psu,Coarse | Ex PSU,Sector_Coarse,True,162,32,6,38,0.4273166698320787,0.15180443506360403,0.04089088331762514,0.03642313524297808,0.08007352606534812,0.35064935064935066,0.00446774807464706
2025-05-23,coarse_ex_psu,Coarse | Ex PSU,Sector_Coarse,True,162,32,6,38,0.18082097328788715,1.189403682981771,0.1810251455465145,0.036376317886928765,0.15691261109765292,0.025974025974025976,0.14464882765958573
2025-05-30,coarse_ex_psu,Coarse | Ex PSU,Sector_Coarse,True,162,32,6,38,0.38786647030670574,0.08155777626039597,0.04115431556005258,0.03489598319291396,0.07663105758811253,0.3066933066933067,0.0062583323671386165
2025-06-06,coarse_ex_psu,Coarse | Ex PSU,Sector_Coarse,True,162,32,6,38,0.25312903004410403,0.1644691007021097,0.021604944137978598,0.03446250971870393,0.07676452328631511,0.6763236763236763,-0.012857565580725334
2025-06-13,coarse_ex_psu,Coarse | Ex PSU,Sector_Coarse,True,162,32,6,38,0.48498723325472415,0.0659967249697768,0.030526294653657797,0.035651825430852116,0.07778265337380429,0.5174825174825175,-0.005125530777194319
2025-06-20,coarse_ex_psu,Coarse | Ex PSU,Sector_Coarse,True,162,32,6,38,0.3780178940240557,0.1005860500727024,0.10463647731608339,0.036095031892384895,0.07530593837103707,0.007992007992007992,0.0685414454236985
2025-06-27,coarse_ex_psu,Coarse | Ex PSU,Sector_Coarse,True,162,32,6,38,0.6025923987663947,0.07361394214216369,0.019806886856063157,0.035207101568467736,0.07524661984515293,0.7572427572427572,-0.015400214712404579
2025-07-04,coarse_ex_psu,Coarse | Ex PSU,Sector_Coarse,True,162,32,6,38,0.29932689965647663,0.12272277899743432,0.03249393291749595,0.03482878543083723,0.07429332175689597,0.45854145854145856,-0.0023348525133412776
2025-07-11,coarse_ex_psu,Coarse | Ex PSU,Sector_Coarse,True,162,32,6,38,0.25348819859074256,0.13399424428734655,0.0044899122413967875,0.03574955591170396,0.08742943945062354,0.983016983016983,-0.03125964367030717
2025-07-18,coarse_ex_psu,Coarse | Ex PSU,Sector_Coarse,True,162,32,6,38,0.3299258099086545,0.08749736821770002,0.0315828011346611,0.03591808582439586,0.07501788424579217,0.4975024975024975,-0.004335284689734757
2025-07-25,coarse_ex_psu,Coarse | Ex PSU,Sector_Coarse,True,162,32,6,38,0.30289335661115,0.10598486205754717,0.01585904292013013,0.036361504010635724,0.07539959979936489,0.8651348651348651,-0.020502461090505596
2025-08-01,coarse_ex_psu,Coarse | Ex PSU,Sector_Coarse,True,162,32,6,38,0.32577555235113786,0.13062662330218627,0.02981100553502579,0.03610400237341281,0.07276982505009823,0.5344655344655345,-0.006292996838387022
2025-08-08,coarse_ex_psu,Coarse | Ex PSU,Sector_Coarse,True,162,32,6,38,0.23768992427228786,0.11551092984410738,0.06047378369154525,0.03462957304984917,0.07243080156803892,0.11388611388611389,0.025844210641696078
2025-08-15,coarse_ex_psu,Coarse | Ex PSU,Sector_Coarse,True,162,32,6,38,0.33304770599014744,0.07622402904484313,0.011223415059025244,0.036769153088257185,0.07721127851631104,0.9080919080919081,-0.02554573802923194
2025-08-22,coarse_ex_psu,Coarse | Ex PSU,Sector_Coarse,True,162,32,6,38,0.36335054205781503,0.1180603735840233,0.041491375860920096,0.03658207455757259,0.07513560096455954,0.3356643356643357,0.004909301303347505
2025-08-29,coarse_ex_psu,Coarse | Ex PSU,Sector_Coarse,True,162,32,6,38,0.4189812763068387,0.07572268218176365,0.010628689604103698,0.03560949275173725,0.07556244410692126,0.9280719280719281,-0.02498080314763355
2025-09-05,coarse_ex_psu,Coarse | Ex PSU,Sector_Coarse,True,162,32,6,38,0.3475310232571688,0.09136995998894823,0.04236528124171473,0.03552552343952656,0.07288304288078103,0.31368631368631367,0.006839757802188172
2025-09-12,coarse_ex_psu,Coarse | Ex PSU,Sector_Coarse,True,162,32,6,38,0.4069128268193596,0.07910563419839076,0.055906367283596284,0.03580560647756899,0.0750228612918452,0.15484515484515485,0.020100760806027296
2025-09-19,coarse_ex_psu,Coarse | Ex PSU,Sector_Coarse,True,162,32,6,38,0.411711816202163,0.05455969248618689,0.10552768802923616,0.03537676362181328,0.07276668084325007,0.006993006993006993,0.07015092440742288
2025-09-26,coarse_ex_psu,Coarse | Ex PSU,Sector_Coarse,True,162,32,6,38,0.46099538807052476,0.08220689221817236,0.048435721938460415,0.03613000490597196,0.07652572276476742,0.22677322677322678,0.012305717032488457
2025-10-03,coarse_ex_psu,Coarse | Ex PSU,Sector_Coarse,True,159,31,6,36,0.37356723559107263,0.5776604535128007,0.01133955750524603,0.03802245718355887,0.12293914931289684,0.6573426573426573,-0.026682899678312843
2025-10-10,coarse_ex_psu,Coarse | Ex PSU,Sector_Coarse,True,166,32,6,36,0.322134320837581,0.10510935601728141,0.0130080408382462,0.03562282284400202,0.07304860680315678,0.9010989010989011,-0.02261478200575582
2025-10-17,coarse_ex_psu,Coarse | Ex PSU,Sector_Coarse,True,166,32,6,36,0.4776404738541502,0.37984717737161927,0.05400924554348494,0.036891442943294946,0.17360381171348013,0.1958041958041958,0.017117802600189996
2025-10-24,coarse_ex_psu,Coarse | Ex PSU,Sector_Coarse,True,166,32,6,36,0.2736797940036032,0.07979114831991757,0.02810664987536375,0.03520269688530722,0.07525530164252098,0.5584415584415584,-0.007096047009943471
2025-10-31,coarse_ex_psu,Coarse | Ex PSU,Sector_Coarse,True,166,32,6,36,0.1658141556252194,0.1343712891474147,0.055169067709629656,0.03482875068035763,0.0722105545550438,0.15284715284715283,0.020340317029272026
2025-11-07,coarse_ex_psu,Coarse | Ex PSU,Sector_Coarse,True,166,32,6,36,0.29917944033959776,0.14261421573393948,0.017823296269958266,0.03601851734634683,0.08300992507428555,0.7692307692307693,-0.018195221076388567
2025-11-14,coarse_ex_psu,Coarse | Ex PSU,Sector_Coarse,True,166,32,6,36,0.24918691066594278,0.12306053511089315,0.04709219438677091,0.034524318044642795,0.07562207328425051,0.22877122877122877,0.012567876342128116
2025-11-21,coarse_ex_psu,Coarse | Ex PSU,Sector_Coarse,True,166,32,6,36,0.22710953260320677,0.10490487688515657,0.058027819793239656,0.03357747925169223,0.07586367828959305,0.13586413586413587,0.024450340541547426
2025-11-28,coarse_ex_psu,Coarse | Ex PSU,Sector_Coarse,True,166,32,6,36,0.21121700611950311,0.08903789195811627,0.07036261231195437,0.034948347245622395,0.07406370973412334,0.06793206793206794,0.035414265066331975
2025-12-05,coarse_ex_psu,Coarse | Ex PSU,Sector_Coarse,True,166,32,6,36,0.431622651166927,0.07699313287896159,0.04869009324184942,0.035352338253683516,0.08020678288853855,0.23676323676323677,0.013337754988165904
2025-12-12,coarse_ex_psu,Coarse | Ex PSU,Sector_Coarse,True,166,32,6,36,0.3248670088570874,0.0767592823648879,0.015425220360951838,0.03453695062893925,0.07188291784061024,0.8321678321678322,-0.019111730267987414
2025-12-19,coarse_ex_psu,Coarse | Ex PSU,Sector_Coarse,True,166,32,6,36,0.14961605128145838,0.08670646253935954,0.05555371373745482,0.035995342348363824,0.07524696769621016,0.16783216783216784,0.019558371389090994
2025-12-26,coarse_ex_psu,Coarse | Ex PSU,Sector_Coarse,True,166,32,6,36,0.22090013637553307,0.06017350129264644,0.021579632787025568,0.034725378292214504,0.07728864292481326,0.6813186813186813,-0.013145745505188936
2015-01-09,fine_all,Fine | With PSU,Sector_Fine,False,172,59,8,55,0.5288769190380511,0.14195858743543976,0.062133353756770295,0.04567551930141403,0.09159132914623777,0.22877122877122877,0.016457834455356264
2015-01-16,fine_all,Fine | With PSU,Sector_Fine,False,172,59,8,55,0.5909377558997105,0.1660682332617734,0.05190930409105066,0.044486795159262994,0.09018082696444658,0.32667332667332666,0.007422508931787669
2015-01-23,fine_all,Fine | With PSU,Sector_Fine,False,172,59,8,55,0.3352082981587825,0.23022893580730758,0.06047655386534511,0.04415515940582928,0.09537363551387076,0.22877122877122877,0.01632139445951583
2015-01-30,fine_all,Fine | With PSU,Sector_Fine,False,172,59,8,55,0.4425335633130404,0.27924229091669095,0.04206562294457847,0.04586184487994104,0.09173899761114596,0.4805194805194805,-0.0037962219353625745
2015-02-06,fine_all,Fine | With PSU,Sector_Fine,False,172,59,8,55,0.5896752067033426,0.18129772520180548,0.05262452194691405,0.04580381036436592,0.09049191106939629,0.3166833166833167,0.006820711582548128
2015-02-13,fine_all,Fine | With PSU,Sector_Fine,False,172,59,8,55,0.3687312833345632,0.2614772042310822,0.023977016639627972,0.04409208808884381,0.0919878385822535,0.7942057942057942,-0.020115071449215836
2015-02-20,fine_all,Fine | With PSU,Sector_Fine,False,172,59,8,55,0.3758280022722008,0.21786047984713852,0.015688399514116318,0.04553874266783475,0.1177965423852489,0.8701298701298701,-0.029850343153718435
2015-02-27,fine_all,Fine | With PSU,Sector_Fine,False,172,59,8,55,0.3904022562547371,0.12201228635397827,0.025014102935388416,0.04546320842309739,0.09454948457029254,0.7972027972027972,-0.020449105487708973
2015-03-06,fine_all,Fine | With PSU,Sector_Fine,False,172,59,8,55,0.5642069055799043,0.16318456731593467,0.062329865519335226,0.04377304304363022,0.08664524133355449,0.2007992007992008,0.018556822475705004
2015-03-13,fine_all,Fine | With PSU,Sector_Fine,False,172,59,8,55,0.5608878486108149,0.16583232301340162,0.07091196166569358,0.0454966112817936,0.08959335109394942,0.15984015984015984,0.025415350383899978
2015-03-20,fine_all,Fine | With PSU,Sector_Fine,False,172,59,8,55,0.4817880558260923,0.13155818023291288,0.08859368350275386,0.04390208493388146,0.08584390092412998,0.04195804195804196,0.0446915985688724
2015-03-27,fine_all,Fine | With PSU,Sector_Fine,False,172,59,8,55,0.34742475324836186,0.14200432743432922,0.0359560861290734,0.044526575708999545,0.09976149668618692,0.5394605394605395,-0.008570489579926142
2015-04-03,fine_all,Fine | With PSU,Sector_Fine,False,172,59,8,55,0.42272765926159217,0.08974452644594222,0.028906944424556973,0.04462334440884583,0.09307361192345687,0.6983016983016983,-0.015716399984288854
2015-04-10,fine_all,Fine | With PSU,Sector_Fine,False,172,59,8,55,0.3267382104473976,0.2550547876998998,0.07562829156631644,0.045827737498606455,0.10456162127064747,0.15184815184815184,0.029800554067709983
2015-04-17,fine_all,Fine | With PSU,Sector_Fine,False,172,59,8,55,0.46743892265320375,0.13530638979963983,0.039171710970350784,0.043155849866180956,0.08504309106922292,0.5154845154845155,-0.003984138895830172
2015-04-24,fine_all,Fine | With PSU,Sector_Fine,False,172,59,8,55,0.3410748916428339,0.16179509017522925,0.09079722985827826,0.04562367477556024,0.08840249473784116,0.04295704295704296,0.045173555082718024
2015-05-01,fine_all,Fine | With PSU,Sector_Fine,False,172,59,8,55,0.3811948347095566,0.2048289924021915,0.006579990527192526,0.046113010245331376,0.11187596615768608,0.997002997002997,-0.03953301971813885
2015-05-08,fine_all,Fine | With PSU,Sector_Fine,False,172,59,8,55,0.39893680450927926,0.19581602183594457,0.14587672484428185,0.04545962171839667,0.08977613855881493,0.001998001998001998,0.10041710312588518
2015-05-15,fine_all,Fine | With PSU,Sector_Fine,False,172,59,8,55,0.39139070211888793,0.19373437337677107,0.019993039574498446,0.04407194600369629,0.0986242571700123,0.8331668331668332,-0.02407890642919784
2015-05-22,fine_all,Fine | With PSU,Sector_Fine,False,172,59,8,55,0.38803495203286886,0.16941566767356403,0.02121750967983571,0.0444599076663879,0.09193063631645028,0.8441558441558441,-0.023242397986552192
2015-05-29,fine_all,Fine | With PSU,Sector_Fine,False,163,56,8,53,0.42045819938083795,0.17055808283539853,0.09582323242718,0.04804327493156376,0.10082715287626018,0.06593406593406594,0.04777995749561623
2015-06-05,fine_all,Fine | With PSU,Sector_Fine,False,171,57,8,54,0.3409072437091355,0.37274051307799216,0.043591901084719144,0.04435749109573149,0.11637206549520261,0.35064935064935066,-0.0007655900110123473
2015-06-12,fine_all,Fine | With PSU,Sector_Fine,False,171,57,8,54,0.4347978796132611,0.14335209112799774,0.056894932763112104,0.045638843598028,0.09716404542581679,0.27672327672327673,0.011256089165084103
2015-06-19,fine_all,Fine | With PSU,Sector_Fine,False,171,57,8,54,0.43288769567005714,0.14292194713454165,0.06628474662332282,0.04516592960521469,0.09199247838860217,0.15684315684315683,0.021118817018108124
2015-06-26,fine_all,Fine | With PSU,Sector_Fine,False,171,57,8,54,0.32884467270799933,0.16307334353443656,0.042106147147710854,0.044269125521520084,0.09616752858948721,0.43156843156843155,-0.0021629783738092295
2015-07-03,fine_all,Fine | With PSU,Sector_Fine,False,171,57,8,54,0.39057596677570317,0.13437430665236128,0.05997532188893803,0.047121051082745086,0.10596844417986916,0.24475524475524477,0.012854270806192947
2015-07-10,fine_all,Fine | With PSU,Sector_Fine,False,171,57,8,54,0.5389630541775966,0.11318794115880518,0.040728232972259554,0.045128891812863656,0.09286203755219136,0.4905094905094905,-0.004400658840604102
2015-07-17,fine_all,Fine | With PSU,Sector_Fine,False,171,57,8,54,0.43547597910009306,0.08273434660699158,0.08307970340615561,0.04577149848783468,0.09393380910838987,0.08491508491508491,0.03730820491832093
2015-07-24,fine_all,Fine | With PSU,Sector_Fine,False,171,57,8,54,0.4920364143565571,0.1456329090614922,0.030910263093718693,0.04430196029819841,0.09505707651669985,0.6493506493506493,-0.013391697204479719
2015-07-31,fine_all,Fine | With PSU,Sector_Fine,False,171,57,8,54,0.3854584885552702,0.20602286605977385,0.05348979025071768,0.04539524242666929,0.09085397406714064,0.31368631368631367,0.008094547824048386
2015-08-07,fine_all,Fine | With PSU,Sector_Fine,False,171,57,8,54,0.28949379801103714,0.24572760311205077,0.03233927542958656,0.045332486143379855,0.0945987583110814,0.6353646353646354,-0.012993210713793293
2015-08-14,fine_all,Fine | With PSU,Sector_Fine,False,171,57,8,54,0.5744524015809014,0.21423548329220735,0.12250208066135601,0.04566739738726574,0.09285901515047075,0.01098901098901099,0.07683468327409027
2015-08-21,fine_all,Fine | With PSU,Sector_Fine,False,171,57,8,54,0.5100828805205972,0.2044710395788874,0.04722227892392227,0.043751005546037065,0.09583095078076044,0.34665334665334663,0.003471273377885206
2015-08-28,fine_all,Fine | With PSU,Sector_Fine,False,171,57,8,54,0.3928242111216377,0.2142097628651633,0.016759475605295497,0.04295436856672506,0.09273966149595207,0.919080919080919,-0.026194892961429565
2015-09-04,fine_all,Fine | With PSU,Sector_Fine,False,171,57,8,54,0.37388748667886407,0.19165046196050917,0.03990762852423505,0.04483614596420073,0.10115438832275002,0.4785214785214785,-0.004928517439965675
2015-09-11,fine_all,Fine | With PSU,Sector_Fine,False,171,57,8,54,0.4263870087174674,0.15217461949416378,0.03835126856218745,0.04560164305298616,0.09713414739561925,0.5294705294705294,-0.007250374490798711
2015-09-18,fine_all,Fine | With PSU,Sector_Fine,False,171,57,8,54,0.4337617232519626,0.1451006139231059,0.054436814871923755,0.044396875312020696,0.08998903458662125,0.27172827172827174,0.01003993955990306
2015-09-25,fine_all,Fine | With PSU,Sector_Fine,False,171,57,8,54,0.35648142597970334,0.20725404664252217,0.04909800752350584,0.044606909290009905,0.10093416212854985,0.3036963036963037,0.004491098233495937
2015-10-02,fine_all,Fine | With PSU,Sector_Fine,False,171,57,8,54,0.5366529825758459,0.1393295185523879,0.009196540803530062,0.04381467333142723,0.08987698291152738,0.993006993006993,-0.034618132527897166
2015-10-09,fine_all,Fine | With PSU,Sector_Fine,False,171,57,8,54,0.5410699725959556,0.19068420070928876,0.03889938298996834,0.04590748331451647,0.09171137388013623,0.5554445554445554,-0.007008100324548128
2015-10-16,fine_all,Fine | With PSU,Sector_Fine,False,171,57,8,54,0.26397343791947725,0.2589999937113422,0.046241491060677,0.04595803595248242,0.16904894489972563,0.22077922077922077,0.0002834551081945802
2015-10-23,fine_all,Fine | With PSU,Sector_Fine,False,171,57,8,54,0.38988568725502115,0.10270550584364016,0.05662387728672036,0.04469922080580278,0.08946802960147719,0.26073926073926074,0.011924656480917575
2015-10-30,fine_all,Fine | With PSU,Sector_Fine,False,162,55,8,50,0.44089753641112506,0.1548054774909296,0.07854542430568187,0.04860718294333705,0.10164063739368762,0.13686313686313686,0.029938241362344818
2015-11-06,fine_all,Fine | With PSU,Sector_Fine,False,171,56,8,51,0.4662495760775157,0.15998852742016872,0.04563394463646664,0.04576692248043865,0.09176290063023466,0.4245754245754246,-0.00013297784397200973
2015-11-13,fine_all,Fine | With PSU,Sector_Fine,False,171,56,8,51,0.4780998061855919,0.12106839768855673,0.020337012450921045,0.045080584288152266,0.08661603113526331,0.8751248751248751,-0.02474357183723122
2015-11-20,fine_all,Fine | With PSU,Sector_Fine,False,171,56,8,51,0.38286018861848425,0.17426561710452287,0.023224127185682886,0.04498695539708979,0.09877434574045234,0.7922077922077922,-0.0217628282114069
2015-11-27,fine_all,Fine | With PSU,Sector_Fine,False,171,56,8,51,0.32732908205092803,0.10888164115192997,0.08542201139986777,0.04356754324953604,0.09302284208478971,0.07792207792207792,0.04185446815033173
2015-12-04,fine_all,Fine | With PSU,Sector_Fine,False,171,56,8,51,0.3152613405238669,0.14342228586772388,0.13136646680717373,0.0454741297344547,0.09217953370568498,0.005994005994005994,0.08589233707271904
2015-12-11,fine_all,Fine | With PSU,Sector_Fine,False,171,56,8,51,0.492793566452692,0.1284184012831815,0.058338906380054484,0.04537944259328384,0.09062291218028355,0.24775224775224775,0.012959463786770646
2015-12-18,fine_all,Fine | With PSU,Sector_Fine,False,171,56,8,51,0.35009037736876625,0.0785151642593844,0.07297654788577965,0.044300681698481996,0.0891404786873265,0.11888111888111888,0.02867586618729765
2015-12-25,fine_all,Fine | With PSU,Sector_Fine,False,171,56,8,51,0.5376709564773967,0.05841106124160168,0.03069301106034641,0.044810922374978114,0.09218789509664305,0.6773226773226774,-0.014117911314631703
2016-01-01,fine_all,Fine | With PSU,Sector_Fine,False,171,56,8,54,0.5084809770704998,0.09363307912061494,0.135834033709054,0.04577685741990692,0.10056884769655071,0.00999000999000999,0.09005717628914708
2016-01-08,fine_all,Fine | With PSU,Sector_Fine,False,171,56,8,54,0.48095298785560847,0.14737265641481637,0.06839401838758738,0.045169216227928015,0.0852341657410882,0.13686313686313686,0.023224802159659365
2016-01-15,fine_all,Fine | With PSU,Sector_Fine,False,171,56,8,54,0.4833390147798384,0.2691424890606387,0.046399893068624534,0.04527140534839893,0.09104756606583524,0.41058941058941056,0.0011284877202256058
2016-01-22,fine_all,Fine | With PSU,Sector_Fine,False,171,56,8,54,0.48144785677851687,0.17547180185141265,0.03713555563694386,0.04466876236106934,0.08848290450043396,0.5674325674325674,-0.007533206724125482
2016-01-29,fine_all,Fine | With PSU,Sector_Fine,False,171,56,8,54,0.40159483668294327,0.20070469683692216,0.05239552231901399,0.04527686432869585,0.09097084332709393,0.32167832167832167,0.0071186579903181404
2016-02-05,fine_all,Fine | With PSU,Sector_Fine,False,171,56,8,54,0.28134693553132273,0.3348934266503079,0.05003835707786063,0.04728766758793244,0.10750058003275206,0.36363636363636365,0.002750689489928196
2016-02-12,fine_all,Fine | With PSU,Sector_Fine,False,171,56,8,54,0.44115395678973823,0.3857153146497326,0.07811316209844141,0.045880641448720734,0.09548771703339858,0.10989010989010989,0.032232520649720674
2016-02-19,fine_all,Fine | With PSU,Sector_Fine,False,171,56,8,54,0.4109332609661659,0.26613881931210237,0.0921992280675964,0.04533140913102973,0.09134694869469887,0.04795204795204795,0.04686781893656666
2016-02-26,fine_all,Fine | With PSU,Sector_Fine,False,171,56,8,54,0.3380962645489912,0.10982935402647519,0.03580453081209372,0.04474687757553528,0.088114466947234,0.6073926073926074,-0.008942346763441557
2016-03-04,fine_all,Fine | With PSU,Sector_Fine,False,171,56,8,54,0.49953037982485937,0.29125327895132314,0.055273309553703784,0.04619644046495098,0.09068061615169053,0.3086913086913087,0.009076869088752805
2016-03-11,fine_all,Fine | With PSU,Sector_Fine,False,171,56,8,54,0.2950971152048252,0.1309355013230735,0.05715360501681914,0.045710847296626965,0.10002775877556229,0.26173826173826176,0.011442757720192175
2016-03-18,fine_all,Fine | With PSU,Sector_Fine,False,171,56,8,54,0.4621288272179057,0.15376715283734985,0.028419465014677656,0.04701360042094447,0.10395372476544859,0.7332667332667333,-0.018594135406266813
2016-03-25,fine_all,Fine | With PSU,Sector_Fine,False,171,56,8,54,0.39208843351547573,0.11479174472829928,0.05637872860571574,0.04516204560334689,0.09595125132830332,0.2647352647352647,0.011216683002368846
2016-04-01,fine_all,Fine | With PSU,Sector_Fine,False,171,56,8,54,0.46279600708778945,0.11075715293445226,0.0617026411077922,0.04421865476712277,0.08404888390744471,0.20679320679320679,0.01748398634066943
2016-04-08,fine_all,Fine | With PSU,Sector_Fine,False,171,56,8,54,0.43561433403371597,0.15786578458805012,0.05066560718189092,0.04396034550102593,0.08762228261684522,0.3146853146853147,0.006705261680864993
2016-04-15,fine_all,Fine | With PSU,Sector_Fine,False,171,56,8,54,0.4577532505656865,0.06792169451822591,0.08130793425503667,0.04460431670529032,0.09021238458515858,0.07192807192807193,0.036703617549746353
2016-04-22,fine_all,Fine | With PSU,Sector_Fine,False,171,56,8,54,0.42014312544625165,0.14093317150207835,0.03444390279655181,0.0459070808536408,0.0931170037006783,0.6323676323676324,-0.01146317805708899
2016-04-29,fine_all,Fine | With PSU,Sector_Fine,False,162,58,8,59,0.38008993001399727,1.135617963040189,0.09885776500969193,0.04883722041196983,0.12315900764063872,0.10589410589410589,0.0500205445977221
2016-05-06,fine_all,Fine | With PSU,Sector_Fine,False,181,65,8,65,0.4275495320286381,0.16405408788569334,0.13348707344839422,0.04236265456712464,0.08390232545161994,0.002997002997002997,0.09112441888126958
2016-05-13,fine_all,Fine | With PSU,Sector_Fine,False,181,65,8,65,0.48848194021627545,0.10308219627935822,0.05574740608312507,0.04206960358662125,0.08479278132483409,0.22977022977022976,0.01367780249650382
2016-05-20,fine_all,Fine | With PSU,Sector_Fine,False,181,65,8,65,0.2882550103092122,0.12612946190506744,0.03221219570381119,0.043474979057785884,0.09143198137101345,0.6263736263736264,-0.011262783353974695
2016-05-27,fine_all,Fine | With PSU,Sector_Fine,False,181,65,8,65,0.38373456949173024,0.2023422739011336,0.08845394585135609,0.0425465890863148,0.08220580736394353,0.04295704295704296,0.04590735676504129
2016-06-03,fine_all,Fine | With PSU,Sector_Fine,False,181,65,8,65,0.3780293334886329,0.17436610040121847,0.0218629534170668,0.04359346310077024,0.09026930621876711,0.8191808191808192,-0.02173050968370344
2016-06-10,fine_all,Fine | With PSU,Sector_Fine,False,181,65,8,65,0.49555729255208414,0.14214033338014162,0.016091748342458013,0.04257306965799684,0.0861604822966751,0.9170829170829171,-0.02648132131553883
2016-06-17,fine_all,Fine | With PSU,Sector_Fine,False,181,65,8,65,0.44311211090225633,0.12966391613707026,0.0638572369624063,0.04183335101306545,0.09269527686770786,0.16883116883116883,0.022023885949340856
2016-06-24,fine_all,Fine | With PSU,Sector_Fine,False,181,65,8,65,0.3380230281996457,0.13963158943582255,0.03519275649484566,0.04193489703253763,0.08473460173373848,0.5444555444555444,-0.006742140537691968
2016-07-01,fine_all,Fine | With PSU,Sector_Fine,False,181,65,8,65,0.4686793041396832,0.11242000408000988,0.09941868347109027,0.04320339056239427,0.08679590601146017,0.024975024975024976,0.056215292908696
2016-07-08,fine_all,Fine | With PSU,Sector_Fine,False,181,65,8,65,0.4411935689070672,0.10907404752963776,0.06655217613831146,0.04365017808522154,0.0885232870658464,0.13686313686313686,0.02290199805308992
2016-07-15,fine_all,Fine | With PSU,Sector_Fine,False,181,65,8,65,0.5277277308602937,0.14089601067047558,0.07628638209560698,0.043042682657260786,0.08970818953909493,0.08391608391608392,0.033243699438346194
2016-07-22,fine_all,Fine | With PSU,Sector_Fine,False,181,65,8,65,0.5610187083115903,0.09934674583781455,0.03623409566015273,0.04399420529421254,0.08378591356352287,0.5734265734265734,-0.007760109634059806
2016-07-29,fine_all,Fine | With PSU,Sector_Fine,False,181,65,8,65,0.36209079825301405,0.2194103502043815,0.0412869797112431,0.04148015431674519,0.10038523540689964,0.37662337662337664,-0.00019317460550209026
2016-08-05,fine_all,Fine | With PSU,Sector_Fine,False,181,65,8,65,0.42297135406923214,0.18515644803705428,0.07232633031710203,0.041100471911935235,0.10582480238489747,0.12887112887112886,0.031225858405166798
2016-08-12,fine_all,Fine | With PSU,Sector_Fine,False,181,65,8,65,0.3520462831746527,0.22987412601359175,0.05437199456575467,0.04286529828393255,0.10606218749676277,0.26373626373626374,0.011506696281822125
2016-08-19,fine_all,Fine | With PSU,Sector_Fine,False,181,65,8,65,0.44174965105574926,0.17581405215363327,0.025785348038908102,0.04198871122180583,0.09411566447789015,0.6963036963036963,-0.016203363182897727
2016-08-26,fine_all,Fine | With PSU,Sector_Fine,False,181,65,8,65,0.4515428357476493,0.10302303887340829,0.0634086910696904,0.042096315323761097,0.08682635245560605,0.16583416583416583,0.0213123757459293
2016-09-02,fine_all,Fine | With PSU,Sector_Fine,False,181,65,8,65,0.5774449885101289,0.09105310438283941,0.06031706304799084,0.042926889914725715,0.08352184210256701,0.18681318681318682,0.017390173133265123
2016-09-09,fine_all,Fine | With PSU,Sector_Fine,False,181,65,8,65,0.35289643215409006,0.14299119026075996,0.06051065603901123,0.042421825458629304,0.08757949598880818,0.2007992007992008,0.018088830580381923
2016-09-16,fine_all,Fine | With PSU,Sector_Fine,False,181,65,8,65,0.4380502844680101,0.13602319284762535,0.04538562274602892,0.04388614836536591,0.09379117945994128,0.3926073926073926,0.0014994743806630087
2016-09-23,fine_all,Fine | With PSU,Sector_Fine,False,181,65,8,65,0.47690578696432007,0.09961486651455939,0.03080935046418918,0.042077285614573925,0.08525640005324195,0.6483516483516484,-0.011267935150384746
2016-09-30,fine_all,Fine | With PSU,Sector_Fine,False,175,63,8,62,0.4334242822941703,0.16712690211425815,0.08092977969384504,0.043808237771924725,0.09448298164556818,0.0919080919080919,0.03712154192192032
2016-10-07,fine_all,Fine | With PSU,Sector_Fine,False,182,64,8,64,0.4964108568961192,0.10885974255258847,0.06170553244452217,0.04239388981581979,0.08198450674013139,0.17782217782217782,0.01931164262870238
2016-10-14,fine_all,Fine | With PSU,Sector_Fine,False,182,64,8,64,0.3803325334532909,0.07438190892706933,0.07423100708113625,0.04177232646243766,0.0860150119006521,0.08391608391608392,0.03245868061869859
2016-10-21,fine_all,Fine | With PSU,Sector_Fine,False,182,64,8,64,0.46449960501069754,0.10642443676880467,0.09874566340234397,0.04264311405257781,0.08699957447052141,0.022977022977022976,0.05610254934976616
2016-10-28,fine_all,Fine | With PSU,Sector_Fine,False,182,64,8,64,0.46036113086201735,0.1591965330279872,0.02296007561396522,0.041574805253154136,0.08370565526764107,0.7882117882117882,-0.018614729639188917
2016-11-04,fine_all,Fine | With PSU,Sector_Fine,False,182,64,8,64,0.5144259890933269,0.12121400761067347,0.06830667812931754,0.04434847163131921,0.0877894440548888,0.14185814185814186,0.023958206497998326
2016-11-11,fine_all,Fine | With PSU,Sector_Fine,False,182,64,8,64,0.6099513930658169,0.27016345504422956,0.07732273602745937,0.0434954052471543,0.0878021820815045,0.08791208791208792,0.03382733078030507
2016-11-18,fine_all,Fine | With PSU,Sector_Fine,False,182,64,8,64,0.5226098045419658,0.1884253835690524,0.07291886443504733,0.04259014073611387,0.08527072577492406,0.1038961038961039,0.03032872369893346
2016-11-25,fine_all,Fine | With PSU,Sector_Fine,False,182,64,8,64,0.5630439265052811,0.16050234525637552,0.053566400425830586,0.04239944466447371,0.08280415599620304,0.25874125874125875,0.01116695576135688
2016-12-02,fine_all,Fine | With PSU,Sector_Fine,False,182,64,8,64,0.41756834936427134,0.13472534427525043,0.13245246732016983,0.0416326262345208,0.08564784893486083,0.007992007992007992,0.09081984108564903
2016-12-09,fine_all,Fine | With PSU,Sector_Fine,False,182,64,8,64,0.5402793997407227,0.11582716159597721,0.04759303924227831,0.04115249808148612,0.08135210401098118,0.32367632367632365,0.006440541160792193
2016-12-16,fine_all,Fine | With PSU,Sector_Fine,False,182,64,8,64,0.5726023632994859,0.09671226517536358,0.03835966845000654,0.04151495905297183,0.08348198918659099,0.4785214785214785,-0.003155290602965294
2016-12-23,fine_all,Fine | With PSU,Sector_Fine,False,182,64,8,64,0.36344912849155075,0.16849673936834816,0.02539792715513208,0.042149138293576444,0.1306651628918085,0.5834165834165834,-0.016751211138444362
2016-12-30,fine_all,Fine | With PSU,Sector_Fine,False,181,63,8,64,0.39557983687541587,0.09832352948801382,0.07120684385696877,0.042329514625835986,0.08356836708876264,0.0989010989010989,0.02887732923113278
2017-01-06,fine_all,Fine | With PSU,Sector_Fine,False,182,63,8,64,0.5057630414497438,0.0979897809516447,0.024164860282949854,0.04234429922550118,0.08723177336164574,0.7952047952047953,-0.018179438942551328
2017-01-13,fine_all,Fine | With PSU,Sector_Fine,False,182,63,8,64,0.5351054856079074,0.08933644684306424,0.08525123252859203,0.043081788856111504,0.08524017009236798,0.05094905094905095,0.042169443672480524
2017-01-20,fine_all,Fine | With PSU,Sector_Fine,False,182,63,8,64,0.399638486431965,0.10594122136612515,0.06307109351941455,0.04251489107319512,0.08919007883309986,0.1798201798201798,0.020556202446219425
2017-01-27,fine_all,Fine | With PSU,Sector_Fine,False,182,63,8,64,0.5426554237275454,0.09633162713620855,0.09329470732931915,0.04300290498822007,0.08495522452390741,0.03396603396603397,0.050291802341099076
2017-02-03,fine_all,Fine | With PSU,Sector_Fine,False,182,63,8,64,0.52058492273967,0.2524911299843923,0.06996244917813098,0.04248910117226026,0.08807518652007165,0.13586413586413587,0.027473348005870715
2017-02-10,fine_all,Fine | With PSU,Sector_Fine,False,182,63,8,64,0.48453729891883046,0.12716380931019589,0.056156442996866174,0.042385082810014615,0.08640365146749526,0.22777222777222778,0.013771360186851558
2017-02-17,fine_all,Fine | With PSU,Sector_Fine,False,182,63,8,64,0.37863484918933,0.16275321973078705,0.07267590925483955,0.042774631526591736,0.08643746485863797,0.11588411588411589,0.029901277728247813
2017-02-24,fine_all,Fine | With PSU,Sector_Fine,False,182,63,8,64,0.35818022318020115,0.14621804033193447,0.11533490200536538,0.04339762482152898,0.09567988166369402,0.027972027972027972,0.0719372771838364
2017-03-03,fine_all,Fine | With PSU,Sector_Fine,False,182,63,8,64,0.4716755219462334,0.10208427342158369,0.10262277502396652,0.04105535610983658,0.08429212039840105,0.02097902097902098,0.061567418914129944
2017-03-10,fine_all,Fine | With PSU,Sector_Fine,False,182,63,8,64,0.49258744285756184,0.0804907672048888,0.11053384743183052,0.04213333546614504,0.08553123782521238,0.013986013986013986,0.06840051196568547
2017-03-17,fine_all,Fine | With PSU,Sector_Fine,False,182,63,8,64,0.5033507659051537,0.07607518383129433,0.044345932568388875,0.041195971033874866,0.08371580890555351,0.3836163836163836,0.003149961534514009
2017-03-24,fine_all,Fine | With PSU,Sector_Fine,False,182,63,8,64,0.34077512875385696,0.1400376956922351,0.04028766222120725,0.04193836087149679,0.1058389999109224,0.38961038961038963,-0.0016506986502895435
2017-03-31,fine_all,Fine | With PSU,Sector_Fine,False,174,61,8,59,0.465511218133026,0.6550869451479228,0.1681223566513952,0.04283267037985218,0.15875167256296893,0.03996003996003996,0.12528968627154302
2017-04-07,fine_all,Fine | With PSU,Sector_Fine,False,182,64,8,59,0.4728623163573684,0.11036977078248092,0.09560358482490769,0.04251345226945746,0.08563761389071198,0.03496503496503497,0.05309013255545023
2017-04-14,fine_all,Fine | With PSU,Sector_Fine,False,182,64,8,59,0.4679972738604149,0.1492962437874059,0.20714828537581675,0.04121037842031902,0.10878568352003926,0.004995004995004995,0.16593790695549773
2017-04-21,fine_all,Fine | With PSU,Sector_Fine,False,182,64,8,59,0.5204876665712126,0.1411164540285988,0.090726282451802,0.041639413761405654,0.09385615815188841,0.058941058941058944,0.04908686869039635
2017-04-28,fine_all,Fine | With PSU,Sector_Fine,False,182,64,8,59,0.4896005863456008,0.19689154625051727,0.087306704306921,0.042171242818843255,0.09623810319917196,0.07792207792207792,0.04513546148807775
2017-05-05,fine_all,Fine | With PSU,Sector_Fine,False,182,64,8,59,0.5519917318056128,0.12003076445698782,0.043347485250308286,0.042625620332299635,0.08275691737393885,0.4305694305694306,0.0007218649180086509
2017-05-12,fine_all,Fine | With PSU,Sector_Fine,False,182,64,8,59,0.4882189897811069,0.11539898396080434,0.02649375464593168,0.04160414426529214,0.08526054346102031,0.7092907092907093,-0.015110389619360457
2017-05-19,fine_all,Fine | With PSU,Sector_Fine,False,182,64,8,59,0.3568652002396684,0.12293624183806041,0.09733523211716133,0.04259340504087162,0.08892567635681065,0.03796203796203796,0.05474182707628971
2017-05-26,fine_all,Fine | With PSU,Sector_Fine,False,181,64,8,58,0.5085629486232368,0.2393086292779919,0.13659765376997546,0.04377489794874191,0.08828774575185104,0.004995004995004995,0.09282275582123355
2017-06-02,fine_all,Fine | With PSU,Sector_Fine,False,183,64,8,58,0.2919455134875676,0.29324755952722936,0.13502806582512028,0.041525111987859985,0.09647726696864828,0.017982017982017984,0.09350295383726029
2017-06-09,fine_all,Fine | With PSU,Sector_Fine,False,183,64,8,58,0.4624392522293763,0.15171773345268674,0.0907112447352796,0.043140434432081605,0.08763163033409951,0.04095904095904096,0.04757081030319799
2017-06-16,fine_all,Fine | With PSU,Sector_Fine,False,183,64,8,58,0.2599853691195301,0.1229200433443042,0.04240135692168067,0.043472703657368696,0.09725839688865605,0.40559440559440557,-0.0010713467356880252
2017-06-23,fine_all,Fine | With PSU,Sector_Fine,False,183,64,8,58,0.37219206286384465,0.11791320576242798,0.16278032024182057,0.04214077011385743,0.08902811351560552,0.001998001998001998,0.12063955012796314
2017-06-30,fine_all,Fine | With PSU,Sector_Fine,False,183,64,8,58,0.4824632913053847,0.07669843304251364,0.07784224034045847,0.04222797619169851,0.08548572908344235,0.07592407592407592,0.03561426414875996
2017-07-07,fine_all,Fine | With PSU,Sector_Fine,False,183,64,8,58,0.5052421746885665,0.10234180678238886,0.07908570258939676,0.04223132673774996,0.08708558776987615,0.07992007992007992,0.0368543758516468
2017-07-14,fine_all,Fine | With PSU,Sector_Fine,False,183,64,8,58,0.43453085481359965,0.10616195298090693,0.07615306149947464,0.04217087661449437,0.08836814568606,0.0939060939060939,0.03398218488498027
2017-07-21,fine_all,Fine | With PSU,Sector_Fine,False,183,64,8,58,0.4636664758824912,0.10396028358680026,0.08694405904554244,0.04281280007010604,0.08198873666905661,0.03696303696303696,0.0441312589754364
2017-07-28,fine_all,Fine | With PSU,Sector_Fine,False,183,64,8,58,0.3271348528609157,0.16226652438169997,0.06209443758061579,0.04144223037813217,0.09344458381853513,0.15884115884115885,0.02065220720248362
2017-08-04,fine_all,Fine | With PSU,Sector_Fine,False,183,64,8,58,0.5391973975298268,0.15330955139350996,0.051926130439850934,0.042670239749554646,0.08597936264035666,0.29270729270729273,0.009255890690296288
2017-08-11,fine_all,Fine | With PSU,Sector_Fine,False,183,64,8,58,0.41737028882457383,0.27452873977153813,0.06574342950248505,0.042438230946968164,0.0942842183832178,0.15484515484515485,0.02330519855551688
2017-08-18,fine_all,Fine | With PSU,Sector_Fine,False,183,64,8,58,0.47581486251844485,0.15251450742304687,0.026987884591931462,0.04276212034377491,0.09241144178153873,0.6753246753246753,-0.01577423575184345
2017-08-25,fine_all,Fine | With PSU,Sector_Fine,False,183,64,8,58,0.44240303709645057,0.08229854994187126,0.031123645482063245,0.04261518417781579,0.09610846714793919,0.5904095904095904,-0.011491538695752545
2017-09-01,fine_all,Fine | With PSU,Sector_Fine,False,183,64,8,58,0.3027030699777308,0.17360422107380244,0.11456094536591073,0.0423707933111163,0.11687412010336663,0.057942057942057944,0.07219015205479443
2017-09-08,fine_all,Fine | With PSU,Sector_Fine,False,183,64,8,58,0.4550240720880292,0.11341409976421563,0.10664816343807874,0.04156205638098477,0.07882930262194138,0.008991008991008992,0.06508610705709397
2017-09-15,fine_all,Fine | With PSU,Sector_Fine,False,183,64,8,58,0.4067553667004715,0.18268187753941034,0.048674712431512515,0.04194590895551542,0.09522720125232005,0.3016983016983017,0.006728803475997094
2017-09-22,fine_all,Fine | With PSU,Sector_Fine,False,183,64,8,58,0.506245370058901,0.10674017264257935,0.012892929604338972,0.042524633879418954,0.09570868356832635,0.936063936063936,-0.02963170427507998
2017-09-29,fine_all,Fine | With PSU,Sector_Fine,False,179,63,8,58,0.17947356069727993,0.9566341983347834,0.004016589179592526,0.03915602948348102,0.21187874306714566,0.9250749250749251,-0.03513944030388849
2017-10-06,fine_all,Fine | With PSU,Sector_Fine,False,183,65,8,58,0.38970996734413454,0.14001501335854644,0.052735867105920445,0.0414771270441079,0.10301913599607047,0.23076923076923078,0.011258740061812544
2017-10-13,fine_all,Fine | With PSU,Sector_Fine,False,183,65,8,58,0.473979561375543,0.08462134983877673,0.07113233869951742,0.04212054089673251,0.08474072112034021,0.0999000999000999,0.029011797802784907
2017-10-20,fine_all,Fine | With PSU,Sector_Fine,False,183,65,8,58,0.3770853162565727,0.1055424174258062,0.09513133132785677,0.041435170166391824,0.09255171120815031,0.04195804195804196,0.053696161161464945
2017-10-27,fine_all,Fine | With PSU,Sector_Fine,False,183,65,8,58,0.365412022292966,0.6647838250135176,0.13792457115064177,0.043628213460785506,0.10172731350848867,0.016983016983016984,0.09429635768985627
2017-11-03,fine_all,Fine | With PSU,Sector_Fine,False,183,65,8,58,0.43832965656020817,0.1773075416707674,0.038366410320810826,0.04189934613277701,0.08769488619721018,0.46153846153846156,-0.0035329358119661827
2017-11-10,fine_all,Fine | With PSU,Sector_Fine,False,183,65,8,58,0.44768910339397805,0.24802966229650472,0.054883882712387,0.040782315830587466,0.09604035322637325,0.22577422577422576,0.014101566881799532
2017-11-17,fine_all,Fine | With PSU,Sector_Fine,False,183,65,8,58,0.42035723178354345,0.1526550998313406,0.12380741715288816,0.04265314798276831,0.09518465424681655,0.005994005994005994,0.08115426917011986
2017-11-24,fine_all,Fine | With PSU,Sector_Fine,False,183,65,8,58,0.6426223057667122,0.08017938376934011,0.07399864391182746,0.0408836968037285,0.0807018739140676,0.07592407592407592,0.033114947108098966
2017-12-01,fine_all,Fine | With PSU,Sector_Fine,False,183,65,8,58,0.47764157538778185,0.10717807478726607,0.04445744980406114,0.04185168582968467,0.08519656106047512,0.3836163836163836,0.0026057639743764724
2017-12-08,fine_all,Fine | With PSU,Sector_Fine,False,183,65,8,58,0.44665296988897707,0.0986241703626274,0.04375081124344367,0.043192721162109836,0.09163527277821477,0.4165834165834166,0.0005580900813338327
2017-12-15,fine_all,Fine | With PSU,Sector_Fine,False,183,65,8,58,0.3851606136087681,0.08470365943237848,0.05368581640499292,0.04323168882004481,0.0928066235749268,0.25274725274725274,0.010454127584948111
2017-12-22,fine_all,Fine | With PSU,Sector_Fine,False,183,65,8,58,0.33699544768958756,0.19837407572813417,0.227893546525701,0.041874472219598,0.09839533401404141,0.005994005994005994,0.186019074306103
2017-12-29,fine_all,Fine | With PSU,Sector_Fine,False,182,64,8,58,0.31982095729615123,0.5421127360282131,0.32978943336296984,0.044566575515650575,0.1993755389960025,0.00999000999000999,0.28522285784731927
2018-01-05,fine_all,Fine | With PSU,Sector_Fine,False,183,64,8,59,0.5610735998620318,0.09776234236634439,0.08452475621356888,0.04143406514679119,0.08644615403379739,0.056943056943056944,0.04309069106677769
2018-01-12,fine_all,Fine | With PSU,Sector_Fine,False,183,64,8,59,0.5180198996346355,0.11344969673440539,0.11592851700122717,0.04182685471293182,0.08543250307032639,0.007992007992007992,0.07410166228829534
2018-01-19,fine_all,Fine | With PSU,Sector_Fine,False,183,64,8,59,0.49726104180879305,0.16414203473560426,0.02063237766340692,0.042513496529093656,0.09208827669549026,0.8191808191808192,-0.021881118865686736
2018-01-26,fine_all,Fine | With PSU,Sector_Fine,False,183,64,8,59,0.5168546119736481,0.10096643891213937,0.0454297076715636,0.043440269118779684,0.08969661264094507,0.37962037962037964,0.001989438552783919
2018-02-02,fine_all,Fine | With PSU,Sector_Fine,False,183,64,8,59,0.24265201195686004,0.7048520499509068,0.02722303132352208,0.04525686581681313,0.16512437177701164,0.4865134865134865,-0.018033834493291052
2018-02-09,fine_all,Fine | With PSU,Sector_Fine,False,183,64,8,59,0.36104603723617434,0.2459441876207372,0.028796727775666716,0.04293949120429859,0.09560930921224138,0.6483516483516484,-0.014142763428631872
2018-02-16,fine_all,Fine | With PSU,Sector_Fine,False,183,64,8,59,0.2995784956011297,0.16902812702804682,0.043933638270211975,0.04150839799453796,0.11307824857680077,0.3016983016983017,0.0024252402756740135
2018-02-23,fine_all,Fine | With PSU,Sector_Fine,False,183,64,8,59,0.31859267615757736,0.17785976737261477,0.0283001895674196,0.04256944183572997,0.12854372212026421,0.5194805194805194,-0.01426925226831037
2018-03-02,fine_all,Fine | With PSU,Sector_Fine,False,183,64,8,59,0.4219555538342048,0.11811506640102845,0.03974810865465204,0.043166141952415735,0.11002795240095471,0.3836163836163836,-0.0034180332977636965
2018-03-09,fine_all,Fine | With PSU,Sector_Fine,False,183,64,8,59,0.37743617866938695,0.28950639751195995,0.11576038014959839,0.042604717227500005,0.10092032731290881,0.03296703296703297,0.07315566292209838
2018-03-16,fine_all,Fine | With PSU,Sector_Fine,False,183,64,8,59,0.2747727245958198,0.21645045201637378,0.040948413768619914,0.041559557445723386,0.09424095151643185,0.3876123876123876,-0.000611143677103472
2018-03-23,fine_all,Fine | With PSU,Sector_Fine,False,183,64,8,59,0.4427730780736815,0.14367298207469087,0.08898012882124481,0.04189221522111838,0.0843472291406295,0.03596403596403597,0.04708791360012644
2018-03-30,fine_all,Fine | With PSU,Sector_Fine,False,183,64,8,59,0.44346802212273884,0.12633310575773787,0.04604572590677965,0.04244884776999316,0.09344001098883122,0.34665334665334663,0.0035968781367864897
2018-04-06,fine_all,Fine | With PSU,Sector_Fine,False,183,64,8,59,0.40778878749043523,0.22032620629645827,0.06326515865343531,0.04241910605573562,0.10827631515374764,0.17682317682317683,0.020846052597699685
2018-04-13,fine_all,Fine | With PSU,Sector_Fine,False,183,64,8,59,0.36331025172463927,0.1716267242842816,0.06473700078384287,0.041514212466787936,0.12527229559507735,0.14985014985014986,0.023222788317054932
2018-04-20,fine_all,Fine | With PSU,Sector_Fine,False,183,64,8,59,0.5253847267116705,0.1202411007341582,0.0909556326121043,0.04288009198142291,0.08678361964409452,0.03996003996003996,0.048075540630681396
2018-04-27,fine_all,Fine | With PSU,Sector_Fine,False,183,64,8,59,0.35654543353267576,0.4132027181117683,0.07204214863268159,0.04316471167088332,0.12259737637181199,0.15184815184815184,0.028877436961798265
2018-05-04,fine_all,Fine | With PSU,Sector_Fine,False,183,64,8,59,0.42455112269717976,0.1243371796207555,0.019330415731670516,0.043104568728121025,0.09311699020751987,0.8641358641358642,-0.02377415299645051
2018-05-11,fine_all,Fine | With PSU,Sector_Fine,False,183,64,8,59,0.3288295132698702,0.24520077077058716,0.015995512430834986,0.040827880516553644,0.09457351940610105,0.8721278721278721,-0.02483236808571866
2018-05-18,fine_all,Fine | With PSU,Sector_Fine,False,183,64,8,59,0.30701317491131086,0.40028326428488686,0.053476902517912844,0.04280725910444681,0.10101280981827061,0.25874125874125875,0.010669643413466032
2018-05-25,fine_all,Fine | With PSU,Sector_Fine,False,183,64,8,59,0.3824261733822383,0.22969850337269107,0.04029180450610532,0.04242537312063411,0.09936088025515122,0.3726273726273726,-0.0021335686145287913
2018-06-01,fine_all,Fine | With PSU,Sector_Fine,False,183,64,8,59,0.3586120024963104,0.2441399947235396,0.03769568661731993,0.04088678991765606,0.08605154810226154,0.4645354645354645,-0.0031911033003361317
2018-06-08,fine_all,Fine | With PSU,Sector_Fine,False,183,64,8,59,0.47466462652256447,0.11968807231882148,0.015358059422055934,0.04228604441282567,0.08744564511927587,0.9370629370629371,-0.02692798499076974
2018-06-15,fine_all,Fine | With PSU,Sector_Fine,False,183,64,8,59,0.562347769003656,0.12281413349350169,0.04664895891604627,0.04205086058535599,0.08421830349494445,0.34265734265734266,0.0045980983306902826
2018-06-22,fine_all,Fine | With PSU,Sector_Fine,False,183,64,8,59,0.3179926642036379,0.15000449518703912,0.020341377615782374,0.04417096810158654,0.1334918130122779,0.7022977022977023,-0.02382959048580417
2018-06-29,fine_all,Fine | With PSU,Sector_Fine,False,173,62,8,58,0.570826270514992,0.33916385186043174,0.16917025679444286,0.04353002808969002,0.13749521681808088,0.026973026973026972,0.12564022870475283
2018-07-06,fine_all,Fine | With PSU,Sector_Fine,False,183,64,8,60,0.4208962830905295,0.166304925529658,0.05107339132120911,0.04226750330298572,0.11054412338700816,0.25274725274725274,0.008805888018223393
2018-07-13,fine_all,Fine | With PSU,Sector_Fine,False,183,64,8,60,0.30471235758844717,0.19098257001612234,0.1789632745496941,0.042901397888667765,0.09500315801863629,0.001998001998001998,0.13606187666102634
2018-07-20,fine_all,Fine | With PSU,Sector_Fine,False,183,64,8,60,0.3643356238328651,0.36473257503579604,0.0841531418004949,0.04199453869631281,0.10334849246581096,0.09090909090909091,0.04215860310418208
2018-07-27,fine_all,Fine | With PSU,Sector_Fine,False,183,64,8,60,0.5056183838458366,0.24170432454970495,0.08476303833874364,0.04228370282219962,0.0878474505850383,0.060939060939060936,0.04247933551654402
2018-08-03,fine_all,Fine | With PSU,Sector_Fine,False,183,64,8,60,0.41434663446970943,0.1933900091137799,0.11382294158058494,0.04014645554008938,0.08468526043402853,0.02097902097902098,0.07367648604049556
2018-08-10,fine_all,Fine | With PSU,Sector_Fine,False,183,64,8,60,0.45619787106483667,0.14999525706134176,0.04573417010569525,0.04220768571555517,0.08678728829325247,0.35364635364635366,0.0035264843901400764
2018-08-17,fine_all,Fine | With PSU,Sector_Fine,False,183,64,8,60,0.45130867440688427,0.2113535157385073,0.02336096903957515,0.04284551873745225,0.13715514990025088,0.5924075924075924,-0.0194845496978771
2018-08-24,fine_all,Fine | With PSU,Sector_Fine,False,183,64,8,60,0.3460257371237845,0.15180307720586808,0.028051567828006545,0.04163354679717577,0.08282923002394478,0.6823176823176823,-0.013581978969169226
2018-08-31,fine_all,Fine | With PSU,Sector_Fine,False,183,64,8,60,0.4916110653083965,0.15994923766067584,0.06032276621455416,0.0413515048155501,0.09058740027023927,0.17782217782217782,0.018971261399004062
2018-09-07,fine_all,Fine | With PSU,Sector_Fine,False,183,64,8,60,0.6052084104361082,0.1399673417837816,0.03546519820270498,0.042317505181995556,0.0880836442221746,0.5314685314685315,-0.006852306979290575
2018-09-14,fine_all,Fine | With PSU,Sector_Fine,False,183,64,8,60,0.39779691773760384,0.08394606005071806,0.027011844989394615,0.04162220096780905,0.08809612128649154,0.6903096903096904,-0.014610355978414438
2018-09-21,fine_all,Fine | With PSU,Sector_Fine,False,183,64,8,60,0.5127742349778142,0.29553808982235513,0.07777851007942918,0.041777349188992445,0.09947938011042472,0.1008991008991009,0.036001160890436736
2018-09-28,fine_all,Fine | With PSU,Sector_Fine,False,176,63,8,60,0.4380547494281678,0.37483519150758865,0.0630972689696613,0.0443909707670528,0.0958776215379681,0.1838161838161838,0.018706298202608496
2018-10-05,fine_all,Fine | With PSU,Sector_Fine,False,184,64,8,62,0.49892616935573664,0.3687353286974237,0.021074508223490225,0.044269680641847046,0.10488431762418607,0.7682317682317682,-0.02319517241835682
2018-10-12,fine_all,Fine | With PSU,Sector_Fine,False,184,64,8,62,0.45935038461060507,0.47118491846442123,0.06682275345845429,0.043227901394610614,0.10046112509625761,0.16083916083916083,0.023594852063843673
2018-10-19,fine_all,Fine | With PSU,Sector_Fine,False,184,64,8,62,0.4960105172351953,0.2767353630443914,0.015252989278841871,0.040340578212437216,0.09199050448638252,0.8671328671328671,-0.025087588933595344
2018-10-26,fine_all,Fine | With PSU,Sector_Fine,False,184,64,8,62,0.5319336430789003,0.19530283849434713,0.07200989829580073,0.042586401723335304,0.09236194614881892,0.11988011988011989,0.02942349657246543
2018-11-02,fine_all,Fine | With PSU,Sector_Fine,False,184,64,8,62,0.40146440637400393,0.5721768945502461,0.08380586807390861,0.041895772277701,0.10870942687934873,0.0959040959040959,0.04191009579620761
2018-11-09,fine_all,Fine | With PSU,Sector_Fine,False,184,64,8,62,0.2655413579655911,0.16969606175271854,0.016226097820276737,0.040901943055698387,0.08489258145677973,0.8791208791208791,-0.02467584523542165
2018-11-16,fine_all,Fine | With PSU,Sector_Fine,False,184,64,8,62,0.3894154339969069,0.312914209768964,0.056920879589645264,0.04267275328000057,0.09725548565297368,0.24975024975024976,0.014248126309644692
2018-11-23,fine_all,Fine | With PSU,Sector_Fine,False,184,64,8,62,0.4198485918339512,0.08624339532672257,0.0731377357952802,0.04122867989969644,0.08883719882517807,0.1028971028971029,0.03190905589558376
2018-11-30,fine_all,Fine | With PSU,Sector_Fine,False,184,64,8,62,0.46723953551210373,0.30706796967556693,0.17544568923456638,0.04036348673694421,0.0888016157110584,0.000999000999000999,0.13508220249762218
2018-12-07,fine_all,Fine | With PSU,Sector_Fine,False,184,64,8,62,0.3375705019438876,0.2650156999599852,0.04795181487421057,0.04409661458400798,0.10794772583441832,0.3046953046953047,0.0038552002902025873
2018-12-14,fine_all,Fine | With PSU,Sector_Fine,False,184,64,8,62,0.466142232648339,0.1745772010478438,0.051646041360395016,0.04180912808037711,0.09740127902102752,0.2517482517482518,0.009836913280017907
2018-12-21,fine_all,Fine | With PSU,Sector_Fine,False,184,64,8,62,0.40535770558184314,0.15517052087783678,0.0721735563140484,0.04315380754700189,0.09283910677687643,0.11888111888111888,0.029019748767046508
2018-12-28,fine_all,Fine | With PSU,Sector_Fine,False,184,64,8,62,0.44458756934845756,0.09721067469150935,0.044691658602480346,0.04081711218031455,0.09091979256001095,0.33466533466533466,0.003874546422165795
2019-01-04,fine_all,Fine | With PSU,Sector_Fine,False,184,64,8,62,0.5735054500625436,0.09352328554900882,0.051420650561644805,0.041475088566790344,0.08303874678609809,0.2787212787212787,0.009945561994854461
2019-01-11,fine_all,Fine | With PSU,Sector_Fine,False,184,64,8,62,0.33323329499012677,0.11277939755172038,0.019464728887913108,0.04116917539578659,0.10024772743464647,0.7872127872127872,-0.021704446507873485
2019-01-18,fine_all,Fine | With PSU,Sector_Fine,False,184,64,8,62,0.4922528457891495,0.15219764208253742,0.03174946014889541,0.042216765435469795,0.12478515479555564,0.44555444555444557,-0.010467305286574385
2019-01-25,fine_all,Fine | With PSU,Sector_Fine,False,184,64,8,62,0.5951571517632771,0.2473583089663398,0.04822681705085429,0.04042364499917389,0.09454030441619407,0.3116883116883117,0.0078031720516804
2019-02-01,fine_all,Fine | With PSU,Sector_Fine,False,184,64,8,62,0.4239473696390942,0.2766073850791402,0.04629071493394011,0.043352724570166964,0.0972075124389124,0.3546453546453546,0.002937990363773145
2019-02-08,fine_all,Fine | With PSU,Sector_Fine,False,184,64,8,62,0.41794304415178474,1.1829474559506779,0.5114291576954305,0.04249181025100725,0.12201429328527391,0.000999000999000999,0.4689373474444233
2019-02-15,fine_all,Fine | With PSU,Sector_Fine,False,184,64,8,62,0.355555892567181,0.3370324542998,0.04545314915534241,0.03956181106504224,0.09745870716514546,0.2947052947052947,0.005891338090300173
2019-02-22,fine_all,Fine | With PSU,Sector_Fine,False,184,64,8,62,0.5650626662485185,0.12066838623851144,0.24906594391203327,0.042516974390218364,0.08732648145903732,0.000999000999000999,0.2065489695218149
2019-03-01,fine_all,Fine | With PSU,Sector_Fine,False,184,64,8,62,0.35948119537144274,0.16037699643422482,0.09587805453625413,0.041806061258016954,0.09656411931453097,0.05194805194805195,0.054071993278237175
2019-03-08,fine_all,Fine | With PSU,Sector_Fine,False,184,64,8,62,0.44038244374156266,0.20391915180540507,0.016416551342847443,0.04216668011565168,0.09171228216211602,0.8751248751248751,-0.025750128772804238
2019-03-15,fine_all,Fine | With PSU,Sector_Fine,False,184,64,8,62,0.49287953269675644,0.15132480720662606,0.08396146483610466,0.04233916549937001,0.0892704130422452,0.06893106893106893,0.04162229933673465
2019-03-22,fine_all,Fine | With PSU,Sector_Fine,False,184,64,8,62,0.6128572707139404,0.0927904903220533,0.029703998886888672,0.04179416118501999,0.08567857677120157,0.6513486513486514,-0.012090162298131316
2019-03-29,fine_all,Fine | With PSU,Sector_Fine,False,182,65,8,61,0.5091722268415353,0.5465390736900734,0.024565862181930555,0.04519597453575277,0.19041404382158278,0.3676323676323676,-0.020630112353822214
2019-04-05,fine_all,Fine | With PSU,Sector_Fine,False,187,66,8,62,0.47436321128370584,0.17068712923961266,0.05447190821227041,0.04166085093823398,0.08146415084054875,0.24975024975024976,0.012811057274036426
2019-04-12,fine_all,Fine | With PSU,Sector_Fine,False,187,66,8,62,0.5011021009080521,0.09245265005532402,0.06985434039549056,0.041421345798325813,0.0952731613833417,0.11888111888111888,0.028432994597164744
2019-04-19,fine_all,Fine | With PSU,Sector_Fine,False,187,66,8,62,0.48369766974703254,0.0940535446819933,0.3267153458739707,0.04139954065849642,0.1038563238776211,0.000999000999000999,0.2853158052154743
2019-04-26,fine_all,Fine | With PSU,Sector_Fine,False,187,66,8,62,0.4870445038033755,0.13637942233974287,0.057164716637931746,0.04245862899710307,0.08538854143082256,0.2217782217782218,0.014706087640828674
2019-05-03,fine_all,Fine | With PSU,Sector_Fine,False,187,66,8,62,0.3099048058525087,0.20532526030788945,0.04556251210059508,0.042111519865776555,0.11272552961011326,0.25274725274725274,0.0034509922348185257
2019-05-10,fine_all,Fine | With PSU,Sector_Fine,False,187,66,8,62,0.509193397670761,0.11738777944188603,0.08779332263347497,0.040763118315112465,0.0844288230856,0.04195804195804196,0.04703020431836251
2019-05-17,fine_all,Fine | With PSU,Sector_Fine,False,187,66,8,62,0.4287469701754001,0.26296412642479294,0.11434271273984695,0.04053924154837661,0.08774827147284932,0.015984015984015984,0.07380347119147034
2019-05-24,fine_all,Fine | With PSU,Sector_Fine,False,187,66,8,62,0.5950589574992687,0.22359354603015397,0.07171636636220725,0.04104450208722703,0.0830810868373091,0.1018981018981019,0.030671864274980226
2019-05-31,fine_all,Fine | With PSU,Sector_Fine,False,187,66,8,62,0.42427634435897077,0.16564614206076766,0.11651497837103851,0.04211476030836892,0.09010170431627204,0.008991008991008992,0.07440021806266958
2019-06-07,fine_all,Fine | With PSU,Sector_Fine,False,187,66,8,62,0.4847197781824669,0.2142022291450385,0.2812508122772624,0.04220991530122526,0.10658578172423104,0.003996003996003996,0.23904089697603714
2019-06-14,fine_all,Fine | With PSU,Sector_Fine,False,187,66,8,62,0.38180508138751446,0.19341149001589136,0.3242507559321015,0.04198737964746961,0.1053329374842478,0.000999000999000999,0.2822633762846319
2019-06-21,fine_all,Fine | With PSU,Sector_Fine,False,187,66,8,62,0.3890403188042725,0.14177782433983546,0.04033868649041121,0.041382737656910945,0.086766851079525,0.45054945054945056,-0.0010440511664997348
2019-06-28,fine_all,Fine | With PSU,Sector_Fine,False,187,66,8,62,0.27517396499548663,0.23902709292247276,0.17775637424023263,0.0432636071621895,0.11810915787105186,0.014985014985014986,0.13449276707804314
2019-07-05,fine_all,Fine | With PSU,Sector_Fine,False,187,66,8,62,0.5124422054629808,0.18100167979956783,0.24288060075094192,0.03898996465446253,0.1163332663468853,0.005994005994005994,0.2038906360964794
2019-07-12,fine_all,Fine | With PSU,Sector_Fine,False,187,66,8,62,0.5085977003377636,0.1293277271247676,0.07531621841165707,0.042491109972960545,0.08339021493490632,0.08091908091908091,0.03282510843869653
2019-07-19,fine_all,Fine | With PSU,Sector_Fine,False,187,66,8,62,0.41010934085271833,0.25354620815133444,0.09516101653853307,0.04208642755608774,0.10152985973341352,0.06493506493506493,0.053074588982445325
2019-07-26,fine_all,Fine | With PSU,Sector_Fine,False,187,66,8,62,0.4506097450370238,0.24201545868931434,0.10674055528716932,0.04056863291556651,0.09163717119555319,0.027972027972027972,0.0661719223716028
2019-08-02,fine_all,Fine | With PSU,Sector_Fine,False,187,66,8,62,0.534759962660053,0.25132450582566024,0.09735278027619,0.040608607478219254,0.10184696194366911,0.055944055944055944,0.05674417279797075
2019-08-09,fine_all,Fine | With PSU,Sector_Fine,False,187,66,8,62,0.40229644934118935,0.2951171825830113,0.025942661325340153,0.04114941860591111,0.08502161600136689,0.7192807192807192,-0.01520675728057096
2019-08-16,fine_all,Fine | With PSU,Sector_Fine,False,187,66,8,62,0.36469989859358076,0.1677263559448221,0.0691419894434105,0.03995635647319443,0.08357939526142785,0.1108891108891109,0.02918563297021607
2019-08-23,fine_all,Fine | With PSU,Sector_Fine,False,187,66,8,62,0.5189405528270122,0.3438996753221902,0.17756191636773166,0.04099064865885722,0.09390870328230479,0.002997002997002997,0.13657126770887446
2019-08-30,fine_all,Fine | With PSU,Sector_Fine,False,187,66,8,62,0.3458308639477967,0.22452311083268084,0.07143676329069984,0.04065214805996554,0.08459084348154024,0.11288711288711288,0.0307846152307343
2019-09-06,fine_all,Fine | With PSU,Sector_Fine,False,187,66,8,62,0.462116958224284,0.1531650988836581,0.011144159372347178,0.04100206427551727,0.09119473942008634,0.967032967032967,-0.029857904903170095
2019-09-13,fine_all,Fine | With PSU,Sector_Fine,False,187,66,8,62,0.5151009331937737,0.13256448316605768,0.04134130772710955,0.041324591264131044,0.08133603376336757,0.42957042957042957,1.671646297850271e-05
2019-09-20,fine_all,Fine | With PSU,Sector_Fine,False,187,66,8,62,0.42630968187980545,0.3457785153119439,0.10170235791111695,0.04091555925207509,0.08809730764858813,0.026973026973026972,0.060786798659041866
2019-09-27,fine_all,Fine | With PSU,Sector_Fine,False,187,66,8,62,0.45597305332053617,0.33887007226665233,0.13426634529696954,0.04116061918157222,0.08297442273214223,0.003996003996003996,0.09310572611539733
2019-10-04,fine_all,Fine | With PSU,Sector_Fine,False,187,66,8,62,0.5887277302805929,0.27401169411445614,0.021740361373321925,0.040307869298314175,0.09456981924182578,0.7112887112887113,-0.01856750792499225
2019-10-11,fine_all,Fine | With PSU,Sector_Fine,False,187,66,8,62,0.3259725245270808,0.35497236302777746,0.21530360997834844,0.041712515483582964,0.0946319597081282,0.000999000999000999,0.17359109449476548
2019-10-18,fine_all,Fine | With PSU,Sector_Fine,False,187,66,8,62,0.38911402386305016,0.4137053351926808,0.08637662017080161,0.03987446244634877,0.09769754590889686,0.07492507492507493,0.04650215772445284
2019-10-25,fine_all,Fine | With PSU,Sector_Fine,False,187,66,8,62,0.47932770193325347,0.5426453331426428,0.28931009809487224,0.041004195851651895,0.09752083951516693,0.000999000999000999,0.24830590224322036
2019-11-01,fine_all,Fine | With PSU,Sector_Fine,False,187,66,8,62,0.5418907754503062,0.2909656651988463,0.06349740895703002,0.04310638087581965,0.09298631697406613,0.15984015984015984,0.020391028081210363
2019-11-08,fine_all,Fine | With PSU,Sector_Fine,False,187,66,8,62,0.44784427704785457,0.43733926781901944,0.2536527011546754,0.040889537967098995,0.08610668956038832,0.000999000999000999,0.21276316318757643
2019-11-15,fine_all,Fine | With PSU,Sector_Fine,False,187,66,8,62,0.49692903849097503,0.20838985394263748,0.14826241430148973,0.03982813191727851,0.0874892446657363,0.005994005994005994,0.10843428238421121
2019-11-22,fine_all,Fine | With PSU,Sector_Fine,False,187,66,8,62,0.4528735184728597,0.4723510785869205,0.2620384540386188,0.04328894666852527,0.11415237330367121,0.000999000999000999,0.21874950737009352
2019-11-29,fine_all,Fine | With PSU,Sector_Fine,False,185,65,7,59,0.18422972899415901,1.6547173986136852,0.0022953430050462777,0.033764575791942676,0.11838037396817667,0.971028971028971,-0.031469232786896395
2019-12-06,fine_all,Fine | With PSU,Sector_Fine,False,189,65,8,60,0.4101346350352999,0.19233549797692712,0.05988212759920912,0.04120923849129512,0.09679261786742706,0.2007992007992008,0.018672889107914002
2019-12-13,fine_all,Fine | With PSU,Sector_Fine,False,189,65,8,60,0.37819799840291823,0.1463294944044346,0.0326907093739626,0.04208259454766139,0.10325764468446948,0.4805194805194805,-0.009391885173698787
2019-12-20,fine_all,Fine | With PSU,Sector_Fine,False,189,65,8,60,0.4150883448602892,0.10558671112729148,0.02694571998464358,0.041897140250035284,0.09397948906164677,0.6833166833166833,-0.014951420265391705
2019-12-27,fine_all,Fine | With PSU,Sector_Fine,False,189,64,8,59,0.4723154370561894,0.06062401719770552,0.09425225148667815,0.04164291858544622,0.09350760676661339,0.04695304695304695,0.05260933290123193
2020-01-03,fine_all,Fine | With PSU,Sector_Fine,False,191,65,8,59,0.46386234367491774,0.10492699308624127,0.05488596848797119,0.04134914769028871,0.085695307965477,0.24075924075924077,0.01353682079768248
2020-01-10,fine_all,Fine | With PSU,Sector_Fine,False,191,65,8,59,0.41556466305111883,0.1153910771374555,0.017162420483596747,0.03998294582805188,0.08416984460674144,0.8781218781218781,-0.022820525344455136
2020-01-17,fine_all,Fine | With PSU,Sector_Fine,False,191,65,8,59,0.38267332349629946,0.2442285272096381,0.056669755804230205,0.0394093305059355,0.10210677250740176,0.17582417582417584,0.017260425298294704
2020-01-24,fine_all,Fine | With PSU,Sector_Fine,False,191,65,8,59,0.48348301216279,0.20626646109307104,0.04034972310739469,0.040371105828740386,0.10004804775342366,0.38161838161838163,-2.1382721345698796e-05
2020-01-31,fine_all,Fine | With PSU,Sector_Fine,False,190,65,7,58,0.547452215175252,0.18914237291300445,0.05760778927466614,0.03589380998148555,0.07210883764228862,0.14285714285714285,0.021713979293180585
2020-02-07,fine_all,Fine | With PSU,Sector_Fine,False,191,65,8,59,0.46662355119971377,0.2648361823314549,0.044460030941899584,0.04102877971345138,0.08444084210737553,0.3676323676323676,0.003431251228448201
2020-02-14,fine_all,Fine | With PSU,Sector_Fine,False,191,65,8,59,0.4314961863605592,0.31739280940663733,0.05293405789264417,0.04045433100924312,0.09998644752277884,0.1978021978021978,0.012479726883401043
2020-02-21,fine_all,Fine | With PSU,Sector_Fine,False,191,65,8,59,0.3744657029471543,0.2356707149279925,0.06589695774824732,0.0405250904274885,0.10494232621920625,0.13386613386613386,0.025371867320758815
2020-02-28,fine_all,Fine | With PSU,Sector_Fine,False,190,64,8,59,0.42516744805879736,0.44466010894696034,0.04857395772232384,0.04021614834271209,0.09718296853518654,0.22077922077922077,0.008357809379611753
2020-03-06,fine_all,Fine | With PSU,Sector_Fine,False,191,64,8,60,0.32598096605553595,0.7582270330039196,0.010479795807129688,0.03712037660076989,0.12458054878266202,0.8211788211788211,-0.0266405807936402
2020-03-13,fine_all,Fine | With PSU,Sector_Fine,False,191,64,8,60,0.42275152252610027,1.2462555683964223,0.049233790654380646,0.04065318527505962,0.10119257527791369,0.23976023976023977,0.008580605379321024
2020-03-20,fine_all,Fine | With PSU,Sector_Fine,False,191,64,8,60,0.4462414189281527,1.99536436096372,0.043116279123782325,0.04143844104624439,0.10843515748728345,0.3066933066933067,0.0016778380775379353
2020-03-27,fine_all,Fine | With PSU,Sector_Fine,False,186,64,8,59,0.42729257362204764,1.8993946726046174,0.030824545432048836,0.04364334356870837,0.13188685883538692,0.44455544455544455,-0.012818798136659537
2020-04-03,fine_all,Fine | With PSU,Sector_Fine,False,190,66,8,62,0.5344104625565353,0.8318975011217675,0.07121836307469141,0.040074875244252565,0.08315523823789202,0.09290709290709291,0.031143487830438847
2020-04-10,fine_all,Fine | With PSU,Sector_Fine,False,190,66,8,62,0.4546413403300351,0.5477304716690432,0.06155083570308215,0.04138333437801841,0.08941560855851313,0.17782217782217782,0.020167501325063744
2020-04-17,fine_all,Fine | With PSU,Sector_Fine,False,190,66,8,62,0.38111316188842104,0.6192853222474226,0.043303859127838955,0.039237478443831984,0.07849767561316891,0.35564435564435565,0.0040663806840069705
2020-04-24,fine_all,Fine | With PSU,Sector_Fine,False,190,66,8,62,0.512449526429585,0.560141880568809,0.11014673421334943,0.04169860989461378,0.08477694624883225,0.017982017982017984,0.06844812431873565
2020-05-01,fine_all,Fine | With PSU,Sector_Fine,False,190,66,8,62,0.6370536470904434,0.32655120370657975,0.040680190492123285,0.04124636733872216,0.08287948188034575,0.41858141858141856,-0.0005661768465988759
2020-05-08,fine_all,Fine | With PSU,Sector_Fine,False,190,66,8,62,0.6004745585177529,0.2440354649037888,0.1571980019935381,0.04101178213808177,0.09161050446991657,0.002997002997002997,0.11618621985545632
2020-05-15,fine_all,Fine | With PSU,Sector_Fine,False,190,66,8,62,0.484049039492632,0.2833226832687016,0.030180660964532213,0.04030797881592207,0.08325406368118649,0.6173826173826173,-0.010127317851389855
2020-05-22,fine_all,Fine | With PSU,Sector_Fine,False,190,66,8,62,0.7227118287617499,0.21865524227157246,0.028318895103070348,0.04090759435308131,0.09130621615018664,0.6333666333666333,-0.012588699250010965
2020-05-29,fine_all,Fine | With PSU,Sector_Fine,False,190,64,8,60,0.3977108220516692,0.6056058600472748,0.038215607542296276,0.041119195961081934,0.09877657600772177,0.4075924075924076,-0.0029035884187856575
2020-06-05,fine_all,Fine | With PSU,Sector_Fine,False,190,64,8,60,0.5081094323632458,0.5386924847326507,0.08978886030234959,0.0406052110197081,0.08729634954103777,0.04695304695304695,0.04918364928264149
2020-06-12,fine_all,Fine | With PSU,Sector_Fine,False,190,64,8,60,0.4313259464373178,0.36464407631253637,0.01800341553119443,0.03943537728951139,0.1029729140248076,0.7722277722277723,-0.021431961758316957
2020-06-19,fine_all,Fine | With PSU,Sector_Fine,False,190,64,8,60,0.39127853720009464,0.3452577840269605,0.04086264877632104,0.0402473868825849,0.09993043357142477,0.36863136863136864,0.0006152618937361395
2020-06-26,fine_all,Fine | With PSU,Sector_Fine,False,190,64,8,60,0.39427046023999246,0.35965070587504744,0.025456684228975623,0.04027741867536529,0.08861773128984199,0.6923076923076923,-0.014820734446389663
2020-07-03,fine_all,Fine | With PSU,Sector_Fine,False,190,64,8,60,0.4194996179482229,0.19853428057868705,0.05777924273445516,0.04230161672379483,0.11343257061252779,0.1958041958041958,0.015477626010660328
2020-07-10,fine_all,Fine | With PSU,Sector_Fine,False,190,64,8,60,0.3969391297065188,0.3479009076172229,0.07426152891013811,0.040277775857432106,0.10132166036958765,0.09090909090909091,0.033983753052706005
2020-07-17,fine_all,Fine | With PSU,Sector_Fine,False,190,64,8,60,0.5244683198369218,0.22107168028325558,0.021421821839847695,0.04103906454389985,0.09006400093478541,0.7702297702297702,-0.019617242704052153
2020-07-24,fine_all,Fine | With PSU,Sector_Fine,False,190,64,8,60,0.3812110469799268,0.25580115530222597,0.09373054999733531,0.04103362069836253,0.09463601323247105,0.05194805194805195,0.05269692929897278
2020-07-31,fine_all,Fine | With PSU,Sector_Fine,False,184,65,8,57,0.6242532589119133,0.43711476146626616,0.013650381245062012,0.042276683701665214,0.11909118626549944,0.7902097902097902,-0.028626302456603202
2020-08-07,fine_all,Fine | With PSU,Sector_Fine,False,189,66,8,59,0.49192636060914474,0.1741347491381501,0.03737721269675959,0.04096459889299649,0.0885950044736774,0.4645354645354645,-0.0035873861962368997
2020-08-14,fine_all,Fine | With PSU,Sector_Fine,False,189,66,8,59,0.5038484467377344,0.27016971856502553,0.019172151674750858,0.04119466531922359,0.09841166413457411,0.7972027972027972,-0.022022513644472733
2020-08-21,fine_all,Fine | With PSU,Sector_Fine,False,189,66,8,59,0.6276345733604516,0.12700487365831378,0.045079964944100874,0.04154250858109134,0.08198431999436318,0.3646353646353646,0.0035374563630095335
2020-08-28,fine_all,Fine | With PSU,Sector_Fine,False,189,66,8,59,0.6207960846116656,0.17254489751854601,0.059841296749900644,0.04187568927193375,0.09329642131057984,0.1938061938061938,0.017965607477966897
2020-09-04,fine_all,Fine | With PSU,Sector_Fine,False,189,66,8,59,0.5833009380826089,0.160647487332813,0.10073173400757654,0.04172010848094301,0.09387870254162262,0.03296703296703297,0.05901162552663353
2020-09-11,fine_all,Fine | With PSU,Sector_Fine,False,189,66,8,59,0.5424583216950524,0.10609562947601743,0.10203196190209794,0.04130004082753522,0.07726095146602362,0.01898101898101898,0.060731921074562725
2020-09-18,fine_all,Fine | With PSU,Sector_Fine,False,189,66,8,59,0.587098781278659,0.2122879031649768,0.053863995349966734,0.041305278262941995,0.0827594565504279,0.23476523476523475,0.012558717087024739
2020-09-25,fine_all,Fine | With PSU,Sector_Fine,False,188,66,8,60,0.5450921662091881,1.8221667749336783,0.06409851420329676,0.04293648902638451,0.14924337371616744,0.21178821178821178,0.021162025176912257
2020-10-02,fine_all,Fine | With PSU,Sector_Fine,False,190,66,8,60,0.517324934494078,0.11270810012965579,0.07995378463785122,0.04092069893073172,0.0804109488520394,0.05194805194805195,0.0390330857071195
2020-10-09,fine_all,Fine | With PSU,Sector_Fine,False,190,66,8,60,0.5996065003167197,0.14728732829251082,0.031951031287890404,0.04150570289887183,0.08610368383083282,0.5974025974025974,-0.009554671610981426
2020-10-16,fine_all,Fine | With PSU,Sector_Fine,False,190,66,8,60,0.5170969851942462,0.12239672354812361,0.06377580786602177,0.04132102945537333,0.0833485343647301,0.14385614385614387,0.02245477841064844
2020-10-23,fine_all,Fine | With PSU,Sector_Fine,False,190,66,8,60,0.4774177404597325,0.20112058709057665,0.07499510100202966,0.04005353431626894,0.08514488947971136,0.08091908091908091,0.03494156668576072
2020-10-30,fine_all,Fine | With PSU,Sector_Fine,False,189,66,8,60,0.5352811291464369,0.1476441945467921,0.03781858415741031,0.040832695053746,0.08566571750835104,0.43956043956043955,-0.0030141108963356936
2020-11-06,fine_all,Fine | With PSU,Sector_Fine,False,190,66,8,60,0.4274530847020581,0.21421120572870164,0.03143829822566185,0.041530740461958045,0.08652680422666395,0.5894105894105894,-0.010092442236296198
2020-11-13,fine_all,Fine | With PSU,Sector_Fine,False,190,66,8,60,0.4112588143614445,0.2667730799828709,0.07423084776368251,0.040648343220127996,0.08148715664085059,0.08591408591408592,0.03358250454355451
2020-11-20,fine_all,Fine | With PSU,Sector_Fine,False,190,66,8,60,0.6610451160894992,0.13935049762337332,0.11088530854408321,0.040417938564850556,0.08578587657862796,0.00999000999000999,0.07046736997923266
2020-11-27,fine_all,Fine | With PSU,Sector_Fine,False,190,66,8,60,0.5757560153137373,0.17904849746758,0.03799227000530442,0.04180243660953066,0.08423904628415946,0.48451548451548454,-0.003810166604226242
2020-12-04,fine_all,Fine | With PSU,Sector_Fine,False,190,66,8,60,0.44671797208209807,0.23520263728973675,0.051388637704016166,0.04052237281149634,0.08705794782485214,0.25574425574425574,0.010866264892519822
2020-12-11,fine_all,Fine | With PSU,Sector_Fine,False,190,66,8,60,0.47550884942996907,0.1514840951679961,0.05191896173959412,0.040062964348286365,0.08485917347972251,0.22777222777222778,0.011855997391307757
2020-12-18,fine_all,Fine | With PSU,Sector_Fine,False,190,66,8,60,0.498625496547211,0.11825414429072428,0.06208313219297828,0.03987212690012915,0.08792689390240184,0.15284715284715283,0.022211005292849126
2020-12-25,fine_all,Fine | With PSU,Sector_Fine,False,190,66,8,60,0.4830549483696227,0.10718965299050079,0.040011648894172566,0.04118289737272673,0.09910151540915056,0.4095904095904096,-0.0011712484785541613
2021-01-01,fine_all,Fine | With PSU,Sector_Fine,False,190,66,8,60,0.46117200323734775,0.09605749121382802,0.05949426750789959,0.04153199466419269,0.08987853688533069,0.17382617382617382,0.017962272843706897
2021-01-08,fine_all,Fine | With PSU,Sector_Fine,False,190,66,8,60,0.6003819020341497,0.15889055405927616,0.0791501240712815,0.04013642566491495,0.08239325903112714,0.061938061938061936,0.039013698406366544
2021-01-15,fine_all,Fine | With PSU,Sector_Fine,False,190,66,8,60,0.42144301141430807,0.26398525852568955,0.06028385004222999,0.04134557530555284,0.09672408239321013,0.18181818181818182,0.018938274736677148
2021-01-22,fine_all,Fine | With PSU,Sector_Fine,False,190,66,8,60,0.5737449297368276,0.2184280489301103,0.14226095531262078,0.039777812693399694,0.0932592686960609,0.01098901098901099,0.10248314261922109
2021-01-29,fine_all,Fine | With PSU,Sector_Fine,False,188,64,8,59,0.3789596873617951,0.19360464673941258,0.05233241643538962,0.04201173964986957,0.09122404564466113,0.27372627372627373,0.010320676785520053
2021-02-05,fine_all,Fine | With PSU,Sector_Fine,False,190,64,8,60,0.5542364822822838,0.3229085936605025,0.06593420071515976,0.040618721838346444,0.08687264276689463,0.13186813186813187,0.02531547887681332
2021-02-12,fine_all,Fine | With PSU,Sector_Fine,False,190,64,8,60,0.4585711802016369,0.25174938337844754,0.10198217145117505,0.039765836683556,0.08340829493547867,0.015984015984015984,0.06221633476761905
2021-02-19,fine_all,Fine | With PSU,Sector_Fine,False,190,64,8,60,0.5032906723596372,0.3910419707561937,0.06040722626112562,0.03941556185024692,0.09017238348494117,0.16483516483516483,0.0209916644108787
2021-02-26,fine_all,Fine | With PSU,Sector_Fine,False,190,64,8,60,0.552788051299399,0.19969027680900195,0.098513325011534,0.039917555026804837,0.08842349517267113,0.03696303696303696,0.05859576998472916
2021-03-05,fine_all,Fine | With PSU,Sector_Fine,False,190,64,8,60,0.45230968338935995,0.19339093931457213,0.13041731048678104,0.03995562101072812,0.08466624995952315,0.011988011988011988,0.09046168947605292
2021-03-12,fine_all,Fine | With PSU,Sector_Fine,False,190,64,8,60,0.4833555364844734,0.06954602810363814,0.045587272533623574,0.04127787989680347,0.08316018123123216,0.34565434565434566,0.004309392636820106
2021-03-19,fine_all,Fine | With PSU,Sector_Fine,False,190,64,8,60,0.49014077501912157,0.15871231055226914,0.022614827109099265,0.04100941338489035,0.07830512974780199,0.7942057942057942,-0.018394586275791085
2021-03-26,fine_all,Fine | With PSU,Sector_Fine,False,190,64,8,60,0.5050153805221456,0.17296479547963717,0.13357059782414188,0.04113261407800193,0.09920967579307248,0.02097902097902098,0.09243798374613996
2021-04-02,fine_all,Fine | With PSU,Sector_Fine,False,185,62,7,57,0.8352661896888972,0.41488363300193737,0.016957175480242545,0.038122403249115804,0.1194459170443816,0.47952047952047955,-0.02116522776887326
2021-04-09,fine_all,Fine | With PSU,Sector_Fine,False,190,63,7,58,0.5960526464043097,0.17980349621643243,0.03867956196287914,0.03628423316237616,0.07605745907298865,0.36863136863136864,0.0023953288005029785
2021-04-16,fine_all,Fine | With PSU,Sector_Fine,False,190,63,7,58,0.4595496648804883,0.14482572291317383,0.042154968187305394,0.03498839388075321,0.07027713300468398,0.2937062937062937,0.007166574306552181
2021-04-23,fine_all,Fine | With PSU,Sector_Fine,False,190,63,7,58,0.55961442612394,0.10454332051732362,0.05365925828761635,0.03468867146519657,0.06793910521523638,0.14285714285714285,0.018970586822419776
2021-04-30,fine_all,Fine | With PSU,Sector_Fine,False,190,63,7,58,0.4272624887377108,0.22373206491009873,0.08149967652976359,0.03564813573631566,0.08092863005378323,0.04995004995004995,0.04585154079344793
2021-05-07,fine_all,Fine | With PSU,Sector_Fine,False,190,63,7,58,0.44227139018353745,0.2491348665710005,0.0578776917263559,0.036126037545208704,0.07845436202626666,0.14185814185814186,0.021751654181147197
2021-05-14,fine_all,Fine | With PSU,Sector_Fine,False,190,63,7,58,0.4710423352981926,0.19659358193196036,0.11673957742781318,0.03547017948091294,0.07087206864713959,0.007992007992007992,0.08126939794690025
2021-05-21,fine_all,Fine | With PSU,Sector_Fine,False,190,63,7,58,0.5778253549529069,0.13482418338117763,0.0482249914751212,0.035500467993125354,0.07619770286647484,0.21978021978021978,0.012724523481995847
2021-05-28,fine_all,Fine | With PSU,Sector_Fine,False,190,63,7,58,0.42243511687103874,0.12583969635910888,0.009337948813206204,0.03478870448645655,0.07455920350035311,0.945054945054945,-0.02545075567325035
2021-06-04,fine_all,Fine | With PSU,Sector_Fine,False,190,63,7,58,0.4364037011647536,0.2030092347831228,0.07400502285170035,0.03534510799410182,0.0788645724746119,0.07192807192807193,0.03865991485759853
2021-06-11,fine_all,Fine | With PSU,Sector_Fine,False,190,63,7,58,0.5086148269671975,0.11504192750213854,0.022036429733319783,0.03505146501826746,0.07402287937666249,0.7222777222777222,-0.013015035284947678
2021-06-18,fine_all,Fine | With PSU,Sector_Fine,False,190,63,7,58,0.4968735261414128,0.17483264003620708,0.09320260659653071,0.034935939597483555,0.08422794445535794,0.04095904095904096,0.05826666699904715
2021-06-25,fine_all,Fine | With PSU,Sector_Fine,False,190,63,7,58,0.5462583820267823,0.09003771858714651,0.038734632805193354,0.03568124903634626,0.0852551936078258,0.3336663336663337,0.003053383768847097
2021-07-02,fine_all,Fine | With PSU,Sector_Fine,False,190,63,7,58,0.48316933675401674,0.1744896742012082,0.1259472832175556,0.033619448084552334,0.09245485251136487,0.02097902097902098,0.09232783513300327
2021-07-09,fine_all,Fine | With PSU,Sector_Fine,False,190,63,7,58,0.36983891721763185,0.12314293521418923,0.06109328804357402,0.034158564203695986,0.07882832563192325,0.1018981018981019,0.026934723839878036
2021-07-16,fine_all,Fine | With PSU,Sector_Fine,False,190,63,7,58,0.5714398879153129,0.09687413498058056,0.05840271750103142,0.035119154227996996,0.07470603254072404,0.13186813186813187,0.02328356327303442
2021-07-23,fine_all,Fine | With PSU,Sector_Fine,False,190,63,7,58,0.4810855227731955,0.123862400513828,0.05299100612298136,0.03571646229221531,0.08258099097841862,0.18581418581418582,0.01727454383076605
2021-07-30,fine_all,Fine | With PSU,Sector_Fine,False,189,63,7,58,0.4029172792670589,0.21877354161108514,0.013780622359882543,0.034852038163380894,0.0737760772020338,0.8691308691308691,-0.02107141580349835
2021-08-06,fine_all,Fine | With PSU,Sector_Fine,False,190,63,7,58,0.314579602854262,0.18580915478408788,0.03159101825912132,0.0364058688500306,0.07772503308548136,0.5264735264735265,-0.004814850590909282
2021-08-13,fine_all,Fine | With PSU,Sector_Fine,False,190,63,7,58,0.30109636919854743,0.23343997620631446,0.06562861283735857,0.03464612351479091,0.08021101376282112,0.0989010989010989,0.030982489322567662
2021-08-20,fine_all,Fine | With PSU,Sector_Fine,False,190,63,7,58,0.6358828294052294,0.16385883761349485,0.09923951025833763,0.036186543982858595,0.0812378535297418,0.023976023976023976,0.06305296627547904
2021-08-27,fine_all,Fine | With PSU,Sector_Fine,False,190,63,7,58,0.4994971230348759,0.13013486985024056,0.08503064650631884,0.03474135704085141,0.08350344434526365,0.04695304695304695,0.05028928946546742
2021-09-03,fine_all,Fine | With PSU,Sector_Fine,False,190,63,7,58,0.38941072900903073,0.19182532984917056,0.02310043092045883,0.03560079879048485,0.08234520105911713,0.6593406593406593,-0.012500367870026018
2021-09-10,fine_all,Fine | With PSU,Sector_Fine,False,190,63,7,58,0.6541910723076435,0.062450578840998694,0.10564684873066484,0.03583473596585488,0.07759577211128131,0.006993006993006993,0.06981211276480995
2021-09-17,fine_all,Fine | With PSU,Sector_Fine,False,190,63,7,58,0.5522766622469002,0.22333528947026893,0.01593166345467177,0.03546558317868634,0.086035888083225,0.8001998001998002,-0.019533919724014567
2021-09-24,fine_all,Fine | With PSU,Sector_Fine,False,190,63,7,58,0.7308463689260865,0.15047451709108484,0.06372212935395949,0.03564459351390286,0.07480209283191053,0.08591408591408592,0.02807753584005663
2021-10-01,fine_all,Fine | With PSU,Sector_Fine,False,190,63,7,58,0.5547754808567299,0.19029713896483955,0.07897049934546342,0.035060481832125755,0.07334840446252652,0.03496503496503497,0.04391001751333767
2021-10-08,fine_all,Fine | With PSU,Sector_Fine,False,190,63,7,58,0.5866136888314164,0.15048918848755977,0.020911882169303828,0.03534036405754342,0.07655167299270177,0.7072927072927073,-0.014428481888239593
2021-10-15,fine_all,Fine | With PSU,Sector_Fine,False,190,63,7,58,0.5934567470616046,0.16612388620690308,0.05107962881094673,0.03517797055955385,0.0807820664544243,0.1838161838161838,0.015901658251392878
2021-10-22,fine_all,Fine | With PSU,Sector_Fine,False,190,63,7,58,0.6334582088194687,0.17598775917619314,0.020668843380475102,0.03621274769226688,0.0805744531917179,0.7332667332667333,-0.015543904311791777
2021-10-29,fine_all,Fine | With PSU,Sector_Fine,False,188,64,7,62,0.2876491374175789,2.8850501312357726,0.07310828719708691,0.03642965383314163,0.10571267736718053,0.14985014985014986,0.03667863336394528
2021-11-05,fine_all,Fine | With PSU,Sector_Fine,False,191,65,7,63,0.5181485754579058,0.0916516530129245,0.05766453219311052,0.034481278327261305,0.07074733418741251,0.11588411588411589,0.023183253865849213
2021-11-12,fine_all,Fine | With PSU,Sector_Fine,False,191,65,7,63,0.3970123813745754,0.17559825994141778,0.07241959490426761,0.03371187855540734,0.07339954467930028,0.054945054945054944,0.03870771634886027
2021-11-19,fine_all,Fine | With PSU,Sector_Fine,False,191,65,7,63,0.5733540776532255,0.12965436288099183,0.0170428044793438,0.03543418166394511,0.0765150780810968,0.8411588411588412,-0.01839137718460131
2021-11-26,fine_all,Fine | With PSU,Sector_Fine,False,191,65,7,63,0.6713495850420514,0.14757025461365603,0.03463555978173142,0.03500755053162551,0.07310107154506233,0.4275724275724276,-0.00037199074989409386
2021-12-03,fine_all,Fine | With PSU,Sector_Fine,False,191,65,7,63,0.3993633449246118,0.1463729710893416,0.07861533864877629,0.03534494701062283,0.09410456396429205,0.08191808191808192,0.04327039163815346
2021-12-10,fine_all,Fine | With PSU,Sector_Fine,False,191,65,7,63,0.5046111110021798,0.11414946984466245,0.05124026971692852,0.035683366217385874,0.0821696184720775,0.1928071928071928,0.015556903499542647
2021-12-17,fine_all,Fine | With PSU,Sector_Fine,False,191,65,7,63,0.6010883598303277,0.10196736765063955,0.02781846632839074,0.0359742265395321,0.07528745434801884,0.5774225774225774,-0.008155760211141356
2021-12-24,fine_all,Fine | With PSU,Sector_Fine,False,191,65,7,63,0.5403336719626788,0.07332854460375834,0.0209848036760219,0.036598256654434363,0.07449324147233045,0.7742257742257742,-0.015613452978412462
2021-12-31,fine_all,Fine | With PSU,Sector_Fine,False,191,65,7,63,0.3581334082854113,0.15077253492597456,0.016558626094380812,0.03668652072219125,0.15337926783171274,0.5264735264735265,-0.02012789462781044
2022-01-07,fine_all,Fine | With PSU,Sector_Fine,False,191,65,7,63,0.5660609258587284,0.11943971451316193,0.03591075290265209,0.03588900503141186,0.07379649826541353,0.4165834165834166,2.174787124022831e-05
2022-01-14,fine_all,Fine | With PSU,Sector_Fine,False,191,65,7,63,0.4972582750376342,0.15104606466643128,0.06090281185641366,0.035899190913925065,0.08056662258393614,0.13186813186813187,0.0250036209424886
2022-01-21,fine_all,Fine | With PSU,Sector_Fine,False,191,65,7,63,0.6193543069200329,0.12160587611522146,0.029824688982966443,0.03477917186757853,0.07116479787351895,0.5284715284715285,-0.004954482884612085
2022-01-28,fine_all,Fine | With PSU,Sector_Fine,False,191,65,7,63,0.5543174208892647,0.20787704688625985,0.04583556708886067,0.035431147423243596,0.07329882825015357,0.25574425574425574,0.010404419665617073
2022-02-04,fine_all,Fine | With PSU,Sector_Fine,False,191,65,7,63,0.46663019346923473,0.1324285420948805,0.0368451939359288,0.03446303084203945,0.07169322857977677,0.35764235764235763,0.0023821630938893473
2022-02-11,fine_all,Fine | With PSU,Sector_Fine,False,191,65,7,63,0.38452206245822584,0.15210496743740642,0.009381021235051242,0.035934350250197616,0.08450224379923642,0.932067932067932,-0.026553329015146374
2022-02-18,fine_all,Fine | With PSU,Sector_Fine,False,191,65,7,63,0.441615328464806,0.1362446411396742,0.0544120611499242,0.03377218280506512,0.07957973165584493,0.13086913086913088,0.020639878344859086
2022-02-25,fine_all,Fine | With PSU,Sector_Fine,False,191,65,7,63,0.5027352151164479,0.14443359704403108,0.02541402812468936,0.034168567265788485,0.07344720752618983,0.6083916083916084,-0.008754539141099124
2022-03-04,fine_all,Fine | With PSU,Sector_Fine,False,191,65,7,63,0.6629908629355635,0.19783774098106982,0.02301022906013944,0.03546032982852461,0.08070524002725123,0.6693306693306693,-0.01245010076838517
2022-03-11,fine_all,Fine | With PSU,Sector_Fine,False,191,65,7,63,0.32873862028943657,0.15950885180128743,0.00768536713826379,0.035544150203209376,0.08024957599135572,0.975024975024975,-0.027858783064945585
2022-03-18,fine_all,Fine | With PSU,Sector_Fine,False,191,65,7,63,0.5417492669437889,0.1271323577540072,0.04685081211375765,0.03366223270064697,0.07106631907817709,0.20279720279720279,0.013188579413110676
2022-03-25,fine_all,Fine | With PSU,Sector_Fine,False,191,65,7,63,0.5257207400926504,0.171934640150331,0.07219456930886614,0.03514494803923469,0.07600911761714586,0.056943056943056944,0.037049621269631454
2022-04-01,fine_all,Fine | With PSU,Sector_Fine,False,191,65,7,63,0.44891769909357515,0.12550732450407331,0.06038384230294863,0.03574772440544267,0.07471290952013608,0.11588411588411589,0.024636117897505964
2022-04-08,fine_all,Fine | With PSU,Sector_Fine,False,191,65,7,63,0.46202169767873424,0.15283904946166893,0.028270054320196667,0.034994681859829,0.08432916371648806,0.5024975024975025,-0.006724627539632332
2022-04-15,fine_all,Fine | With PSU,Sector_Fine,False,191,65,7,63,0.6297799495114402,0.06793642743445133,0.0891180422834261,0.03638561345963521,0.07742528605491099,0.028971028971028972,0.05273242882379089
2022-04-22,fine_all,Fine | With PSU,Sector_Fine,False,191,65,7,63,0.6177733500315336,0.08855548258778759,0.05171545515432318,0.03441962937143802,0.07021152718478009,0.16283716283716285,0.01729582578288516
2022-04-29,fine_all,Fine | With PSU,Sector_Fine,False,191,65,7,63,0.4327565036146118,0.12883000286980711,0.10158439030577798,0.03562099700894491,0.06745787527925766,0.006993006993006993,0.06596339329683307
2022-05-06,fine_all,Fine | With PSU,Sector_Fine,False,191,65,7,63,0.5055195287323734,0.1477603320395977,0.05689663102841396,0.0348649908231919,0.07525284312624625,0.13486513486513488,0.02203164020522206
2022-05-13,fine_all,Fine | With PSU,Sector_Fine,False,191,65,7,63,0.5975176174612757,0.2093538463965966,0.0186508496425782,0.035753927524337994,0.07648643822718103,0.7952047952047953,-0.017103077881759795
2022-05-20,fine_all,Fine | With PSU,Sector_Fine,False,191,65,7,63,0.47183674018023114,0.1931147975488331,0.027052399758097992,0.03566454192770638,0.07539954623426849,0.5914085914085914,-0.008612142169608386
2022-05-27,fine_all,Fine | With PSU,Sector_Fine,False,191,65,7,63,0.6222536161971,0.1686907261860942,0.0164220850075681,0.033932042659563205,0.07454188808612307,0.7922077922077922,-0.017509957651995107
2022-06-03,fine_all,Fine | With PSU,Sector_Fine,False,191,65,7,63,0.49295370419754525,0.1446206904511962,0.0811019853645496,0.03498867545760649,0.07283593883417233,0.030969030969030968,0.04611330990694311
2022-06-10,fine_all,Fine | With PSU,Sector_Fine,False,191,65,7,63,0.5493872688072134,0.10137896094287621,0.0187539885939309,0.035988395253634016,0.07878382526098454,0.7692307692307693,-0.017234406659703116
2022-06-17,fine_all,Fine | With PSU,Sector_Fine,False,191,65,7,63,0.3630367864874512,0.22773919587945846,0.027595226033690388,0.03633471075189867,0.08985633498355644,0.4885114885114885,-0.00873948471820828
2022-06-24,fine_all,Fine | With PSU,Sector_Fine,False,191,65,7,63,0.5938647884876269,0.12115652631425008,0.04405279186882436,0.03454940395390362,0.0723145691283366,0.2627372627372627,0.009503387914920738
2022-07-01,fine_all,Fine | With PSU,Sector_Fine,False,191,65,7,63,0.4875382966922538,0.09271454068065246,0.055031463357423004,0.03417405380225398,0.0731210745710902,0.13986013986013987,0.020857409555169022
2022-07-08,fine_all,Fine | With PSU,Sector_Fine,False,191,65,7,63,0.5839681170897675,0.10582330812170049,0.05470682677141835,0.03448405225294272,0.0706757249139555,0.14485514485514486,0.020222774518475636
2022-07-15,fine_all,Fine | With PSU,Sector_Fine,False,191,65,7,63,0.43270931109316324,0.12829987121212305,0.028810159491367518,0.03627819297119764,0.07649692439647605,0.5674325674325674,-0.007468033479830119
2022-07-22,fine_all,Fine | With PSU,Sector_Fine,False,191,65,7,63,0.6010442942584835,0.111855812881027,0.03843897648331744,0.03527887903864892,0.07453867795434892,0.36663336663336665,0.003160097444668518
2022-07-29,fine_all,Fine | With PSU,Sector_Fine,False,191,65,7,63,0.45757262119310993,0.17035397880098707,0.12357097131630022,0.03463008882405978,0.07439132857739902,0.005994005994005994,0.08894088249224044
2022-08-05,fine_all,Fine | With PSU,Sector_Fine,False,191,65,7,63,0.46320261880628344,0.1640812648562495,0.03401717993446192,0.03631415832442694,0.07883719957914413,0.44955044955044954,-0.0022969783899650237
2022-08-12,fine_all,Fine | With PSU,Sector_Fine,False,190,65,7,62,0.4234813070869494,0.17884045632250792,0.02277856184498518,0.034543806399317874,0.07713917682909982,0.6523476523476524,-0.011765244554332695
2022-08-19,fine_all,Fine | With PSU,Sector_Fine,False,192,66,7,63,0.4265866605685531,0.1078580020540005,0.030268165944303066,0.03466339392455798,0.07630215339253842,0.4965034965034965,-0.0043952279802549135
2022-08-26,fine_all,Fine | With PSU,Sector_Fine,False,192,66,7,63,0.48551097252906494,0.12273191014821945,0.054261371936361165,0.03553238263107826,0.08644171740302131,0.15384615384615385,0.018728989305282905
2022-09-02,fine_all,Fine | With PSU,Sector_Fine,False,192,66,7,63,0.5738113155321016,0.08888841381550684,0.047984834964177596,0.03534158357050159,0.07082852477888797,0.22677322677322678,0.012643251393676003
2022-09-09,fine_all,Fine | With PSU,Sector_Fine,False,192,66,7,63,0.46615109234976515,0.11918464977132254,0.014756154216231875,0.03489935495786417,0.07279411350488178,0.8711288711288712,-0.020143200741632297
2022-09-16,fine_all,Fine | With PSU,Sector_Fine,False,192,66,7,63,0.4840637805939989,0.12446144357617615,0.029084298052290642,0.03403024433602469,0.06932513626735619,0.5514485514485514,-0.004945946283734046
2022-09-23,fine_all,Fine | With PSU,Sector_Fine,False,192,66,7,63,0.5426819701030043,0.10839269776500861,0.054929177338560446,0.03474730655879797,0.07883752806168737,0.14885114885114886,0.020181870779762474
2022-09-30,fine_all,Fine | With PSU,Sector_Fine,False,187,66,7,65,0.5533944073643913,0.0897657419872511,0.04114632330371593,0.03633753376750493,0.07227519592721059,0.3626373626373626,0.004808789536211
2022-10-07,fine_all,Fine | With PSU,Sector_Fine,False,195,66,7,67,0.5199709225146993,0.10366479151949928,0.011510000858526827,0.03430136555374146,0.0718150912402765,0.9150849150849151,-0.022791364695214637
2022-10-14,fine_all,Fine | With PSU,Sector_Fine,False,195,66,7,67,0.36685294869679985,0.11163008534089823,0.07353091852524919,0.034341679695352074,0.07911556526603533,0.06693306693306693,0.03918923882989712
2022-10-21,fine_all,Fine | With PSU,Sector_Fine,False,195,66,7,67,0.6245526466720788,0.17301018273834906,0.05023453291783944,0.033725798214850444,0.07633633296028976,0.1878121878121878,0.016508734702988997
2022-10-28,fine_all,Fine | With PSU,Sector_Fine,False,195,66,7,67,0.35255659967707487,0.15370711459033726,0.0731423398710494,0.03424069016544847,0.07456605932698487,0.058941058941058944,0.03890164970560093
2022-11-04,fine_all,Fine | With PSU,Sector_Fine,False,195,66,7,67,0.4489722043501736,0.13869063795414593,0.04284062610710223,0.03523445323954452,0.08254686841743111,0.2777222777222777,0.0076061728675577076
2022-11-11,fine_all,Fine | With PSU,Sector_Fine,False,195,66,7,67,0.44689701118035885,0.1761683306582572,0.03470726691544438,0.034902015702068794,0.0745198167284189,0.4085914085914086,-0.00019474878662441297
2022-11-18,fine_all,Fine | With PSU,Sector_Fine,False,195,66,7,67,0.4051818207138983,0.12956919093711108,0.05102493516565177,0.03363726661889981,0.07694083492431338,0.16783216783216784,0.017387668546751958
2022-11-25,fine_all,Fine | With PSU,Sector_Fine,False,195,66,7,67,0.3090201731355241,0.14400841432920675,0.09991174883967331,0.03455488474713267,0.07986089563671821,0.026973026973026972,0.06535686409254064
2022-12-02,fine_all,Fine | With PSU,Sector_Fine,False,195,66,7,67,0.44678000382340133,0.09537093616258141,0.06515378277871216,0.034182295440680646,0.07273329667958314,0.07492507492507493,0.03097148733803151
2022-12-09,fine_all,Fine | With PSU,Sector_Fine,False,195,66,7,67,0.5140288761734921,0.11007262302682683,0.025995641082766332,0.03360790659970482,0.07509297105030115,0.5534465534465535,-0.0076122655169384885
2022-12-16,fine_all,Fine | With PSU,Sector_Fine,False,195,66,7,67,0.4494173139932829,0.07717815746349821,0.009278230056731436,0.03451199684476934,0.07472716745162158,0.958041958041958,-0.025233766788037904
2022-12-23,fine_all,Fine | With PSU,Sector_Fine,False,195,66,7,67,0.45835172842666005,0.22586826204282845,0.08867210181308517,0.03243999517547486,0.07150188445861329,0.014985014985014986,0.05623210663761031
2022-12-30,fine_all,Fine | With PSU,Sector_Fine,False,195,66,7,67,0.46707879904061755,0.20060693650444286,0.08894067504574818,0.0335968621957897,0.07411966188698578,0.026973026973026972,0.05534381284995848
2023-01-06,fine_all,Fine | With PSU,Sector_Fine,False,195,66,7,67,0.4104945320051545,0.11478279640208393,0.06806349334368968,0.03466721339308725,0.0747891406017373,0.06793206793206794,0.033396279950602424
2023-01-13,fine_all,Fine | With PSU,Sector_Fine,False,195,66,7,67,0.5115155080301172,0.08838204802986326,0.038932549131915836,0.03343279099556559,0.06881232124870947,0.3146853146853147,0.005499758136350244
2023-01-20,fine_all,Fine | With PSU,Sector_Fine,False,195,66,7,67,0.5059747401011608,0.07195642148287353,0.03590886936246467,0.034775440959459385,0.07568131727633308,0.3926073926073926,0.0011334284030052877
2023-01-27,fine_all,Fine | With PSU,Sector_Fine,False,195,66,7,67,0.5927281107819067,0.2998099500896958,0.24069402418227617,0.03445196822068422,0.07754487724956095,0.000999000999000999,0.20624205596159195
2023-02-03,fine_all,Fine | With PSU,Sector_Fine,False,195,66,7,67,0.5354241874354779,0.6575552337534556,0.23765498079576874,0.03594277984922039,0.1025051076907082,0.007992007992007992,0.20171220094654835
2023-02-10,fine_all,Fine | With PSU,Sector_Fine,False,195,66,7,67,0.4239789274052076,0.2761028812483335,0.05588067062773939,0.033745215141936624,0.07799488497299546,0.15184815184815184,0.022135455485802764
2023-02-17,fine_all,Fine | With PSU,Sector_Fine,False,195,66,7,67,0.41251674485880774,0.1970499142377956,0.08883158031696539,0.03324953797698113,0.07753360428602553,0.03596403596403597,0.05558204233998426
2023-02-24,fine_all,Fine | With PSU,Sector_Fine,False,195,66,7,67,0.4107073399971979,0.21977659887069523,0.1918486804746764,0.0334030973061084,0.08550407573985558,0.005994005994005994,0.158445583168568
2023-03-03,fine_all,Fine | With PSU,Sector_Fine,False,195,66,7,67,0.5312976296234089,0.19960056174935942,0.17736873808625464,0.03369959559402221,0.07646701418622058,0.002997002997002997,0.14366914249223242
2023-03-10,fine_all,Fine | With PSU,Sector_Fine,False,195,66,7,67,0.5448005785520806,0.1010463775438562,0.07085469846441123,0.03434361041209401,0.07425047549640487,0.060939060939060936,0.03651108805231722
2023-03-17,fine_all,Fine | With PSU,Sector_Fine,False,195,66,7,67,0.4560196567839411,0.1475162294133282,0.04063053102681041,0.0352512259572316,0.0777946029416447,0.3116883116883117,0.005379305069578816
2023-03-24,fine_all,Fine | With PSU,Sector_Fine,False,195,66,7,67,0.5754661231420175,0.10164437904839155,0.045701200295356556,0.034286577113792904,0.0725180218796244,0.21978021978021978,0.011414623181563652
2023-03-31,fine_all,Fine | With PSU,Sector_Fine,False,193,66,7,69,0.24967637747394333,2.5930738704997824,0.02320473787910839,0.0340601448366876,0.12408075584378808,0.3906093906093906,-0.010855406957579212
2023-04-07,fine_all,Fine | With PSU,Sector_Fine,False,196,66,7,69,0.44861974335386523,0.076601482941504,0.01928460753356329,0.034180933829284235,0.07505658752882523,0.7382617382617382,-0.014896326295720946
2023-04-14,fine_all,Fine | With PSU,Sector_Fine,False,196,66,7,69,0.47541423603396793,0.0873417866623793,0.025514715833858434,0.035372995224114696,0.08613642448282975,0.5274725274725275,-0.009858279390256262
2023-04-21,fine_all,Fine | With PSU,Sector_Fine,False,196,66,7,69,0.5247245453655263,0.09242603836577745,0.03230026804090558,0.034189057825061084,0.07031974195179952,0.45454545454545453,-0.0018887897841555062
2023-04-28,fine_all,Fine | With PSU,Sector_Fine,False,196,66,7,69,0.37801384577488306,0.1507785884433988,0.04420894778282789,0.03532589775012507,0.07648437094806143,0.25674325674325676,0.008883050032702823
2023-05-05,fine_all,Fine | With PSU,Sector_Fine,False,196,66,7,69,0.37194492385859934,0.10831895645223627,0.023488211508054677,0.03317618586897538,0.07265195123028091,0.6123876123876124,-0.009687974360920705
2023-05-12,fine_all,Fine | With PSU,Sector_Fine,False,196,66,7,69,0.31087586541957357,0.19857939602280278,0.06424665714063917,0.034734202876250175,0.08065994440506842,0.1108891108891109,0.02951245426438899
2023-05-19,fine_all,Fine | With PSU,Sector_Fine,False,196,66,7,69,0.3246611682623761,0.14824695640697766,0.025607914840335894,0.0327213006632955,0.08469869905405367,0.4755244755244755,-0.007113385822959603
2023-05-26,fine_all,Fine | With PSU,Sector_Fine,False,196,66,7,69,0.3687752120818023,0.19410911886504598,0.1143796885781927,0.03455659016060888,0.08245942456436949,0.01898101898101898,0.07982309841758381
2023-06-02,fine_all,Fine | With PSU,Sector_Fine,False,196,66,7,69,0.4322548875944411,0.10769065640422348,0.05733220744393165,0.03573919412440679,0.08375229065944387,0.15184815184815184,0.02159301331952486
2023-06-09,fine_all,Fine | With PSU,Sector_Fine,False,196,66,7,69,0.5281779438027738,0.11526263982739643,0.03947511644449616,0.034624919944818186,0.0814527891119617,0.2917082917082917,0.004850196499677974
2023-06-16,fine_all,Fine | With PSU,Sector_Fine,False,196,66,7,69,0.4761651892520893,0.09684285247794522,0.031832984071104145,0.03398918963327689,0.07352829287461454,0.45354645354645357,-0.002156205562172747
2023-06-23,fine_all,Fine | With PSU,Sector_Fine,False,196,66,7,69,0.43823924374068823,0.11300286502680312,0.08211535914989428,0.03363893120511471,0.07216829275740123,0.024975024975024976,0.04847642794477957
2023-06-30,fine_all,Fine | With PSU,Sector_Fine,False,196,66,7,69,0.45492158384678005,0.07058363143855506,0.10205424771821572,0.034549361861434646,0.07335090559788289,0.008991008991008992,0.06750488585678108
2023-07-07,fine_all,Fine | With PSU,Sector_Fine,False,196,66,7,69,0.4404804162678284,0.14917494907919693,0.08962474862327703,0.03485567011673652,0.0768560664080143,0.025974025974025976,0.05476907850654051
2023-07-14,fine_all,Fine | With PSU,Sector_Fine,False,196,66,7,69,0.4855433592432402,0.09861590356321323,0.042770199424190136,0.034576012160064055,0.07363945797768791,0.2707292707292707,0.00819418726412608
2023-07-21,fine_all,Fine | With PSU,Sector_Fine,False,196,66,7,69,0.38735869390692723,0.12831872315693618,0.03425320037903539,0.03356734022789183,0.07306759618703991,0.3956043956043956,0.0006858601511435594
2023-07-28,fine_all,Fine | With PSU,Sector_Fine,False,196,66,7,69,0.4306493718611357,0.18482039422717617,0.05933520972180073,0.033453447308185856,0.07452948690950652,0.11288711288711288,0.025881762413614874
2023-08-04,fine_all,Fine | With PSU,Sector_Fine,False,196,66,7,69,0.4809389229286555,0.20641435871453906,0.02459610248285223,0.034719564703608284,0.07781154866904608,0.6093906093906094,-0.010123462220756056
2023-08-11,fine_all,Fine | With PSU,Sector_Fine,False,196,66,7,69,0.3251298828387721,0.20472705786431483,0.04153799037833726,0.03504394303837134,0.0831161179094105,0.27472527472527475,0.006494047339965919
2023-08-18,fine_all,Fine | With PSU,Sector_Fine,False,196,66,7,69,0.4502870978719944,0.08278502384177788,0.05618539097932178,0.034211311904730944,0.07230024938385264,0.12287712287712288,0.021974079074590834
2023-08-25,fine_all,Fine | With PSU,Sector_Fine,False,197,67,7,70,0.42944832195132443,0.09812136678058071,0.036244158417697986,0.035291854533737455,0.07268194916824419,0.3956043956043956,0.0009523038839605313
2023-09-01,fine_all,Fine | With PSU,Sector_Fine,False,197,67,7,70,0.4741478794151016,0.1769606287314528,0.035617910113324616,0.03338871890508501,0.07470654086825249,0.35664335664335667,0.0022291912082396045
2023-09-08,fine_all,Fine | With PSU,Sector_Fine,False,197,67,7,70,0.35151532444317135,0.18851634436897674,0.11222830700044097,0.03547867534242972,0.09244038902881839,0.03196803196803197,0.07674963165801124
2023-09-15,fine_all,Fine | With PSU,Sector_Fine,False,197,67,7,70,0.49141637160149687,0.11018324061534535,0.0329467796496697,0.03437237056760854,0.07426484227218204,0.4275724275724276,-0.0014255909179388404
2023-09-22,fine_all,Fine | With PSU,Sector_Fine,False,197,67,7,70,0.3653968539465895,0.10439146846830175,0.08086172308474211,0.03255189244254356,0.06945101698061092,0.029970029970029972,0.04830983064219855
2023-09-29,fine_all,Fine | With PSU,Sector_Fine,False,195,68,7,70,0.9712116518995798,0.09868770759485815,0.04943268898381036,0.03533711676518216,0.0790438285448577,0.2077922077922078,0.0140955722186282
2023-10-06,fine_all,Fine | With PSU,Sector_Fine,False,202,69,7,74,0.43128099667131925,0.11257590231759938,0.014373119065572051,0.032888199954605055,0.0738848635740181,0.8251748251748252,-0.018515080889033003
2023-10-13,fine_all,Fine | With PSU,Sector_Fine,False,202,69,7,74,0.47533691969007963,0.08081277315214148,0.06242723852704763,0.03340681629228484,0.06807133133986072,0.07892107892107893,0.02902042223476279
2023-10-20,fine_all,Fine | With PSU,Sector_Fine,False,202,69,7,74,0.3986662498361484,0.1472784719306454,0.03510370708888791,0.03274934036341184,0.08184443223830708,0.3206793206793207,0.0023543667254760717
2023-10-27,fine_all,Fine | With PSU,Sector_Fine,False,203,69,7,74,0.4232587769896815,0.08114155125702374,0.011743541837720904,0.03219731232491315,0.07069915334394773,0.8991008991008991,-0.020453770487192248
2023-11-03,fine_all,Fine | With PSU,Sector_Fine,False,203,69,7,74,0.4228069030572714,0.18508099610391154,0.0871348661773682,0.03247717827768292,0.074130540762414,0.023976023976023976,0.054657687899685274
2023-11-10,fine_all,Fine | With PSU,Sector_Fine,False,203,69,7,74,0.451075115772939,0.13106876760263092,0.05003202683446614,0.032865848538533415,0.07275981097965128,0.17682317682317683,0.017166178295932727
2023-11-17,fine_all,Fine | With PSU,Sector_Fine,False,203,69,7,74,0.43631265471580505,0.08688269557548883,0.05269282728689257,0.03289208108253326,0.07154337641852293,0.13886113886113885,0.01980074620435931
2023-11-24,fine_all,Fine | With PSU,Sector_Fine,False,203,69,7,74,0.3951629528545405,0.09524044120526445,0.043656306141894606,0.03322955738153966,0.0682574271883624,0.23876123876123875,0.010426748760354945
2023-12-01,fine_all,Fine | With PSU,Sector_Fine,False,203,69,7,74,0.4173294488490821,0.16995085868737603,0.08040922854367256,0.03223261772619357,0.07014808198798646,0.030969030969030968,0.048176610817478996
2023-12-08,fine_all,Fine | With PSU,Sector_Fine,False,203,69,7,74,0.5359891572112265,0.3656240228541927,0.23498341352381436,0.0327663374815751,0.08911993320634208,0.003996003996003996,0.20221707604223926
2023-12-15,fine_all,Fine | With PSU,Sector_Fine,False,203,69,7,74,0.516013474655701,0.14960130587359607,0.05349261850836715,0.03384808061023584,0.07800577044058166,0.14785214785214784,0.019644537898131316
2023-12-22,fine_all,Fine | With PSU,Sector_Fine,False,203,69,7,74,0.5610972981467814,0.14780151777985995,0.04979815687202503,0.03337932419304152,0.06909376544838379,0.16183816183816183,0.01641883267898351
2023-12-29,fine_all,Fine | With PSU,Sector_Fine,False,203,69,7,74,0.5188381317092133,0.09508620598138554,0.05993412759919827,0.032919511705256074,0.06914463872861257,0.0959040959040959,0.027014615893942197
2024-01-05,fine_all,Fine | With PSU,Sector_Fine,False,203,69,7,74,0.5952415363877804,0.12282159053925695,0.059816062231935335,0.03298256969037681,0.0686894914061602,0.0959040959040959,0.026833492541558528
2024-01-12,fine_all,Fine | With PSU,Sector_Fine,False,203,69,7,74,0.3849634741721456,0.2316172293164505,0.022868091905383827,0.03336124955831366,0.07377590765459419,0.6303696303696303,-0.010493157652929835
2024-01-19,fine_all,Fine | With PSU,Sector_Fine,False,203,69,7,74,0.378382778697426,0.33686691247456757,0.1347521731782895,0.03314426930303972,0.08763957669261636,0.012987012987012988,0.10160790387524977
2024-01-26,fine_all,Fine | With PSU,Sector_Fine,False,203,69,7,74,0.4686189056505047,0.2082097642202631,0.05899987460255005,0.032998445900319646,0.07419029846363458,0.1088911088911089,0.026001428702230406
2024-02-02,fine_all,Fine | With PSU,Sector_Fine,False,203,69,7,74,0.4973779500154466,0.25119599948066107,0.10169244413209481,0.032574127450456666,0.07455424847481547,0.01898101898101898,0.06911831668163815
2024-02-09,fine_all,Fine | With PSU,Sector_Fine,False,203,69,7,74,0.379863319446324,0.3888715708878147,0.026757647332178967,0.030934834498747926,0.06740342155875999,0.5004995004995005,-0.004177187166568959
2024-02-16,fine_all,Fine | With PSU,Sector_Fine,False,203,69,7,74,0.3443829755925616,0.23225455038873222,0.011306733529967345,0.032774023970049325,0.07377713470064223,0.8791208791208791,-0.021467290440081978
2024-02-23,fine_all,Fine | With PSU,Sector_Fine,False,203,69,7,74,0.4370617368591372,0.11072510461541546,0.05995046644547566,0.03308668186759253,0.07047514047156381,0.0979020979020979,0.026863784577883125
2024-03-01,fine_all,Fine | With PSU,Sector_Fine,False,203,69,7,74,0.37143410392166176,0.1502888668632849,0.05336255566158312,0.03367577331460853,0.07707308490266447,0.14085914085914086,0.019686782346974588
2024-03-08,fine_all,Fine | With PSU,Sector_Fine,False,203,69,7,74,0.3664975566070041,0.18110082111395007,0.11280925453766498,0.03201562293943106,0.07547555053496305,0.011988011988011988,0.08079363159823391
2024-03-15,fine_all,Fine | With PSU,Sector_Fine,False,203,69,7,74,0.4870217997930236,0.2084414326436862,0.08939141468256645,0.03235234415837902,0.0634095928686516,0.011988011988011988,0.05703907052418743
2024-03-22,fine_all,Fine | With PSU,Sector_Fine,False,203,69,7,74,0.5372600700723232,0.12519806984131343,0.05258567839015509,0.03262360951167455,0.07069859075152325,0.13986013986013987,0.019962068878480545
2024-03-29,fine_all,Fine | With PSU,Sector_Fine,False,194,67,7,74,0.3470046251550273,3.229614257601114,0.0016917964443378178,0.033931720652496423,0.12310225032942557,0.8851148851148851,-0.032239924208158605
2024-04-05,fine_all,Fine | With PSU,Sector_Fine,False,202,67,7,79,0.4276971865148441,0.24888700178857245,0.04265700563013757,0.03262667392078811,0.0690567150740315,0.23976023976023977,0.010030331709349465
2024-04-12,fine_all,Fine | With PSU,Sector_Fine,False,202,67,7,79,0.5578806604395239,0.10654247963267305,0.0460880539561158,0.03369983123992988,0.06706165128687265,0.2127872127872128,0.01238822271618592
2024-04-19,fine_all,Fine | With PSU,Sector_Fine,False,202,67,7,79,0.4388745715587212,0.1123445494935512,0.03457725717873847,0.03296122982838546,0.07038420475214383,0.3886113886113886,0.0016160273503530095
2024-04-26,fine_all,Fine | With PSU,Sector_Fine,False,202,67,7,79,0.36335934118685564,0.2473660669381802,0.1431410562328201,0.032878032408690035,0.0694954536121439,0.001998001998001998,0.11026302382413009
2024-05-03,fine_all,Fine | With PSU,Sector_Fine,False,202,67,7,79,0.4163863316756715,0.19016965236923822,0.04741266191549104,0.03393746871451078,0.07447406679262372,0.19080919080919082,0.013475193200980257
2024-05-10,fine_all,Fine | With PSU,Sector_Fine,False,202,67,7,79,0.48290273260669025,0.21498516579091193,0.04317754713002976,0.03277207060794502,0.0650092799047867,0.23776223776223776,0.01040547652208474
2024-05-17,fine_all,Fine | With PSU,Sector_Fine,False,202,67,7,79,0.6133687926668354,0.1566410678396796,0.0751709666316002,0.03338339613574729,0.07190505109007247,0.04395604395604396,0.0417875704958529
2024-05-24,fine_all,Fine | With PSU,Sector_Fine,False,202,67,7,79,0.536733354289486,0.1868676621369464,0.07742197848266734,0.0331557358379842,0.06949614678514628,0.025974025974025976,0.04426624264468314
2024-05-31,fine_all,Fine | With PSU,Sector_Fine,False,202,67,7,79,0.5184719148334472,0.10223537280645671,0.05289733351008522,0.032601900144009224,0.07033852531716062,0.13186813186813187,0.020295433366075998
2024-06-07,fine_all,Fine | With PSU,Sector_Fine,False,203,68,7,79,0.6574350748422417,0.1437045126073907,0.1510964103114343,0.0329377457877351,0.07041006109174781,0.000999000999000999,0.11815866452369922
2024-06-14,fine_all,Fine | With PSU,Sector_Fine,False,203,68,7,79,0.5525035159429585,0.20579324247441372,0.03054583943046884,0.03240073764654871,0.07028829477827142,0.4435564435564436,-0.00185489821607987
2024-06-21,fine_all,Fine | With PSU,Sector_Fine,False,203,68,7,79,0.4130616274654799,0.1954766453350163,0.03652205451546462,0.0332025892872992,0.08670926895144035,0.3176823176823177,0.0033194652281654177
2024-06-28,fine_all,Fine | With PSU,Sector_Fine,False,203,68,7,79,0.4611540578788619,0.14541487362582478,0.05715153920617163,0.033292941841160884,0.07159825812322065,0.11688311688311688,0.023858597365010746
2024-07-05,fine_all,Fine | With PSU,Sector_Fine,False,203,68,7,79,0.35639432216829325,0.2196940611572773,0.04859500086921823,0.03259900303785938,0.07433904872737851,0.17382617382617382,0.015995997831358855
2024-07-12,fine_all,Fine | With PSU,Sector_Fine,False,203,68,7,79,0.44468760178733746,0.2255894921385898,0.07474027155605965,0.032419461707142896,0.07190497821219213,0.04395604395604396,0.04232080984891676
2024-07-19,fine_all,Fine | With PSU,Sector_Fine,False,203,68,7,79,0.6265888047911934,0.09059819105305753,0.050476282555296556,0.03284325895009216,0.06630574105186694,0.14685314685314685,0.017633023605204398
2024-07-26,fine_all,Fine | With PSU,Sector_Fine,False,203,68,7,79,0.49389225723173347,0.1761098401725613,0.04901382254712829,0.03191005534059307,0.0672404469653918,0.15684315684315683,0.017103767206535225
2024-08-02,fine_all,Fine | With PSU,Sector_Fine,False,203,68,7,79,0.4510928243308291,0.1866224357855205,0.008104943503545887,0.03261714071580373,0.06910916944060413,0.955044955044955,-0.024512197212257843
2024-08-09,fine_all,Fine | With PSU,Sector_Fine,False,203,68,7,79,0.6013069794047401,0.11147489661021673,0.034345606259109915,0.03206688082564133,0.0649616669856761,0.35364635364635366,0.0022787254334685828
2024-08-16,fine_all,Fine | With PSU,Sector_Fine,False,203,68,7,79,0.5278713161558766,0.11629667716432111,0.009632785009532515,0.03323578710112538,0.07888220826986019,0.948051948051948,-0.023603002091592867
2024-08-23,fine_all,Fine | With PSU,Sector_Fine,False,203,68,7,79,0.5069769435514924,0.10092473019100315,0.026891542124622945,0.032117933657160834,0.0670121103596325,0.5464535464535465,-0.005226391532537889
2024-08-30,fine_all,Fine | With PSU,Sector_Fine,False,203,68,7,79,0.49397470600658533,0.10966064635070569,0.11879837239678731,0.033146615443220936,0.06933649532416344,0.000999000999000999,0.08565175695356637
2024-09-06,fine_all,Fine | With PSU,Sector_Fine,False,203,68,7,79,0.48583238114996175,0.16713603403395075,0.06199474046041753,0.033830464709920786,0.07827908338590607,0.1028971028971029,0.028164275750496744
2024-09-13,fine_all,Fine | With PSU,Sector_Fine,False,203,68,7,79,0.5560323620285224,0.10549184674659481,0.07402915213296364,0.03201679772275712,0.06644197458964743,0.03196803196803197,0.04201235441020652
2024-09-20,fine_all,Fine | With PSU,Sector_Fine,False,203,68,7,79,0.49562005044403734,0.17332522034868897,0.06957324411510944,0.03341181115760743,0.07174520497093514,0.052947052947052944,0.036161432957502015
2024-09-27,fine_all,Fine | With PSU,Sector_Fine,False,203,68,7,79,0.39484212412119335,0.15925073105115828,0.05748677994322277,0.03253132555255535,0.06524198055321602,0.08591408591408592,0.024955454390667424
2024-10-04,fine_all,Fine | With PSU,Sector_Fine,False,197,67,7,80,0.2600649746234047,8.727989113005586,0.009431705916693416,0.030623670038524415,0.08583883523039676,0.7982017982017982,-0.021191964121830997
2024-10-11,fine_all,Fine | With PSU,Sector_Fine,False,203,67,7,82,0.47814732942134575,0.14027310468771959,0.023490264518699937,0.030721337953486298,0.0695737642006813,0.5674325674325674,-0.007231073434786361
2024-10-18,fine_all,Fine | With PSU,Sector_Fine,False,203,67,7,82,0.4391507725971052,0.15321448308964053,0.08958480816816212,0.03287997428071375,0.06767655604154092,0.01098901098901099,0.056704833887448375
2024-10-25,fine_all,Fine | With PSU,Sector_Fine,False,203,67,7,82,0.37888911819573423,0.3552329263446865,0.04564660304190345,0.03316167560900914,0.07514941006964725,0.2137862137862138,0.012484927432894304
2024-11-01,fine_all,Fine | With PSU,Sector_Fine,False,203,67,7,82,0.4099175183498077,0.2701451590812034,0.03605617844713056,0.03233275058810185,0.06778756167785403,0.34165834165834164,0.0037234278590287107
2024-11-08,fine_all,Fine | With PSU,Sector_Fine,False,203,67,7,82,0.4621900207179417,0.15940262590072551,0.039363240848262634,0.03300871283490529,0.06592082788449119,0.3076923076923077,0.006354528013357341
2024-11-15,fine_all,Fine | With PSU,Sector_Fine,False,203,67,7,82,0.5158918992434236,0.09356169122065189,0.02489460373438448,0.032922006361681425,0.06699917784155504,0.6183816183816184,-0.008027402627296943
2024-11-22,fine_all,Fine | With PSU,Sector_Fine,False,203,67,7,82,0.5189334551450243,0.317487855905266,0.2064860326192918,0.03195760031526687,0.07481538602322044,0.002997002997002997,0.17452843230402493
2024-11-29,fine_all,Fine | With PSU,Sector_Fine,False,203,67,7,82,0.4516641997323889,0.2794596979225227,0.2001158570852957,0.03254154914551108,0.0722692609269633,0.001998001998001998,0.16757430793978462
2024-12-06,fine_all,Fine | With PSU,Sector_Fine,False,203,67,7,82,0.3971315329766396,0.13608490921904526,0.09831164425869818,0.033710644634202126,0.07885926237369385,0.01998001998001998,0.06460099962449606
2024-12-13,fine_all,Fine | With PSU,Sector_Fine,False,203,67,7,82,0.4864569788235177,0.0784370754537024,0.07190964523478054,0.032553384286577405,0.06810181010338448,0.03996003996003996,0.03935626094820313
2024-12-20,fine_all,Fine | With PSU,Sector_Fine,False,203,67,7,82,0.5541025532552937,0.11460986949606951,0.03812416258379904,0.03319146006247423,0.06780745264235655,0.32667332667332666,0.004932702521324807
2024-12-27,fine_all,Fine | With PSU,Sector_Fine,False,203,67,7,82,0.46902775648149886,0.05729005702701172,0.07850054761803349,0.03243975557913387,0.06519357743915688,0.02097902097902098,0.04606079203889962
2025-01-03,fine_all,Fine | With PSU,Sector_Fine,False,203,67,7,82,0.6612521498771069,0.11086217131948484,0.014630739097661185,0.03310225041063322,0.06957485093577517,0.8491508491508492,-0.018471511312972037
2025-01-10,fine_all,Fine | With PSU,Sector_Fine,False,203,67,7,82,0.4801584423759687,0.2572876949386022,0.0906586042381545,0.03223904334381081,0.0678299266314999,0.011988011988011988,0.05841956089434369
2025-01-17,fine_all,Fine | With PSU,Sector_Fine,False,203,67,7,82,0.5655783296167415,0.1979825767893656,0.06984136379527982,0.0323111882291407,0.06931251357352762,0.04995004995004995,0.03753017556613912
2025-01-24,fine_all,Fine | With PSU,Sector_Fine,False,203,67,7,82,0.5670470599956734,0.14216136673737528,0.10150515107822138,0.032019488857702956,0.06561472415616632,0.001998001998001998,0.06948566222051841
2025-01-31,fine_all,Fine | With PSU,Sector_Fine,False,203,67,7,82,0.5319310756185525,0.18011844381764888,0.04996460068732632,0.032798402953048554,0.06515737674441852,0.15384615384615385,0.017166197734277765
2025-02-07,fine_all,Fine | With PSU,Sector_Fine,False,203,67,7,82,0.42449277504008665,0.25155729084253586,0.06300924020922151,0.03315777404947366,0.06891209481685498,0.07292707292707293,0.029851466159747847
2025-02-14,fine_all,Fine | With PSU,Sector_Fine,False,203,67,7,82,0.28691244137892724,0.30915457283212144,0.0674911446553456,0.033245792408783545,0.08937065952747279,0.0919080919080919,0.034245352246562055
2025-02-21,fine_all,Fine | With PSU,Sector_Fine,False,203,67,7,82,0.4824903538514389,0.21358055371397539,0.05376515407188283,0.032058346915254006,0.07916570634789738,0.13686313686313686,0.021706807156628823
2025-02-28,fine_all,Fine | With PSU,Sector_Fine,False,203,67,7,82,0.4616749879961206,0.1500513549118963,0.08588289470217216,0.03335471034925955,0.07007789918862048,0.016983016983016984,0.05252818435291261
2025-03-07,fine_all,Fine | With PSU,Sector_Fine,False,203,67,7,82,0.5119516416689489,0.14948637649189567,0.07519453075333131,0.032111875967758274,0.0637107502429843,0.028971028971028972,0.043082654785573035
2025-03-14,fine_all,Fine | With PSU,Sector_Fine,False,203,67,7,82,0.34476852798707636,0.1809530341992709,0.011339194160670609,0.0320729211822996,0.10812082775031116,0.8351648351648352,-0.020733727021628994
2025-03-21,fine_all,Fine | With PSU,Sector_Fine,False,203,67,7,82,0.42913448064230564,0.1337358862185945,0.06401160433541668,0.03224774503079609,0.06355541687640064,0.04895104895104895,0.03176385930462059
2025-03-28,fine_all,Fine | With PSU,Sector_Fine,False,194,65,7,78,0.18896854782520345,2.3561805444362354,0.023903614858652975,0.03559763182310008,0.15447565069650185,0.32367632367632365,-0.011694016964447104
2025-04-04,fine_all,Fine | With PSU,Sector_Fine,False,203,69,7,79,0.5809030971848412,0.17069772471741107,0.014462663751806007,0.03296179112594503,0.07283707419243621,0.8441558441558441,-0.018499127374139022
2025-04-11,fine_all,Fine | With PSU,Sector_Fine,False,203,69,7,79,0.537841363980524,0.11391404405723426,0.00737714122869021,0.03297380399652867,0.07258872355539905,0.971028971028971,-0.02559666276783846
2025-04-18,fine_all,Fine | With PSU,Sector_Fine,False,203,69,7,79,0.47471654722362233,0.07990055815542171,0.01648901141533223,0.03283488386261052,0.07166596982230321,0.8101898101898102,-0.01634587244727829
2025-04-25,fine_all,Fine | With PSU,Sector_Fine,False,203,69,7,79,0.580850981342793,0.1111997444729616,0.042942548775051236,0.032039772409187185,0.06688370475902924,0.23776223776223776,0.01090277636586405
2025-05-02,fine_all,Fine | With PSU,Sector_Fine,False,203,69,7,79,0.507502529493733,0.12208481866377419,0.052566585091136056,0.033103546060119914,0.06768245243758811,0.13386613386613386,0.019463039031016142
2025-05-09,fine_all,Fine | With PSU,Sector_Fine,False,203,69,7,79,0.49102026516371655,0.13839853192945317,0.04491205547291879,0.03302961627273811,0.0720556370749649,0.2037962037962038,0.01188243920018068
2025-05-16,fine_all,Fine | With PSU,Sector_Fine,False,203,69,7,79,0.5893347155128384,0.18855194713621753,0.041075736774514544,0.031821902516670435,0.06770345654679302,0.26073926073926074,0.00925383425784411
2025-05-23,fine_all,Fine | With PSU,Sector_Fine,False,203,69,7,79,0.49441203711640425,0.7503059737707715,0.11106818815194977,0.03623830598129968,0.12235063296708756,0.06993006993006994,0.07482988217065009
2025-05-30,fine_all,Fine | With PSU,Sector_Fine,False,203,69,7,79,0.510380644236951,0.09072628039638372,0.03471764802146595,0.032380597978763574,0.06478343130143165,0.37462537462537465,0.0023370500427023766
2025-06-06,fine_all,Fine | With PSU,Sector_Fine,False,203,69,7,79,0.48643542963916775,0.1418999345067238,0.012498557669577076,0.03098736051151938,0.06911018224549623,0.8721278721278721,-0.018488802841942306
2025-06-13,fine_all,Fine | With PSU,Sector_Fine,False,203,69,7,79,0.6022724408736773,0.07288232334480708,0.026324146438561923,0.03213714357425505,0.06627492165716131,0.5424575424575424,-0.005812997135693131
2025-06-20,fine_all,Fine | With PSU,Sector_Fine,False,203,69,7,79,0.5160958386995518,0.0878757125487451,0.11906821903136568,0.03307931750266057,0.0654661851040496,0.001998001998001998,0.08598890152870511
2025-06-27,fine_all,Fine | With PSU,Sector_Fine,False,203,69,7,79,0.5701200734124272,0.09982465627420753,0.031791009181801756,0.03297145073285959,0.07014169537257872,0.44455544455544455,-0.0011804415510578356
2025-07-04,fine_all,Fine | With PSU,Sector_Fine,False,203,69,7,79,0.4985025466367552,0.09805407066172225,0.00976912912003264,0.03339339251285377,0.06813962450351987,0.954045954045954,-0.02362426339282113
2025-07-11,fine_all,Fine | With PSU,Sector_Fine,False,203,69,7,79,0.40080195364707416,0.1226888966938579,0.008407778861354754,0.03344613511645288,0.08963171774438586,0.9340659340659341,-0.02503835625509812
2025-07-18,fine_all,Fine | With PSU,Sector_Fine,False,203,69,7,79,0.48850777314672733,0.08560487553884333,0.026285827358651575,0.032980172505286676,0.07123122520520095,0.5514485514485514,-0.006694345146635101
2025-07-25,fine_all,Fine | With PSU,Sector_Fine,False,203,69,7,79,0.5026262237228403,0.08104156848039784,0.022639867332058743,0.031258197366407704,0.06387736359214932,0.6403596403596403,-0.008618330034348962
2025-08-01,fine_all,Fine | With PSU,Sector_Fine,False,203,69,7,79,0.4859447346650909,0.11552144320365858,0.0365197008954265,0.033016530096505604,0.06760981709157743,0.35364635364635366,0.0035031707989208946
2025-08-08,fine_all,Fine | With PSU,Sector_Fine,False,203,69,7,79,0.40668224023221367,0.10442854752531815,0.04310171610425984,0.03296525240572684,0.06972138533980657,0.22777222777222778,0.010136463698533
2025-08-15,fine_all,Fine | With PSU,Sector_Fine,False,203,69,7,79,0.46787235122552473,0.07306021733523814,0.019869122537006473,0.033911167880082034,0.0738338509686718,0.7192807192807192,-0.01404204534307556
2025-08-22,fine_all,Fine | With PSU,Sector_Fine,False,203,69,7,79,0.530505233074765,0.1023077821582665,0.023052204933528667,0.03167261408610892,0.06358394999209593,0.6363636363636364,-0.008620409152580253
2025-08-29,fine_all,Fine | With PSU,Sector_Fine,False,203,69,7,79,0.48822763860318186,0.07780389832993037,0.020626921405694013,0.032798007770068915,0.07193752161324954,0.6943056943056943,-0.012171086364374903
2025-09-05,fine_all,Fine | With PSU,Sector_Fine,False,203,69,7,79,0.5891135518577555,0.07123858805620589,0.024645952479445243,0.03323126046408024,0.06716493010276262,0.6263736263736264,-0.008585307984634995
2025-09-12,fine_all,Fine | With PSU,Sector_Fine,False,203,69,7,79,0.5491682260622804,0.07971361580012362,0.03044643012243937,0.03234288244769294,0.0679582471468516,0.45454545454545453,-0.0018964523252535705
2025-09-19,fine_all,Fine | With PSU,Sector_Fine,False,203,69,7,79,0.4662090695474931,0.06771492439633424,0.09563474065888322,0.03310663732550123,0.06577214333095496,0.008991008991008992,0.06252810333338199
2025-09-26,fine_all,Fine | With PSU,Sector_Fine,False,203,69,7,79,0.5466608821919593,0.09170316570584289,0.06386361906444887,0.03267859036488717,0.06648021402713256,0.058941058941058944,0.031185028699561704
2025-10-03,fine_all,Fine | With PSU,Sector_Fine,False,197,69,7,74,0.39791797273866825,0.5723558018489427,0.012067361836647044,0.03285701962782826,0.10967106081300868,0.6383616383616384,-0.02078965779118122
2025-10-10,fine_all,Fine | With PSU,Sector_Fine,False,204,70,7,74,0.48590163045619295,0.08568345667598389,0.028357300706476917,0.03279789332215896,0.07082259312048372,0.5194805194805194,-0.004440592615682044
2025-10-17,fine_all,Fine | With PSU,Sector_Fine,False,204,70,7,74,0.7079953387401229,0.21613705826089688,0.04812711066472989,0.03143056241932177,0.10463753584360969,0.2037962037962038,0.016696548245408123
2025-10-24,fine_all,Fine | With PSU,Sector_Fine,False,204,70,7,74,0.45357267332732376,0.07151286188614338,0.014008244010717685,0.032925091086578644,0.06880599146235968,0.8831168831168831,-0.018916847075860957
2025-10-31,fine_all,Fine | With PSU,Sector_Fine,False,204,70,7,74,0.4352364431204475,0.1296913802745493,0.05968234491035498,0.03255240814355501,0.06567768122267018,0.07992007992007992,0.027129936766799964
2025-11-07,fine_all,Fine | With PSU,Sector_Fine,False,204,70,7,74,0.43573903262064984,0.1316352418507038,0.0292582725971923,0.03130580364826105,0.06941044815179952,0.44255744255744256,-0.002047531051068748
2025-11-14,fine_all,Fine | With PSU,Sector_Fine,False,204,70,7,74,0.4402479184658876,0.11202087079403568,0.025863766734746226,0.03306043133266474,0.07477780436796204,0.5554445554445554,-0.007196664597918512
2025-11-21,fine_all,Fine | With PSU,Sector_Fine,False,204,70,7,74,0.44250757980813304,0.08417186414732133,0.052128213475886004,0.033379894856674634,0.07596784454168441,0.14185814185814186,0.01874831861921137
2025-11-28,fine_all,Fine | With PSU,Sector_Fine,False,204,70,7,74,0.5690110301225147,0.05707139192859447,0.07649577041101474,0.03206570897745716,0.06403842087104634,0.015984015984015984,0.04443006143355758
2025-12-05,fine_all,Fine | With PSU,Sector_Fine,False,204,70,7,74,0.5937576701503073,0.07259949345814345,0.025217464342201196,0.0322646236839042,0.06870190533283058,0.5744255744255744,-0.007047159341703007
2025-12-12,fine_all,Fine | With PSU,Sector_Fine,False,204,70,7,74,0.5124890431985929,0.0660874163997964,0.014267256470850555,0.03288163735241854,0.0685151151423758,0.8841158841158842,-0.01861438088156798
2025-12-19,fine_all,Fine | With PSU,Sector_Fine,False,204,70,7,74,0.4220469045763663,0.06664376214989495,0.043547015487187875,0.033591180909951966,0.07502421894326076,0.23376623376623376,0.009955834577235909
2025-12-26,fine_all,Fine | With PSU,Sector_Fine,False,204,70,7,74,0.5740954916578018,0.09414982554472973,0.04709570510917096,0.034270114034833855,0.08162113085476909,0.23276723276723277,0.012825591074337103
2015-01-09,fine_ex_psu,Fine | Ex PSU,Sector_Fine,True,143,55,7,26,0.5114758806933164,0.11660157040813537,0.02626322147403137,0.049787430542131104,0.10759022081620556,0.7872127872127872,-0.023524209068099735
2015-01-16,fine_ex_psu,Fine | Ex PSU,Sector_Fine,True,143,55,7,26,0.5703009527538001,0.1519792527601232,0.0463599660014681,0.04605858902768161,0.09276509688124945,0.4035964035964036,0.000301376973786488
2015-01-23,fine_ex_psu,Fine | Ex PSU,Sector_Fine,True,143,55,7,26,0.3425281584950961,0.2137347144635588,0.05341611550791386,0.048239937768186865,0.10982547466985142,0.3596403596403596,0.005176177739726992
2015-01-30,fine_ex_psu,Fine | Ex PSU,Sector_Fine,True,143,55,7,26,0.4855282995452074,0.16948657784930266,0.008961446720107943,0.048965007606289024,0.10981259920452655,0.975024975024975,-0.04000356088618108
2015-02-06,fine_ex_psu,Fine | Ex PSU,Sector_Fine,True,143,55,7,26,0.619424029800029,0.13924362022424014,0.052683061088885666,0.04748605345691597,0.09447610681511048,0.34765234765234765,0.005197007631969695
2015-02-13,fine_ex_psu,Fine | Ex PSU,Sector_Fine,True,143,55,7,26,0.3616558567483158,0.22629617035026992,0.010175995431129665,0.04698769667743921,0.10454734491977534,0.97002997002997,-0.036811701246309544
2015-02-20,fine_ex_psu,Fine | Ex PSU,Sector_Fine,True,143,55,7,26,0.4593533468924931,0.164449701708283,0.012974243900695499,0.04896145336285802,0.1547633988383763,0.913086913086913,-0.03598720946216252
2015-02-27,fine_ex_psu,Fine | Ex PSU,Sector_Fine,True,143,55,7,26,0.42392244987814653,0.10250208046845034,0.016508413880116212,0.04969387761746577,0.1053793356980011,0.913086913086913,-0.033185463737349555
2015-03-06,fine_ex_psu,Fine | Ex PSU,Sector_Fine,True,143,55,7,26,0.5965969252651526,0.12351314813736464,0.06686366661887384,0.04879480637170429,0.10063309596644021,0.22677322677322678,0.018068860247169555
2015-03-13,fine_ex_psu,Fine | Ex PSU,Sector_Fine,True,143,55,7,26,0.5851362749072191,0.13582410614699525,0.06897664124337254,0.04799230568046144,0.10008976471506094,0.18681318681318682,0.020984335562911093
2015-03-20,fine_ex_psu,Fine | Ex PSU,Sector_Fine,True,143,55,7,26,0.5214725254034168,0.1135101256855537,0.10352051780230068,0.048193373386901404,0.09969479650600677,0.04195804195804196,0.05532714441539927
2015-03-27,fine_ex_psu,Fine | Ex PSU,Sector_Fine,True,143,55,7,26,0.3691750712611117,0.12202338885350979,0.01271477503399464,0.049586393624392516,0.12113053132929595,0.939060939060939,-0.03687161859039788
2015-04-03,fine_ex_psu,Fine | Ex PSU,Sector_Fine,True,143,55,7,26,0.42807933553756194,0.07478434116091878,0.015713676255023283,0.04755204541671932,0.10403328531227658,0.9240759240759241,-0.03183836916169604
2015-04-10,fine_ex_psu,Fine | Ex PSU,Sector_Fine,True,143,55,7,26,0.3575213823401113,0.23406450227801873,0.07439867579725863,0.046578653150651024,0.11015531083166744,0.16983016983016982,0.027820022646607608
2015-04-17,fine_ex_psu,Fine | Ex PSU,Sector_Fine,True,143,55,7,26,0.3942018628889158,0.11124097514676955,0.054638627508528714,0.04662717192409356,0.09769628798635928,0.3206793206793207,0.008011455584435154
2015-04-24,fine_ex_psu,Fine | Ex PSU,Sector_Fine,True,143,55,7,26,0.4123801920483019,0.13047250107085293,0.08393759416453311,0.04846728676056273,0.0996979687968069,0.1028971028971029,0.035470307403970384
2015-05-01,fine_ex_psu,Fine | Ex PSU,Sector_Fine,True,143,55,7,26,0.4088480385832788,0.1788523598412775,0.009218513503460367,0.047155059644441374,0.11970489450132234,0.9760239760239761,-0.037936546140981006
2015-05-08,fine_ex_psu,Fine | Ex PSU,Sector_Fine,True,143,55,7,26,0.4559131943952902,0.13127047751683074,0.10513792621483026,0.04610292598806795,0.10329491418364992,0.04795204795204795,0.05903500022676231
2015-05-15,fine_ex_psu,Fine | Ex PSU,Sector_Fine,True,143,55,7,26,0.46716554408734756,0.13386760295806743,0.02528100237374253,0.04723735370436917,0.10400838015879481,0.7462537462537463,-0.02195635133062664
2015-05-22,fine_ex_psu,Fine | Ex PSU,Sector_Fine,True,143,55,7,26,0.40743013409143447,0.15274561836686903,0.014493469799420448,0.047555600486451736,0.10182294137104134,0.935064935064935,-0.03306213068703129
2015-05-29,fine_ex_psu,Fine | Ex PSU,Sector_Fine,True,135,51,7,25,0.42411134741602907,0.13801377699073974,0.10530773502110419,0.052943752146242376,0.11243281068530848,0.06593406593406594,0.05236398287486181
2015-06-05,fine_ex_psu,Fine | Ex PSU,Sector_Fine,True,143,52,7,26,0.31819287049380074,0.3439762410418468,0.04769016791114222,0.04856098898723367,0.1348166495058582,0.35064935064935066,-0.0008708210760914464
2015-06-12,fine_ex_psu,Fine | Ex PSU,Sector_Fine,True,143,52,7,26,0.4579418800921208,0.12534857540659428,0.045440229241379304,0.046104642379910944,0.10090381389596033,0.42157842157842157,-0.0006644131385316401
2015-06-19,fine_ex_psu,Fine | Ex PSU,Sector_Fine,True,143,52,7,26,0.43987852401107463,0.12435539173102178,0.048667345090449204,0.04933337060648793,0.11329404648847527,0.4065934065934066,-0.0006660255160387263
2015-06-26,fine_ex_psu,Fine | Ex PSU,Sector_Fine,True,143,52,7,26,0.3464963769209336,0.14773922800411554,0.04540162920142313,0.046751343638928244,0.10198408045956849,0.42157842157842157,-0.0013497144375051173
2015-07-03,fine_ex_psu,Fine | Ex PSU,Sector_Fine,True,143,52,7,26,0.4415354991007373,0.10903155576627484,0.10205425104646783,0.046733214323105496,0.10903635191215368,0.06293706293706294,0.05532103672336233
2015-07-10,fine_ex_psu,Fine | Ex PSU,Sector_Fine,True,143,52,7,26,0.5616476994054032,0.09379753395923923,0.05054099236163802,0.04873223989849021,0.10514229055390213,0.3856143856143856,0.0018087524631478086
2015-07-17,fine_ex_psu,Fine | Ex PSU,Sector_Fine,True,143,52,7,26,0.42391918325761246,0.07392687110193702,0.08187201446339579,0.04940047899050847,0.10336502974866363,0.12787212787212787,0.032471535472887315
2015-07-24,fine_ex_psu,Fine | Ex PSU,Sector_Fine,True,143,52,7,26,0.4663087793084256,0.13107411013582249,0.02348247009141117,0.0478123026941236,0.10414602541405212,0.7912087912087912,-0.02432983260271243
2015-07-31,fine_ex_psu,Fine | Ex PSU,Sector_Fine,True,143,52,7,26,0.3950953006331366,0.1552917977189472,0.05998034021097345,0.049487692152478245,0.09996364820755908,0.3096903096903097,0.010492648058495202
2015-08-07,fine_ex_psu,Fine | Ex PSU,Sector_Fine,True,143,52,7,26,0.30746072400125846,0.19417977913015633,0.03342833416392008,0.04832173195433621,0.1130526619685126,0.6383616383616384,-0.014893397790416124
2015-08-14,fine_ex_psu,Fine | Ex PSU,Sector_Fine,True,143,52,7,26,0.5597789709457022,0.19313645167688445,0.12810678856955843,0.04816154103080351,0.107942149270331,0.01898101898101898,0.07994524753875493
2015-08-21,fine_ex_psu,Fine | Ex PSU,Sector_Fine,True,143,52,7,26,0.5727400603784383,0.1612652094513832,0.036781940247452474,0.046922949723874036,0.11435043062678364,0.4975024975024975,-0.010141009476421561
2015-08-28,fine_ex_psu,Fine | Ex PSU,Sector_Fine,True,143,52,7,26,0.3982767329851159,0.150613739928821,0.01378549483164295,0.04646683547413831,0.11007993227812807,0.922077922077922,-0.03268134064249536
2015-09-04,fine_ex_psu,Fine | Ex PSU,Sector_Fine,True,143,52,7,26,0.37935756628551764,0.15597239898932308,0.034751852328423725,0.046641302100765655,0.10893663127618462,0.5774225774225774,-0.01188944977234193
2015-09-11,fine_ex_psu,Fine | Ex PSU,Sector_Fine,True,143,52,7,26,0.4269094905448729,0.13643696822291396,0.030183548438344587,0.04733599983014798,0.10712073649300613,0.6673326673326674,-0.017152451391803394
2015-09-18,fine_ex_psu,Fine | Ex PSU,Sector_Fine,True,143,52,7,26,0.4212104971681756,0.12551738099849338,0.042472834894213905,0.04724521589879208,0.10260121702011725,0.47152847152847155,-0.004772381004578177
2015-09-25,fine_ex_psu,Fine | Ex PSU,Sector_Fine,True,143,52,7,26,0.40461446331379314,0.14261939738839088,0.051373471483550134,0.04753229720009746,0.1005834269488363,0.3626373626373626,0.003841174283452674
2015-10-02,fine_ex_psu,Fine | Ex PSU,Sector_Fine,True,143,52,7,26,0.5515318711227847,0.11922783684924665,0.004871935557392402,0.04586671466412415,0.09350074185921729,0.997002997002997,-0.040994779106731744
2015-10-09,fine_ex_psu,Fine | Ex PSU,Sector_Fine,True,143,52,7,26,0.5904575495810862,0.1547255757001362,0.03801531557376573,0.04893166144834214,0.09815728955082177,0.5924075924075924,-0.010916345874576412
2015-10-16,fine_ex_psu,Fine | Ex PSU,Sector_Fine,True,143,52,7,26,0.24991751860125266,0.23945772782228766,0.04464492289534739,0.04388800048773517,0.16187733765667117,0.2597402597402597,0.0007569224076122219
2015-10-23,fine_ex_psu,Fine | Ex PSU,Sector_Fine,True,143,52,7,26,0.4090402155096995,0.08639384839120728,0.04620760060562735,0.04795256444161427,0.10787475327925776,0.4165834165834166,-0.0017449638359869207
2015-10-30,fine_ex_psu,Fine | Ex PSU,Sector_Fine,True,137,50,7,25,0.4597677374490393,0.13293564221598367,0.07632564886513778,0.049562969563784726,0.11214830064818311,0.15184815184815184,0.02676267930135305
2015-11-06,fine_ex_psu,Fine | Ex PSU,Sector_Fine,True,146,51,7,26,0.4232718238685814,0.1349476559201308,0.04131762374150384,0.04590886583324849,0.09837759907793693,0.4905094905094905,-0.004591242091744649
2015-11-13,fine_ex_psu,Fine | Ex PSU,Sector_Fine,True,146,51,7,26,0.5194637134511606,0.0987731511505138,0.0170191509429866,0.047376643379529286,0.09737959195576812,0.9370629370629371,-0.030357492436542687
2015-11-20,fine_ex_psu,Fine | Ex PSU,Sector_Fine,True,146,51,7,26,0.3957372812411042,0.13086277785924477,0.013219880802945408,0.047909276648703654,0.1183808536881331,0.9430569430569431,-0.034689395845758246
2015-11-27,fine_ex_psu,Fine | Ex PSU,Sector_Fine,True,146,51,7,26,0.3301626796487227,0.10193178090070454,0.08845602934048767,0.04769504009860366,0.10345397326616096,0.08891108891108891,0.04076098924188401
2015-12-04,fine_ex_psu,Fine | Ex PSU,Sector_Fine,True,146,51,7,26,0.33029726939488346,0.11776660225770115,0.13553805778015374,0.04596901970193862,0.10024711617186084,0.01098901098901099,0.08956903807821512
2015-12-11,fine_ex_psu,Fine | Ex PSU,Sector_Fine,True,146,51,7,26,0.5423724932340064,0.10158775058189815,0.055128723962392955,0.046952936369864515,0.10067926401775401,0.3016983016983017,0.00817578759252844
2015-12-18,fine_ex_psu,Fine | Ex PSU,Sector_Fine,True,146,51,7,26,0.36645151794959085,0.06754675227913806,0.078819182012257,0.04472922937672522,0.09582228201959274,0.11188811188811189,0.03408995263553178
2015-12-25,fine_ex_psu,Fine | Ex PSU,Sector_Fine,True,146,51,7,26,0.5417647438341839,0.05245747947428201,0.02793472136543638,0.047011714778689456,0.10068026646481523,0.7362637362637363,-0.019076993413253075
2016-01-01,fine_ex_psu,Fine | Ex PSU,Sector_Fine,True,144,51,7,27,0.5426474358403652,0.07589346661912341,0.16783869551791425,0.0488493429250309,0.12024304767575719,0.008991008991008992,0.11898935259288335
2016-01-08,fine_ex_psu,Fine | Ex PSU,Sector_Fine,True,144,51,7,27,0.46910940815823354,0.11407894805164609,0.07237728057801138,0.04826678770868742,0.09713297784199065,0.16883116883116883,0.024110492869323957
2016-01-15,fine_ex_psu,Fine | Ex PSU,Sector_Fine,True,144,51,7,27,0.564907227041287,0.17424345382262724,0.03458466278970575,0.04771075805999889,0.10338718943762956,0.6173826173826173,-0.01312609527029314
2016-01-22,fine_ex_psu,Fine | Ex PSU,Sector_Fine,True,144,51,7,27,0.5038854978234192,0.13192857650649698,0.03571630515027828,0.04713015277478589,0.09764943542300437,0.6003996003996004,-0.01141384762450761
2016-01-29,fine_ex_psu,Fine | Ex PSU,Sector_Fine,True,144,51,7,27,0.4051240500465163,0.16464233807922737,0.06258508963647853,0.04740193358867682,0.10519661329238757,0.23476523476523475,0.01518315604780171
2016-02-05,fine_ex_psu,Fine | Ex PSU,Sector_Fine,True,144,51,7,27,0.30405231038692904,0.29180807709297,0.05569399279373253,0.04695107363372578,0.12185450094249026,0.2807192807192807,0.008742919160006746
2016-02-12,fine_ex_psu,Fine | Ex PSU,Sector_Fine,True,144,51,7,27,0.4890091303425006,0.2899831036119066,0.06607371706879069,0.04681771794874903,0.11111152015485747,0.1928071928071928,0.019255999120041653
2016-02-19,fine_ex_psu,Fine | Ex PSU,Sector_Fine,True,144,51,7,27,0.44204323748936014,0.21055107556665506,0.10206900614018517,0.048527952513770185,0.10125154808610659,0.04995004995004995,0.05354105362641499
2016-02-26,fine_ex_psu,Fine | Ex PSU,Sector_Fine,True,144,51,7,27,0.3500676370252669,0.0886187161946062,0.03493234485517756,0.0474647220776087,0.09787802252191793,0.6593406593406593,-0.01253237722243114
2016-03-04,fine_ex_psu,Fine | Ex PSU,Sector_Fine,True,144,51,7,27,0.4932251695311919,0.24422164046046224,0.062277138835396685,0.04718605274606878,0.10121419701634937,0.24975024975024976,0.015091086089327903
2016-03-11,fine_ex_psu,Fine | Ex PSU,Sector_Fine,True,144,51,7,27,0.2509118912849544,0.11978694522203111,0.0688900042316927,0.04685581374893512,0.105620659397958,0.1938061938061938,0.02203419048275758
2016-03-18,fine_ex_psu,Fine | Ex PSU,Sector_Fine,True,144,51,7,27,0.481803090848128,0.13549713981830663,0.026655957650807496,0.04970358895527802,0.11255101430226674,0.7292707292707292,-0.023047631304470528
2016-03-25,fine_ex_psu,Fine | Ex PSU,Sector_Fine,True,144,51,7,27,0.3733994401529982,0.10814821039644065,0.06584438946372959,0.04624778364649144,0.10713022200612873,0.19880119880119881,0.019596605817238148
2016-04-01,fine_ex_psu,Fine | Ex PSU,Sector_Fine,True,144,51,7,27,0.44987304094210956,0.09683069768210675,0.07966902582861124,0.047392351837675595,0.09789086020665684,0.12287712287712288,0.032276673990935645
2016-04-08,fine_ex_psu,Fine | Ex PSU,Sector_Fine,True,144,51,7,27,0.41830617134633163,0.13089659716834712,0.0331183013424595,0.04825145957827588,0.10176085941647939,0.6643356643356644,-0.015133158235816381
2016-04-15,fine_ex_psu,Fine | Ex PSU,Sector_Fine,True,144,51,7,27,0.5140187961772247,0.052892569756718584,0.08863133299327192,0.047782380399546326,0.09571448979109022,0.07892107892107893,0.04084895259372559
2016-04-22,fine_ex_psu,Fine | Ex PSU,Sector_Fine,True,144,51,7,27,0.43193033002346626,0.12187476682835145,0.03353886905064782,0.04845930447788543,0.10620277798860299,0.6323676323676324,-0.014920435427237609
2016-04-29,fine_ex_psu,Fine | Ex PSU,Sector_Fine,True,131,54,7,28,0.7083926279304898,0.4340532024734788,0.03381839681617389,0.05349478797327752,0.14287101045664277,0.5284715284715285,-0.01967639115710363
2016-05-06,fine_ex_psu,Fine | Ex PSU,Sector_Fine,True,146,60,7,30,0.47592047304137597,0.11699860965555794,0.11928233716130031,0.04746548966293859,0.09629963798636645,0.01998001998001998,0.07181684749836172
2016-05-13,fine_ex_psu,Fine | Ex PSU,Sector_Fine,True,146,60,7,30,0.5366056795950811,0.07963082858136543,0.050106983378212705,0.04731917775931727,0.09721061469241714,0.38961038961038963,0.0027878056188954323
2016-05-20,fine_ex_psu,Fine | Ex PSU,Sector_Fine,True,146,60,7,30,0.3917024846405176,0.07919098377227152,0.04358828384088494,0.04658986392492421,0.10315470336800062,0.44555444555444557,-0.0030015800840392723
2016-05-27,fine_ex_psu,Fine | Ex PSU,Sector_Fine,True,146,60,7,30,0.4462108903684746,0.1436025090013998,0.08914692637910962,0.04724326551058392,0.10121266933951116,0.0939060939060939,0.0419036608685257
2016-06-03,fine_ex_psu,Fine | Ex PSU,Sector_Fine,True,146,60,7,30,0.43805600957600166,0.13230690476798665,0.042361109326514164,0.04688612889116513,0.10466931760279921,0.4755244755244755,-0.004525019564650963
2016-06-10,fine_ex_psu,Fine | Ex PSU,Sector_Fine,True,146,60,7,30,0.463478433451294,0.10755212834214495,0.022156485340396288,0.04683834645004218,0.0959203188391844,0.8071928071928072,-0.024681861109645892
2016-06-17,fine_ex_psu,Fine | Ex PSU,Sector_Fine,True,146,60,7,30,0.5307766989052063,0.06158648072292068,0.05992364543522013,0.04578999030612133,0.09733064303614565,0.2627372627372627,0.014133655129098796
2016-06-24,fine_ex_psu,Fine | Ex PSU,Sector_Fine,True,146,60,7,30,0.3963278036045429,0.10384264065636718,0.03289754654995117,0.047194720137986715,0.10836736913535329,0.6273726273726273,-0.014297173588035547
2016-07-01,fine_ex_psu,Fine | Ex PSU,Sector_Fine,True,146,60,7,30,0.572391404530311,0.07320957147217269,0.09714082485611474,0.047027898287217124,0.10171726904284757,0.06493506493506493,0.05011292656889761
2016-07-08,fine_ex_psu,Fine | Ex PSU,Sector_Fine,True,146,60,7,30,0.4810361726654523,0.06455066137346341,0.06261397897028621,0.04672854115822547,0.09846971529548518,0.22577422577422576,0.01588543781206074
2016-07-15,fine_ex_psu,Fine | Ex PSU,Sector_Fine,True,146,60,7,30,0.6079223580633024,0.0852224441966613,0.09524848344038175,0.04691844232075904,0.09566691184985038,0.05194805194805195,0.04833004111962271
2016-07-22,fine_ex_psu,Fine | Ex PSU,Sector_Fine,True,146,60,7,30,0.5217016865099688,0.05835466885018355,0.03091635567288903,0.04596161197393893,0.0946560267642034,0.6843156843156843,-0.0150452563010499
2016-07-29,fine_ex_psu,Fine | Ex PSU,Sector_Fine,True,146,60,7,30,0.44679265652396716,0.17364080362407058,0.0673200832209297,0.04711129284747137,0.12558072333297965,0.2047952047952048,0.020208790373458324
2016-08-05,fine_ex_psu,Fine | Ex PSU,Sector_Fine,True,146,60,7,30,0.5237776068312853,0.11317622935654245,0.07505791361564154,0.04590717395929482,0.10509733908195817,0.13986013986013987,0.029150739656346722
2016-08-12,fine_ex_psu,Fine | Ex PSU,Sector_Fine,True,146,60,7,30,0.37343374643006677,0.19906172736746774,0.06792909481228757,0.04726884289033006,0.11711474183798896,0.21078921078921078,0.020660251921957508
2016-08-19,fine_ex_psu,Fine | Ex PSU,Sector_Fine,True,146,60,7,30,0.4708295787705603,0.13666445201670263,0.014103877990326422,0.04641218978579289,0.10603068632321684,0.9040959040959041,-0.03230831179546646
2016-08-26,fine_ex_psu,Fine | Ex PSU,Sector_Fine,True,146,60,7,30,0.5055480342565515,0.07591560548669474,0.06187557792481689,0.04651039511203502,0.09777565941952397,0.23476523476523475,0.015365182812781868
2016-09-02,fine_ex_psu,Fine | Ex PSU,Sector_Fine,True,146,60,7,30,0.6038151514488648,0.07862282204210808,0.07748006672361593,0.04701432557540733,0.09771740771398639,0.10789210789210789,0.030465741148208603
2016-09-09,fine_ex_psu,Fine | Ex PSU,Sector_Fine,True,146,60,7,30,0.3780504803482203,0.09805507006321339,0.04185671911463198,0.04520244734576472,0.09808404202615381,0.47152847152847155,-0.003345728231132744
2016-09-16,fine_ex_psu,Fine | Ex PSU,Sector_Fine,True,146,60,7,30,0.40051221207490206,0.09860463299010219,0.028673467048912514,0.04680542608783614,0.1072749741947296,0.7052947052947053,-0.018131959038923624
2016-09-23,fine_ex_psu,Fine | Ex PSU,Sector_Fine,True,146,60,7,30,0.46954366516899737,0.0907777551514552,0.03579266037230894,0.04707242932375168,0.0944612950439845,0.6203796203796204,-0.01127976895144274
2016-09-30,fine_ex_psu,Fine | Ex PSU,Sector_Fine,True,143,59,7,30,0.471377026851606,0.14249804228587776,0.07532103860281156,0.048215850497948194,0.11379092839322101,0.18581418581418582,0.027105188104863363
2016-10-07,fine_ex_psu,Fine | Ex PSU,Sector_Fine,True,150,60,7,32,0.5454237396349206,0.0783684501742978,0.022034427594190182,0.045294940394721074,0.09113871789234256,0.8331668331668332,-0.023260512800530892
2016-10-14,fine_ex_psu,Fine | Ex PSU,Sector_Fine,True,150,60,7,32,0.372920353895115,0.05541927357210631,0.07730134654524036,0.04492369262433565,0.09263552553936039,0.11188811188811189,0.03237765392090471
2016-10-21,fine_ex_psu,Fine | Ex PSU,Sector_Fine,True,150,60,7,32,0.5404513825506752,0.07435277704074045,0.11406281403823376,0.04552507070708614,0.10003565735879077,0.030969030969030968,0.06853774333114762
2016-10-28,fine_ex_psu,Fine | Ex PSU,Sector_Fine,True,150,60,7,32,0.4906640899793778,0.13494472912415728,0.0320391087600579,0.04436000814714612,0.09531897893296458,0.6223776223776224,-0.012320899387088219
2016-11-04,fine_ex_psu,Fine | Ex PSU,Sector_Fine,True,150,60,7,32,0.5647821488744317,0.0920575849792524,0.06827192109399834,0.04535184868253101,0.09586081065821242,0.17182817182817184,0.022920072411467325
2016-11-11,fine_ex_psu,Fine | Ex PSU,Sector_Fine,True,150,60,7,32,0.6913895879446325,0.14015525435553083,0.026214302938259555,0.04556354007751014,0.09904766822347091,0.7542457542457542,-0.01934923713925058
2016-11-18,fine_ex_psu,Fine | Ex PSU,Sector_Fine,True,150,60,7,32,0.5932791916699662,0.112266799653399,0.04830390454762389,0.04608709307512732,0.09514114420247799,0.3906093906093906,0.0022168114724965757
2016-11-25,fine_ex_psu,Fine | Ex PSU,Sector_Fine,True,150,60,7,32,0.5173382180616996,0.14170002928705502,0.07028319353310238,0.0442337854001627,0.08670420988710152,0.13786213786213786,0.026049408132939676
2016-12-02,fine_ex_psu,Fine | Ex PSU,Sector_Fine,True,150,60,7,32,0.45182931358844336,0.1011420445623342,0.13960919612162453,0.04650828623084347,0.10295070279548674,0.013986013986013986,0.09310090989078107
2016-12-09,fine_ex_psu,Fine | Ex PSU,Sector_Fine,True,150,60,7,32,0.5583663443269142,0.09009661311201411,0.03577534180813277,0.04467909309416242,0.09328519830410445,0.5734265734265734,-0.008903751286029646
2016-12-16,fine_ex_psu,Fine | Ex PSU,Sector_Fine,True,150,60,7,32,0.6369693186867644,0.07364119242891665,0.017771332596944425,0.046763820475085184,0.09427485067451243,0.9020979020979021,-0.02899248787814076
2016-12-23,fine_ex_psu,Fine | Ex PSU,Sector_Fine,True,150,60,7,32,0.3842728449854059,0.1376791039550453,0.034610549989110416,0.0441882155841542,0.1564159368139033,0.3726273726273726,-0.009577665595043784
2016-12-30,fine_ex_psu,Fine | Ex PSU,Sector_Fine,True,149,59,7,32,0.4847342416359698,0.06175036137055369,0.10676146942929537,0.04542901047285025,0.09918670615667795,0.04195804195804196,0.061332458956445124
2017-01-06,fine_ex_psu,Fine | Ex PSU,Sector_Fine,True,150,59,7,32,0.5156213008981467,0.08506391178529024,0.03165156479556059,0.0461621303511238,0.09561420398642394,0.6733266733266733,-0.01451056555556321
2017-01-13,fine_ex_psu,Fine | Ex PSU,Sector_Fine,True,150,59,7,32,0.4922994711106581,0.07263038479146444,0.10814387585671378,0.04420131217831033,0.09000046764625991,0.023976023976023976,0.06394256367840345
2017-01-20,fine_ex_psu,Fine | Ex PSU,Sector_Fine,True,150,59,7,32,0.39814583559146455,0.09497094856505886,0.05187565450260792,0.045811806573725064,0.1016528838496004,0.33266733266733267,0.006063847928882857
2017-01-27,fine_ex_psu,Fine | Ex PSU,Sector_Fine,True,150,59,7,32,0.6275340272975122,0.06352548724074057,0.05700115522729453,0.047219726520462274,0.09623697267040757,0.3006993006993007,0.009781428706832254
2017-02-03,fine_ex_psu,Fine | Ex PSU,Sector_Fine,True,150,59,7,32,0.5452766443880297,0.19998037304238256,0.07415305446356087,0.04522851952648073,0.10489362092655562,0.14085914085914086,0.028924534937080137
2017-02-10,fine_ex_psu,Fine | Ex PSU,Sector_Fine,True,150,59,7,32,0.5009842244054907,0.09027523485189659,0.06321658778594903,0.04568929092282633,0.09501177826883092,0.2217782217782218,0.017527296863122703
2017-02-17,fine_ex_psu,Fine | Ex PSU,Sector_Fine,True,150,59,7,32,0.41761528749897947,0.11757884094660412,0.02539339162094846,0.04531934672580426,0.09490979133658148,0.7572427572427572,-0.0199259551048558
2017-02-24,fine_ex_psu,Fine | Ex PSU,Sector_Fine,True,150,59,7,32,0.44382415240415474,0.11453393886524672,0.1545749364638056,0.046877662164139536,0.10133045549222341,0.005994005994005994,0.10769727429966607
2017-03-03,fine_ex_psu,Fine | Ex PSU,Sector_Fine,True,150,59,7,32,0.46803541331102594,0.06601849013573735,0.08841336603459705,0.04682886763588418,0.09456867687157829,0.06493506493506493,0.04158449839871287
2017-03-10,fine_ex_psu,Fine | Ex PSU,Sector_Fine,True,150,59,7,32,0.49351400923216826,0.06809061518846479,0.10259954563968145,0.04523807244453325,0.09059308250312133,0.03296703296703297,0.0573614731951482
2017-03-17,fine_ex_psu,Fine | Ex PSU,Sector_Fine,True,150,59,7,32,0.5236211255644612,0.058809314697855615,0.040301426345085246,0.044831774569624075,0.09572429667105752,0.4935064935064935,-0.0045303482245388285
2017-03-24,fine_ex_psu,Fine | Ex PSU,Sector_Fine,True,150,59,7,32,0.35603800961879284,0.12344921437379251,0.03538936962799439,0.046270859137525384,0.1290812099121488,0.48151848151848153,-0.010881489509530995
2017-03-31,fine_ex_psu,Fine | Ex PSU,Sector_Fine,True,144,57,7,29,0.4682817690236728,0.6391411622063656,0.16246234926808711,0.04687876143103611,0.17286128364710093,0.06793206793206794,0.115583587837051
2017-04-07,fine_ex_psu,Fine | Ex PSU,Sector_Fine,True,152,60,7,29,0.471084155634912,0.09144517236360498,0.06724817185275614,0.04411794841165199,0.09839407975806036,0.16683316683316685,0.02313022344110415
2017-04-14,fine_ex_psu,Fine | Ex PSU,Sector_Fine,True,152,60,7,29,0.4573998533309811,0.12163146965949737,0.20372236205261773,0.044892024413697655,0.13156510625613843,0.007992007992007992,0.15883033763892007
2017-04-21,fine_ex_psu,Fine | Ex PSU,Sector_Fine,True,152,60,7,29,0.6799911537856976,0.08318594018251876,0.036309006719258574,0.044993371399172394,0.09812459716585777,0.5644355644355644,-0.00868436467991382
2017-04-28,fine_ex_psu,Fine | Ex PSU,Sector_Fine,True,152,60,7,29,0.6880473650337195,0.08520877192527405,0.04330306173332607,0.045676783465296605,0.09895902526635547,0.4435564435564436,-0.002373721731970535
2017-05-05,fine_ex_psu,Fine | Ex PSU,Sector_Fine,True,152,60,7,29,0.581996504373068,0.09568824862533656,0.02511749578170696,0.0446687457119708,0.09510150608937612,0.7772227772227772,-0.019551249930263838
2017-05-12,fine_ex_psu,Fine | Ex PSU,Sector_Fine,True,152,60,7,29,0.5253168017863195,0.09399507160949575,0.01879028536065851,0.04434037073852758,0.10188350716983634,0.8471528471528471,-0.025550085377869073
2017-05-19,fine_ex_psu,Fine | Ex PSU,Sector_Fine,True,152,60,7,29,0.45728586110375513,0.0941775401147428,0.10501532257646912,0.04374512441999243,0.09831522852200787,0.04395604395604396,0.061270198156476684
2017-05-26,fine_ex_psu,Fine | Ex PSU,Sector_Fine,True,151,60,7,28,0.6454249813209463,0.145391476998148,0.12348197572551822,0.04661715318942375,0.09794588111274866,0.013986013986013986,0.07686482253609447
2017-06-02,fine_ex_psu,Fine | Ex PSU,Sector_Fine,True,153,60,7,28,0.3125249906806802,0.23573127734196703,0.11758255429454029,0.044334799742709124,0.10771916232001727,0.03796203796203796,0.07324775455183116
2017-06-09,fine_ex_psu,Fine | Ex PSU,Sector_Fine,True,153,60,7,28,0.4880141762401231,0.1289588883116688,0.07729503682166508,0.04430499422564289,0.09316921508457089,0.11688311688311688,0.032990042596022194
2017-06-16,fine_ex_psu,Fine | Ex PSU,Sector_Fine,True,153,60,7,28,0.2837490862802131,0.10888025353552906,0.019245032603567584,0.04633388494428982,0.10416072302861923,0.8371628371628371,-0.027088852340722235
2017-06-23,fine_ex_psu,Fine | Ex PSU,Sector_Fine,True,153,60,7,28,0.40163332924041995,0.08583396897555419,0.15903420015643038,0.045586118291511664,0.0971349935020674,0.003996003996003996,0.11344808186491873
2017-06-30,fine_ex_psu,Fine | Ex PSU,Sector_Fine,True,153,60,7,28,0.522201312165137,0.05889869571548816,0.06503522263513059,0.045530137024222685,0.0952670939224977,0.2047952047952048,0.019505085610907906
2017-07-07,fine_ex_psu,Fine | Ex PSU,Sector_Fine,True,153,60,7,28,0.5088204975320937,0.09188995069876885,0.05411091234924454,0.04382824198034692,0.09363987960342506,0.2757242757242757,0.010282670368897621
2017-07-14,fine_ex_psu,Fine | Ex PSU,Sector_Fine,True,153,60,7,28,0.5351016638976418,0.06824732665225594,0.08491914759104303,0.04659565729627019,0.09321393882344067,0.07592407592407592,0.03832349029477285
2017-07-21,fine_ex_psu,Fine | Ex PSU,Sector_Fine,True,153,60,7,28,0.5109228492076899,0.07960142529129496,0.10413741562607091,0.04498511599472433,0.09546991227389022,0.029970029970029972,0.059152299631346585
2017-07-28,fine_ex_psu,Fine | Ex PSU,Sector_Fine,True,153,60,7,28,0.38459261745028894,0.13361344154361704,0.04448708637647088,0.04649740355965837,0.11301102518054276,0.42157842157842157,-0.0020103171831874905
2017-08-04,fine_ex_psu,Fine | Ex PSU,Sector_Fine,True,153,60,7,28,0.5488756827528749,0.11575130920597085,0.05300818620357964,0.04410074694562282,0.088740235498966,0.29270729270729273,0.008907439257956819
2017-08-11,fine_ex_psu,Fine | Ex PSU,Sector_Fine,True,153,60,7,28,0.46379338121285585,0.2226485921816294,0.03172489146795545,0.043628976344748195,0.10413512256132618,0.5584415584415584,-0.011904084876792745
2017-08-18,fine_ex_psu,Fine | Ex PSU,Sector_Fine,True,153,60,7,28,0.48330481696957295,0.13855024652822603,0.014841428291805382,0.046460557792199875,0.10931938141287952,0.8991008991008991,-0.03161912950039449
2017-08-25,fine_ex_psu,Fine | Ex PSU,Sector_Fine,True,153,60,7,28,0.4690131550949548,0.07122956040939532,0.03317038258427088,0.045505599306978055,0.10429086775868705,0.5874125874125874,-0.012335216722707175
2017-09-01,fine_ex_psu,Fine | Ex PSU,Sector_Fine,True,153,60,7,28,0.5844889233683157,0.06948158723993253,0.09937820546821895,0.045933355103206126,0.09619594819832734,0.04295704295704296,0.05344485036501282
2017-09-08,fine_ex_psu,Fine | Ex PSU,Sector_Fine,True,153,60,7,28,0.5427454411393784,0.07682416752691838,0.05623237711298335,0.04600221890538083,0.09459555576501391,0.2957042957042957,0.010230158207602522
2017-09-15,fine_ex_psu,Fine | Ex PSU,Sector_Fine,True,153,60,7,28,0.4407675672419964,0.15238070789373548,0.04485273268457958,0.04445896285790484,0.10428059106527508,0.37362637362637363,0.00039376982667473776
2017-09-22,fine_ex_psu,Fine | Ex PSU,Sector_Fine,True,153,60,7,28,0.5095259799260408,0.09213860439065032,0.015994595430551477,0.04599195604729933,0.11843654135860011,0.8631368631368631,-0.029997360616747855
2017-09-29,fine_ex_psu,Fine | Ex PSU,Sector_Fine,True,149,59,7,28,0.1654511482195683,0.9291239187379811,0.0013292643470844728,0.050684350353380224,0.2614182538027752,0.9820179820179821,-0.04935508600629575
2017-10-06,fine_ex_psu,Fine | Ex PSU,Sector_Fine,True,153,61,7,28,0.4302850293614603,0.12216693167197769,0.061374082361677185,0.04529061371377243,0.12920430046806228,0.1998001998001998,0.016083468647904754
2017-10-13,fine_ex_psu,Fine | Ex PSU,Sector_Fine,True,153,61,7,28,0.5651266562021035,0.05698453822358747,0.06777900564502044,0.04497050310418776,0.0988493787317152,0.16883116883116883,0.022808502540832686
2017-10-20,fine_ex_psu,Fine | Ex PSU,Sector_Fine,True,153,61,7,28,0.39198757120617733,0.08993845979806848,0.1074488444710469,0.04634063842409965,0.11243871069534868,0.060939060939060936,0.06110820604694725
2017-10-27,fine_ex_psu,Fine | Ex PSU,Sector_Fine,True,153,61,7,28,0.5423116327047234,0.16195214454584825,0.03177049443433578,0.04512230361879551,0.1089220845454106,0.5704295704295704,-0.013351809184459731
2017-11-03,fine_ex_psu,Fine | Ex PSU,Sector_Fine,True,153,61,7,28,0.5069619115738274,0.1351727148282094,0.03779826381612969,0.045099996168782595,0.09754710520329025,0.5034965034965035,-0.007301732352652905
2017-11-10,fine_ex_psu,Fine | Ex PSU,Sector_Fine,True,153,61,7,28,0.5168490862827217,0.1816663285242403,0.05163891382393324,0.042785407476454464,0.10723016199382435,0.27972027972027974,0.008853506347478779
2017-11-17,fine_ex_psu,Fine | Ex PSU,Sector_Fine,True,153,61,7,28,0.4054210307201226,0.1387353354416829,0.1334979950638706,0.04459448723407717,0.09864143867956782,0.008991008991008992,0.08890350782979345
2017-11-24,fine_ex_psu,Fine | Ex PSU,Sector_Fine,True,153,61,7,28,0.6575517962242399,0.07036196381786818,0.0792018809629434,0.04448313531015032,0.09721425443546977,0.11188811188811189,0.03471874565279307
2017-12-01,fine_ex_psu,Fine | Ex PSU,Sector_Fine,True,153,61,7,28,0.49972929907266217,0.08555601307789956,0.044356402095907174,0.043457880946290786,0.09126804760093979,0.4025974025974026,0.0008985211496163881
2017-12-08,fine_ex_psu,Fine | Ex PSU,Sector_Fine,True,153,61,7,28,0.4655864270686705,0.08809994102452885,0.0284909935625449,0.04403468277268612,0.10044209107606111,0.6543456543456544,-0.015543689210141223
2017-12-15,fine_ex_psu,Fine | Ex PSU,Sector_Fine,True,153,61,7,28,0.414723774213517,0.06954422671762805,0.03922410224909203,0.04493296317450644,0.10803751947286433,0.4835164835164835,-0.005708860925414415
2017-12-22,fine_ex_psu,Fine | Ex PSU,Sector_Fine,True,153,61,7,28,0.3243936230599902,0.18341770660676593,0.24902910620872162,0.04260105019619643,0.11159637156752529,0.003996003996003996,0.2064280560125252
2017-12-29,fine_ex_psu,Fine | Ex PSU,Sector_Fine,True,152,60,7,28,0.2943543900000797,0.5280198849073867,0.33280733630469755,0.04492793453356853,0.21730971034052698,0.004995004995004995,0.28787940177112903
2018-01-05,fine_ex_psu,Fine | Ex PSU,Sector_Fine,True,152,60,7,28,0.5821799416544937,0.0761428191652028,0.07683777117513661,0.04439337667655049,0.0983557720814022,0.11888111888111888,0.032444394498586125
2018-01-12,fine_ex_psu,Fine | Ex PSU,Sector_Fine,True,152,60,7,28,0.5497134447081176,0.09148966278774469,0.09879954784511909,0.04641130429114385,0.10124461491788489,0.055944055944055944,0.052388243553975235
2018-01-19,fine_ex_psu,Fine | Ex PSU,Sector_Fine,True,152,60,7,28,0.4954227463462625,0.14547949822367937,0.02797223954240916,0.04652692164049455,0.10690126793906775,0.6843156843156843,-0.018554682098085393
2018-01-26,fine_ex_psu,Fine | Ex PSU,Sector_Fine,True,152,60,7,28,0.5670905654310799,0.0772577187689367,0.042684611830992016,0.04448282324311676,0.09358140904691235,0.4255744255744256,-0.001798211412124745
2018-02-02,fine_ex_psu,Fine | Ex PSU,Sector_Fine,True,152,60,7,28,0.24729663364700627,0.6471953303180386,0.026418967730671955,0.04617243607970045,0.1769994666916345,0.4405594405594406,-0.019753468349028497
2018-02-09,fine_ex_psu,Fine | Ex PSU,Sector_Fine,True,152,60,7,28,0.37088638957973386,0.21947261077582203,0.026771583590136275,0.045539976443604815,0.10878360426418754,0.6853146853146853,-0.01876839285346854
2018-02-16,fine_ex_psu,Fine | Ex PSU,Sector_Fine,True,152,60,7,28,0.3172002613237912,0.11109675271563188,0.04275797815289714,0.04616629820279201,0.123152394750441,0.3706293706293706,-0.0034083200498948654
2018-02-23,fine_ex_psu,Fine | Ex PSU,Sector_Fine,True,152,60,7,28,0.35354209982241114,0.145681032475754,0.01564930496392575,0.045453727215230715,0.15661913671225067,0.7752247752247752,-0.029804422251304964
2018-03-02,fine_ex_psu,Fine | Ex PSU,Sector_Fine,True,152,60,7,28,0.44558051446835745,0.07973451765532216,0.01954354705528169,0.04460063069820421,0.13192250378475914,0.7482517482517482,-0.02505708364292252
2018-03-09,fine_ex_psu,Fine | Ex PSU,Sector_Fine,True,152,60,7,28,0.5237956401769805,0.16122906236764617,0.10210344096201236,0.04465876473051791,0.1226665673579235,0.09090909090909091,0.057444676231494456
2018-03-16,fine_ex_psu,Fine | Ex PSU,Sector_Fine,True,152,60,7,28,0.2969042834001243,0.15892608359203286,0.025125332436328113,0.04452735966021261,0.1048229498663599,0.6853146853146853,-0.019402027223884497
2018-03-23,fine_ex_psu,Fine | Ex PSU,Sector_Fine,True,152,60,7,28,0.49261977290610903,0.09654609587344642,0.07351902607175471,0.045620359322505535,0.09903274485188507,0.15084915084915085,0.02789866674924918
2018-03-30,fine_ex_psu,Fine | Ex PSU,Sector_Fine,True,152,60,7,28,0.494299847866841,0.09792423004770742,0.044827338671911236,0.044968223008399734,0.11769710523144167,0.36563436563436563,-0.00014088433648849763
2018-04-06,fine_ex_psu,Fine | Ex PSU,Sector_Fine,True,152,60,7,28,0.4496816466583472,0.18611040568285836,0.04281666731846123,0.04639537549901206,0.13137142409248947,0.3916083916083916,-0.003578708180550831
2018-04-13,fine_ex_psu,Fine | Ex PSU,Sector_Fine,True,152,60,7,28,0.37942512581488763,0.1461943134411609,0.0447188265552512,0.045684176122756236,0.153021134359124,0.2857142857142857,-0.0009653495675050333
2018-04-20,fine_ex_psu,Fine | Ex PSU,Sector_Fine,True,152,60,7,28,0.4759279741662432,0.08347656659267867,0.10894889931358422,0.044046758856889884,0.09703011282870415,0.027972027972027972,0.06490214045669433
2018-04-27,fine_ex_psu,Fine | Ex PSU,Sector_Fine,True,152,60,7,28,0.3797006360275351,0.38749935285441994,0.0717275599126808,0.04418405207662452,0.13055707604004538,0.1848151848151848,0.02754350783605628
2018-05-04,fine_ex_psu,Fine | Ex PSU,Sector_Fine,True,152,60,7,28,0.43063204413231004,0.1159571134802682,0.025714451880855055,0.04433166163199931,0.10005442765419863,0.7022977022977023,-0.018617209751144254
2018-05-11,fine_ex_psu,Fine | Ex PSU,Sector_Fine,True,152,60,7,28,0.33285336465891013,0.2173455678470705,0.017904580841326616,0.04596497438149385,0.11837979696147902,0.8261738261738262,-0.028060393540167233
2018-05-18,fine_ex_psu,Fine | Ex PSU,Sector_Fine,True,152,60,7,28,0.31825387896449275,0.35207739120826304,0.04064233684996611,0.045346515444807965,0.11998350801730742,0.4145854145854146,-0.004704178594841853
2018-05-25,fine_ex_psu,Fine | Ex PSU,Sector_Fine,True,152,60,7,28,0.35902163489294336,0.1826053810895199,0.02924728359068381,0.043372844700664215,0.11924471444627979,0.5244755244755245,-0.014125561109980405
2018-06-01,fine_ex_psu,Fine | Ex PSU,Sector_Fine,True,152,60,7,28,0.3982499618963764,0.18466915009283102,0.02944091751320351,0.045956765293917796,0.10465401460865068,0.6433566433566433,-0.016515847780714285
2018-06-08,fine_ex_psu,Fine | Ex PSU,Sector_Fine,True,152,60,7,28,0.5493986278549442,0.07596922135839217,0.018870499228697723,0.04517065334166193,0.09505324659041042,0.8471528471528471,-0.02630015411296421
2018-06-15,fine_ex_psu,Fine | Ex PSU,Sector_Fine,True,152,60,7,28,0.5836682418014447,0.0987271642728314,0.04838992400248342,0.044008551219481065,0.09638959472039565,0.35664335664335667,0.004381372783002352
2018-06-22,fine_ex_psu,Fine | Ex PSU,Sector_Fine,True,152,60,7,28,0.3394358433304421,0.12400289271591901,0.00561636694481563,0.04830938301229143,0.16035514930651962,0.986013986013986,-0.0426930160674758
2018-06-29,fine_ex_psu,Fine | Ex PSU,Sector_Fine,True,142,56,7,27,0.5935482957002955,0.29012640508644844,0.18144105127186863,0.049110779791049206,0.18138747156843138,0.05094905094905095,0.13233027148081944
2018-07-06,fine_ex_psu,Fine | Ex PSU,Sector_Fine,True,151,57,7,28,0.4237270863777107,0.14562872516796396,0.05198190068176526,0.048438556046347954,0.1465080633887905,0.2777222777222777,0.003543344635417306
2018-07-13,fine_ex_psu,Fine | Ex PSU,Sector_Fine,True,151,57,7,28,0.3784677858147928,0.14007359552142534,0.15770951754145612,0.04361798248742574,0.09801272861862641,0.00999000999000999,0.11409153505403039
2018-07-20,fine_ex_psu,Fine | Ex PSU,Sector_Fine,True,151,57,7,28,0.4007203261778469,0.3253996976260542,0.08815064307516768,0.04533885384825849,0.11543915514520665,0.1018981018981019,0.04281178922690919
2018-07-27,fine_ex_psu,Fine | Ex PSU,Sector_Fine,True,151,57,7,28,0.6054050382510576,0.14666471257736108,0.05156695369587879,0.04465264041380975,0.09196729032653499,0.33166833166833165,0.00691431328206904
2018-08-03,fine_ex_psu,Fine | Ex PSU,Sector_Fine,True,151,57,7,28,0.3986752573822827,0.16908535846432227,0.12329690829604228,0.04558243997431937,0.10166422619299902,0.028971028971028972,0.07771446832172291
2018-08-10,fine_ex_psu,Fine | Ex PSU,Sector_Fine,True,151,57,7,28,0.46557711684840186,0.13118939792456522,0.03307185643281933,0.047267346296754054,0.10557243395069105,0.6203796203796204,-0.014195489863934721
2018-08-17,fine_ex_psu,Fine | Ex PSU,Sector_Fine,True,151,57,7,28,0.44358074900862066,0.19381063633905476,0.014799085658337768,0.04618881007913589,0.17340714927707127,0.7682317682317682,-0.03138972442079812
2018-08-24,fine_ex_psu,Fine | Ex PSU,Sector_Fine,True,151,57,7,28,0.36548189926326713,0.12544364303619532,0.01919678650768666,0.043681160106576716,0.0945034385340831,0.8611388611388612,-0.024484373598890056
2018-08-31,fine_ex_psu,Fine | Ex PSU,Sector_Fine,True,151,57,7,28,0.5060254672873505,0.13676840423788195,0.05136769111560664,0.04638003707761435,0.1131968529602127,0.3256743256743257,0.004987654037992291
2018-09-07,fine_ex_psu,Fine | Ex PSU,Sector_Fine,True,151,57,7,28,0.5706266308847763,0.12187346181630108,0.040161163149526884,0.045170199388666316,0.11251839068722908,0.43456543456543456,-0.005009036239139432
2018-09-14,fine_ex_psu,Fine | Ex PSU,Sector_Fine,True,151,57,7,28,0.4266562963006364,0.06580565594657835,0.03947462385676043,0.04632644381302292,0.09305099676628051,0.5424575424575424,-0.006851819956262495
2018-09-21,fine_ex_psu,Fine | Ex PSU,Sector_Fine,True,151,57,7,28,0.4611307761034439,0.23850967636027545,0.08251180556302001,0.04687421659464392,0.13285020693680677,0.12887112887112886,0.03563758896837609
2018-09-28,fine_ex_psu,Fine | Ex PSU,Sector_Fine,True,144,56,7,28,0.4675044834303087,0.2885895678948084,0.07496560664779453,0.046838658996597095,0.10844196358858707,0.15184815184815184,0.028126947651197436
2018-10-05,fine_ex_psu,Fine | Ex PSU,Sector_Fine,True,151,57,7,29,0.4415158435954659,0.18182580363641765,0.05616557240905057,0.04393525766507538,0.10923031401302374,0.25774225774225773,0.012230314743975186
2018-10-12,fine_ex_psu,Fine | Ex PSU,Sector_Fine,True,151,57,7,29,0.5298300862084832,0.34037564265378456,0.08873759493165623,0.04418709287984464,0.10974580725093905,0.08691308691308691,0.04455050205181159
2018-10-19,fine_ex_psu,Fine | Ex PSU,Sector_Fine,True,151,57,7,29,0.5515822881409017,0.23052849404473347,0.007726212424064778,0.04725349987055063,0.12060030862036883,0.9630369630369631,-0.03952728744648585
2018-10-26,fine_ex_psu,Fine | Ex PSU,Sector_Fine,True,151,57,7,29,0.57083825621839,0.162234203416831,0.06383361316842001,0.04651704338990929,0.09853965227898645,0.22677322677322678,0.017316569778510718
2018-11-02,fine_ex_psu,Fine | Ex PSU,Sector_Fine,True,151,57,7,29,0.3838118842480789,0.53292889952008,0.08397047698250955,0.04808649171075389,0.1273103580727476,0.15584415584415584,0.03588398527175566
2018-11-09,fine_ex_psu,Fine | Ex PSU,Sector_Fine,True,151,57,7,29,0.2551917738527738,0.12618250134135817,0.01695847305962677,0.04563423324565046,0.10924946217775197,0.8511488511488512,-0.02867576018602369
2018-11-16,fine_ex_psu,Fine | Ex PSU,Sector_Fine,True,151,57,7,29,0.4286650556093883,0.2576945737809271,0.051187276538023053,0.04540102940513124,0.09978732782006665,0.33266733266733267,0.005786247132891817
2018-11-23,fine_ex_psu,Fine | Ex PSU,Sector_Fine,True,151,57,7,29,0.4064498241032791,0.07792430679390602,0.08224455643630164,0.04536010702179075,0.096008217093377,0.1038961038961039,0.03688444941451089
2018-11-30,fine_ex_psu,Fine | Ex PSU,Sector_Fine,True,151,57,7,29,0.468130496031939,0.2257914042797147,0.16471938465329905,0.046424520991441585,0.1065935471983547,0.007992007992007992,0.11829486366185746
2018-12-07,fine_ex_psu,Fine | Ex PSU,Sector_Fine,True,151,57,7,29,0.3608201053285026,0.23794875498963738,0.047802018802771046,0.04538201006219739,0.11198189140652094,0.3336663336663337,0.0024200087405736592
2018-12-14,fine_ex_psu,Fine | Ex PSU,Sector_Fine,True,151,57,7,29,0.4804183644989518,0.14987910220133782,0.04370928830688661,0.04496695846648261,0.1068681586797085,0.41858141858141856,-0.0012576701595959985
2018-12-21,fine_ex_psu,Fine | Ex PSU,Sector_Fine,True,151,57,7,29,0.4295475922236197,0.09547908718000056,0.02597658969606197,0.04558167801550057,0.10847202293527776,0.6913086913086913,-0.019605088319438597
2018-12-28,fine_ex_psu,Fine | Ex PSU,Sector_Fine,True,151,57,7,29,0.4633193919945551,0.07442178403669503,0.04123452497401196,0.04600335391514637,0.11152894316631773,0.46253746253746253,-0.004768828941134409
2019-01-04,fine_ex_psu,Fine | Ex PSU,Sector_Fine,True,151,57,7,29,0.5760150364064605,0.08007456415719028,0.04117029597543637,0.045310410951525604,0.09877247043957804,0.4755244755244755,-0.004140114976089231
2019-01-11,fine_ex_psu,Fine | Ex PSU,Sector_Fine,True,151,57,7,29,0.34695391871284276,0.09605052933329905,0.015395930484463473,0.04721993504288429,0.11704287831358369,0.8781218781218781,-0.03182400455842082
2019-01-18,fine_ex_psu,Fine | Ex PSU,Sector_Fine,True,151,57,7,29,0.502776524540554,0.1358229169301005,0.025910122130058083,0.046381096178760184,0.13701628766035523,0.5154845154845155,-0.0204709740487021
2019-01-25,fine_ex_psu,Fine | Ex PSU,Sector_Fine,True,151,57,7,29,0.6308110147630569,0.20912474961582161,0.041709846586776816,0.04572147458933595,0.11031784795030894,0.45354645354645357,-0.004011628002559137
2019-02-01,fine_ex_psu,Fine | Ex PSU,Sector_Fine,True,151,57,7,29,0.4321336117939203,0.2563732056851355,0.0524343730857941,0.0457215342887808,0.10258847085024779,0.33466533466533466,0.006712838797013301
2019-02-08,fine_ex_psu,Fine | Ex PSU,Sector_Fine,True,151,57,7,29,0.43048272479199934,1.1373361702111024,0.525142374917902,0.045477664876907194,0.12796854893237736,0.000999000999000999,0.47966471004099487
2019-02-15,fine_ex_psu,Fine | Ex PSU,Sector_Fine,True,151,57,7,29,0.4135812371990778,0.2655052459301689,0.027699966656975904,0.0456231616011772,0.1161768880530392,0.6143856143856143,-0.017923194944201297
2019-02-22,fine_ex_psu,Fine | Ex PSU,Sector_Fine,True,151,57,7,29,0.6095876055091458,0.08783661699244,0.2819099421858745,0.04487453791443605,0.09996815771576005,0.000999000999000999,0.23703540427143846
2019-03-01,fine_ex_psu,Fine | Ex PSU,Sector_Fine,True,151,57,7,29,0.37030761976803384,0.13453551786161322,0.10773585699370584,0.045623382945400665,0.10790166798599007,0.05194805194805195,0.06211247404830518
2019-03-08,fine_ex_psu,Fine | Ex PSU,Sector_Fine,True,151,57,7,29,0.48912288085285927,0.1625194460878567,0.016414840460577878,0.04392102503154116,0.10425565877414078,0.8541458541458542,-0.027506184570963283
2019-03-15,fine_ex_psu,Fine | Ex PSU,Sector_Fine,True,151,57,7,29,0.48375458815672323,0.12929096247839475,0.09417099297714476,0.044776407624568366,0.09739025832540553,0.060939060939060936,0.049394585352576396
2019-03-22,fine_ex_psu,Fine | Ex PSU,Sector_Fine,True,151,57,7,29,0.6740639405324147,0.069397483811488,0.042285964841098915,0.044748899895355534,0.0932590443328581,0.4695304695304695,-0.0024629350542566195
2019-03-29,fine_ex_psu,Fine | Ex PSU,Sector_Fine,True,150,58,7,29,0.5066127752078151,0.5278297125983463,0.02455896552193146,0.04644240731086447,0.22532565886611616,0.3226773226773227,-0.021883441788933013
2019-04-05,fine_ex_psu,Fine | Ex PSU,Sector_Fine,True,155,59,7,30,0.45577157717869465,0.14183544120903452,0.05769142883323199,0.04397821569255917,0.08736855256044011,0.24175824175824176,0.013713213140672822
2019-04-12,fine_ex_psu,Fine | Ex PSU,Sector_Fine,True,155,59,7,30,0.482885243673302,0.08861029803952314,0.0741815625182664,0.04437365878059704,0.1034364881595879,0.13986013986013987,0.029807903737669353
2019-04-19,fine_ex_psu,Fine | Ex PSU,Sector_Fine,True,155,59,7,30,0.499287988433451,0.08283303692592463,0.3519354395231862,0.043925338872066455,0.1137253633391756,0.001998001998001998,0.3080101006511197
2019-04-26,fine_ex_psu,Fine | Ex PSU,Sector_Fine,True,155,59,7,30,0.5033950238752247,0.11909379943851633,0.06295987264189193,0.043827855164598264,0.09325079012623395,0.18081918081918083,0.019132017477293664
2019-05-03,fine_ex_psu,Fine | Ex PSU,Sector_Fine,True,155,59,7,30,0.30717815253595826,0.1938028761599591,0.04648689342669805,0.041730489747189944,0.12273581252642432,0.25674325674325676,0.004756403679508109
2019-05-10,fine_ex_psu,Fine | Ex PSU,Sector_Fine,True,155,59,7,30,0.5316009413324249,0.1026056112763046,0.07664202547156626,0.043727494110711945,0.09216664741764273,0.10589410589410589,0.032914531360854316
2019-05-17,fine_ex_psu,Fine | Ex PSU,Sector_Fine,True,155,59,7,30,0.4619326673385721,0.21849331849784895,0.12103477973789988,0.045774486567943744,0.10068715618620096,0.03196803196803197,0.07526029316995614
2019-05-24,fine_ex_psu,Fine | Ex PSU,Sector_Fine,True,155,59,7,30,0.5972331421973625,0.17888041666849774,0.07981653239898603,0.04444417971448959,0.09818974921151959,0.0989010989010989,0.03537235268449644
2019-05-31,fine_ex_psu,Fine | Ex PSU,Sector_Fine,True,155,59,7,30,0.44338205051750557,0.13368414552081778,0.13692164007215019,0.04364003378465726,0.0968647443985638,0.00999000999000999,0.09328160628749294
2019-06-07,fine_ex_psu,Fine | Ex PSU,Sector_Fine,True,155,59,7,30,0.5172581408050623,0.17762278994607453,0.34049735786103363,0.04329975342490999,0.11758350815248914,0.001998001998001998,0.29719760443612364
2019-06-14,fine_ex_psu,Fine | Ex PSU,Sector_Fine,True,155,59,7,30,0.37789432215608276,0.1830961039640268,0.3428866287927193,0.04405553880550259,0.11095181449061003,0.000999000999000999,0.2988310899872167
2019-06-21,fine_ex_psu,Fine | Ex PSU,Sector_Fine,True,155,59,7,30,0.42560887570064676,0.11808723050258768,0.03859757383722268,0.0451360678456164,0.09320706606175372,0.5294705294705294,-0.006538494008393715
2019-06-28,fine_ex_psu,Fine | Ex PSU,Sector_Fine,True,155,59,7,30,0.2968843156672615,0.21787155127402139,0.19431231072152733,0.043083907489065834,0.1166382000037579,0.012987012987012988,0.1512284032324615
2019-07-05,fine_ex_psu,Fine | Ex PSU,Sector_Fine,True,155,59,7,30,0.5148655142785113,0.16299685918270798,0.2595620978798498,0.04112328447193431,0.11798769030576299,0.003996003996003996,0.2184388134079155
2019-07-12,fine_ex_psu,Fine | Ex PSU,Sector_Fine,True,155,59,7,30,0.5822747460113225,0.09170112224120372,0.052774114118148176,0.043862519635844525,0.08782186202954914,0.3046953046953047,0.00891159448230365
2019-07-19,fine_ex_psu,Fine | Ex PSU,Sector_Fine,True,155,59,7,30,0.41644276777398215,0.22572540707848213,0.1046359772504751,0.04222440829676851,0.10776848192171748,0.056943056943056944,0.06241156895370659
2019-07-26,fine_ex_psu,Fine | Ex PSU,Sector_Fine,True,155,59,7,30,0.46279831697292406,0.2120422686875233,0.10587581053695826,0.0435223465941169,0.10007793989924545,0.03596403596403597,0.06235346394284136
2019-08-02,fine_ex_psu,Fine | Ex PSU,Sector_Fine,True,155,59,7,30,0.5748565256733713,0.20400583086858745,0.08481270412559949,0.04675511502671428,0.13013244023912263,0.14585414585414586,0.03805758909888521
2019-08-09,fine_ex_psu,Fine | Ex PSU,Sector_Fine,True,155,59,7,30,0.46547955640139815,0.2155547953961549,0.027717076178649477,0.04418857379041334,0.09454768202782086,0.7112887112887113,-0.016471497611763863
2019-08-16,fine_ex_psu,Fine | Ex PSU,Sector_Fine,True,155,59,7,30,0.3960451058871005,0.13184713208164478,0.05708330184895733,0.04257904576980475,0.09360237834852982,0.23576423576423577,0.01450425607915258
2019-08-23,fine_ex_psu,Fine | Ex PSU,Sector_Fine,True,155,59,7,30,0.5235026099761697,0.291182800839072,0.1962480973877056,0.0435230728812817,0.1049714161468189,0.001998001998001998,0.1527250245064239
2019-08-30,fine_ex_psu,Fine | Ex PSU,Sector_Fine,True,155,59,7,30,0.43959914358128205,0.14648585632531655,0.04257384980686115,0.042022492114522116,0.09209054781918086,0.4045954045954046,0.0005513576923390356
2019-09-06,fine_ex_psu,Fine | Ex PSU,Sector_Fine,True,155,59,7,30,0.5258487079605482,0.08590801402184725,0.012240380110239122,0.04267700662140827,0.08764900045840444,0.9470529470529471,-0.030436626511169147
2019-09-13,fine_ex_psu,Fine | Ex PSU,Sector_Fine,True,155,59,7,30,0.5312893767723146,0.11377169823615545,0.05824564615720079,0.04492264383450664,0.09575505232800313,0.25674325674325676,0.01332300232269415
2019-09-20,fine_ex_psu,Fine | Ex PSU,Sector_Fine,True,155,59,7,30,0.4582141119128297,0.288736151780136,0.12403024758468524,0.04377945170047365,0.10543704325670078,0.024975024975024976,0.08025079588421159
2019-09-27,fine_ex_psu,Fine | Ex PSU,Sector_Fine,True,155,59,7,30,0.4976042692032505,0.25584216444342806,0.13977688863295046,0.04484275208019292,0.10179102334455813,0.011988011988011988,0.09493413655275754
2019-10-04,fine_ex_psu,Fine | Ex PSU,Sector_Fine,True,155,59,7,30,0.5693865141681501,0.2466879489372606,0.02526112236323216,0.04291085480627689,0.11060647403712408,0.6313686313686314,-0.01764973244304473
2019-10-11,fine_ex_psu,Fine | Ex PSU,Sector_Fine,True,155,59,7,30,0.34227662762584754,0.318840917586193,0.20865120677756427,0.04540456406233096,0.11157958526078189,0.004995004995004995,0.16324664271523331
2019-10-18,fine_ex_psu,Fine | Ex PSU,Sector_Fine,True,155,59,7,30,0.2979842658502212,0.29011308942865077,0.09325077435638937,0.044918991125537676,0.11156469077222979,0.09090909090909091,0.048331783230851695
2019-10-25,fine_ex_psu,Fine | Ex PSU,Sector_Fine,True,155,59,7,30,0.4894536948861731,0.5119491709201569,0.30796170792655947,0.044005678409012434,0.11106213397931596,0.000999000999000999,0.26395602951754704
2019-11-01,fine_ex_psu,Fine | Ex PSU,Sector_Fine,True,155,59,7,30,0.552774180259167,0.2500415046052072,0.06783205884878332,0.04440053487427756,0.1028698815083821,0.17882117882117882,0.023431523974505764
2019-11-08,fine_ex_psu,Fine | Ex PSU,Sector_Fine,True,155,59,7,30,0.4804171542852328,0.35464618896595507,0.3167576733638334,0.04525786878919305,0.09846954259138131,0.000999000999000999,0.2714998045746404
2019-11-15,fine_ex_psu,Fine | Ex PSU,Sector_Fine,True,155,59,7,30,0.48863635057588706,0.188520777289361,0.16055115666966027,0.0435723338266713,0.09639223932879835,0.002997002997002997,0.11697882284298897
2019-11-22,fine_ex_psu,Fine | Ex PSU,Sector_Fine,True,155,59,7,30,0.46126729397225696,0.44449134624229264,0.2671921218295594,0.04437842116112353,0.1128668229862951,0.000999000999000999,0.2228137006684359
2019-11-29,fine_ex_psu,Fine | Ex PSU,Sector_Fine,True,153,59,6,27,0.19076354220460656,1.606108562475139,0.0006571155825968392,0.03850843616907766,0.13844851840079672,0.997002997002997,-0.03785132058648082
2019-12-06,fine_ex_psu,Fine | Ex PSU,Sector_Fine,True,157,59,7,28,0.48332256118933503,0.12225765262639987,0.0329916321714557,0.04320948731347035,0.09752730566822869,0.5574425574425574,-0.010217855142014655
2019-12-13,fine_ex_psu,Fine | Ex PSU,Sector_Fine,True,157,59,7,28,0.41334358886904543,0.11625646670451356,0.028031174182849644,0.04075775249731315,0.09410666034110583,0.5674325674325674,-0.012726578314463506
2019-12-20,fine_ex_psu,Fine | Ex PSU,Sector_Fine,True,157,59,7,28,0.4618733053520808,0.0821499662455199,0.029815165301371398,0.04550093107066391,0.09596235014137096,0.6793206793206793,-0.01568576576929251
2019-12-27,fine_ex_psu,Fine | Ex PSU,Sector_Fine,True,157,58,7,27,0.490991781873812,0.04819002312650128,0.09757658491898434,0.043284738163987396,0.10284490394726696,0.058941058941058944,0.054291846754996945
2020-01-03,fine_ex_psu,Fine | Ex PSU,Sector_Fine,True,159,59,7,27,0.4697666873567894,0.08629943125057254,0.07143124875676363,0.04376418223831253,0.09986281298138833,0.16083916083916083,0.0276670665184511
2020-01-10,fine_ex_psu,Fine | Ex PSU,Sector_Fine,True,159,59,7,27,0.42884983882909367,0.09613929905848967,0.016730197758053043,0.04388874959808644,0.09206469816978298,0.8801198801198801,-0.027158551840033397
2020-01-17,fine_ex_psu,Fine | Ex PSU,Sector_Fine,True,159,59,7,27,0.40136549996638404,0.21320878776953844,0.06027365418488229,0.044698264946484205,0.12268937549901972,0.22677322677322678,0.015575389238398088
2020-01-24,fine_ex_psu,Fine | Ex PSU,Sector_Fine,True,159,59,7,27,0.458085871011238,0.18508141996842184,0.045693604660008366,0.04338046830192846,0.11057378600637423,0.33966033966033965,0.0023131363580799064
2020-01-31,fine_ex_psu,Fine | Ex PSU,Sector_Fine,True,158,59,6,26,0.5422717632360533,0.16498922441688224,0.06601522351601719,0.037186768822134925,0.08392592734544246,0.11588411588411589,0.02882845469388226
2020-02-07,fine_ex_psu,Fine | Ex PSU,Sector_Fine,True,159,59,7,27,0.5090411281791445,0.20342553884322367,0.038129301838990416,0.045411181386264605,0.10068099787170998,0.5204795204795205,-0.007281879547274189
2020-02-14,fine_ex_psu,Fine | Ex PSU,Sector_Fine,True,159,59,7,27,0.41411523659501115,0.2671751140437153,0.04937712343254935,0.04450572049479003,0.12603326698592857,0.27672327672327673,0.004871402937759325
2020-02-21,fine_ex_psu,Fine | Ex PSU,Sector_Fine,True,159,59,7,27,0.3820211295654835,0.2022456243064982,0.06951264299817438,0.041502776861701784,0.1130655563122269,0.15484515484515485,0.02800986613647259
2020-02-28,fine_ex_psu,Fine | Ex PSU,Sector_Fine,True,158,58,7,27,0.4227337099345956,0.3733906434425516,0.0284740196782252,0.04166347858713826,0.11583274795629214,0.48951048951048953,-0.013189458908913057
2020-03-06,fine_ex_psu,Fine | Ex PSU,Sector_Fine,True,159,58,7,28,0.3231270601519677,0.7102865531012423,0.006135022492641199,0.04430067420633304,0.16210569183526458,0.9200799200799201,-0.03816565171369184
2020-03-13,fine_ex_psu,Fine | Ex PSU,Sector_Fine,True,159,58,7,28,0.4238119183332111,1.1510675777389583,0.048777814184125905,0.043644271263057914,0.1092885476426754,0.26973026973026976,0.005133542921067991
2020-03-20,fine_ex_psu,Fine | Ex PSU,Sector_Fine,True,159,58,7,28,0.4718317462425792,1.6859067967858987,0.008532053744547765,0.04326466889926932,0.11919849108355107,0.9090909090909091,-0.03473261515472155
2020-03-27,fine_ex_psu,Fine | Ex PSU,Sector_Fine,True,155,58,7,28,0.429259947423448,1.781926214802954,0.028790540304196102,0.043555615668153524,0.13996217458551918,0.46353646353646355,-0.014765075363957422
2020-04-03,fine_ex_psu,Fine | Ex PSU,Sector_Fine,True,158,60,7,30,0.5982683601565015,0.6218107930096144,0.005920448085198831,0.043506536558628385,0.09370902733326542,0.988011988011988,-0.037586088473429556
2020-04-10,fine_ex_psu,Fine | Ex PSU,Sector_Fine,True,158,60,7,30,0.5198085027206281,0.4312154213547371,0.012592000969922077,0.04195791497642081,0.08609223975197472,0.936063936063936,-0.029365914006498732
2020-04-17,fine_ex_psu,Fine | Ex PSU,Sector_Fine,True,158,60,7,30,0.46005310827850876,0.4995144741262824,0.033105912844258796,0.04376402341495423,0.0988116718096782,0.5904095904095904,-0.010658110570695434
2020-04-24,fine_ex_psu,Fine | Ex PSU,Sector_Fine,True,158,60,7,30,0.5516237110478373,0.4799457243218822,0.08346603847008839,0.04286640154876786,0.09380356830108633,0.07892107892107893,0.04059963692132053
2020-05-01,fine_ex_psu,Fine | Ex PSU,Sector_Fine,True,158,60,7,30,0.7138375912487319,0.22737709602501707,0.01862124758739279,0.044214242244803005,0.09489163350791158,0.8551448551448552,-0.025592994657410214
2020-05-08,fine_ex_psu,Fine | Ex PSU,Sector_Fine,True,158,60,7,30,0.5967374238312357,0.206288215948139,0.11652342694122267,0.04296970160597981,0.09551696183597014,0.02097902097902098,0.07355372533524286
2020-05-15,fine_ex_psu,Fine | Ex PSU,Sector_Fine,True,158,60,7,30,0.5289476822686682,0.21680640337464932,0.007744276612845781,0.04529825150999065,0.10076842994266472,0.987012987012987,-0.03755397489714487
2020-05-22,fine_ex_psu,Fine | Ex PSU,Sector_Fine,True,158,60,7,30,0.7255118088986292,0.18886567671231924,0.02079779531128692,0.043068856325820436,0.10444419427943698,0.7792207792207793,-0.022271061014533515
2020-05-29,fine_ex_psu,Fine | Ex PSU,Sector_Fine,True,158,58,7,28,0.4266079407494505,0.5449006508179275,0.030882893799962997,0.043974819661137296,0.1107382910545646,0.5554445554445554,-0.0130919258611743
2020-06-05,fine_ex_psu,Fine | Ex PSU,Sector_Fine,True,158,58,7,28,0.5397467402948393,0.3957496697245513,0.10012653399421381,0.04244209784347603,0.09220950902257166,0.03996003996003996,0.05768443615073778
2020-06-12,fine_ex_psu,Fine | Ex PSU,Sector_Fine,True,158,58,7,28,0.4934335196614307,0.2955788166998596,0.006046281547248989,0.04495359307730129,0.127885869986491,0.985014985014985,-0.0389073115300523
2020-06-19,fine_ex_psu,Fine | Ex PSU,Sector_Fine,True,158,58,7,28,0.4647213982169506,0.2505579648384576,0.05710809641477936,0.04194026220027018,0.10432256025258654,0.20679320679320679,0.01516783421450918
2020-06-26,fine_ex_psu,Fine | Ex PSU,Sector_Fine,True,158,58,7,28,0.4170439529748776,0.28111877678246533,0.05150141340703814,0.04099467546863937,0.0937146844918321,0.26973026973026976,0.01050673793839877
2020-07-03,fine_ex_psu,Fine | Ex PSU,Sector_Fine,True,158,58,7,28,0.45222759817885716,0.14061990583328285,0.08795366387501723,0.04307728480716769,0.10793375000736828,0.08391608391608392,0.04487637906784954
2020-07-10,fine_ex_psu,Fine | Ex PSU,Sector_Fine,True,158,58,7,28,0.4171604066417315,0.2905910725997939,0.06935978355344515,0.04632667436848654,0.13044109229811765,0.18081918081918083,0.023033109184958607
2020-07-17,fine_ex_psu,Fine | Ex PSU,Sector_Fine,True,158,58,7,28,0.5586318844098157,0.1718565452061766,0.04227518899211943,0.04229917775972396,0.09227300608573148,0.41358641358641357,-2.3988767604531114e-05
2020-07-24,fine_ex_psu,Fine | Ex PSU,Sector_Fine,True,158,58,7,28,0.46373762335132196,0.19853077927093327,0.08784442258841943,0.041025411293017074,0.09035671170358991,0.06393606393606394,0.046819011295402356
2020-07-31,fine_ex_psu,Fine | Ex PSU,Sector_Fine,True,155,58,7,28,0.6240104032985647,0.4105243697723696,0.01435155474655163,0.04545409640150143,0.1306736083279367,0.7122877122877123,-0.0311025416549498
2020-08-07,fine_ex_psu,Fine | Ex PSU,Sector_Fine,True,159,59,7,29,0.47995678955751486,0.1606932972877263,0.032147713158491215,0.043602543388653374,0.10591506849117466,0.5804195804195804,-0.01145483023016216
2020-08-14,fine_ex_psu,Fine | Ex PSU,Sector_Fine,True,159,59,7,29,0.4567078587589274,0.250094019456353,0.01438273124438533,0.04307956618881954,0.10324003177100471,0.8781218781218781,-0.028696834944434212
2020-08-21,fine_ex_psu,Fine | Ex PSU,Sector_Fine,True,159,59,7,29,0.6450431104844084,0.09782346360875058,0.03649747024357042,0.04441361334989442,0.08906089606137126,0.5574425574425574,-0.007916143106323999
2020-08-28,fine_ex_psu,Fine | Ex PSU,Sector_Fine,True,159,59,7,29,0.6495290697049696,0.1379902417790363,0.06136521106613205,0.04297182165771468,0.09657611875829898,0.21478521478521478,0.018393389408417365
2020-09-04,fine_ex_psu,Fine | Ex PSU,Sector_Fine,True,159,59,7,29,0.5955129700632937,0.13488258118856322,0.1058134852184858,0.04252411736846659,0.09730707275113919,0.03996003996003996,0.06328936785001921
2020-09-11,fine_ex_psu,Fine | Ex PSU,Sector_Fine,True,159,59,7,29,0.5552778939374933,0.08854497285770879,0.11672469003557669,0.042547733528538884,0.08711020023032957,0.011988011988011988,0.0741769565070378
2020-09-18,fine_ex_psu,Fine | Ex PSU,Sector_Fine,True,159,59,7,29,0.5845292709780991,0.18180074725767917,0.032334510884126456,0.042693080306782524,0.0854038445728183,0.5874125874125874,-0.010358569422656068
2020-09-25,fine_ex_psu,Fine | Ex PSU,Sector_Fine,True,159,61,7,31,0.749263256427212,0.9878677409885741,0.004259785102077526,0.04131075942389511,0.14050105206399416,0.8711288711288712,-0.03705097432181758
2020-10-02,fine_ex_psu,Fine | Ex PSU,Sector_Fine,True,161,61,7,31,0.5827856115465422,0.082112850378079,0.034372758087343955,0.04303371100103477,0.08976911480765745,0.5714285714285714,-0.008660952913690817
2020-10-09,fine_ex_psu,Fine | Ex PSU,Sector_Fine,True,161,61,7,31,0.6015853583135795,0.13727063631206005,0.0287222529134392,0.04277489247400629,0.0891291033084519,0.6833166833166833,-0.014052639560567088
2020-10-16,fine_ex_psu,Fine | Ex PSU,Sector_Fine,True,161,61,7,31,0.5598225552085474,0.09744230185181244,0.05059506681331847,0.042743011011401516,0.09258429826776023,0.3126873126873127,0.007852055801916953
2020-10-23,fine_ex_psu,Fine | Ex PSU,Sector_Fine,True,161,61,7,31,0.49743891055836487,0.17995416131640324,0.05975738251112824,0.04306535203681605,0.09120346280216084,0.2087912087912088,0.01669203047431219
2020-10-30,fine_ex_psu,Fine | Ex PSU,Sector_Fine,True,160,61,7,31,0.5528152376833937,0.13092800979654107,0.028417787222005587,0.04355343720848931,0.09774141521198232,0.6193806193806194,-0.015135649986483722
2020-11-06,fine_ex_psu,Fine | Ex PSU,Sector_Fine,True,161,61,7,31,0.44479180418818065,0.1804111652260894,0.02653294956087537,0.044152214825495875,0.10336121135239626,0.7162837162837162,-0.017619265264620505
2020-11-13,fine_ex_psu,Fine | Ex PSU,Sector_Fine,True,161,61,7,31,0.4792399579171025,0.21755046794087712,0.07798580265559842,0.04396988069155725,0.09762761608258722,0.12187812187812187,0.034015921964041164
2020-11-20,fine_ex_psu,Fine | Ex PSU,Sector_Fine,True,161,61,7,31,0.6897532638838197,0.1187985500389599,0.10916763034344594,0.04176630387090509,0.08803962222416492,0.014985014985014986,0.06740132647254085
2020-11-27,fine_ex_psu,Fine | Ex PSU,Sector_Fine,True,161,61,7,31,0.584559046345237,0.14248102547978642,0.04215803982906461,0.043353616395461966,0.0963004712663002,0.42657342657342656,-0.0011955765663973564
2020-12-04,fine_ex_psu,Fine | Ex PSU,Sector_Fine,True,161,61,7,31,0.4722230133537034,0.17457339537502756,0.014404747807278533,0.043789255310735256,0.10214661906033917,0.9210789210789211,-0.029384507503456725
2020-12-11,fine_ex_psu,Fine | Ex PSU,Sector_Fine,True,161,61,7,31,0.47020305822022435,0.11584190453430986,0.02051172060495609,0.04074703521730973,0.11057966266318546,0.7052947052947053,-0.020235314612353637
2020-12-18,fine_ex_psu,Fine | Ex PSU,Sector_Fine,True,161,61,7,31,0.5250654144547333,0.09615392982215042,0.07567128618295428,0.04312043284306828,0.09763183580401785,0.12487512487512488,0.032550853339886
2020-12-25,fine_ex_psu,Fine | Ex PSU,Sector_Fine,True,161,61,7,31,0.5265998577196855,0.07590272965371711,0.015611695354983373,0.042651078843099585,0.0973491212524999,0.8811188811188811,-0.027039383488116214
2021-01-01,fine_ex_psu,Fine | Ex PSU,Sector_Fine,True,161,61,7,31,0.5476812794307615,0.044203678625036845,0.07506699574001448,0.04228569854119244,0.0922990722916459,0.11588411588411589,0.032781297198822036
2021-01-08,fine_ex_psu,Fine | Ex PSU,Sector_Fine,True,161,61,7,31,0.6412539317316063,0.13478099417767156,0.06040499619628855,0.04137806765035221,0.09182127334870385,0.1968031968031968,0.019026928545936343
2021-01-15,fine_ex_psu,Fine | Ex PSU,Sector_Fine,True,161,61,7,31,0.4771330185464747,0.2083685390860032,0.05213257981497382,0.04224943444569171,0.09999613788552347,0.25874125874125875,0.009883145369282115
2021-01-22,fine_ex_psu,Fine | Ex PSU,Sector_Fine,True,161,61,7,31,0.5873182478433414,0.18019915734149416,0.10947528098982488,0.04171107489795271,0.09925398529180911,0.03696303696303696,0.06776420609187217
2021-01-29,fine_ex_psu,Fine | Ex PSU,Sector_Fine,True,159,59,7,30,0.4056782177598819,0.16642945411950189,0.03402912450249503,0.04295038693362727,0.09092795959822914,0.5704295704295704,-0.00892126243113224
2021-02-05,fine_ex_psu,Fine | Ex PSU,Sector_Fine,True,161,59,7,31,0.5817481051117809,0.22826152259886595,0.059660181740841825,0.043332615081194556,0.08920739489675975,0.23376623376623376,0.01632756665964727
2021-02-12,fine_ex_psu,Fine | Ex PSU,Sector_Fine,True,161,59,7,31,0.5103407443292673,0.1786767010782538,0.0907165745807762,0.04262595416028253,0.09007671164680477,0.04995004995004995,0.04809062042049367
2021-02-19,fine_ex_psu,Fine | Ex PSU,Sector_Fine,True,161,59,7,31,0.42713474089843584,0.22590577681026633,0.0419350412966706,0.04161099371763703,0.10374274060728753,0.3596403596403596,0.00032404757903356507
2021-02-26,fine_ex_psu,Fine | Ex PSU,Sector_Fine,True,161,59,7,31,0.5209850510482152,0.14672187108838497,0.14402152399476076,0.043712186888857446,0.10593156106406947,0.03496503496503497,0.10030933710590331
2021-03-05,fine_ex_psu,Fine | Ex PSU,Sector_Fine,True,161,59,7,31,0.5229196685364068,0.1396595635608577,0.08460836473718099,0.04222271561016132,0.10119294145007146,0.08891108891108891,0.04238564912701967
2021-03-12,fine_ex_psu,Fine | Ex PSU,Sector_Fine,True,161,59,7,31,0.5016215128282399,0.05566145394396732,0.06068082201663987,0.042051697228223626,0.08776601494064593,0.2017982017982018,0.018629124788416246
2021-03-19,fine_ex_psu,Fine | Ex PSU,Sector_Fine,True,161,59,7,31,0.48023030247630916,0.1331976058255114,0.025416070668307904,0.042837029381166306,0.08780357025899665,0.7412587412587412,-0.0174209587128584
2021-03-26,fine_ex_psu,Fine | Ex PSU,Sector_Fine,True,161,59,7,31,0.560175219734254,0.13095103557776705,0.0722644591173271,0.04373304603953405,0.10509637437206386,0.12887112887112886,0.02853141307779305
2021-04-02,fine_ex_psu,Fine | Ex PSU,Sector_Fine,True,159,58,6,31,0.838540352286998,0.4024501568619805,0.011166771729677368,0.036788158882121336,0.12605450638804316,0.39760239760239763,-0.02562138715244397
2021-04-09,fine_ex_psu,Fine | Ex PSU,Sector_Fine,True,163,59,6,31,0.6319981809419727,0.13250038543210313,0.03266618885289801,0.03693517107886221,0.0755489134554955,0.5094905094905094,-0.004268982225964203
2021-04-16,fine_ex_psu,Fine | Ex PSU,Sector_Fine,True,163,59,6,31,0.4507109808532639,0.12555816722580293,0.04339805738295556,0.036623686910291796,0.07877137996985281,0.3176823176823177,0.006774370472663764
2021-04-23,fine_ex_psu,Fine | Ex PSU,Sector_Fine,True,163,59,6,31,0.5933082592649599,0.08499143282307882,0.044201301789132855,0.03591090423310171,0.07455831775547285,0.29270729270729273,0.008290397556031143
2021-04-30,fine_ex_psu,Fine | Ex PSU,Sector_Fine,True,163,59,6,31,0.3779209425689387,0.18855511131773067,0.0842415959564767,0.0351696671705462,0.08699551202849257,0.054945054945054944,0.04907192878593051
2021-05-07,fine_ex_psu,Fine | Ex PSU,Sector_Fine,True,163,59,6,31,0.4611871784806548,0.18333631729514616,0.021517051919555576,0.036316385232209265,0.08771549744123733,0.6823176823176823,-0.014799333312653689
2021-05-14,fine_ex_psu,Fine | Ex PSU,Sector_Fine,True,163,59,6,31,0.5480437261478088,0.12451738497386952,0.034350894854055694,0.03486880051739504,0.08374299981772229,0.3886113886113886,-0.0005179056633393478
2021-05-21,fine_ex_psu,Fine | Ex PSU,Sector_Fine,True,163,59,6,31,0.6098885029986172,0.10531908163568235,0.024383348549107408,0.036302970381736153,0.08102087217821559,0.6693306693306693,-0.011919621832628746
2021-05-28,fine_ex_psu,Fine | Ex PSU,Sector_Fine,True,163,59,6,31,0.42337043336570845,0.09463975986873227,0.007973760175240542,0.03537638183032728,0.08054359611829856,0.9560439560439561,-0.027402621655086737
2021-06-04,fine_ex_psu,Fine | Ex PSU,Sector_Fine,True,163,59,6,31,0.51531160949114,0.1573161725856093,0.03974351136160062,0.03599520459432287,0.09049393297964337,0.3306693306693307,0.003748306767277748
2021-06-11,fine_ex_psu,Fine | Ex PSU,Sector_Fine,True,163,59,6,31,0.569905176826186,0.07984349364767673,0.014887295528537153,0.03568852832277132,0.07649992590498891,0.8601398601398601,-0.020801232794234167
2021-06-18,fine_ex_psu,Fine | Ex PSU,Sector_Fine,True,163,59,6,31,0.5479522804578659,0.1224500960098692,0.11228731291822498,0.0359006439699898,0.09858139032523934,0.03696303696303696,0.07638666894823518
2021-06-25,fine_ex_psu,Fine | Ex PSU,Sector_Fine,True,163,59,6,31,0.5585927540476189,0.06885309632662012,0.02177315559427365,0.034455858904562674,0.07851236256012607,0.6693306693306693,-0.012682703310289024
2021-07-02,fine_ex_psu,Fine | Ex PSU,Sector_Fine,True,163,59,6,31,0.5096183416434561,0.1571515898796531,0.09614014199900821,0.037131419403736314,0.10770280226007269,0.07292707292707293,0.059008722595271894
2021-07-09,fine_ex_psu,Fine | Ex PSU,Sector_Fine,True,163,59,6,31,0.4252530961725377,0.09728551787796039,0.047740057585574015,0.03597347782684752,0.07935849029421808,0.23476523476523475,0.011766579758726498
2021-07-16,fine_ex_psu,Fine | Ex PSU,Sector_Fine,True,163,59,6,31,0.542619273457086,0.08471192966232632,0.04833993740488084,0.03650561333510717,0.08294322650977679,0.24975024975024976,0.011834324069773666
2021-07-23,fine_ex_psu,Fine | Ex PSU,Sector_Fine,True,163,59,6,31,0.4965305481601813,0.1112900259563302,0.05220484334234907,0.03825518719276124,0.09436446906079649,0.2137862137862138,0.013949656149587826
2021-07-30,fine_ex_psu,Fine | Ex PSU,Sector_Fine,True,162,59,6,31,0.40302405813932485,0.1982315961633855,0.01393459534308986,0.03540745090718635,0.08380765116397447,0.8461538461538461,-0.021472855564096487
2021-08-06,fine_ex_psu,Fine | Ex PSU,Sector_Fine,True,163,59,6,31,0.3506501301217687,0.15798705540640967,0.03572792693480656,0.03499853816257054,0.07924382716878235,0.4025974025974026,0.0007293887722360157
2021-08-13,fine_ex_psu,Fine | Ex PSU,Sector_Fine,True,163,59,6,31,0.3138954197928693,0.21475417751714732,0.06283345307989305,0.035203285077390886,0.08586960929648411,0.11788211788211789,0.027630168002502162
2021-08-20,fine_ex_psu,Fine | Ex PSU,Sector_Fine,True,163,59,6,31,0.6491588677230695,0.13725903040782478,0.07442290835273158,0.036684978339957514,0.0831240031267845,0.07192807192807193,0.03773793001277406
2021-08-27,fine_ex_psu,Fine | Ex PSU,Sector_Fine,True,163,59,6,31,0.46510920084101026,0.11191163149465007,0.07337761026733532,0.03620527473622395,0.09618000856911725,0.08591408591408592,0.037172335531111364
2021-09-03,fine_ex_psu,Fine | Ex PSU,Sector_Fine,True,163,59,6,31,0.43222157039983033,0.1501743217015562,0.024441406864943883,0.03624201061727005,0.08336890389650688,0.6123876123876124,-0.01180060375232617
2021-09-10,fine_ex_psu,Fine | Ex PSU,Sector_Fine,True,163,59,6,31,0.6356657470340579,0.05387817751392136,0.10593518730847315,0.03564566971504033,0.08081548526243772,0.016983016983016984,0.07028951759343283
2021-09-17,fine_ex_psu,Fine | Ex PSU,Sector_Fine,True,163,59,6,31,0.5493373042181954,0.2021885394404525,0.010535348109841957,0.03580992479377545,0.09816343596162778,0.8711288711288712,-0.025274576683933493
2021-09-24,fine_ex_psu,Fine | Ex PSU,Sector_Fine,True,163,59,6,31,0.7522620151828967,0.12373642197664826,0.053867382006917076,0.03578438438155355,0.08296943793742255,0.17882117882117882,0.01808299762536353
2021-10-01,fine_ex_psu,Fine | Ex PSU,Sector_Fine,True,163,59,6,31,0.5576693902157976,0.12556274619361676,0.031852479376204855,0.03714368401028947,0.08075728782177904,0.5094905094905094,-0.005291204634084612
2021-10-08,fine_ex_psu,Fine | Ex PSU,Sector_Fine,True,163,59,6,31,0.5539545072183951,0.12587173763223336,0.016053203407691032,0.03548752356683515,0.0813204668802597,0.7802197802197802,-0.019434320159144116
2021-10-15,fine_ex_psu,Fine | Ex PSU,Sector_Fine,True,163,59,6,31,0.6401428175261827,0.12279882996943364,0.03019589762730966,0.035859672474725754,0.08509401564776643,0.4725274725274725,-0.0056637748474160955
2021-10-22,fine_ex_psu,Fine | Ex PSU,Sector_Fine,True,163,59,6,31,0.6271352645359072,0.148287796513502,0.015153677772452554,0.0362632855082946,0.08413171101580574,0.8081918081918081,-0.021109607735842046
2021-10-29,fine_ex_psu,Fine | Ex PSU,Sector_Fine,True,158,58,6,32,0.2322352429372252,1.5107155967707302,0.07375993642972846,0.03120103439626127,0.15449309283837476,0.13386613386613386,0.04255890203346719
2021-11-05,fine_ex_psu,Fine | Ex PSU,Sector_Fine,True,160,59,6,32,0.5421323767422193,0.07745278270783919,0.05342595584364226,0.03655424376522355,0.08134275690126948,0.1878121878121878,0.016871712078418706
2021-11-12,fine_ex_psu,Fine | Ex PSU,Sector_Fine,True,160,59,6,32,0.4553594022982148,0.1344985345734878,0.04418612739930132,0.0368974604897649,0.08299613900770597,0.3026973026973027,0.007288666909536418
2021-11-19,fine_ex_psu,Fine | Ex PSU,Sector_Fine,True,160,59,6,32,0.5721994363382035,0.11302079366379562,0.01539520956458854,0.03553706847689426,0.08131416753901859,0.8351648351648352,-0.020141858912305716
2021-11-26,fine_ex_psu,Fine | Ex PSU,Sector_Fine,True,160,59,6,32,0.7026390189928258,0.12256129295323226,0.03991158460060773,0.037772335969154726,0.08145751401826307,0.3876123876123876,0.0021392486314530043
2021-12-03,fine_ex_psu,Fine | Ex PSU,Sector_Fine,True,160,59,6,32,0.41561562415442566,0.12853541121030576,0.09434729626633923,0.03660686827666057,0.1095777767867394,0.07992007992007992,0.057740427989678655
2021-12-10,fine_ex_psu,Fine | Ex PSU,Sector_Fine,True,160,59,6,32,0.46542666325495186,0.09895596876937232,0.05080004474889957,0.03468690934078478,0.08178844384347114,0.21878121878121878,0.016113135408114793
2021-12-17,fine_ex_psu,Fine | Ex PSU,Sector_Fine,True,160,59,6,32,0.5995934905513634,0.08631997749922596,0.027502465369159058,0.036667757232480704,0.07787922954724957,0.5854145854145855,-0.009165291863321646
2021-12-24,fine_ex_psu,Fine | Ex PSU,Sector_Fine,True,160,59,6,32,0.5479590970737318,0.062336885667785495,0.026009034101400316,0.03573970688341683,0.07478327284496418,0.6233766233766234,-0.009730672782016513
2021-12-31,fine_ex_psu,Fine | Ex PSU,Sector_Fine,True,160,59,6,32,0.34311733733082894,0.13979497930560364,0.009929635978378893,0.038307418407194295,0.1666365626813502,0.6783216783216783,-0.028377782428815404
2022-01-07,fine_ex_psu,Fine | Ex PSU,Sector_Fine,True,160,59,6,32,0.5702036699232508,0.09748723256897898,0.033776704828474384,0.036476641266131225,0.07936767109135981,0.46053946053946054,-0.0026999364376568413
2022-01-14,fine_ex_psu,Fine | Ex PSU,Sector_Fine,True,160,59,6,32,0.5032731300752088,0.1368821258152519,0.06161492283994462,0.036278946704174045,0.08630932604047757,0.13586413586413587,0.02533597613577058
2022-01-21,fine_ex_psu,Fine | Ex PSU,Sector_Fine,True,160,59,6,32,0.6242537613107979,0.1084955930269603,0.02640560205007949,0.036317240910344765,0.0822148683180011,0.5874125874125874,-0.009911638860265276
2022-01-28,fine_ex_psu,Fine | Ex PSU,Sector_Fine,True,160,59,6,32,0.5042018688263492,0.17726025961859904,0.015083565197982781,0.037903817680397224,0.08151695431398237,0.8651348651348651,-0.02282025248241444
2022-02-04,fine_ex_psu,Fine | Ex PSU,Sector_Fine,True,160,59,6,32,0.41985568890495384,0.10699572958107872,0.03929189794081041,0.03717092729671129,0.08121730978755137,0.3826173826173826,0.002120970644099121
2022-02-11,fine_ex_psu,Fine | Ex PSU,Sector_Fine,True,160,59,6,32,0.37908175057876325,0.12462152213502671,0.014616158757262144,0.034520737217466006,0.08749288438630591,0.7742257742257742,-0.01990457846020386
2022-02-18,fine_ex_psu,Fine | Ex PSU,Sector_Fine,True,160,59,6,32,0.44675869286760217,0.11699866724547714,0.06187934165675141,0.035999824001812286,0.08644824167101614,0.12987012987012986,0.02587951765493912
2022-02-25,fine_ex_psu,Fine | Ex PSU,Sector_Fine,True,160,59,6,32,0.5287582519611871,0.112950864258022,0.01277619744101354,0.036425445097813425,0.07776798843269173,0.8851148851148851,-0.023649247656799884
2022-03-04,fine_ex_psu,Fine | Ex PSU,Sector_Fine,True,160,59,6,32,0.6974303237473041,0.1289724975209046,0.03015927688560562,0.03737696587408513,0.08559664413356581,0.5484515484515484,-0.00721768898847951
2022-03-11,fine_ex_psu,Fine | Ex PSU,Sector_Fine,True,160,59,6,32,0.34181741278418354,0.13796984191946876,0.020585218033474774,0.03576915185591433,0.08225536966438553,0.7112887112887113,-0.015183933822439558
2022-03-18,fine_ex_psu,Fine | Ex PSU,Sector_Fine,True,160,59,6,32,0.5093473338615657,0.10700068746048141,0.01641615897266984,0.037766213847414035,0.08963554255838137,0.8091908091908092,-0.021350054874744194
2022-03-25,fine_ex_psu,Fine | Ex PSU,Sector_Fine,True,160,59,6,32,0.4946827709942493,0.16033978958358666,0.049241023352513826,0.03589798325063244,0.08049677812989464,0.22077922077922077,0.013343040101881386
2022-04-01,fine_ex_psu,Fine | Ex PSU,Sector_Fine,True,160,59,6,32,0.4854019807114023,0.09734643290392303,0.041695829415676046,0.036234925749937585,0.08032546134265647,0.3306693306693307,0.0054609036657384605
2022-04-08,fine_ex_psu,Fine | Ex PSU,Sector_Fine,True,160,59,6,32,0.4711777661034823,0.13618018147768443,0.014962034229871546,0.035381996530503244,0.08624157057022805,0.7792207792207793,-0.0204199623006317
2022-04-15,fine_ex_psu,Fine | Ex PSU,Sector_Fine,True,160,59,6,32,0.6424222981470289,0.058926652265654814,0.09082907671389231,0.03624177327165173,0.07981087224144738,0.026973026973026972,0.05458730344224059
2022-04-22,fine_ex_psu,Fine | Ex PSU,Sector_Fine,True,160,59,6,32,0.6019645856744893,0.07828124516685059,0.03631294558914636,0.0367509574730244,0.08505555443687836,0.42157842157842157,-0.0004380118838780353
2022-04-29,fine_ex_psu,Fine | Ex PSU,Sector_Fine,True,160,59,6,32,0.42562086760247964,0.10093729212555137,0.049988514094175436,0.037168567534426315,0.08021588260397212,0.23276723276723277,0.01281994655974912
2022-05-06,fine_ex_psu,Fine | Ex PSU,Sector_Fine,True,160,59,6,32,0.4499075591192774,0.12545687154528903,0.03103354859096273,0.03630334691291572,0.08208034125599564,0.4805194805194805,-0.005269798321952991
2022-05-13,fine_ex_psu,Fine | Ex PSU,Sector_Fine,True,160,59,6,32,0.6447703589557254,0.1538523973038864,0.017324383066103004,0.03797996215723894,0.08044573305313764,0.8381618381618382,-0.02065557909113594
2022-05-20,fine_ex_psu,Fine | Ex PSU,Sector_Fine,True,160,59,6,32,0.46714628386032087,0.14768039367629887,0.013705347732502636,0.035803455345004884,0.07970734042927974,0.8541458541458542,-0.02209810761250225
2022-05-27,fine_ex_psu,Fine | Ex PSU,Sector_Fine,True,160,59,6,32,0.5227339140250769,0.15518962678964832,0.01937806907721204,0.03655355405532183,0.08943572930578773,0.6923076923076923,-0.017175484978109792
2022-06-03,fine_ex_psu,Fine | Ex PSU,Sector_Fine,True,160,59,6,32,0.482132933460259,0.12196975400192278,0.07532088599327452,0.0356036381622356,0.07970002116779776,0.061938061938061936,0.03971724783103892
2022-06-10,fine_ex_psu,Fine | Ex PSU,Sector_Fine,True,160,59,6,32,0.5116162433436777,0.07231012370084115,0.016791056117210396,0.037369519700645816,0.08761348115213166,0.8101898101898102,-0.02057846358343542
2022-06-17,fine_ex_psu,Fine | Ex PSU,Sector_Fine,True,160,59,6,32,0.3123143286622828,0.19758886905484324,0.023347770387593763,0.037382581114708456,0.11123951712078645,0.5134865134865135,-0.014034810727114693
2022-06-24,fine_ex_psu,Fine | Ex PSU,Sector_Fine,True,160,59,6,32,0.6053663463729884,0.0920362501080037,0.01152580213067037,0.03643776974258009,0.08055286415595606,0.9140859140859141,-0.024911967611909717
2022-07-01,fine_ex_psu,Fine | Ex PSU,Sector_Fine,True,160,59,6,32,0.45241367458044424,0.07644794491181967,0.023086304896024812,0.03696271596412846,0.08331764266070708,0.6843156843156843,-0.013876411068103646
2022-07-08,fine_ex_psu,Fine | Ex PSU,Sector_Fine,True,160,59,6,32,0.5470231923992188,0.08070911236806041,0.056978232146111814,0.03596215754551133,0.07589450819897268,0.15484515484515485,0.02101607460060048
2022-07-15,fine_ex_psu,Fine | Ex PSU,Sector_Fine,True,160,59,6,32,0.4640579913957201,0.10076563844537795,0.03053103944403382,0.03527565419983658,0.0822296276821302,0.4885114885114885,-0.004744614755802762
2022-07-22,fine_ex_psu,Fine | Ex PSU,Sector_Fine,True,160,59,6,32,0.583850690793102,0.10038783750765595,0.03489438530503621,0.03569830383625877,0.07988983377084313,0.4275724275724276,-0.0008039185312225597
2022-07-29,fine_ex_psu,Fine | Ex PSU,Sector_Fine,True,160,59,6,32,0.4612548795778776,0.15155480210116462,0.14637361665235038,0.037330017675664844,0.08607478947365514,0.004995004995004995,0.10904359897668553
2022-08-05,fine_ex_psu,Fine | Ex PSU,Sector_Fine,True,160,59,6,32,0.505961465665172,0.1345878245870902,0.008962048146959506,0.03617894350830638,0.07978662418244545,0.9470529470529471,-0.027216895361346874
2022-08-12,fine_ex_psu,Fine | Ex PSU,Sector_Fine,True,160,59,6,32,0.4145844609845606,0.15814630653288403,0.01648880680831802,0.03732928010688282,0.09020901782437206,0.7682317682317682,-0.020840473298564803
2022-08-19,fine_ex_psu,Fine | Ex PSU,Sector_Fine,True,161,60,6,32,0.47117188148302525,0.08776783584011749,0.025612483470172014,0.03713182735111062,0.08830895646309408,0.6063936063936064,-0.011519343880938605
2022-08-26,fine_ex_psu,Fine | Ex PSU,Sector_Fine,True,161,60,6,32,0.44572408511575956,0.10458426663939072,0.0616098743671565,0.037033566715315346,0.10328846442305406,0.14685314685314685,0.024576307651841156
2022-09-02,fine_ex_psu,Fine | Ex PSU,Sector_Fine,True,161,60,6,32,0.5655251427025234,0.0795619136147298,0.04017039025084105,0.03589544219625034,0.07972792480837514,0.34465534465534464,0.004274948054590708
2022-09-09,fine_ex_psu,Fine | Ex PSU,Sector_Fine,True,161,60,6,32,0.4594754941149075,0.10326780962583762,0.007354244917988046,0.03618761572953686,0.08025548545428136,0.965034965034965,-0.028833370811548815
2022-09-16,fine_ex_psu,Fine | Ex PSU,Sector_Fine,True,161,60,6,32,0.4936498244848663,0.1077778956712503,0.025917939562909238,0.03621902179470344,0.0800882587672115,0.6143856143856143,-0.010301082231794201
2022-09-23,fine_ex_psu,Fine | Ex PSU,Sector_Fine,True,161,60,6,32,0.5234364459296551,0.09627649658584123,0.059585658758993014,0.036562806092675176,0.08972882404072809,0.16683316683316685,0.023022852666317838
2022-09-30,fine_ex_psu,Fine | Ex PSU,Sector_Fine,True,156,60,6,34,0.5823669052071228,0.07164215299930277,0.050545800633890484,0.038450505201921927,0.079356914064187,0.25074925074925075,0.012095295431968557
2022-10-07,fine_ex_psu,Fine | Ex PSU,Sector_Fine,True,164,60,6,36,0.5386523641363319,0.08796832851479655,0.0037909380632265457,0.03537659446852122,0.07746913332233366,0.996003996003996,-0.031585656405294676
2022-10-14,fine_ex_psu,Fine | Ex PSU,Sector_Fine,True,164,60,6,36,0.4263868936347809,0.09326641517252679,0.08586577371186803,0.03473653652818461,0.07767699101290038,0.03496503496503497,0.05112923718368342
2022-10-21,fine_ex_psu,Fine | Ex PSU,Sector_Fine,True,164,60,6,36,0.6663135711684056,0.11516454186570474,0.02113348571294938,0.03574650159471572,0.08383698086127167,0.6893106893106893,-0.01461301588176634
2022-10-28,fine_ex_psu,Fine | Ex PSU,Sector_Fine,True,164,60,6,36,0.41367171912292466,0.09817167134096957,0.0185533425755907,0.03657096953327386,0.0878083846183243,0.7262737262737263,-0.018017626957683157
2022-11-04,fine_ex_psu,Fine | Ex PSU,Sector_Fine,True,164,60,6,36,0.5400005398175911,0.10078639112092337,0.029742672493646177,0.03668034957961296,0.09108132712613652,0.46853146853146854,-0.0069376770859667855
2022-11-11,fine_ex_psu,Fine | Ex PSU,Sector_Fine,True,164,60,6,36,0.4553930846266664,0.12246246264591903,0.01954124014216435,0.03573106860193334,0.08178638185946285,0.7282717282717283,-0.01618982845976899
2022-11-18,fine_ex_psu,Fine | Ex PSU,Sector_Fine,True,164,60,6,36,0.5119390196599246,0.07199706210230011,0.04386822390106085,0.035076416188981954,0.07323330608126624,0.28471528471528473,0.008791807712078895
2022-11-25,fine_ex_psu,Fine | Ex PSU,Sector_Fine,True,164,60,6,36,0.3884348442315537,0.07151882827315124,0.06977244682544295,0.036955752689153534,0.08969843699105906,0.0989010989010989,0.03281669413628942
2022-12-02,fine_ex_psu,Fine | Ex PSU,Sector_Fine,True,164,60,6,36,0.4950698743084724,0.07540512074266464,0.08115341274800845,0.035259317663117275,0.08309723791716056,0.058941058941058944,0.04589409508489118
2022-12-09,fine_ex_psu,Fine | Ex PSU,Sector_Fine,True,164,60,6,36,0.6191204235377303,0.0677541996497198,0.03110652502959465,0.0356805787982844,0.08228456045354594,0.48451548451548454,-0.004574053768689752
2022-12-16,fine_ex_psu,Fine | Ex PSU,Sector_Fine,True,164,60,6,36,0.41451069439328525,0.058464085608450386,0.012880643318603873,0.03522258113301733,0.08030314316103193,0.8641358641358642,-0.022341937814413456
2022-12-23,fine_ex_psu,Fine | Ex PSU,Sector_Fine,True,164,60,6,36,0.47278966229369646,0.17731476593797724,0.09860739822743825,0.035734376836425684,0.08198153032133612,0.029970029970029972,0.06287302139101256
2022-12-30,fine_ex_psu,Fine | Ex PSU,Sector_Fine,True,164,60,6,36,0.4143479641937078,0.16852727672635648,0.082499349026527,0.03446934639488796,0.08523194765910146,0.058941058941058944,0.04803000263163904
2023-01-06,fine_ex_psu,Fine | Ex PSU,Sector_Fine,True,164,60,6,36,0.5137799627217143,0.07132964581652573,0.06873246926368476,0.03682152842031336,0.07988025134587744,0.1008991008991009,0.0319109408433714
2023-01-13,fine_ex_psu,Fine | Ex PSU,Sector_Fine,True,164,60,6,36,0.5291030151701106,0.0707707195778397,0.03164786516449363,0.03706589567113084,0.08247460837274634,0.5234765234765235,-0.005418030506637209
2023-01-20,fine_ex_psu,Fine | Ex PSU,Sector_Fine,True,164,60,6,36,0.5537141665418147,0.052793411368573795,0.038729135592517554,0.035932887682132784,0.08209908519193893,0.35264735264735264,0.0027962479103847693
2023-01-27,fine_ex_psu,Fine | Ex PSU,Sector_Fine,True,164,60,6,36,0.644853512187882,0.23885977065301886,0.20745502529982532,0.03488874406151894,0.08049854514127389,0.001998001998001998,0.17256628123830636
2023-02-03,fine_ex_psu,Fine | Ex PSU,Sector_Fine,True,164,60,6,36,0.6527173851496417,0.46849941265553285,0.15667424963466114,0.03532965455305063,0.10570069849097567,0.013986013986013986,0.12134459508161052
2023-02-10,fine_ex_psu,Fine | Ex PSU,Sector_Fine,True,164,60,6,36,0.47175006916243467,0.24546698706488476,0.07296479116883009,0.037624629788762756,0.09830583852904268,0.11688311688311688,0.035340161380067334
2023-02-17,fine_ex_psu,Fine | Ex PSU,Sector_Fine,True,164,60,6,36,0.4000255173307594,0.16643079103212813,0.05770623798789142,0.03640677916861612,0.0913405407129373,0.1798201798201798,0.0212994588192753
2023-02-24,fine_ex_psu,Fine | Ex PSU,Sector_Fine,True,164,60,6,36,0.5560547339627105,0.14727790242563438,0.1327244019404456,0.03550920656238017,0.09125434000621391,0.016983016983016984,0.09721519537806543
2023-03-03,fine_ex_psu,Fine | Ex PSU,Sector_Fine,True,164,60,6,36,0.7085746580168482,0.10424731777573848,0.12311949934517528,0.03554877373458784,0.08242719750629668,0.013986013986013986,0.08757072561058744
2023-03-10,fine_ex_psu,Fine | Ex PSU,Sector_Fine,True,164,60,6,36,0.5808572144136748,0.07981206782423923,0.055925472479775876,0.035258383554507416,0.08110961059865711,0.16483516483516483,0.02066708892526846
2023-03-17,fine_ex_psu,Fine | Ex PSU,Sector_Fine,True,164,60,6,36,0.4562347255233725,0.12994959181898377,0.016533012824450175,0.03638863647092106,0.0821199320432236,0.7882117882117882,-0.019855623646470887
2023-03-24,fine_ex_psu,Fine | Ex PSU,Sector_Fine,True,164,60,6,36,0.6159742458050776,0.08197309302157343,0.03348271862962165,0.03443350390615666,0.07428736638903176,0.43756243756243757,-0.0009507852765350128
2023-03-31,fine_ex_psu,Fine | Ex PSU,Sector_Fine,True,161,60,6,37,0.251699450204418,2.060453398423974,0.06692026036284678,0.03523136502980144,0.1422188327767358,0.17382617382617382,0.031688895333045336
2023-04-07,fine_ex_psu,Fine | Ex PSU,Sector_Fine,True,164,60,6,37,0.4488672681488841,0.06913521321811822,0.018504534637598432,0.035879066269565045,0.0764227448788778,0.7672327672327672,-0.017374531631966613
2023-04-14,fine_ex_psu,Fine | Ex PSU,Sector_Fine,True,164,60,6,37,0.49369946614093774,0.07633313155365039,0.007004200257735664,0.03521749326415451,0.09149848325445332,0.957042957042957,-0.02821329300641885
2023-04-21,fine_ex_psu,Fine | Ex PSU,Sector_Fine,True,164,60,6,37,0.5467544991031881,0.08026516696515655,0.022935718377575295,0.03618813922092518,0.08080204078182279,0.6883116883116883,-0.013252420843349887
2023-04-28,fine_ex_psu,Fine | Ex PSU,Sector_Fine,True,164,60,6,37,0.3694982269318815,0.12889305710403234,0.03284471434032999,0.034479063034275406,0.08258882950178069,0.3886113886113886,-0.0016343486939454158
2023-05-05,fine_ex_psu,Fine | Ex PSU,Sector_Fine,True,164,60,6,37,0.41724573434820855,0.09107992179373708,0.02463749670477014,0.03666498043528283,0.08316636541045681,0.6353646353646354,-0.01202748373051269
2023-05-12,fine_ex_psu,Fine | Ex PSU,Sector_Fine,True,164,60,6,37,0.38944851157553273,0.13332184102903966,0.03371864294507662,0.036468571069656265,0.08277448708718657,0.44255744255744256,-0.002749928124579644
2023-05-19,fine_ex_psu,Fine | Ex PSU,Sector_Fine,True,164,60,6,37,0.3667397212269361,0.13146696848012268,0.019156098714566125,0.035312290434981526,0.09990690363940738,0.6103896103896104,-0.0161561917204154
2023-05-26,fine_ex_psu,Fine | Ex PSU,Sector_Fine,True,164,60,6,37,0.4772876947445007,0.14386145817089876,0.045889464885397885,0.03556026396979942,0.09033417803637962,0.24775224775224775,0.010329200915598462
2023-06-02,fine_ex_psu,Fine | Ex PSU,Sector_Fine,True,164,60,6,37,0.38190597667239345,0.09207856033406847,0.05496264307501003,0.03495728228516667,0.08976160396925285,0.16683316683316685,0.020005360789843364
2023-06-09,fine_ex_psu,Fine | Ex PSU,Sector_Fine,True,164,60,6,37,0.5029059609511075,0.09953954172471302,0.037151807890678366,0.03333386995366574,0.08249991658199869,0.32367632367632365,0.0038179379370126276
2023-06-16,fine_ex_psu,Fine | Ex PSU,Sector_Fine,True,164,60,6,37,0.48281996246490066,0.08965587069058253,0.030807412640498192,0.03645881138969337,0.08587586554565482,0.48451548451548454,-0.005651398749195177
2023-06-23,fine_ex_psu,Fine | Ex PSU,Sector_Fine,True,164,60,6,37,0.46571641689296506,0.0983178186694946,0.06514308373538535,0.03525248296440431,0.0773376136090055,0.1018981018981019,0.029890600770981046
2023-06-30,fine_ex_psu,Fine | Ex PSU,Sector_Fine,True,164,60,6,37,0.48217253881450683,0.06201631525344813,0.10314215952694249,0.036549459644454226,0.07866310704529575,0.015984015984015984,0.06659269988248825
2023-07-07,fine_ex_psu,Fine | Ex PSU,Sector_Fine,True,164,60,6,37,0.4372772427500613,0.10371448904272065,0.06299064002397503,0.03501274199539671,0.07899456268378986,0.11788211788211789,0.02797789802857832
2023-07-14,fine_ex_psu,Fine | Ex PSU,Sector_Fine,True,164,60,6,37,0.49020335858244,0.0803482806193486,0.00870890833879987,0.03455867197724642,0.08102137423739794,0.9280719280719281,-0.02584976363844655
2023-07-21,fine_ex_psu,Fine | Ex PSU,Sector_Fine,True,164,60,6,37,0.4088127654666296,0.10341281789195475,0.016159830371093597,0.03626554392657205,0.08774749163008712,0.7722277722277723,-0.020105713555478456
2023-07-28,fine_ex_psu,Fine | Ex PSU,Sector_Fine,True,164,60,6,37,0.5016586712623108,0.12519586374920644,0.07143570438650548,0.035008247295473124,0.07663305473728586,0.06593406593406594,0.03642745709103236
2023-08-04,fine_ex_psu,Fine | Ex PSU,Sector_Fine,True,164,60,6,37,0.5125084908968459,0.1296874158805698,0.029121546823612288,0.03531248263400246,0.07783668880233187,0.5404595404595405,-0.006190935810390173
2023-08-11,fine_ex_psu,Fine | Ex PSU,Sector_Fine,True,164,60,6,37,0.3945216674683176,0.15514854631935704,0.017589126643970318,0.03736596665363424,0.09527132566569074,0.7342657342657343,-0.01977684000966392
2023-08-18,fine_ex_psu,Fine | Ex PSU,Sector_Fine,True,164,60,6,37,0.48480183497186125,0.05722843076450842,0.06228173294063461,0.03528012746475092,0.07677086319704064,0.1108891108891109,0.02700160547588369
2023-08-25,fine_ex_psu,Fine | Ex PSU,Sector_Fine,True,165,61,6,38,0.4853612594522,0.07713381136979922,0.019985516705064536,0.035105567001191884,0.07590560151633376,0.7392607392607392,-0.015120050296127348
2023-09-01,fine_ex_psu,Fine | Ex PSU,Sector_Fine,True,165,61,6,38,0.5186284342398831,0.09557367367474079,0.035308790337948724,0.03505438937610742,0.0922552355756253,0.3696303696303696,0.0002544009618413029
2023-09-08,fine_ex_psu,Fine | Ex PSU,Sector_Fine,True,165,61,6,38,0.5320413404904089,0.060032832061819946,0.03390531396195045,0.03334598496183236,0.07234771560838954,0.4115884115884116,0.0005593290001180903
2023-09-15,fine_ex_psu,Fine | Ex PSU,Sector_Fine,True,165,61,6,38,0.5536305861033926,0.05187711953020997,0.06963643223698339,0.03485876839339946,0.07539727398955584,0.07392607392607392,0.03477766384358393
2023-09-22,fine_ex_psu,Fine | Ex PSU,Sector_Fine,True,165,61,6,38,0.4280703533143452,0.05814027843649526,0.044080440698317964,0.03550923442167229,0.08054065257575511,0.2677322677322677,0.008571206276645676
2023-09-29,fine_ex_psu,Fine | Ex PSU,Sector_Fine,True,163,62,6,38,0.9757173699091012,0.08265385232727487,0.023965779212706106,0.03558989207420117,0.08815550993657364,0.6023976023976024,-0.011624112861495065
2023-10-06,fine_ex_psu,Fine | Ex PSU,Sector_Fine,True,166,63,6,38,0.4277286108153142,0.10166367915930108,0.01084544866431583,0.03553405245282535,0.08572429512715238,0.8741258741258742,-0.024688603788509518
2023-10-13,fine_ex_psu,Fine | Ex PSU,Sector_Fine,True,166,63,6,38,0.5070882235559919,0.061438274904174354,0.06380283386927102,0.0350716511230033,0.07478139483029836,0.1018981018981019,0.028731182746267722
2023-10-20,fine_ex_psu,Fine | Ex PSU,Sector_Fine,True,166,63,6,38,0.5128777985964288,0.0772331527267815,0.03468759382915549,0.03569311444730926,0.07780868012946143,0.4275724275724276,-0.001005520618153767
2023-10-27,fine_ex_psu,Fine | Ex PSU,Sector_Fine,True,167,63,6,38,0.47569049558202137,0.061981160298072824,0.016101470008741743,0.034143731846262834,0.08003244674650223,0.7692307692307693,-0.01804226183752109
2023-11-03,fine_ex_psu,Fine | Ex PSU,Sector_Fine,True,167,63,6,38,0.6083487893088272,0.0977527464512026,0.08133535651107868,0.035308996617858086,0.08469393617255226,0.053946053946053944,0.04602635989322059
2023-11-10,fine_ex_psu,Fine | Ex PSU,Sector_Fine,True,167,63,6,38,0.5140308592890713,0.09292460542581674,0.03067392403998131,0.03473804176078981,0.0811341788914926,0.4595404595404595,-0.004064117720808499
2023-11-17,fine_ex_psu,Fine | Ex PSU,Sector_Fine,True,167,63,6,38,0.5216309922763858,0.05837723392281557,0.02226878964222033,0.03559438062453915,0.08548201549208961,0.6003996003996004,-0.013325590982318822
2023-11-24,fine_ex_psu,Fine | Ex PSU,Sector_Fine,True,167,63,6,38,0.38267892156284067,0.07471540469673502,0.05129694218430819,0.0356825667701799,0.07555905227477992,0.22377622377622378,0.015614375414128294
2023-12-01,fine_ex_psu,Fine | Ex PSU,Sector_Fine,True,167,63,6,38,0.4905260257031232,0.12082435880839451,0.06267880935588692,0.035569606722546734,0.08570102552741249,0.13086913086913088,0.027109202633340185
2023-12-08,fine_ex_psu,Fine | Ex PSU,Sector_Fine,True,167,63,6,38,0.6771330791447177,0.2360610384855974,0.1575901332305375,0.03557282786101438,0.10153422257118588,0.016983016983016984,0.12201730536952313
2023-12-15,fine_ex_psu,Fine | Ex PSU,Sector_Fine,True,167,63,6,38,0.601625785517143,0.09267460904408867,0.022587023754612218,0.03511551540509875,0.0777981628913006,0.6653346653346653,-0.012528491650486535
2023-12-22,fine_ex_psu,Fine | Ex PSU,Sector_Fine,True,167,63,6,38,0.5637899192506002,0.09415119666975606,0.06994212910198142,0.0358225921811687,0.07605474347935406,0.07292707292707293,0.03411953692081272
2023-12-29,fine_ex_psu,Fine | Ex PSU,Sector_Fine,True,167,63,6,38,0.49877274489583323,0.07185269519265171,0.0720968641230236,0.03351807049705493,0.07266258583646822,0.054945054945054944,0.03857879362596867
2024-01-05,fine_ex_psu,Fine | Ex PSU,Sector_Fine,True,167,63,6,38,0.6306069143278438,0.09726357139307981,0.0749655855374263,0.03471316447865042,0.0783147161798095,0.06293706293706294,0.04025242105877588
2024-01-12,fine_ex_psu,Fine | Ex PSU,Sector_Fine,True,167,63,6,38,0.4052733515692557,0.18958007747650163,0.03297795607424696,0.03660180216162743,0.08934838404784894,0.4025974025974026,-0.003623846087380471
2024-01-19,fine_ex_psu,Fine | Ex PSU,Sector_Fine,True,167,63,6,38,0.45387096832753615,0.1124254961661386,0.04143246972299983,0.035667913159326985,0.07694939363753728,0.32967032967032966,0.0057645565636728485
2024-01-26,fine_ex_psu,Fine | Ex PSU,Sector_Fine,True,167,63,6,38,0.5061238496447334,0.15358317607909527,0.035405220278371445,0.034886247930197484,0.08374507320130044,0.36163836163836166,0.0005189723481739614
2024-02-02,fine_ex_psu,Fine | Ex PSU,Sector_Fine,True,167,63,6,38,0.5787135267927521,0.12072615882202298,0.03539277553758571,0.03432935139339,0.07777944751900823,0.36163836163836166,0.0010634241441957112
2024-02-09,fine_ex_psu,Fine | Ex PSU,Sector_Fine,True,167,63,6,38,0.38657157029069045,0.28297192196382526,0.025600281438748068,0.03504566019158872,0.08654813665152661,0.5264735264735265,-0.009445378752840655
2024-02-16,fine_ex_psu,Fine | Ex PSU,Sector_Fine,True,167,63,6,38,0.3586631455461806,0.183708247658536,0.005837060694118313,0.03436680621933009,0.08233388391096143,0.9690309690309691,-0.028529745525211776
2024-02-23,fine_ex_psu,Fine | Ex PSU,Sector_Fine,True,167,63,6,38,0.46943288474582,0.08025121849369889,0.0402073696970108,0.03510745191493569,0.0817171707932626,0.32967032967032966,0.005099917782075115
2024-03-01,fine_ex_psu,Fine | Ex PSU,Sector_Fine,True,167,63,6,38,0.4208251520827626,0.12226354222791158,0.050346951852074516,0.03482870962904259,0.09111836817574627,0.17382617382617382,0.015518242223031928
2024-03-08,fine_ex_psu,Fine | Ex PSU,Sector_Fine,True,167,63,6,38,0.4096900152417464,0.14346475656010577,0.10737305144880058,0.03481244172639078,0.0890225625019789,0.03196803196803197,0.0725606097224098
2024-03-15,fine_ex_psu,Fine | Ex PSU,Sector_Fine,True,167,63,6,38,0.5154106308886319,0.13178625206370637,0.04307522861279041,0.03568596812140925,0.07676891045166007,0.2887112887112887,0.00738926049138116
2024-03-22,fine_ex_psu,Fine | Ex PSU,Sector_Fine,True,167,63,6,38,0.5384688828043623,0.1111982605707017,0.04466008306713843,0.034485432336477925,0.07363404319525345,0.2627372627372627,0.010174650730660505
2024-03-29,fine_ex_psu,Fine | Ex PSU,Sector_Fine,True,157,61,6,37,0.40719576354813547,2.9162719718906454,0.0006748276093580214,0.04114275356352735,0.13869293082907888,0.8441558441558441,-0.04046792595416933
2024-04-05,fine_ex_psu,Fine | Ex PSU,Sector_Fine,True,162,61,6,39,0.4604915489108533,0.16093583171756265,0.060608262937952496,0.03636647378509568,0.07894556028762927,0.13886113886113885,0.024241789152856817
2024-04-12,fine_ex_psu,Fine | Ex PSU,Sector_Fine,True,162,61,6,39,0.5699359011239729,0.07391914860313842,0.0412459271199965,0.03640912259809443,0.07774727962952588,0.33466533466533466,0.00483680452190207
2024-04-19,fine_ex_psu,Fine | Ex PSU,Sector_Fine,True,162,61,6,39,0.43886815782682687,0.09658733767246538,0.051588582747828966,0.0363030269735294,0.08268413646141935,0.1928071928071928,0.015285555774299568
2024-04-26,fine_ex_psu,Fine | Ex PSU,Sector_Fine,True,162,61,6,39,0.4185508008404354,0.17627415816001268,0.08812220476147978,0.03592155157417535,0.08213061735303005,0.03696303696303696,0.05220065318730443
2024-05-03,fine_ex_psu,Fine | Ex PSU,Sector_Fine,True,162,61,6,39,0.46098655898924246,0.12207539515027749,0.021360574091233375,0.035337877401294036,0.07826102654280831,0.7162837162837162,-0.013977303310060661
2024-05-10,fine_ex_psu,Fine | Ex PSU,Sector_Fine,True,162,61,6,39,0.4978974019501151,0.16516820705959379,0.00907090501493882,0.03588307160119609,0.07279967634987967,0.9470529470529471,-0.02681216658625727
2024-05-17,fine_ex_psu,Fine | Ex PSU,Sector_Fine,True,162,61,6,39,0.6000632414679938,0.09644168637119091,0.11099290423356681,0.03670273128407732,0.07986484310494361,0.01998001998001998,0.07429017294948949
2024-05-24,fine_ex_psu,Fine | Ex PSU,Sector_Fine,True,162,61,6,39,0.41319133246465334,0.1155542898054691,0.0732151003163299,0.036954702439781266,0.07639151619029272,0.056943056943056944,0.03626039787654863
2024-05-31,fine_ex_psu,Fine | Ex PSU,Sector_Fine,True,162,61,6,39,0.5141060305973839,0.08821308874249292,0.062047380095386365,0.035285971537975115,0.07931034919743125,0.12287712287712288,0.02676140855741125
2024-06-07,fine_ex_psu,Fine | Ex PSU,Sector_Fine,True,163,62,6,39,0.6705413545504445,0.08150641481685772,0.1037771398548028,0.03634996862496833,0.07836986502645236,0.00999000999000999,0.06742717122983446
2024-06-14,fine_ex_psu,Fine | Ex PSU,Sector_Fine,True,163,62,6,39,0.5320495156118301,0.1725358655326161,0.016641415213981204,0.034959931672897473,0.0856919476600062,0.7692307692307693,-0.01831851645891627
2024-06-21,fine_ex_psu,Fine | Ex PSU,Sector_Fine,True,163,62,6,39,0.4834934881525046,0.08521930510342947,0.08013306134327128,0.03577712515829196,0.08035137646239718,0.05194805194805195,0.044355936184979315
2024-06-28,fine_ex_psu,Fine | Ex PSU,Sector_Fine,True,163,62,6,39,0.4612226463788861,0.10819756120977261,0.0691659509091528,0.03513239752634936,0.0742329061570776,0.06793206793206794,0.034033553382803436
2024-07-05,fine_ex_psu,Fine | Ex PSU,Sector_Fine,True,163,62,6,39,0.4070152864200218,0.11365917269735082,0.16739883429961883,0.03584086417783653,0.08250140542421464,0.001998001998001998,0.1315579701217823
2024-07-12,fine_ex_psu,Fine | Ex PSU,Sector_Fine,True,163,62,6,39,0.47971595417548674,0.09276396302020702,0.02216775241227417,0.036043518041179286,0.08506680192276146,0.6923076923076923,-0.013875765628905117
2024-07-19,fine_ex_psu,Fine | Ex PSU,Sector_Fine,True,163,62,6,39,0.5866785050635768,0.06142972794735062,0.047929850419377404,0.03530500819901157,0.07879554658419119,0.21878121878121878,0.012624842220365834
2024-07-26,fine_ex_psu,Fine | Ex PSU,Sector_Fine,True,163,62,6,39,0.5575612183218068,0.10514696573536697,0.04817528049953339,0.036634048792045786,0.07778433846340986,0.2517482517482518,0.011541231707487602
2024-08-02,fine_ex_psu,Fine | Ex PSU,Sector_Fine,True,163,62,6,39,0.49261657837447703,0.15094252783890164,0.009782371902755025,0.0353484347425523,0.07989470826676717,0.9210789210789211,-0.025566062839797277
2024-08-09,fine_ex_psu,Fine | Ex PSU,Sector_Fine,True,163,62,6,39,0.655776573660436,0.07500821559161804,0.01590716558959819,0.035572738169380114,0.07953508022697289,0.8391608391608392,-0.019665572579781923
2024-08-16,fine_ex_psu,Fine | Ex PSU,Sector_Fine,True,163,62,6,39,0.5616061353317028,0.08866572575541007,0.0018532890144280917,0.03487134238173175,0.09065976004443442,0.998001998001998,-0.03301805336730366
2024-08-23,fine_ex_psu,Fine | Ex PSU,Sector_Fine,True,163,62,6,39,0.5773788413094325,0.06466506154623344,0.042840923611584765,0.03505957185550868,0.07498956022775732,0.2997002997002997,0.0077813517560760825
2024-08-30,fine_ex_psu,Fine | Ex PSU,Sector_Fine,True,163,62,6,39,0.5205911739631515,0.08134631425522856,0.13449769240472695,0.036664957753035854,0.08035564654618034,0.001998001998001998,0.0978327346516911
2024-09-06,fine_ex_psu,Fine | Ex PSU,Sector_Fine,True,163,62,6,39,0.5231747531115153,0.1070185836188505,0.026916392998595537,0.03578532723034765,0.08362937438054521,0.5724275724275725,-0.008868934231752112
2024-09-13,fine_ex_psu,Fine | Ex PSU,Sector_Fine,True,163,62,6,39,0.559851769919739,0.07259119883676854,0.041875312385572,0.036267993254105596,0.0771684025925447,0.33266733266733267,0.005607319131466407
2024-09-20,fine_ex_psu,Fine | Ex PSU,Sector_Fine,True,163,62,6,39,0.5461954802333471,0.1340780032717855,0.039495831117200716,0.036360807300162334,0.09137505728262703,0.3276723276723277,0.003135023817038382
2024-09-27,fine_ex_psu,Fine | Ex PSU,Sector_Fine,True,163,62,6,39,0.41443542742910344,0.11046228023472945,0.053458998127975825,0.03590717327993127,0.0748718075656146,0.17782217782217782,0.017551824848044552
2024-10-04,fine_ex_psu,Fine | Ex PSU,Sector_Fine,True,155,61,6,38,0.4527933213531409,4.138275860335528,0.05548444981770166,0.034644162338911925,0.10772162514479311,0.22577422577422576,0.020840287478789736
2024-10-11,fine_ex_psu,Fine | Ex PSU,Sector_Fine,True,159,61,6,38,0.46175984554687854,0.11928210073789458,0.027664743109274626,0.03676752635276778,0.08077580099535049,0.5804195804195804,-0.009102783243493156
2024-10-18,fine_ex_psu,Fine | Ex PSU,Sector_Fine,True,159,61,6,38,0.512868300013222,0.10812192732401728,0.12554662734980765,0.03542474223593959,0.07902742575440785,0.006993006993006993,0.09012188511386807
2024-10-25,fine_ex_psu,Fine | Ex PSU,Sector_Fine,True,159,61,6,38,0.35478913153710423,0.3011575121745729,0.042234262304534254,0.035585473860111703,0.08304838548566673,0.3036963036963037,0.00664878844442255
2024-11-01,fine_ex_psu,Fine | Ex PSU,Sector_Fine,True,159,61,6,38,0.37317009421057457,0.18036587697685347,0.008033212518153107,0.03753381084138512,0.09329768381632142,0.952047952047952,-0.029500598323232013
2024-11-08,fine_ex_psu,Fine | Ex PSU,Sector_Fine,True,159,61,6,38,0.499774612529706,0.12700799678773034,0.04688124241645631,0.036685439517837745,0.07701149114383615,0.2627372627372627,0.010195802898618565
2024-11-15,fine_ex_psu,Fine | Ex PSU,Sector_Fine,True,159,61,6,38,0.5269255589750876,0.07573110411871152,0.032537757369130865,0.03666153602554694,0.07776239233583014,0.48151848151848153,-0.004123778656416076
2024-11-22,fine_ex_psu,Fine | Ex PSU,Sector_Fine,True,159,61,6,38,0.7768894234819347,0.13753439763262332,0.0939201461433592,0.036979499201695964,0.07900198998525662,0.024975024975024976,0.05694064694166323
2024-11-29,fine_ex_psu,Fine | Ex PSU,Sector_Fine,True,159,61,6,38,0.587343924232101,0.14227995300538626,0.16404261160968567,0.03629300270694239,0.08884410959246154,0.003996003996003996,0.12774960890274328
2024-12-06,fine_ex_psu,Fine | Ex PSU,Sector_Fine,True,159,61,6,38,0.4441600141559807,0.10836081397897611,0.06396122680547475,0.0365115135807746,0.09171708697429362,0.14485514485514486,0.027449713224700155
2024-12-13,fine_ex_psu,Fine | Ex PSU,Sector_Fine,True,159,61,6,38,0.568720447893658,0.05344760028417656,0.06751640898941091,0.03652169052146856,0.07790404647470077,0.09290709290709291,0.030994718467942356
2024-12-20,fine_ex_psu,Fine | Ex PSU,Sector_Fine,True,159,61,6,38,0.6122621959876287,0.0866787323117633,0.03251534729809388,0.036444498040480694,0.07706957593647021,0.4985014985014985,-0.003929150742386811
2024-12-27,fine_ex_psu,Fine | Ex PSU,Sector_Fine,True,159,61,6,38,0.5286067630947899,0.038573690514614054,0.044478881720011985,0.03701080810188802,0.0805676494161087,0.3026973026973027,0.007468073618123967
2025-01-03,fine_ex_psu,Fine | Ex PSU,Sector_Fine,True,159,61,6,38,0.639760909803931,0.07217480387352254,0.019294915240409657,0.03569783973960075,0.07616084037188857,0.7612387612387612,-0.016402924499191094
2025-01-10,fine_ex_psu,Fine | Ex PSU,Sector_Fine,True,159,61,6,38,0.5647064017394359,0.1645677610590131,0.03613271448112077,0.0358188913784561,0.08415433123108758,0.4015984015984016,0.00031382310266467317
2025-01-17,fine_ex_psu,Fine | Ex PSU,Sector_Fine,True,159,61,6,38,0.6185132277808223,0.12677424471321114,0.04610524308429965,0.03524312113472304,0.07643312659464101,0.24975024975024976,0.010862121949576607
2025-01-24,fine_ex_psu,Fine | Ex PSU,Sector_Fine,True,159,61,6,38,0.6294624936023916,0.10836966408144441,0.0856339978862433,0.03695583952086575,0.08213101820433806,0.04195804195804196,0.048678158365377554
2025-01-31,fine_ex_psu,Fine | Ex PSU,Sector_Fine,True,159,61,6,38,0.5918009009023424,0.123588426908331,0.05184068010722823,0.036773056969044746,0.07658058359290161,0.1938061938061938,0.015067623138183488
2025-02-07,fine_ex_psu,Fine | Ex PSU,Sector_Fine,True,159,61,6,38,0.4600190738282195,0.16339763866307544,0.006989549162190204,0.03724668718818523,0.08147237213038569,0.985014985014985,-0.03025713802599503
2025-02-14,fine_ex_psu,Fine | Ex PSU,Sector_Fine,True,159,61,6,38,0.33118192500035404,0.2578513083512932,0.06437383280437593,0.03592047696166612,0.10535768049907457,0.12787212787212787,0.02845335584270981
2025-02-21,fine_ex_psu,Fine | Ex PSU,Sector_Fine,True,159,61,6,38,0.529717383072973,0.15833536429473827,0.035381139762216574,0.03625245070415169,0.09682881896430372,0.3866133866133866,-0.0008713109419351134
2025-02-28,fine_ex_psu,Fine | Ex PSU,Sector_Fine,True,159,61,6,38,0.5916519373052078,0.08665361095082938,0.02837468064726166,0.03686745018141387,0.08206340208114637,0.5724275724275725,-0.008492769534152213
2025-03-07,fine_ex_psu,Fine | Ex PSU,Sector_Fine,True,159,61,6,38,0.5699063451626614,0.0913188800562871,0.07743343960294886,0.03656258000954209,0.07431891320382368,0.03996003996003996,0.04087085959340678
2025-03-14,fine_ex_psu,Fine | Ex PSU,Sector_Fine,True,159,61,6,38,0.36987000994856,0.15309709359467777,0.007819284006006377,0.03377471614920582,0.12180521006302208,0.8721278721278721,-0.02595543214319944
2025-03-21,fine_ex_psu,Fine | Ex PSU,Sector_Fine,True,159,61,6,38,0.43984309651071296,0.09877819065188266,0.05124099179960158,0.035542718039108405,0.07778358632924247,0.2017982017982018,0.015698273760493174
2025-03-28,fine_ex_psu,Fine | Ex PSU,Sector_Fine,True,153,59,6,37,0.08096254617670096,1.9058839070609639,0.0011061421054000627,0.039548833080162125,0.187227006171671,0.961038961038961,-0.038442690974762064
2025-04-04,fine_ex_psu,Fine | Ex PSU,Sector_Fine,True,162,63,6,38,0.6664708764439182,0.11194684624700904,0.016473187642574157,0.035109778293512875,0.07886814609652379,0.8141858141858141,-0.018636590650938718
2025-04-11,fine_ex_psu,Fine | Ex PSU,Sector_Fine,True,162,63,6,38,0.5755373722581747,0.08926460506360234,0.028491324266430283,0.03626494141953068,0.0828172135236799,0.5364635364635365,-0.0077736171531004004
2025-04-18,fine_ex_psu,Fine | Ex PSU,Sector_Fine,True,162,63,6,38,0.5681830579105791,0.05390246252154011,0.024012577133249214,0.03551662870227947,0.07747533043415829,0.6373626373626373,-0.011504051569030258
2025-04-25,fine_ex_psu,Fine | Ex PSU,Sector_Fine,True,162,63,6,38,0.6019831528985833,0.09654371764113395,0.03349642938579591,0.03591329908878714,0.07994611886728739,0.4325674325674326,-0.0024168697029912298
2025-05-02,fine_ex_psu,Fine | Ex PSU,Sector_Fine,True,162,63,6,38,0.46963320375299944,0.10604375463476254,0.05328731284532342,0.03647589004183792,0.08173622713613882,0.18681318681318682,0.0168114228034855
2025-05-09,fine_ex_psu,Fine | Ex PSU,Sector_Fine,True,162,63,6,38,0.5609073352009339,0.09490558748978599,0.018905643155723607,0.03512596359052668,0.07969043283193497,0.7582417582417582,-0.016220320434803072
2025-05-16,fine_ex_psu,Fine | Ex PSU,Sector_Fine,True,162,63,6,38,0.5776107435741458,0.11196512814483572,0.03839210223875308,0.03661622736329063,0.07744699694181871,0.3836163836163836,0.0017758748754624493
2025-05-23,fine_ex_psu,Fine | Ex PSU,Sector_Fine,True,162,63,6,38,0.4993551321435248,0.7269092961088242,0.10620724864770867,0.03581608587875887,0.11638172344207856,0.07392607392607392,0.0703911627689498
2025-05-30,fine_ex_psu,Fine | Ex PSU,Sector_Fine,True,162,63,6,38,0.5412935927786969,0.0611158721335028,0.02645154273162561,0.03516519590446636,0.07714639456113724,0.5834165834165834,-0.00871365317284075
2025-06-06,fine_ex_psu,Fine | Ex PSU,Sector_Fine,True,162,63,6,38,0.589904323666933,0.09030752272016399,0.018952387239937574,0.0361533566706643,0.07688445992585215,0.7552447552447552,-0.017200969430726725
2025-06-13,fine_ex_psu,Fine | Ex PSU,Sector_Fine,True,162,63,6,38,0.6570939834066238,0.04394196712950194,0.016589984482669736,0.035930939851635584,0.07823591873589254,0.8371628371628371,-0.019340955368965847
2025-06-20,fine_ex_psu,Fine | Ex PSU,Sector_Fine,True,162,63,6,38,0.5667414438733775,0.07006594948997563,0.12456573890365971,0.03649097272028767,0.08176664714876623,0.006993006993006993,0.08807476618337204
2025-06-27,fine_ex_psu,Fine | Ex PSU,Sector_Fine,True,162,63,6,38,0.5414416208425643,0.08494122882228693,0.03429598846411614,0.035895805568661975,0.07719325345719323,0.44555444555444557,-0.0015998171045458337
2025-07-04,fine_ex_psu,Fine | Ex PSU,Sector_Fine,True,162,63,6,38,0.4920540329627846,0.08896665310083135,0.005412803030041263,0.0358968992956961,0.07913608722694641,0.981018981018981,-0.03048409626565484
2025-07-11,fine_ex_psu,Fine | Ex PSU,Sector_Fine,True,162,63,6,38,0.3853036263870401,0.11033419149295659,0.004346944265352615,0.03666849385275843,0.09627846684574026,0.993006993006993,-0.032321549587405816
2025-07-18,fine_ex_psu,Fine | Ex PSU,Sector_Fine,True,162,63,6,38,0.4183488901709177,0.07595120373762089,0.028069104475812973,0.036581665148334185,0.08023312393839552,0.5824175824175825,-0.008512560672521211
2025-07-25,fine_ex_psu,Fine | Ex PSU,Sector_Fine,True,162,63,6,38,0.5388470625417263,0.07011155456265669,0.020678289919306474,0.03753119612831993,0.08709819707752445,0.7432567432567433,-0.016852906209013453
2025-08-01,fine_ex_psu,Fine | Ex PSU,Sector_Fine,True,162,63,6,38,0.5130823269788454,0.09433714792560713,0.016787276779414217,0.03662530179525992,0.08261370252236387,0.8121878121878122,-0.019838025015845702
2025-08-08,fine_ex_psu,Fine | Ex PSU,Sector_Fine,True,162,63,6,38,0.44653673291918805,0.08386489782918405,0.031794330152298204,0.03569840313508107,0.08178563046072634,0.4745254745254745,-0.0039040729827828635
2025-08-15,fine_ex_psu,Fine | Ex PSU,Sector_Fine,True,162,63,6,38,0.48558850439850954,0.0587905868738941,0.0180760997967002,0.03605859592188402,0.07749356350695895,0.7672327672327672,-0.01798249612518382
2025-08-22,fine_ex_psu,Fine | Ex PSU,Sector_Fine,True,162,63,6,38,0.5215700669429171,0.08872012050880881,0.021377175579098007,0.03598218065725875,0.07405999110022593,0.7332667332667333,-0.014605005078160743
2025-08-29,fine_ex_psu,Fine | Ex PSU,Sector_Fine,True,162,63,6,38,0.5003160820229906,0.06512252526356388,0.023187204940882927,0.035049379566626515,0.08490656935322785,0.6023976023976024,-0.011862174625743589
2025-09-05,fine_ex_psu,Fine | Ex PSU,Sector_Fine,True,162,63,6,38,0.58158728947587,0.05859336456164645,0.026019735413598182,0.03605701315422703,0.07871767663411422,0.6103896103896104,-0.01003727774062885
2025-09-12,fine_ex_psu,Fine | Ex PSU,Sector_Fine,True,162,63,6,38,0.5091212022145568,0.06547313846818602,0.027744266947118207,0.03683973699066772,0.07992765339200507,0.5774225774225774,-0.009095470043549513
2025-09-19,fine_ex_psu,Fine | Ex PSU,Sector_Fine,True,162,63,6,38,0.4951259742489307,0.04682360167666999,0.06948981153797106,0.0345521185171899,0.07500523161461022,0.07192807192807193,0.03493769302078115
2025-09-26,fine_ex_psu,Fine | Ex PSU,Sector_Fine,True,162,63,6,38,0.5852845410557745,0.06325079281343621,0.06306595106734778,0.034585796731796264,0.07397639688880189,0.0919080919080919,0.02848015433555151
2025-10-03,fine_ex_psu,Fine | Ex PSU,Sector_Fine,True,159,63,6,36,0.40263658000607705,0.5508543673178431,0.0052956019802068285,0.03640009401842506,0.12697141337470183,0.7532467532467533,-0.03110449203821823
2025-10-10,fine_ex_psu,Fine | Ex PSU,Sector_Fine,True,166,64,6,36,0.5134553609382749,0.07544325558513064,0.015420101850541844,0.034861921398017685,0.07775797405979354,0.8151848151848152,-0.01944181954747584
2025-10-17,fine_ex_psu,Fine | Ex PSU,Sector_Fine,True,166,64,6,36,0.7251047942516933,0.19989712592573616,0.03625640859771215,0.03378188480863241,0.12399933565999748,0.2917082917082917,0.0024745237890797384
2025-10-24,fine_ex_psu,Fine | Ex PSU,Sector_Fine,True,166,64,6,36,0.451771739145333,0.060226553128885696,0.014565557654303899,0.03497223047862658,0.07761869651936311,0.8441558441558441,-0.020406672824322684
2025-10-31,fine_ex_psu,Fine | Ex PSU,Sector_Fine,True,166,64,6,36,0.4019019298778237,0.09634209122684478,0.062163055395820885,0.034426963406866504,0.07467654350786343,0.0979020979020979,0.02773609198895438
2025-11-07,fine_ex_psu,Fine | Ex PSU,Sector_Fine,True,166,64,6,36,0.4371324899623915,0.11454131503366113,0.014535879935267868,0.03443940027662585,0.08060205434810822,0.8021978021978022,-0.01990352034135798
2025-11-14,fine_ex_psu,Fine | Ex PSU,Sector_Fine,True,166,64,6,36,0.4635424640815292,0.0879270118918046,0.030507328008363366,0.035471266194347546,0.08775910439821065,0.46853146853146854,-0.0049639381859841805
2025-11-21,fine_ex_psu,Fine | Ex PSU,Sector_Fine,True,166,64,6,36,0.4389980428349681,0.07614512499675544,0.05033117435498356,0.03452687003995129,0.08020641095762542,0.21078921078921078,0.01580430431503227
2025-11-28,fine_ex_psu,Fine | Ex PSU,Sector_Fine,True,166,64,6,36,0.5987845770748629,0.04528923132913092,0.06879711711845385,0.03460883862032828,0.07521280591991214,0.08291708291708291,0.03418827849812557
2025-12-05,fine_ex_psu,Fine | Ex PSU,Sector_Fine,True,166,64,6,36,0.6154198403735868,0.052095727237407685,0.0295837285688555,0.03460555921479406,0.07931451024157193,0.4755244755244755,-0.0050218306459385575
2025-12-12,fine_ex_psu,Fine | Ex PSU,Sector_Fine,True,166,64,6,36,0.5130994656162581,0.05535818289535353,0.017808750783918217,0.03477902140340424,0.07393449665994599,0.7822177822177823,-0.016970270619486024
2025-12-19,fine_ex_psu,Fine | Ex PSU,Sector_Fine,True,166,64,6,36,0.42365991379678003,0.05876452650548618,0.03569729713904594,0.034944211165257234,0.07764885450836773,0.39760239760239763,0.000753085973788703
2025-12-26,fine_ex_psu,Fine | Ex PSU,Sector_Fine,True,166,64,6,36,0.4754514525454303,0.04051332078467344,0.03821288663639188,0.03485121607404529,0.0803656919010147,0.3196803196803197,0.00336167056234659
